
  .   ____          _            __ _ _
 /\\ / ___'_ __ _ _(_)_ __  __ _ \ \ \ \
( ( )\___ | '_ | '_| | '_ \/ _` | \ \ \ \
 \\/  ___)| |_)| | | | | || (_| |  ) ) ) )
  '  |____| .__|_| |_|_| |_\__, | / / / /
 =========|_|==============|___/=/_/_/_/
 :: Spring Boot ::                (v3.2.0)

2026-04-17T10:18:30.159+08:00  INFO 10768 --- [logitrack-backend] [           main] c.l.backend.LogiTrackApplication         : Starting LogiTrackApplication v1.0.0 using Java 21.0.9 with PID 10768 (C:\logitrack\LogiTrack--update-status-report-20260126023903\backend\target\logitrack-backend-1.0.0.jar started by Administrator in C:\logitrack\LogiTrack--update-status-report-20260126023903\backend)
2026-04-17T10:18:30.166+08:00 DEBUG 10768 --- [logitrack-backend] [           main] c.l.backend.LogiTrackApplication         : Running with Spring Boot v3.2.0, Spring v6.1.1
2026-04-17T10:18:30.173+08:00  INFO 10768 --- [logitrack-backend] [           main] c.l.backend.LogiTrackApplication         : No active profile set, falling back to 1 default profile: "default"
2026-04-17T10:18:33.278+08:00  INFO 10768 --- [logitrack-backend] [           main] .s.d.r.c.RepositoryConfigurationDelegate : Bootstrapping Spring Data JPA repositories in DEFAULT mode.
2026-04-17T10:18:33.759+08:00  INFO 10768 --- [logitrack-backend] [           main] .s.d.r.c.RepositoryConfigurationDelegate : Finished Spring Data repository scanning in 449 ms. Found 27 JPA repository interfaces.
2026-04-17T10:18:36.345+08:00  INFO 10768 --- [logitrack-backend] [           main] o.s.b.w.embedded.tomcat.TomcatWebServer  : Tomcat initialized with port 8080 (http)
2026-04-17T10:18:36.390+08:00  INFO 10768 --- [logitrack-backend] [           main] o.apache.catalina.core.StandardService   : Starting service [Tomcat]
2026-04-17T10:18:36.390+08:00  INFO 10768 --- [logitrack-backend] [           main] o.apache.catalina.core.StandardEngine    : Starting Servlet engine: [Apache Tomcat/10.1.16]
2026-04-17T10:18:36.516+08:00  INFO 10768 --- [logitrack-backend] [           main] o.a.c.c.C.[Tomcat].[localhost].[/]       : Initializing Spring embedded WebApplicationContext
2026-04-17T10:18:36.518+08:00  INFO 10768 --- [logitrack-backend] [           main] w.s.c.ServletWebServerApplicationContext : Root WebApplicationContext: initialization completed in 6118 ms
2026-04-17T10:18:43.341+08:00  INFO 10768 --- [logitrack-backend] [           main] o.hibernate.jpa.internal.util.LogHelper  : HHH000204: Processing PersistenceUnitInfo [name: default]
2026-04-17T10:18:43.799+08:00  INFO 10768 --- [logitrack-backend] [           main] org.hibernate.Version                    : HHH000412: Hibernate ORM core version 6.3.1.Final
2026-04-17T10:18:43.857+08:00  INFO 10768 --- [logitrack-backend] [           main] o.h.c.internal.RegionFactoryInitiator    : HHH000026: Second-level cache disabled
2026-04-17T10:18:44.372+08:00  INFO 10768 --- [logitrack-backend] [           main] o.s.o.j.p.SpringPersistenceUnitInfo      : No LoadTimeWeaver setup: ignoring JPA class transformer
2026-04-17T10:18:44.450+08:00  INFO 10768 --- [logitrack-backend] [           main] com.zaxxer.hikari.HikariDataSource       : HikariPool-1 - Starting...
2026-04-17T10:18:44.788+08:00  INFO 10768 --- [logitrack-backend] [           main] com.zaxxer.hikari.pool.HikariPool        : HikariPool-1 - Added connection com.mysql.cj.jdbc.ConnectionImpl@382d549a
2026-04-17T10:18:44.791+08:00  INFO 10768 --- [logitrack-backend] [           main] com.zaxxer.hikari.HikariDataSource       : HikariPool-1 - Start completed.
2026-04-17T10:18:44.861+08:00  WARN 10768 --- [logitrack-backend] [           main] org.hibernate.orm.deprecation            : HHH90000025: MySQLDialect does not need to be specified explicitly using 'hibernate.dialect' (remove the property setting and it will be selected by default)
2026-04-17T10:18:47.693+08:00  INFO 10768 --- [logitrack-backend] [           main] o.h.e.t.j.p.i.JtaPlatformInitiator       : HHH000489: No JTA platform available (set 'hibernate.transaction.jta.platform' to enable JTA platform integration)
2026-04-17T10:18:47.885+08:00  INFO 10768 --- [logitrack-backend] [           main] j.LocalContainerEntityManagerFactoryBean : Initialized JPA EntityManagerFactory for persistence unit 'default'
2026-04-17T10:18:48.550+08:00  INFO 10768 --- [logitrack-backend] [           main] o.s.d.j.r.query.QueryEnhancerFactory     : Hibernate is in classpath; If applicable, HQL parser will be used.
2026-04-17T10:18:50.816+08:00  WARN 10768 --- [logitrack-backend] [           main] JpaBaseConfiguration$JpaWebConfiguration : spring.jpa.open-in-view is enabled by default. Therefore, database queries may be performed during view rendering. Explicitly configure spring.jpa.open-in-view to disable this warning
2026-04-17T10:18:51.532+08:00  INFO 10768 --- [logitrack-backend] [           main] o.s.b.w.embedded.tomcat.TomcatWebServer  : Tomcat started on port 8080 (http) with context path ''
2026-04-17T10:18:51.585+08:00  INFO 10768 --- [logitrack-backend] [           main] c.l.backend.LogiTrackApplication         : Started LogiTrackApplication in 22.527 seconds (process running for 23.902)
2026-04-17T10:18:51.676+08:00  INFO 10768 --- [logitrack-backend] [0.0-8080-exec-2] o.a.c.c.C.[Tomcat].[localhost].[/]       : Initializing Spring DispatcherServlet 'dispatcherServlet'
2026-04-17T10:18:51.676+08:00  INFO 10768 --- [logitrack-backend] [0.0-8080-exec-2] o.s.web.servlet.DispatcherServlet        : Initializing Servlet 'dispatcherServlet'
2026-04-17T10:18:51.678+08:00  INFO 10768 --- [logitrack-backend] [0.0-8080-exec-2] o.s.web.servlet.DispatcherServlet        : Completed initialization in 1 ms
2026-04-17T10:18:51.747+08:00  INFO 10768 --- [logitrack-backend] [0.0-8080-exec-2] c.l.b.controller.EnquiryController       : GET /api/enquiries - page=0, size=10, keyword=null, status=null, product=null, cargo=null
2026-04-17T10:18:51.899+08:00 DEBUG 10768 --- [logitrack-backend] [0.0-8080-exec-2] org.hibernate.SQL                        : 
    select
        e1_0.id,
        e1_0.assigned_cn_office,
        e1_0.cancelled_reason,
        e1_0.cancelled_reason_text,
        e1_0.cargo_ready_date,
        e1_0.cargo_ready_date_details,
        e1_0.cargo_type_code,
        e1_0.category,
        e1_0.commodity,
        e1_0.core_non_core,
        e1_0.created_at,
        e1_0.created_by,
        e1_0.enquiry_created_date,
        e1_0.enquiry_received_date,
        e1_0.exw_location,
        e1_0.has_specific_cargo_ready_date,
        e1_0.hazardous_special_equipment,
        e1_0.is_oversize_cargo,
        e1_0.lost_reason,
        e1_0.lost_reason_text,
        e1_0.monthly_sequence,
        e1_0.offer_type,
        e1_0.pod_country,
        e1_0.pol_country,
        e1_0.product_abbr,
        e1_0.product_code,
        e1_0.quantity,
        e1_0.ref_number,
        e1_0.reference_month,
        e1_0.remark,
        e1_0.sales_country_code,
        e1_0.sales_office_id,
        e1_0.sales_pic_id,
        e1_0.serial_number,
        e1_0.status,
        e1_0.uom,
        e1_0.updated_at,
        e1_0.updated_by,
        e1_0.volume_cbm 
    from
        enquiry e1_0 
    order by
        e1_0.id desc 
    limit
        ?, ?
Hibernate: 
    select
        e1_0.id,
        e1_0.assigned_cn_office,
        e1_0.cancelled_reason,
        e1_0.cancelled_reason_text,
        e1_0.cargo_ready_date,
        e1_0.cargo_ready_date_details,
        e1_0.cargo_type_code,
        e1_0.category,
        e1_0.commodity,
        e1_0.core_non_core,
        e1_0.created_at,
        e1_0.created_by,
        e1_0.enquiry_created_date,
        e1_0.enquiry_received_date,
        e1_0.exw_location,
        e1_0.has_specific_cargo_ready_date,
        e1_0.hazardous_special_equipment,
        e1_0.is_oversize_cargo,
        e1_0.lost_reason,
        e1_0.lost_reason_text,
        e1_0.monthly_sequence,
        e1_0.offer_type,
        e1_0.pod_country,
        e1_0.pol_country,
        e1_0.product_abbr,
        e1_0.product_code,
        e1_0.quantity,
        e1_0.ref_number,
        e1_0.reference_month,
        e1_0.remark,
        e1_0.sales_country_code,
        e1_0.sales_office_id,
        e1_0.sales_pic_id,
        e1_0.serial_number,
        e1_0.status,
        e1_0.uom,
        e1_0.updated_at,
        e1_0.updated_by,
        e1_0.volume_cbm 
    from
        enquiry e1_0 
    order by
        e1_0.id desc 
    limit
        ?, ?
2026-04-17T10:18:51.959+08:00 DEBUG 10768 --- [logitrack-backend] [0.0-8080-exec-2] org.hibernate.SQL                        : 
    select
        count(e1_0.id) 
    from
        enquiry e1_0
Hibernate: 
    select
        count(e1_0.id) 
    from
        enquiry e1_0
2026-04-17T10:18:51.990+08:00 DEBUG 10768 --- [logitrack-backend] [0.0-8080-exec-2] org.hibernate.SQL                        : 
    select
        ep1_0.id,
        ep1_0.enquiry_id,
        ep1_0.port_id 
    from
        enquiry_pol ep1_0 
    where
        ep1_0.enquiry_id=?
Hibernate: 
    select
        ep1_0.id,
        ep1_0.enquiry_id,
        ep1_0.port_id 
    from
        enquiry_pol ep1_0 
    where
        ep1_0.enquiry_id=?
2026-04-17T10:18:51.995+08:00 DEBUG 10768 --- [logitrack-backend] [0.0-8080-exec-2] org.hibernate.SQL                        : 
    select
        ep1_0.id,
        ep1_0.enquiry_id,
        ep1_0.port_id 
    from
        enquiry_pod ep1_0 
    where
        ep1_0.enquiry_id=?
Hibernate: 
    select
        ep1_0.id,
        ep1_0.enquiry_id,
        ep1_0.port_id 
    from
        enquiry_pod ep1_0 
    where
        ep1_0.enquiry_id=?
2026-04-17T10:18:51.999+08:00 DEBUG 10768 --- [logitrack-backend] [0.0-8080-exec-2] org.hibernate.SQL                        : 
    select
        erg1_0.id,
        erg1_0.enquiry_id,
        erg1_0.group_index,
        erg1_0.sub_mode 
    from
        enquiry_route_group erg1_0 
    where
        erg1_0.enquiry_id=? 
    order by
        erg1_0.group_index
Hibernate: 
    select
        erg1_0.id,
        erg1_0.enquiry_id,
        erg1_0.group_index,
        erg1_0.sub_mode 
    from
        enquiry_route_group erg1_0 
    where
        erg1_0.enquiry_id=? 
    order by
        erg1_0.group_index
2026-04-17T10:18:52.005+08:00 DEBUG 10768 --- [logitrack-backend] [0.0-8080-exec-2] org.hibernate.SQL                        : 
    select
        ep1_0.id,
        ep1_0.enquiry_id,
        ep1_0.port_id 
    from
        enquiry_pol ep1_0 
    where
        ep1_0.enquiry_id=?
Hibernate: 
    select
        ep1_0.id,
        ep1_0.enquiry_id,
        ep1_0.port_id 
    from
        enquiry_pol ep1_0 
    where
        ep1_0.enquiry_id=?
2026-04-17T10:18:52.010+08:00 DEBUG 10768 --- [logitrack-backend] [0.0-8080-exec-2] org.hibernate.SQL                        : 
    select
        ep1_0.id,
        ep1_0.enquiry_id,
        ep1_0.port_id 
    from
        enquiry_pod ep1_0 
    where
        ep1_0.enquiry_id=?
Hibernate: 
    select
        ep1_0.id,
        ep1_0.enquiry_id,
        ep1_0.port_id 
    from
        enquiry_pod ep1_0 
    where
        ep1_0.enquiry_id=?
2026-04-17T10:18:52.013+08:00 DEBUG 10768 --- [logitrack-backend] [0.0-8080-exec-2] org.hibernate.SQL                        : 
    select
        erg1_0.id,
        erg1_0.enquiry_id,
        erg1_0.group_index,
        erg1_0.sub_mode 
    from
        enquiry_route_group erg1_0 
    where
        erg1_0.enquiry_id=? 
    order by
        erg1_0.group_index
Hibernate: 
    select
        erg1_0.id,
        erg1_0.enquiry_id,
        erg1_0.group_index,
        erg1_0.sub_mode 
    from
        enquiry_route_group erg1_0 
    where
        erg1_0.enquiry_id=? 
    order by
        erg1_0.group_index
2026-04-17T10:18:52.017+08:00 DEBUG 10768 --- [logitrack-backend] [0.0-8080-exec-2] org.hibernate.SQL                        : 
    select
        ep1_0.id,
        ep1_0.enquiry_id,
        ep1_0.port_id 
    from
        enquiry_pol ep1_0 
    where
        ep1_0.enquiry_id=?
Hibernate: 
    select
        ep1_0.id,
        ep1_0.enquiry_id,
        ep1_0.port_id 
    from
        enquiry_pol ep1_0 
    where
        ep1_0.enquiry_id=?
2026-04-17T10:18:52.020+08:00 DEBUG 10768 --- [logitrack-backend] [0.0-8080-exec-2] org.hibernate.SQL                        : 
    select
        ep1_0.id,
        ep1_0.enquiry_id,
        ep1_0.port_id 
    from
        enquiry_pod ep1_0 
    where
        ep1_0.enquiry_id=?
Hibernate: 
    select
        ep1_0.id,
        ep1_0.enquiry_id,
        ep1_0.port_id 
    from
        enquiry_pod ep1_0 
    where
        ep1_0.enquiry_id=?
2026-04-17T10:18:52.024+08:00 DEBUG 10768 --- [logitrack-backend] [0.0-8080-exec-2] org.hibernate.SQL                        : 
    select
        erg1_0.id,
        erg1_0.enquiry_id,
        erg1_0.group_index,
        erg1_0.sub_mode 
    from
        enquiry_route_group erg1_0 
    where
        erg1_0.enquiry_id=? 
    order by
        erg1_0.group_index
Hibernate: 
    select
        erg1_0.id,
        erg1_0.enquiry_id,
        erg1_0.group_index,
        erg1_0.sub_mode 
    from
        enquiry_route_group erg1_0 
    where
        erg1_0.enquiry_id=? 
    order by
        erg1_0.group_index
2026-04-17T10:18:52.027+08:00 DEBUG 10768 --- [logitrack-backend] [0.0-8080-exec-2] org.hibernate.SQL                        : 
    select
        ep1_0.id,
        ep1_0.enquiry_id,
        ep1_0.port_id 
    from
        enquiry_pol ep1_0 
    where
        ep1_0.enquiry_id=?
Hibernate: 
    select
        ep1_0.id,
        ep1_0.enquiry_id,
        ep1_0.port_id 
    from
        enquiry_pol ep1_0 
    where
        ep1_0.enquiry_id=?
2026-04-17T10:18:52.029+08:00 DEBUG 10768 --- [logitrack-backend] [0.0-8080-exec-2] org.hibernate.SQL                        : 
    select
        ep1_0.id,
        ep1_0.enquiry_id,
        ep1_0.port_id 
    from
        enquiry_pod ep1_0 
    where
        ep1_0.enquiry_id=?
Hibernate: 
    select
        ep1_0.id,
        ep1_0.enquiry_id,
        ep1_0.port_id 
    from
        enquiry_pod ep1_0 
    where
        ep1_0.enquiry_id=?
2026-04-17T10:18:52.032+08:00 DEBUG 10768 --- [logitrack-backend] [0.0-8080-exec-2] org.hibernate.SQL                        : 
    select
        erg1_0.id,
        erg1_0.enquiry_id,
        erg1_0.group_index,
        erg1_0.sub_mode 
    from
        enquiry_route_group erg1_0 
    where
        erg1_0.enquiry_id=? 
    order by
        erg1_0.group_index
Hibernate: 
    select
        erg1_0.id,
        erg1_0.enquiry_id,
        erg1_0.group_index,
        erg1_0.sub_mode 
    from
        enquiry_route_group erg1_0 
    where
        erg1_0.enquiry_id=? 
    order by
        erg1_0.group_index
2026-04-17T10:18:52.038+08:00 DEBUG 10768 --- [logitrack-backend] [0.0-8080-exec-2] org.hibernate.SQL                        : 
    select
        ep1_0.id,
        ep1_0.enquiry_id,
        ep1_0.port_id 
    from
        enquiry_pol ep1_0 
    where
        ep1_0.enquiry_id=?
Hibernate: 
    select
        ep1_0.id,
        ep1_0.enquiry_id,
        ep1_0.port_id 
    from
        enquiry_pol ep1_0 
    where
        ep1_0.enquiry_id=?
2026-04-17T10:18:52.042+08:00 DEBUG 10768 --- [logitrack-backend] [0.0-8080-exec-2] org.hibernate.SQL                        : 
    select
        ep1_0.id,
        ep1_0.enquiry_id,
        ep1_0.port_id 
    from
        enquiry_pod ep1_0 
    where
        ep1_0.enquiry_id=?
Hibernate: 
    select
        ep1_0.id,
        ep1_0.enquiry_id,
        ep1_0.port_id 
    from
        enquiry_pod ep1_0 
    where
        ep1_0.enquiry_id=?
2026-04-17T10:18:52.046+08:00 DEBUG 10768 --- [logitrack-backend] [0.0-8080-exec-2] org.hibernate.SQL                        : 
    select
        erg1_0.id,
        erg1_0.enquiry_id,
        erg1_0.group_index,
        erg1_0.sub_mode 
    from
        enquiry_route_group erg1_0 
    where
        erg1_0.enquiry_id=? 
    order by
        erg1_0.group_index
Hibernate: 
    select
        erg1_0.id,
        erg1_0.enquiry_id,
        erg1_0.group_index,
        erg1_0.sub_mode 
    from
        enquiry_route_group erg1_0 
    where
        erg1_0.enquiry_id=? 
    order by
        erg1_0.group_index
2026-04-17T10:18:52.049+08:00 DEBUG 10768 --- [logitrack-backend] [0.0-8080-exec-2] org.hibernate.SQL                        : 
    select
        ep1_0.id,
        ep1_0.enquiry_id,
        ep1_0.port_id 
    from
        enquiry_pol ep1_0 
    where
        ep1_0.enquiry_id=?
Hibernate: 
    select
        ep1_0.id,
        ep1_0.enquiry_id,
        ep1_0.port_id 
    from
        enquiry_pol ep1_0 
    where
        ep1_0.enquiry_id=?
2026-04-17T10:18:52.052+08:00 DEBUG 10768 --- [logitrack-backend] [0.0-8080-exec-2] org.hibernate.SQL                        : 
    select
        ep1_0.id,
        ep1_0.enquiry_id,
        ep1_0.port_id 
    from
        enquiry_pod ep1_0 
    where
        ep1_0.enquiry_id=?
Hibernate: 
    select
        ep1_0.id,
        ep1_0.enquiry_id,
        ep1_0.port_id 
    from
        enquiry_pod ep1_0 
    where
        ep1_0.enquiry_id=?
2026-04-17T10:18:52.055+08:00 DEBUG 10768 --- [logitrack-backend] [0.0-8080-exec-2] org.hibernate.SQL                        : 
    select
        erg1_0.id,
        erg1_0.enquiry_id,
        erg1_0.group_index,
        erg1_0.sub_mode 
    from
        enquiry_route_group erg1_0 
    where
        erg1_0.enquiry_id=? 
    order by
        erg1_0.group_index
Hibernate: 
    select
        erg1_0.id,
        erg1_0.enquiry_id,
        erg1_0.group_index,
        erg1_0.sub_mode 
    from
        enquiry_route_group erg1_0 
    where
        erg1_0.enquiry_id=? 
    order by
        erg1_0.group_index
2026-04-17T10:18:52.059+08:00 DEBUG 10768 --- [logitrack-backend] [0.0-8080-exec-2] org.hibernate.SQL                        : 
    select
        ep1_0.id,
        ep1_0.enquiry_id,
        ep1_0.port_id 
    from
        enquiry_pol ep1_0 
    where
        ep1_0.enquiry_id=?
Hibernate: 
    select
        ep1_0.id,
        ep1_0.enquiry_id,
        ep1_0.port_id 
    from
        enquiry_pol ep1_0 
    where
        ep1_0.enquiry_id=?
2026-04-17T10:18:52.065+08:00 DEBUG 10768 --- [logitrack-backend] [0.0-8080-exec-2] org.hibernate.SQL                        : 
    select
        ep1_0.id,
        ep1_0.enquiry_id,
        ep1_0.port_id 
    from
        enquiry_pod ep1_0 
    where
        ep1_0.enquiry_id=?
Hibernate: 
    select
        ep1_0.id,
        ep1_0.enquiry_id,
        ep1_0.port_id 
    from
        enquiry_pod ep1_0 
    where
        ep1_0.enquiry_id=?
2026-04-17T10:18:52.071+08:00 DEBUG 10768 --- [logitrack-backend] [0.0-8080-exec-2] org.hibernate.SQL                        : 
    select
        erg1_0.id,
        erg1_0.enquiry_id,
        erg1_0.group_index,
        erg1_0.sub_mode 
    from
        enquiry_route_group erg1_0 
    where
        erg1_0.enquiry_id=? 
    order by
        erg1_0.group_index
Hibernate: 
    select
        erg1_0.id,
        erg1_0.enquiry_id,
        erg1_0.group_index,
        erg1_0.sub_mode 
    from
        enquiry_route_group erg1_0 
    where
        erg1_0.enquiry_id=? 
    order by
        erg1_0.group_index
2026-04-17T10:18:52.075+08:00 DEBUG 10768 --- [logitrack-backend] [0.0-8080-exec-2] org.hibernate.SQL                        : 
    select
        ep1_0.id,
        ep1_0.enquiry_id,
        ep1_0.port_id 
    from
        enquiry_pol ep1_0 
    where
        ep1_0.enquiry_id=?
Hibernate: 
    select
        ep1_0.id,
        ep1_0.enquiry_id,
        ep1_0.port_id 
    from
        enquiry_pol ep1_0 
    where
        ep1_0.enquiry_id=?
2026-04-17T10:18:52.077+08:00 DEBUG 10768 --- [logitrack-backend] [0.0-8080-exec-2] org.hibernate.SQL                        : 
    select
        ep1_0.id,
        ep1_0.enquiry_id,
        ep1_0.port_id 
    from
        enquiry_pod ep1_0 
    where
        ep1_0.enquiry_id=?
Hibernate: 
    select
        ep1_0.id,
        ep1_0.enquiry_id,
        ep1_0.port_id 
    from
        enquiry_pod ep1_0 
    where
        ep1_0.enquiry_id=?
2026-04-17T10:18:52.080+08:00 DEBUG 10768 --- [logitrack-backend] [0.0-8080-exec-2] org.hibernate.SQL                        : 
    select
        erg1_0.id,
        erg1_0.enquiry_id,
        erg1_0.group_index,
        erg1_0.sub_mode 
    from
        enquiry_route_group erg1_0 
    where
        erg1_0.enquiry_id=? 
    order by
        erg1_0.group_index
Hibernate: 
    select
        erg1_0.id,
        erg1_0.enquiry_id,
        erg1_0.group_index,
        erg1_0.sub_mode 
    from
        enquiry_route_group erg1_0 
    where
        erg1_0.enquiry_id=? 
    order by
        erg1_0.group_index
2026-04-17T10:18:52.083+08:00 DEBUG 10768 --- [logitrack-backend] [0.0-8080-exec-2] org.hibernate.SQL                        : 
    select
        ep1_0.id,
        ep1_0.enquiry_id,
        ep1_0.port_id 
    from
        enquiry_pol ep1_0 
    where
        ep1_0.enquiry_id=?
Hibernate: 
    select
        ep1_0.id,
        ep1_0.enquiry_id,
        ep1_0.port_id 
    from
        enquiry_pol ep1_0 
    where
        ep1_0.enquiry_id=?
2026-04-17T10:18:52.086+08:00 DEBUG 10768 --- [logitrack-backend] [0.0-8080-exec-2] org.hibernate.SQL                        : 
    select
        ep1_0.id,
        ep1_0.enquiry_id,
        ep1_0.port_id 
    from
        enquiry_pod ep1_0 
    where
        ep1_0.enquiry_id=?
Hibernate: 
    select
        ep1_0.id,
        ep1_0.enquiry_id,
        ep1_0.port_id 
    from
        enquiry_pod ep1_0 
    where
        ep1_0.enquiry_id=?
2026-04-17T10:18:52.089+08:00 DEBUG 10768 --- [logitrack-backend] [0.0-8080-exec-2] org.hibernate.SQL                        : 
    select
        erg1_0.id,
        erg1_0.enquiry_id,
        erg1_0.group_index,
        erg1_0.sub_mode 
    from
        enquiry_route_group erg1_0 
    where
        erg1_0.enquiry_id=? 
    order by
        erg1_0.group_index
Hibernate: 
    select
        erg1_0.id,
        erg1_0.enquiry_id,
        erg1_0.group_index,
        erg1_0.sub_mode 
    from
        enquiry_route_group erg1_0 
    where
        erg1_0.enquiry_id=? 
    order by
        erg1_0.group_index
2026-04-17T10:18:52.092+08:00 DEBUG 10768 --- [logitrack-backend] [0.0-8080-exec-2] org.hibernate.SQL                        : 
    select
        ep1_0.id,
        ep1_0.enquiry_id,
        ep1_0.port_id 
    from
        enquiry_pol ep1_0 
    where
        ep1_0.enquiry_id=?
Hibernate: 
    select
        ep1_0.id,
        ep1_0.enquiry_id,
        ep1_0.port_id 
    from
        enquiry_pol ep1_0 
    where
        ep1_0.enquiry_id=?
2026-04-17T10:18:52.096+08:00 DEBUG 10768 --- [logitrack-backend] [0.0-8080-exec-2] org.hibernate.SQL                        : 
    select
        ep1_0.id,
        ep1_0.enquiry_id,
        ep1_0.port_id 
    from
        enquiry_pod ep1_0 
    where
        ep1_0.enquiry_id=?
Hibernate: 
    select
        ep1_0.id,
        ep1_0.enquiry_id,
        ep1_0.port_id 
    from
        enquiry_pod ep1_0 
    where
        ep1_0.enquiry_id=?
2026-04-17T10:18:52.100+08:00 DEBUG 10768 --- [logitrack-backend] [0.0-8080-exec-2] org.hibernate.SQL                        : 
    select
        erg1_0.id,
        erg1_0.enquiry_id,
        erg1_0.group_index,
        erg1_0.sub_mode 
    from
        enquiry_route_group erg1_0 
    where
        erg1_0.enquiry_id=? 
    order by
        erg1_0.group_index
Hibernate: 
    select
        erg1_0.id,
        erg1_0.enquiry_id,
        erg1_0.group_index,
        erg1_0.sub_mode 
    from
        enquiry_route_group erg1_0 
    where
        erg1_0.enquiry_id=? 
    order by
        erg1_0.group_index
2026-04-17T10:18:52.243+08:00 DEBUG 10768 --- [logitrack-backend] [0.0-8080-exec-2] org.hibernate.SQL                        : 
    select
        o1_0.enquiry_id,
        o1_0.id,
        o1_0.container_currency,
        o1_0.created_at,
        o1_0.is_latest,
        o1_0.local_charge_currency,
        o1_0.offer_date,
        o1_0.offer_type,
        o1_0.remark,
        o1_0.sequence_no,
        o1_0.updated_at 
    from
        offer o1_0 
    where
        o1_0.enquiry_id=?
Hibernate: 
    select
        o1_0.enquiry_id,
        o1_0.id,
        o1_0.container_currency,
        o1_0.created_at,
        o1_0.is_latest,
        o1_0.local_charge_currency,
        o1_0.offer_date,
        o1_0.offer_type,
        o1_0.remark,
        o1_0.sequence_no,
        o1_0.updated_at 
    from
        offer o1_0 
    where
        o1_0.enquiry_id=?
2026-04-17T10:18:52.248+08:00 DEBUG 10768 --- [logitrack-backend] [0.0-8080-exec-2] org.hibernate.SQL                        : 
    select
        cr1_0.enquiry_id,
        cr1_0.id,
        cr1_0.cntr_type_code,
        cr1_0.cntr_type_id,
        cr1_0.container_code,
        cr1_0.container_qty,
        cr1_0.container_type_id,
        cr1_0.created_at,
        cr1_0.extra_container_weights,
        cr1_0.extra_containers,
        cr1_0.line_teu,
        cr1_0.qty_20,
        cr1_0.qty_40,
        cr1_0.qty_40hq,
        cr1_0.qty_45,
        cr1_0.raw_text,
        cr1_0.teu_per_unit,
        cr1_0.weight_20,
        cr1_0.weight_40,
        cr1_0.weight_40hq,
        cr1_0.weight_45 
    from
        enquiry_container_line cr1_0 
    where
        cr1_0.enquiry_id=?
Hibernate: 
    select
        cr1_0.enquiry_id,
        cr1_0.id,
        cr1_0.cntr_type_code,
        cr1_0.cntr_type_id,
        cr1_0.container_code,
        cr1_0.container_qty,
        cr1_0.container_type_id,
        cr1_0.created_at,
        cr1_0.extra_container_weights,
        cr1_0.extra_containers,
        cr1_0.line_teu,
        cr1_0.qty_20,
        cr1_0.qty_40,
        cr1_0.qty_40hq,
        cr1_0.qty_45,
        cr1_0.raw_text,
        cr1_0.teu_per_unit,
        cr1_0.weight_20,
        cr1_0.weight_40,
        cr1_0.weight_40hq,
        cr1_0.weight_45 
    from
        enquiry_container_line cr1_0 
    where
        cr1_0.enquiry_id=?
2026-04-17T10:18:52.260+08:00 DEBUG 10768 --- [logitrack-backend] [0.0-8080-exec-2] org.hibernate.SQL                        : 
    select
        o1_0.enquiry_id,
        o1_0.id,
        o1_0.container_currency,
        o1_0.created_at,
        o1_0.is_latest,
        o1_0.local_charge_currency,
        o1_0.offer_date,
        o1_0.offer_type,
        o1_0.remark,
        o1_0.sequence_no,
        o1_0.updated_at 
    from
        offer o1_0 
    where
        o1_0.enquiry_id=?
Hibernate: 
    select
        o1_0.enquiry_id,
        o1_0.id,
        o1_0.container_currency,
        o1_0.created_at,
        o1_0.is_latest,
        o1_0.local_charge_currency,
        o1_0.offer_date,
        o1_0.offer_type,
        o1_0.remark,
        o1_0.sequence_no,
        o1_0.updated_at 
    from
        offer o1_0 
    where
        o1_0.enquiry_id=?
2026-04-17T10:18:52.263+08:00 DEBUG 10768 --- [logitrack-backend] [0.0-8080-exec-2] org.hibernate.SQL                        : 
    select
        cr1_0.enquiry_id,
        cr1_0.id,
        cr1_0.cntr_type_code,
        cr1_0.cntr_type_id,
        cr1_0.container_code,
        cr1_0.container_qty,
        cr1_0.container_type_id,
        cr1_0.created_at,
        cr1_0.extra_container_weights,
        cr1_0.extra_containers,
        cr1_0.line_teu,
        cr1_0.qty_20,
        cr1_0.qty_40,
        cr1_0.qty_40hq,
        cr1_0.qty_45,
        cr1_0.raw_text,
        cr1_0.teu_per_unit,
        cr1_0.weight_20,
        cr1_0.weight_40,
        cr1_0.weight_40hq,
        cr1_0.weight_45 
    from
        enquiry_container_line cr1_0 
    where
        cr1_0.enquiry_id=?
Hibernate: 
    select
        cr1_0.enquiry_id,
        cr1_0.id,
        cr1_0.cntr_type_code,
        cr1_0.cntr_type_id,
        cr1_0.container_code,
        cr1_0.container_qty,
        cr1_0.container_type_id,
        cr1_0.created_at,
        cr1_0.extra_container_weights,
        cr1_0.extra_containers,
        cr1_0.line_teu,
        cr1_0.qty_20,
        cr1_0.qty_40,
        cr1_0.qty_40hq,
        cr1_0.qty_45,
        cr1_0.raw_text,
        cr1_0.teu_per_unit,
        cr1_0.weight_20,
        cr1_0.weight_40,
        cr1_0.weight_40hq,
        cr1_0.weight_45 
    from
        enquiry_container_line cr1_0 
    where
        cr1_0.enquiry_id=?
2026-04-17T10:18:52.266+08:00 DEBUG 10768 --- [logitrack-backend] [0.0-8080-exec-2] org.hibernate.SQL                        : 
    select
        o1_0.enquiry_id,
        o1_0.id,
        o1_0.container_currency,
        o1_0.created_at,
        o1_0.is_latest,
        o1_0.local_charge_currency,
        o1_0.offer_date,
        o1_0.offer_type,
        o1_0.remark,
        o1_0.sequence_no,
        o1_0.updated_at 
    from
        offer o1_0 
    where
        o1_0.enquiry_id=?
Hibernate: 
    select
        o1_0.enquiry_id,
        o1_0.id,
        o1_0.container_currency,
        o1_0.created_at,
        o1_0.is_latest,
        o1_0.local_charge_currency,
        o1_0.offer_date,
        o1_0.offer_type,
        o1_0.remark,
        o1_0.sequence_no,
        o1_0.updated_at 
    from
        offer o1_0 
    where
        o1_0.enquiry_id=?
2026-04-17T10:18:52.269+08:00 DEBUG 10768 --- [logitrack-backend] [0.0-8080-exec-2] org.hibernate.SQL                        : 
    select
        cr1_0.enquiry_id,
        cr1_0.id,
        cr1_0.cntr_type_code,
        cr1_0.cntr_type_id,
        cr1_0.container_code,
        cr1_0.container_qty,
        cr1_0.container_type_id,
        cr1_0.created_at,
        cr1_0.extra_container_weights,
        cr1_0.extra_containers,
        cr1_0.line_teu,
        cr1_0.qty_20,
        cr1_0.qty_40,
        cr1_0.qty_40hq,
        cr1_0.qty_45,
        cr1_0.raw_text,
        cr1_0.teu_per_unit,
        cr1_0.weight_20,
        cr1_0.weight_40,
        cr1_0.weight_40hq,
        cr1_0.weight_45 
    from
        enquiry_container_line cr1_0 
    where
        cr1_0.enquiry_id=?
Hibernate: 
    select
        cr1_0.enquiry_id,
        cr1_0.id,
        cr1_0.cntr_type_code,
        cr1_0.cntr_type_id,
        cr1_0.container_code,
        cr1_0.container_qty,
        cr1_0.container_type_id,
        cr1_0.created_at,
        cr1_0.extra_container_weights,
        cr1_0.extra_containers,
        cr1_0.line_teu,
        cr1_0.qty_20,
        cr1_0.qty_40,
        cr1_0.qty_40hq,
        cr1_0.qty_45,
        cr1_0.raw_text,
        cr1_0.teu_per_unit,
        cr1_0.weight_20,
        cr1_0.weight_40,
        cr1_0.weight_40hq,
        cr1_0.weight_45 
    from
        enquiry_container_line cr1_0 
    where
        cr1_0.enquiry_id=?
2026-04-17T10:18:52.275+08:00 DEBUG 10768 --- [logitrack-backend] [0.0-8080-exec-2] org.hibernate.SQL                        : 
    select
        o1_0.enquiry_id,
        o1_0.id,
        o1_0.container_currency,
        o1_0.created_at,
        o1_0.is_latest,
        o1_0.local_charge_currency,
        o1_0.offer_date,
        o1_0.offer_type,
        o1_0.remark,
        o1_0.sequence_no,
        o1_0.updated_at 
    from
        offer o1_0 
    where
        o1_0.enquiry_id=?
Hibernate: 
    select
        o1_0.enquiry_id,
        o1_0.id,
        o1_0.container_currency,
        o1_0.created_at,
        o1_0.is_latest,
        o1_0.local_charge_currency,
        o1_0.offer_date,
        o1_0.offer_type,
        o1_0.remark,
        o1_0.sequence_no,
        o1_0.updated_at 
    from
        offer o1_0 
    where
        o1_0.enquiry_id=?
2026-04-17T10:18:52.277+08:00 DEBUG 10768 --- [logitrack-backend] [0.0-8080-exec-2] org.hibernate.SQL                        : 
    select
        cr1_0.enquiry_id,
        cr1_0.id,
        cr1_0.cntr_type_code,
        cr1_0.cntr_type_id,
        cr1_0.container_code,
        cr1_0.container_qty,
        cr1_0.container_type_id,
        cr1_0.created_at,
        cr1_0.extra_container_weights,
        cr1_0.extra_containers,
        cr1_0.line_teu,
        cr1_0.qty_20,
        cr1_0.qty_40,
        cr1_0.qty_40hq,
        cr1_0.qty_45,
        cr1_0.raw_text,
        cr1_0.teu_per_unit,
        cr1_0.weight_20,
        cr1_0.weight_40,
        cr1_0.weight_40hq,
        cr1_0.weight_45 
    from
        enquiry_container_line cr1_0 
    where
        cr1_0.enquiry_id=?
Hibernate: 
    select
        cr1_0.enquiry_id,
        cr1_0.id,
        cr1_0.cntr_type_code,
        cr1_0.cntr_type_id,
        cr1_0.container_code,
        cr1_0.container_qty,
        cr1_0.container_type_id,
        cr1_0.created_at,
        cr1_0.extra_container_weights,
        cr1_0.extra_containers,
        cr1_0.line_teu,
        cr1_0.qty_20,
        cr1_0.qty_40,
        cr1_0.qty_40hq,
        cr1_0.qty_45,
        cr1_0.raw_text,
        cr1_0.teu_per_unit,
        cr1_0.weight_20,
        cr1_0.weight_40,
        cr1_0.weight_40hq,
        cr1_0.weight_45 
    from
        enquiry_container_line cr1_0 
    where
        cr1_0.enquiry_id=?
2026-04-17T10:18:52.280+08:00 DEBUG 10768 --- [logitrack-backend] [0.0-8080-exec-2] org.hibernate.SQL                        : 
    select
        o1_0.enquiry_id,
        o1_0.id,
        o1_0.container_currency,
        o1_0.created_at,
        o1_0.is_latest,
        o1_0.local_charge_currency,
        o1_0.offer_date,
        o1_0.offer_type,
        o1_0.remark,
        o1_0.sequence_no,
        o1_0.updated_at 
    from
        offer o1_0 
    where
        o1_0.enquiry_id=?
Hibernate: 
    select
        o1_0.enquiry_id,
        o1_0.id,
        o1_0.container_currency,
        o1_0.created_at,
        o1_0.is_latest,
        o1_0.local_charge_currency,
        o1_0.offer_date,
        o1_0.offer_type,
        o1_0.remark,
        o1_0.sequence_no,
        o1_0.updated_at 
    from
        offer o1_0 
    where
        o1_0.enquiry_id=?
2026-04-17T10:18:52.282+08:00 DEBUG 10768 --- [logitrack-backend] [0.0-8080-exec-2] org.hibernate.SQL                        : 
    select
        cr1_0.enquiry_id,
        cr1_0.id,
        cr1_0.cntr_type_code,
        cr1_0.cntr_type_id,
        cr1_0.container_code,
        cr1_0.container_qty,
        cr1_0.container_type_id,
        cr1_0.created_at,
        cr1_0.extra_container_weights,
        cr1_0.extra_containers,
        cr1_0.line_teu,
        cr1_0.qty_20,
        cr1_0.qty_40,
        cr1_0.qty_40hq,
        cr1_0.qty_45,
        cr1_0.raw_text,
        cr1_0.teu_per_unit,
        cr1_0.weight_20,
        cr1_0.weight_40,
        cr1_0.weight_40hq,
        cr1_0.weight_45 
    from
        enquiry_container_line cr1_0 
    where
        cr1_0.enquiry_id=?
Hibernate: 
    select
        cr1_0.enquiry_id,
        cr1_0.id,
        cr1_0.cntr_type_code,
        cr1_0.cntr_type_id,
        cr1_0.container_code,
        cr1_0.container_qty,
        cr1_0.container_type_id,
        cr1_0.created_at,
        cr1_0.extra_container_weights,
        cr1_0.extra_containers,
        cr1_0.line_teu,
        cr1_0.qty_20,
        cr1_0.qty_40,
        cr1_0.qty_40hq,
        cr1_0.qty_45,
        cr1_0.raw_text,
        cr1_0.teu_per_unit,
        cr1_0.weight_20,
        cr1_0.weight_40,
        cr1_0.weight_40hq,
        cr1_0.weight_45 
    from
        enquiry_container_line cr1_0 
    where
        cr1_0.enquiry_id=?
2026-04-17T10:18:52.285+08:00 DEBUG 10768 --- [logitrack-backend] [0.0-8080-exec-2] org.hibernate.SQL                        : 
    select
        o1_0.enquiry_id,
        o1_0.id,
        o1_0.container_currency,
        o1_0.created_at,
        o1_0.is_latest,
        o1_0.local_charge_currency,
        o1_0.offer_date,
        o1_0.offer_type,
        o1_0.remark,
        o1_0.sequence_no,
        o1_0.updated_at 
    from
        offer o1_0 
    where
        o1_0.enquiry_id=?
Hibernate: 
    select
        o1_0.enquiry_id,
        o1_0.id,
        o1_0.container_currency,
        o1_0.created_at,
        o1_0.is_latest,
        o1_0.local_charge_currency,
        o1_0.offer_date,
        o1_0.offer_type,
        o1_0.remark,
        o1_0.sequence_no,
        o1_0.updated_at 
    from
        offer o1_0 
    where
        o1_0.enquiry_id=?
2026-04-17T10:18:52.287+08:00 DEBUG 10768 --- [logitrack-backend] [0.0-8080-exec-2] org.hibernate.SQL                        : 
    select
        cr1_0.enquiry_id,
        cr1_0.id,
        cr1_0.cntr_type_code,
        cr1_0.cntr_type_id,
        cr1_0.container_code,
        cr1_0.container_qty,
        cr1_0.container_type_id,
        cr1_0.created_at,
        cr1_0.extra_container_weights,
        cr1_0.extra_containers,
        cr1_0.line_teu,
        cr1_0.qty_20,
        cr1_0.qty_40,
        cr1_0.qty_40hq,
        cr1_0.qty_45,
        cr1_0.raw_text,
        cr1_0.teu_per_unit,
        cr1_0.weight_20,
        cr1_0.weight_40,
        cr1_0.weight_40hq,
        cr1_0.weight_45 
    from
        enquiry_container_line cr1_0 
    where
        cr1_0.enquiry_id=?
Hibernate: 
    select
        cr1_0.enquiry_id,
        cr1_0.id,
        cr1_0.cntr_type_code,
        cr1_0.cntr_type_id,
        cr1_0.container_code,
        cr1_0.container_qty,
        cr1_0.container_type_id,
        cr1_0.created_at,
        cr1_0.extra_container_weights,
        cr1_0.extra_containers,
        cr1_0.line_teu,
        cr1_0.qty_20,
        cr1_0.qty_40,
        cr1_0.qty_40hq,
        cr1_0.qty_45,
        cr1_0.raw_text,
        cr1_0.teu_per_unit,
        cr1_0.weight_20,
        cr1_0.weight_40,
        cr1_0.weight_40hq,
        cr1_0.weight_45 
    from
        enquiry_container_line cr1_0 
    where
        cr1_0.enquiry_id=?
2026-04-17T10:18:52.290+08:00 DEBUG 10768 --- [logitrack-backend] [0.0-8080-exec-2] org.hibernate.SQL                        : 
    select
        o1_0.enquiry_id,
        o1_0.id,
        o1_0.container_currency,
        o1_0.created_at,
        o1_0.is_latest,
        o1_0.local_charge_currency,
        o1_0.offer_date,
        o1_0.offer_type,
        o1_0.remark,
        o1_0.sequence_no,
        o1_0.updated_at 
    from
        offer o1_0 
    where
        o1_0.enquiry_id=?
Hibernate: 
    select
        o1_0.enquiry_id,
        o1_0.id,
        o1_0.container_currency,
        o1_0.created_at,
        o1_0.is_latest,
        o1_0.local_charge_currency,
        o1_0.offer_date,
        o1_0.offer_type,
        o1_0.remark,
        o1_0.sequence_no,
        o1_0.updated_at 
    from
        offer o1_0 
    where
        o1_0.enquiry_id=?
2026-04-17T10:18:52.292+08:00 DEBUG 10768 --- [logitrack-backend] [0.0-8080-exec-2] org.hibernate.SQL                        : 
    select
        cr1_0.enquiry_id,
        cr1_0.id,
        cr1_0.cntr_type_code,
        cr1_0.cntr_type_id,
        cr1_0.container_code,
        cr1_0.container_qty,
        cr1_0.container_type_id,
        cr1_0.created_at,
        cr1_0.extra_container_weights,
        cr1_0.extra_containers,
        cr1_0.line_teu,
        cr1_0.qty_20,
        cr1_0.qty_40,
        cr1_0.qty_40hq,
        cr1_0.qty_45,
        cr1_0.raw_text,
        cr1_0.teu_per_unit,
        cr1_0.weight_20,
        cr1_0.weight_40,
        cr1_0.weight_40hq,
        cr1_0.weight_45 
    from
        enquiry_container_line cr1_0 
    where
        cr1_0.enquiry_id=?
Hibernate: 
    select
        cr1_0.enquiry_id,
        cr1_0.id,
        cr1_0.cntr_type_code,
        cr1_0.cntr_type_id,
        cr1_0.container_code,
        cr1_0.container_qty,
        cr1_0.container_type_id,
        cr1_0.created_at,
        cr1_0.extra_container_weights,
        cr1_0.extra_containers,
        cr1_0.line_teu,
        cr1_0.qty_20,
        cr1_0.qty_40,
        cr1_0.qty_40hq,
        cr1_0.qty_45,
        cr1_0.raw_text,
        cr1_0.teu_per_unit,
        cr1_0.weight_20,
        cr1_0.weight_40,
        cr1_0.weight_40hq,
        cr1_0.weight_45 
    from
        enquiry_container_line cr1_0 
    where
        cr1_0.enquiry_id=?
2026-04-17T10:18:52.296+08:00 DEBUG 10768 --- [logitrack-backend] [0.0-8080-exec-2] org.hibernate.SQL                        : 
    select
        o1_0.enquiry_id,
        o1_0.id,
        o1_0.container_currency,
        o1_0.created_at,
        o1_0.is_latest,
        o1_0.local_charge_currency,
        o1_0.offer_date,
        o1_0.offer_type,
        o1_0.remark,
        o1_0.sequence_no,
        o1_0.updated_at 
    from
        offer o1_0 
    where
        o1_0.enquiry_id=?
Hibernate: 
    select
        o1_0.enquiry_id,
        o1_0.id,
        o1_0.container_currency,
        o1_0.created_at,
        o1_0.is_latest,
        o1_0.local_charge_currency,
        o1_0.offer_date,
        o1_0.offer_type,
        o1_0.remark,
        o1_0.sequence_no,
        o1_0.updated_at 
    from
        offer o1_0 
    where
        o1_0.enquiry_id=?
2026-04-17T10:18:52.298+08:00 DEBUG 10768 --- [logitrack-backend] [0.0-8080-exec-2] org.hibernate.SQL                        : 
    select
        cr1_0.enquiry_id,
        cr1_0.id,
        cr1_0.cntr_type_code,
        cr1_0.cntr_type_id,
        cr1_0.container_code,
        cr1_0.container_qty,
        cr1_0.container_type_id,
        cr1_0.created_at,
        cr1_0.extra_container_weights,
        cr1_0.extra_containers,
        cr1_0.line_teu,
        cr1_0.qty_20,
        cr1_0.qty_40,
        cr1_0.qty_40hq,
        cr1_0.qty_45,
        cr1_0.raw_text,
        cr1_0.teu_per_unit,
        cr1_0.weight_20,
        cr1_0.weight_40,
        cr1_0.weight_40hq,
        cr1_0.weight_45 
    from
        enquiry_container_line cr1_0 
    where
        cr1_0.enquiry_id=?
Hibernate: 
    select
        cr1_0.enquiry_id,
        cr1_0.id,
        cr1_0.cntr_type_code,
        cr1_0.cntr_type_id,
        cr1_0.container_code,
        cr1_0.container_qty,
        cr1_0.container_type_id,
        cr1_0.created_at,
        cr1_0.extra_container_weights,
        cr1_0.extra_containers,
        cr1_0.line_teu,
        cr1_0.qty_20,
        cr1_0.qty_40,
        cr1_0.qty_40hq,
        cr1_0.qty_45,
        cr1_0.raw_text,
        cr1_0.teu_per_unit,
        cr1_0.weight_20,
        cr1_0.weight_40,
        cr1_0.weight_40hq,
        cr1_0.weight_45 
    from
        enquiry_container_line cr1_0 
    where
        cr1_0.enquiry_id=?
2026-04-17T10:18:52.301+08:00 DEBUG 10768 --- [logitrack-backend] [0.0-8080-exec-2] org.hibernate.SQL                        : 
    select
        o1_0.enquiry_id,
        o1_0.id,
        o1_0.container_currency,
        o1_0.created_at,
        o1_0.is_latest,
        o1_0.local_charge_currency,
        o1_0.offer_date,
        o1_0.offer_type,
        o1_0.remark,
        o1_0.sequence_no,
        o1_0.updated_at 
    from
        offer o1_0 
    where
        o1_0.enquiry_id=?
Hibernate: 
    select
        o1_0.enquiry_id,
        o1_0.id,
        o1_0.container_currency,
        o1_0.created_at,
        o1_0.is_latest,
        o1_0.local_charge_currency,
        o1_0.offer_date,
        o1_0.offer_type,
        o1_0.remark,
        o1_0.sequence_no,
        o1_0.updated_at 
    from
        offer o1_0 
    where
        o1_0.enquiry_id=?
2026-04-17T10:18:52.307+08:00 DEBUG 10768 --- [logitrack-backend] [0.0-8080-exec-2] org.hibernate.SQL                        : 
    select
        cr1_0.enquiry_id,
        cr1_0.id,
        cr1_0.cntr_type_code,
        cr1_0.cntr_type_id,
        cr1_0.container_code,
        cr1_0.container_qty,
        cr1_0.container_type_id,
        cr1_0.created_at,
        cr1_0.extra_container_weights,
        cr1_0.extra_containers,
        cr1_0.line_teu,
        cr1_0.qty_20,
        cr1_0.qty_40,
        cr1_0.qty_40hq,
        cr1_0.qty_45,
        cr1_0.raw_text,
        cr1_0.teu_per_unit,
        cr1_0.weight_20,
        cr1_0.weight_40,
        cr1_0.weight_40hq,
        cr1_0.weight_45 
    from
        enquiry_container_line cr1_0 
    where
        cr1_0.enquiry_id=?
Hibernate: 
    select
        cr1_0.enquiry_id,
        cr1_0.id,
        cr1_0.cntr_type_code,
        cr1_0.cntr_type_id,
        cr1_0.container_code,
        cr1_0.container_qty,
        cr1_0.container_type_id,
        cr1_0.created_at,
        cr1_0.extra_container_weights,
        cr1_0.extra_containers,
        cr1_0.line_teu,
        cr1_0.qty_20,
        cr1_0.qty_40,
        cr1_0.qty_40hq,
        cr1_0.qty_45,
        cr1_0.raw_text,
        cr1_0.teu_per_unit,
        cr1_0.weight_20,
        cr1_0.weight_40,
        cr1_0.weight_40hq,
        cr1_0.weight_45 
    from
        enquiry_container_line cr1_0 
    where
        cr1_0.enquiry_id=?
2026-04-17T10:18:52.311+08:00 DEBUG 10768 --- [logitrack-backend] [0.0-8080-exec-2] org.hibernate.SQL                        : 
    select
        o1_0.enquiry_id,
        o1_0.id,
        o1_0.container_currency,
        o1_0.created_at,
        o1_0.is_latest,
        o1_0.local_charge_currency,
        o1_0.offer_date,
        o1_0.offer_type,
        o1_0.remark,
        o1_0.sequence_no,
        o1_0.updated_at 
    from
        offer o1_0 
    where
        o1_0.enquiry_id=?
Hibernate: 
    select
        o1_0.enquiry_id,
        o1_0.id,
        o1_0.container_currency,
        o1_0.created_at,
        o1_0.is_latest,
        o1_0.local_charge_currency,
        o1_0.offer_date,
        o1_0.offer_type,
        o1_0.remark,
        o1_0.sequence_no,
        o1_0.updated_at 
    from
        offer o1_0 
    where
        o1_0.enquiry_id=?
2026-04-17T10:18:52.313+08:00 DEBUG 10768 --- [logitrack-backend] [0.0-8080-exec-2] org.hibernate.SQL                        : 
    select
        cr1_0.enquiry_id,
        cr1_0.id,
        cr1_0.cntr_type_code,
        cr1_0.cntr_type_id,
        cr1_0.container_code,
        cr1_0.container_qty,
        cr1_0.container_type_id,
        cr1_0.created_at,
        cr1_0.extra_container_weights,
        cr1_0.extra_containers,
        cr1_0.line_teu,
        cr1_0.qty_20,
        cr1_0.qty_40,
        cr1_0.qty_40hq,
        cr1_0.qty_45,
        cr1_0.raw_text,
        cr1_0.teu_per_unit,
        cr1_0.weight_20,
        cr1_0.weight_40,
        cr1_0.weight_40hq,
        cr1_0.weight_45 
    from
        enquiry_container_line cr1_0 
    where
        cr1_0.enquiry_id=?
Hibernate: 
    select
        cr1_0.enquiry_id,
        cr1_0.id,
        cr1_0.cntr_type_code,
        cr1_0.cntr_type_id,
        cr1_0.container_code,
        cr1_0.container_qty,
        cr1_0.container_type_id,
        cr1_0.created_at,
        cr1_0.extra_container_weights,
        cr1_0.extra_containers,
        cr1_0.line_teu,
        cr1_0.qty_20,
        cr1_0.qty_40,
        cr1_0.qty_40hq,
        cr1_0.qty_45,
        cr1_0.raw_text,
        cr1_0.teu_per_unit,
        cr1_0.weight_20,
        cr1_0.weight_40,
        cr1_0.weight_40hq,
        cr1_0.weight_45 
    from
        enquiry_container_line cr1_0 
    where
        cr1_0.enquiry_id=?
2026-04-17T10:19:34.103+08:00  INFO 10768 --- [logitrack-backend] [0.0-8080-exec-3] c.l.b.controller.EnquiryController       : GET /api/enquiries - page=0, size=10, keyword=null, status=null, product=null, cargo=null
2026-04-17T10:19:34.110+08:00 DEBUG 10768 --- [logitrack-backend] [0.0-8080-exec-3] org.hibernate.SQL                        : 
    select
        e1_0.id,
        e1_0.assigned_cn_office,
        e1_0.cancelled_reason,
        e1_0.cancelled_reason_text,
        e1_0.cargo_ready_date,
        e1_0.cargo_ready_date_details,
        e1_0.cargo_type_code,
        e1_0.category,
        e1_0.commodity,
        e1_0.core_non_core,
        e1_0.created_at,
        e1_0.created_by,
        e1_0.enquiry_created_date,
        e1_0.enquiry_received_date,
        e1_0.exw_location,
        e1_0.has_specific_cargo_ready_date,
        e1_0.hazardous_special_equipment,
        e1_0.is_oversize_cargo,
        e1_0.lost_reason,
        e1_0.lost_reason_text,
        e1_0.monthly_sequence,
        e1_0.offer_type,
        e1_0.pod_country,
        e1_0.pol_country,
        e1_0.product_abbr,
        e1_0.product_code,
        e1_0.quantity,
        e1_0.ref_number,
        e1_0.reference_month,
        e1_0.remark,
        e1_0.sales_country_code,
        e1_0.sales_office_id,
        e1_0.sales_pic_id,
        e1_0.serial_number,
        e1_0.status,
        e1_0.uom,
        e1_0.updated_at,
        e1_0.updated_by,
        e1_0.volume_cbm 
    from
        enquiry e1_0 
    order by
        e1_0.id desc 
    limit
        ?, ?
Hibernate: 
    select
        e1_0.id,
        e1_0.assigned_cn_office,
        e1_0.cancelled_reason,
        e1_0.cancelled_reason_text,
        e1_0.cargo_ready_date,
        e1_0.cargo_ready_date_details,
        e1_0.cargo_type_code,
        e1_0.category,
        e1_0.commodity,
        e1_0.core_non_core,
        e1_0.created_at,
        e1_0.created_by,
        e1_0.enquiry_created_date,
        e1_0.enquiry_received_date,
        e1_0.exw_location,
        e1_0.has_specific_cargo_ready_date,
        e1_0.hazardous_special_equipment,
        e1_0.is_oversize_cargo,
        e1_0.lost_reason,
        e1_0.lost_reason_text,
        e1_0.monthly_sequence,
        e1_0.offer_type,
        e1_0.pod_country,
        e1_0.pol_country,
        e1_0.product_abbr,
        e1_0.product_code,
        e1_0.quantity,
        e1_0.ref_number,
        e1_0.reference_month,
        e1_0.remark,
        e1_0.sales_country_code,
        e1_0.sales_office_id,
        e1_0.sales_pic_id,
        e1_0.serial_number,
        e1_0.status,
        e1_0.uom,
        e1_0.updated_at,
        e1_0.updated_by,
        e1_0.volume_cbm 
    from
        enquiry e1_0 
    order by
        e1_0.id desc 
    limit
        ?, ?
2026-04-17T10:19:34.118+08:00 DEBUG 10768 --- [logitrack-backend] [0.0-8080-exec-3] org.hibernate.SQL                        : 
    select
        count(e1_0.id) 
    from
        enquiry e1_0
Hibernate: 
    select
        count(e1_0.id) 
    from
        enquiry e1_0
2026-04-17T10:19:34.126+08:00 DEBUG 10768 --- [logitrack-backend] [0.0-8080-exec-3] org.hibernate.SQL                        : 
    select
        ep1_0.id,
        ep1_0.enquiry_id,
        ep1_0.port_id 
    from
        enquiry_pol ep1_0 
    where
        ep1_0.enquiry_id=?
Hibernate: 
    select
        ep1_0.id,
        ep1_0.enquiry_id,
        ep1_0.port_id 
    from
        enquiry_pol ep1_0 
    where
        ep1_0.enquiry_id=?
2026-04-17T10:19:34.128+08:00 DEBUG 10768 --- [logitrack-backend] [0.0-8080-exec-3] org.hibernate.SQL                        : 
    select
        ep1_0.id,
        ep1_0.enquiry_id,
        ep1_0.port_id 
    from
        enquiry_pod ep1_0 
    where
        ep1_0.enquiry_id=?
Hibernate: 
    select
        ep1_0.id,
        ep1_0.enquiry_id,
        ep1_0.port_id 
    from
        enquiry_pod ep1_0 
    where
        ep1_0.enquiry_id=?
2026-04-17T10:19:34.131+08:00 DEBUG 10768 --- [logitrack-backend] [0.0-8080-exec-3] org.hibernate.SQL                        : 
    select
        erg1_0.id,
        erg1_0.enquiry_id,
        erg1_0.group_index,
        erg1_0.sub_mode 
    from
        enquiry_route_group erg1_0 
    where
        erg1_0.enquiry_id=? 
    order by
        erg1_0.group_index
Hibernate: 
    select
        erg1_0.id,
        erg1_0.enquiry_id,
        erg1_0.group_index,
        erg1_0.sub_mode 
    from
        enquiry_route_group erg1_0 
    where
        erg1_0.enquiry_id=? 
    order by
        erg1_0.group_index
2026-04-17T10:19:34.133+08:00 DEBUG 10768 --- [logitrack-backend] [0.0-8080-exec-3] org.hibernate.SQL                        : 
    select
        ep1_0.id,
        ep1_0.enquiry_id,
        ep1_0.port_id 
    from
        enquiry_pol ep1_0 
    where
        ep1_0.enquiry_id=?
Hibernate: 
    select
        ep1_0.id,
        ep1_0.enquiry_id,
        ep1_0.port_id 
    from
        enquiry_pol ep1_0 
    where
        ep1_0.enquiry_id=?
2026-04-17T10:19:34.138+08:00 DEBUG 10768 --- [logitrack-backend] [0.0-8080-exec-3] org.hibernate.SQL                        : 
    select
        ep1_0.id,
        ep1_0.enquiry_id,
        ep1_0.port_id 
    from
        enquiry_pod ep1_0 
    where
        ep1_0.enquiry_id=?
Hibernate: 
    select
        ep1_0.id,
        ep1_0.enquiry_id,
        ep1_0.port_id 
    from
        enquiry_pod ep1_0 
    where
        ep1_0.enquiry_id=?
2026-04-17T10:19:34.142+08:00 DEBUG 10768 --- [logitrack-backend] [0.0-8080-exec-3] org.hibernate.SQL                        : 
    select
        erg1_0.id,
        erg1_0.enquiry_id,
        erg1_0.group_index,
        erg1_0.sub_mode 
    from
        enquiry_route_group erg1_0 
    where
        erg1_0.enquiry_id=? 
    order by
        erg1_0.group_index
Hibernate: 
    select
        erg1_0.id,
        erg1_0.enquiry_id,
        erg1_0.group_index,
        erg1_0.sub_mode 
    from
        enquiry_route_group erg1_0 
    where
        erg1_0.enquiry_id=? 
    order by
        erg1_0.group_index
2026-04-17T10:19:34.144+08:00 DEBUG 10768 --- [logitrack-backend] [0.0-8080-exec-3] org.hibernate.SQL                        : 
    select
        ep1_0.id,
        ep1_0.enquiry_id,
        ep1_0.port_id 
    from
        enquiry_pol ep1_0 
    where
        ep1_0.enquiry_id=?
Hibernate: 
    select
        ep1_0.id,
        ep1_0.enquiry_id,
        ep1_0.port_id 
    from
        enquiry_pol ep1_0 
    where
        ep1_0.enquiry_id=?
2026-04-17T10:19:34.147+08:00 DEBUG 10768 --- [logitrack-backend] [0.0-8080-exec-3] org.hibernate.SQL                        : 
    select
        ep1_0.id,
        ep1_0.enquiry_id,
        ep1_0.port_id 
    from
        enquiry_pod ep1_0 
    where
        ep1_0.enquiry_id=?
Hibernate: 
    select
        ep1_0.id,
        ep1_0.enquiry_id,
        ep1_0.port_id 
    from
        enquiry_pod ep1_0 
    where
        ep1_0.enquiry_id=?
2026-04-17T10:19:34.149+08:00 DEBUG 10768 --- [logitrack-backend] [0.0-8080-exec-3] org.hibernate.SQL                        : 
    select
        erg1_0.id,
        erg1_0.enquiry_id,
        erg1_0.group_index,
        erg1_0.sub_mode 
    from
        enquiry_route_group erg1_0 
    where
        erg1_0.enquiry_id=? 
    order by
        erg1_0.group_index
Hibernate: 
    select
        erg1_0.id,
        erg1_0.enquiry_id,
        erg1_0.group_index,
        erg1_0.sub_mode 
    from
        enquiry_route_group erg1_0 
    where
        erg1_0.enquiry_id=? 
    order by
        erg1_0.group_index
2026-04-17T10:19:34.151+08:00 DEBUG 10768 --- [logitrack-backend] [0.0-8080-exec-3] org.hibernate.SQL                        : 
    select
        ep1_0.id,
        ep1_0.enquiry_id,
        ep1_0.port_id 
    from
        enquiry_pol ep1_0 
    where
        ep1_0.enquiry_id=?
Hibernate: 
    select
        ep1_0.id,
        ep1_0.enquiry_id,
        ep1_0.port_id 
    from
        enquiry_pol ep1_0 
    where
        ep1_0.enquiry_id=?
2026-04-17T10:19:34.153+08:00 DEBUG 10768 --- [logitrack-backend] [0.0-8080-exec-3] org.hibernate.SQL                        : 
    select
        ep1_0.id,
        ep1_0.enquiry_id,
        ep1_0.port_id 
    from
        enquiry_pod ep1_0 
    where
        ep1_0.enquiry_id=?
Hibernate: 
    select
        ep1_0.id,
        ep1_0.enquiry_id,
        ep1_0.port_id 
    from
        enquiry_pod ep1_0 
    where
        ep1_0.enquiry_id=?
2026-04-17T10:19:34.157+08:00 DEBUG 10768 --- [logitrack-backend] [0.0-8080-exec-3] org.hibernate.SQL                        : 
    select
        erg1_0.id,
        erg1_0.enquiry_id,
        erg1_0.group_index,
        erg1_0.sub_mode 
    from
        enquiry_route_group erg1_0 
    where
        erg1_0.enquiry_id=? 
    order by
        erg1_0.group_index
Hibernate: 
    select
        erg1_0.id,
        erg1_0.enquiry_id,
        erg1_0.group_index,
        erg1_0.sub_mode 
    from
        enquiry_route_group erg1_0 
    where
        erg1_0.enquiry_id=? 
    order by
        erg1_0.group_index
2026-04-17T10:19:34.159+08:00 DEBUG 10768 --- [logitrack-backend] [0.0-8080-exec-3] org.hibernate.SQL                        : 
    select
        ep1_0.id,
        ep1_0.enquiry_id,
        ep1_0.port_id 
    from
        enquiry_pol ep1_0 
    where
        ep1_0.enquiry_id=?
Hibernate: 
    select
        ep1_0.id,
        ep1_0.enquiry_id,
        ep1_0.port_id 
    from
        enquiry_pol ep1_0 
    where
        ep1_0.enquiry_id=?
2026-04-17T10:19:34.161+08:00 DEBUG 10768 --- [logitrack-backend] [0.0-8080-exec-3] org.hibernate.SQL                        : 
    select
        ep1_0.id,
        ep1_0.enquiry_id,
        ep1_0.port_id 
    from
        enquiry_pod ep1_0 
    where
        ep1_0.enquiry_id=?
Hibernate: 
    select
        ep1_0.id,
        ep1_0.enquiry_id,
        ep1_0.port_id 
    from
        enquiry_pod ep1_0 
    where
        ep1_0.enquiry_id=?
2026-04-17T10:19:34.164+08:00 DEBUG 10768 --- [logitrack-backend] [0.0-8080-exec-3] org.hibernate.SQL                        : 
    select
        erg1_0.id,
        erg1_0.enquiry_id,
        erg1_0.group_index,
        erg1_0.sub_mode 
    from
        enquiry_route_group erg1_0 
    where
        erg1_0.enquiry_id=? 
    order by
        erg1_0.group_index
Hibernate: 
    select
        erg1_0.id,
        erg1_0.enquiry_id,
        erg1_0.group_index,
        erg1_0.sub_mode 
    from
        enquiry_route_group erg1_0 
    where
        erg1_0.enquiry_id=? 
    order by
        erg1_0.group_index
2026-04-17T10:19:34.169+08:00 DEBUG 10768 --- [logitrack-backend] [0.0-8080-exec-3] org.hibernate.SQL                        : 
    select
        ep1_0.id,
        ep1_0.enquiry_id,
        ep1_0.port_id 
    from
        enquiry_pol ep1_0 
    where
        ep1_0.enquiry_id=?
Hibernate: 
    select
        ep1_0.id,
        ep1_0.enquiry_id,
        ep1_0.port_id 
    from
        enquiry_pol ep1_0 
    where
        ep1_0.enquiry_id=?
2026-04-17T10:19:34.172+08:00 DEBUG 10768 --- [logitrack-backend] [0.0-8080-exec-3] org.hibernate.SQL                        : 
    select
        ep1_0.id,
        ep1_0.enquiry_id,
        ep1_0.port_id 
    from
        enquiry_pod ep1_0 
    where
        ep1_0.enquiry_id=?
Hibernate: 
    select
        ep1_0.id,
        ep1_0.enquiry_id,
        ep1_0.port_id 
    from
        enquiry_pod ep1_0 
    where
        ep1_0.enquiry_id=?
2026-04-17T10:19:34.175+08:00 DEBUG 10768 --- [logitrack-backend] [0.0-8080-exec-3] org.hibernate.SQL                        : 
    select
        erg1_0.id,
        erg1_0.enquiry_id,
        erg1_0.group_index,
        erg1_0.sub_mode 
    from
        enquiry_route_group erg1_0 
    where
        erg1_0.enquiry_id=? 
    order by
        erg1_0.group_index
Hibernate: 
    select
        erg1_0.id,
        erg1_0.enquiry_id,
        erg1_0.group_index,
        erg1_0.sub_mode 
    from
        enquiry_route_group erg1_0 
    where
        erg1_0.enquiry_id=? 
    order by
        erg1_0.group_index
2026-04-17T10:19:34.177+08:00 DEBUG 10768 --- [logitrack-backend] [0.0-8080-exec-3] org.hibernate.SQL                        : 
    select
        ep1_0.id,
        ep1_0.enquiry_id,
        ep1_0.port_id 
    from
        enquiry_pol ep1_0 
    where
        ep1_0.enquiry_id=?
Hibernate: 
    select
        ep1_0.id,
        ep1_0.enquiry_id,
        ep1_0.port_id 
    from
        enquiry_pol ep1_0 
    where
        ep1_0.enquiry_id=?
2026-04-17T10:19:34.180+08:00 DEBUG 10768 --- [logitrack-backend] [0.0-8080-exec-3] org.hibernate.SQL                        : 
    select
        ep1_0.id,
        ep1_0.enquiry_id,
        ep1_0.port_id 
    from
        enquiry_pod ep1_0 
    where
        ep1_0.enquiry_id=?
Hibernate: 
    select
        ep1_0.id,
        ep1_0.enquiry_id,
        ep1_0.port_id 
    from
        enquiry_pod ep1_0 
    where
        ep1_0.enquiry_id=?
2026-04-17T10:19:34.183+08:00 DEBUG 10768 --- [logitrack-backend] [0.0-8080-exec-3] org.hibernate.SQL                        : 
    select
        erg1_0.id,
        erg1_0.enquiry_id,
        erg1_0.group_index,
        erg1_0.sub_mode 
    from
        enquiry_route_group erg1_0 
    where
        erg1_0.enquiry_id=? 
    order by
        erg1_0.group_index
Hibernate: 
    select
        erg1_0.id,
        erg1_0.enquiry_id,
        erg1_0.group_index,
        erg1_0.sub_mode 
    from
        enquiry_route_group erg1_0 
    where
        erg1_0.enquiry_id=? 
    order by
        erg1_0.group_index
2026-04-17T10:19:34.185+08:00 DEBUG 10768 --- [logitrack-backend] [0.0-8080-exec-3] org.hibernate.SQL                        : 
    select
        ep1_0.id,
        ep1_0.enquiry_id,
        ep1_0.port_id 
    from
        enquiry_pol ep1_0 
    where
        ep1_0.enquiry_id=?
Hibernate: 
    select
        ep1_0.id,
        ep1_0.enquiry_id,
        ep1_0.port_id 
    from
        enquiry_pol ep1_0 
    where
        ep1_0.enquiry_id=?
2026-04-17T10:19:34.188+08:00 DEBUG 10768 --- [logitrack-backend] [0.0-8080-exec-3] org.hibernate.SQL                        : 
    select
        ep1_0.id,
        ep1_0.enquiry_id,
        ep1_0.port_id 
    from
        enquiry_pod ep1_0 
    where
        ep1_0.enquiry_id=?
Hibernate: 
    select
        ep1_0.id,
        ep1_0.enquiry_id,
        ep1_0.port_id 
    from
        enquiry_pod ep1_0 
    where
        ep1_0.enquiry_id=?
2026-04-17T10:19:34.191+08:00 DEBUG 10768 --- [logitrack-backend] [0.0-8080-exec-3] org.hibernate.SQL                        : 
    select
        erg1_0.id,
        erg1_0.enquiry_id,
        erg1_0.group_index,
        erg1_0.sub_mode 
    from
        enquiry_route_group erg1_0 
    where
        erg1_0.enquiry_id=? 
    order by
        erg1_0.group_index
Hibernate: 
    select
        erg1_0.id,
        erg1_0.enquiry_id,
        erg1_0.group_index,
        erg1_0.sub_mode 
    from
        enquiry_route_group erg1_0 
    where
        erg1_0.enquiry_id=? 
    order by
        erg1_0.group_index
2026-04-17T10:19:34.194+08:00 DEBUG 10768 --- [logitrack-backend] [0.0-8080-exec-3] org.hibernate.SQL                        : 
    select
        ep1_0.id,
        ep1_0.enquiry_id,
        ep1_0.port_id 
    from
        enquiry_pol ep1_0 
    where
        ep1_0.enquiry_id=?
Hibernate: 
    select
        ep1_0.id,
        ep1_0.enquiry_id,
        ep1_0.port_id 
    from
        enquiry_pol ep1_0 
    where
        ep1_0.enquiry_id=?
2026-04-17T10:19:34.196+08:00 DEBUG 10768 --- [logitrack-backend] [0.0-8080-exec-3] org.hibernate.SQL                        : 
    select
        ep1_0.id,
        ep1_0.enquiry_id,
        ep1_0.port_id 
    from
        enquiry_pod ep1_0 
    where
        ep1_0.enquiry_id=?
Hibernate: 
    select
        ep1_0.id,
        ep1_0.enquiry_id,
        ep1_0.port_id 
    from
        enquiry_pod ep1_0 
    where
        ep1_0.enquiry_id=?
2026-04-17T10:19:34.199+08:00 DEBUG 10768 --- [logitrack-backend] [0.0-8080-exec-3] org.hibernate.SQL                        : 
    select
        erg1_0.id,
        erg1_0.enquiry_id,
        erg1_0.group_index,
        erg1_0.sub_mode 
    from
        enquiry_route_group erg1_0 
    where
        erg1_0.enquiry_id=? 
    order by
        erg1_0.group_index
Hibernate: 
    select
        erg1_0.id,
        erg1_0.enquiry_id,
        erg1_0.group_index,
        erg1_0.sub_mode 
    from
        enquiry_route_group erg1_0 
    where
        erg1_0.enquiry_id=? 
    order by
        erg1_0.group_index
2026-04-17T10:19:34.204+08:00 DEBUG 10768 --- [logitrack-backend] [0.0-8080-exec-3] org.hibernate.SQL                        : 
    select
        ep1_0.id,
        ep1_0.enquiry_id,
        ep1_0.port_id 
    from
        enquiry_pol ep1_0 
    where
        ep1_0.enquiry_id=?
Hibernate: 
    select
        ep1_0.id,
        ep1_0.enquiry_id,
        ep1_0.port_id 
    from
        enquiry_pol ep1_0 
    where
        ep1_0.enquiry_id=?
2026-04-17T10:19:34.207+08:00 DEBUG 10768 --- [logitrack-backend] [0.0-8080-exec-3] org.hibernate.SQL                        : 
    select
        ep1_0.id,
        ep1_0.enquiry_id,
        ep1_0.port_id 
    from
        enquiry_pod ep1_0 
    where
        ep1_0.enquiry_id=?
Hibernate: 
    select
        ep1_0.id,
        ep1_0.enquiry_id,
        ep1_0.port_id 
    from
        enquiry_pod ep1_0 
    where
        ep1_0.enquiry_id=?
2026-04-17T10:19:34.210+08:00 DEBUG 10768 --- [logitrack-backend] [0.0-8080-exec-3] org.hibernate.SQL                        : 
    select
        erg1_0.id,
        erg1_0.enquiry_id,
        erg1_0.group_index,
        erg1_0.sub_mode 
    from
        enquiry_route_group erg1_0 
    where
        erg1_0.enquiry_id=? 
    order by
        erg1_0.group_index
Hibernate: 
    select
        erg1_0.id,
        erg1_0.enquiry_id,
        erg1_0.group_index,
        erg1_0.sub_mode 
    from
        enquiry_route_group erg1_0 
    where
        erg1_0.enquiry_id=? 
    order by
        erg1_0.group_index
2026-04-17T10:19:34.213+08:00 DEBUG 10768 --- [logitrack-backend] [0.0-8080-exec-3] org.hibernate.SQL                        : 
    select
        o1_0.enquiry_id,
        o1_0.id,
        o1_0.container_currency,
        o1_0.created_at,
        o1_0.is_latest,
        o1_0.local_charge_currency,
        o1_0.offer_date,
        o1_0.offer_type,
        o1_0.remark,
        o1_0.sequence_no,
        o1_0.updated_at 
    from
        offer o1_0 
    where
        o1_0.enquiry_id=?
Hibernate: 
    select
        o1_0.enquiry_id,
        o1_0.id,
        o1_0.container_currency,
        o1_0.created_at,
        o1_0.is_latest,
        o1_0.local_charge_currency,
        o1_0.offer_date,
        o1_0.offer_type,
        o1_0.remark,
        o1_0.sequence_no,
        o1_0.updated_at 
    from
        offer o1_0 
    where
        o1_0.enquiry_id=?
2026-04-17T10:19:34.215+08:00 DEBUG 10768 --- [logitrack-backend] [0.0-8080-exec-3] org.hibernate.SQL                        : 
    select
        cr1_0.enquiry_id,
        cr1_0.id,
        cr1_0.cntr_type_code,
        cr1_0.cntr_type_id,
        cr1_0.container_code,
        cr1_0.container_qty,
        cr1_0.container_type_id,
        cr1_0.created_at,
        cr1_0.extra_container_weights,
        cr1_0.extra_containers,
        cr1_0.line_teu,
        cr1_0.qty_20,
        cr1_0.qty_40,
        cr1_0.qty_40hq,
        cr1_0.qty_45,
        cr1_0.raw_text,
        cr1_0.teu_per_unit,
        cr1_0.weight_20,
        cr1_0.weight_40,
        cr1_0.weight_40hq,
        cr1_0.weight_45 
    from
        enquiry_container_line cr1_0 
    where
        cr1_0.enquiry_id=?
Hibernate: 
    select
        cr1_0.enquiry_id,
        cr1_0.id,
        cr1_0.cntr_type_code,
        cr1_0.cntr_type_id,
        cr1_0.container_code,
        cr1_0.container_qty,
        cr1_0.container_type_id,
        cr1_0.created_at,
        cr1_0.extra_container_weights,
        cr1_0.extra_containers,
        cr1_0.line_teu,
        cr1_0.qty_20,
        cr1_0.qty_40,
        cr1_0.qty_40hq,
        cr1_0.qty_45,
        cr1_0.raw_text,
        cr1_0.teu_per_unit,
        cr1_0.weight_20,
        cr1_0.weight_40,
        cr1_0.weight_40hq,
        cr1_0.weight_45 
    from
        enquiry_container_line cr1_0 
    where
        cr1_0.enquiry_id=?
2026-04-17T10:19:34.217+08:00 DEBUG 10768 --- [logitrack-backend] [0.0-8080-exec-3] org.hibernate.SQL                        : 
    select
        o1_0.enquiry_id,
        o1_0.id,
        o1_0.container_currency,
        o1_0.created_at,
        o1_0.is_latest,
        o1_0.local_charge_currency,
        o1_0.offer_date,
        o1_0.offer_type,
        o1_0.remark,
        o1_0.sequence_no,
        o1_0.updated_at 
    from
        offer o1_0 
    where
        o1_0.enquiry_id=?
Hibernate: 
    select
        o1_0.enquiry_id,
        o1_0.id,
        o1_0.container_currency,
        o1_0.created_at,
        o1_0.is_latest,
        o1_0.local_charge_currency,
        o1_0.offer_date,
        o1_0.offer_type,
        o1_0.remark,
        o1_0.sequence_no,
        o1_0.updated_at 
    from
        offer o1_0 
    where
        o1_0.enquiry_id=?
2026-04-17T10:19:34.219+08:00 DEBUG 10768 --- [logitrack-backend] [0.0-8080-exec-3] org.hibernate.SQL                        : 
    select
        cr1_0.enquiry_id,
        cr1_0.id,
        cr1_0.cntr_type_code,
        cr1_0.cntr_type_id,
        cr1_0.container_code,
        cr1_0.container_qty,
        cr1_0.container_type_id,
        cr1_0.created_at,
        cr1_0.extra_container_weights,
        cr1_0.extra_containers,
        cr1_0.line_teu,
        cr1_0.qty_20,
        cr1_0.qty_40,
        cr1_0.qty_40hq,
        cr1_0.qty_45,
        cr1_0.raw_text,
        cr1_0.teu_per_unit,
        cr1_0.weight_20,
        cr1_0.weight_40,
        cr1_0.weight_40hq,
        cr1_0.weight_45 
    from
        enquiry_container_line cr1_0 
    where
        cr1_0.enquiry_id=?
Hibernate: 
    select
        cr1_0.enquiry_id,
        cr1_0.id,
        cr1_0.cntr_type_code,
        cr1_0.cntr_type_id,
        cr1_0.container_code,
        cr1_0.container_qty,
        cr1_0.container_type_id,
        cr1_0.created_at,
        cr1_0.extra_container_weights,
        cr1_0.extra_containers,
        cr1_0.line_teu,
        cr1_0.qty_20,
        cr1_0.qty_40,
        cr1_0.qty_40hq,
        cr1_0.qty_45,
        cr1_0.raw_text,
        cr1_0.teu_per_unit,
        cr1_0.weight_20,
        cr1_0.weight_40,
        cr1_0.weight_40hq,
        cr1_0.weight_45 
    from
        enquiry_container_line cr1_0 
    where
        cr1_0.enquiry_id=?
2026-04-17T10:19:34.222+08:00 DEBUG 10768 --- [logitrack-backend] [0.0-8080-exec-3] org.hibernate.SQL                        : 
    select
        o1_0.enquiry_id,
        o1_0.id,
        o1_0.container_currency,
        o1_0.created_at,
        o1_0.is_latest,
        o1_0.local_charge_currency,
        o1_0.offer_date,
        o1_0.offer_type,
        o1_0.remark,
        o1_0.sequence_no,
        o1_0.updated_at 
    from
        offer o1_0 
    where
        o1_0.enquiry_id=?
Hibernate: 
    select
        o1_0.enquiry_id,
        o1_0.id,
        o1_0.container_currency,
        o1_0.created_at,
        o1_0.is_latest,
        o1_0.local_charge_currency,
        o1_0.offer_date,
        o1_0.offer_type,
        o1_0.remark,
        o1_0.sequence_no,
        o1_0.updated_at 
    from
        offer o1_0 
    where
        o1_0.enquiry_id=?
2026-04-17T10:19:34.224+08:00 DEBUG 10768 --- [logitrack-backend] [0.0-8080-exec-3] org.hibernate.SQL                        : 
    select
        cr1_0.enquiry_id,
        cr1_0.id,
        cr1_0.cntr_type_code,
        cr1_0.cntr_type_id,
        cr1_0.container_code,
        cr1_0.container_qty,
        cr1_0.container_type_id,
        cr1_0.created_at,
        cr1_0.extra_container_weights,
        cr1_0.extra_containers,
        cr1_0.line_teu,
        cr1_0.qty_20,
        cr1_0.qty_40,
        cr1_0.qty_40hq,
        cr1_0.qty_45,
        cr1_0.raw_text,
        cr1_0.teu_per_unit,
        cr1_0.weight_20,
        cr1_0.weight_40,
        cr1_0.weight_40hq,
        cr1_0.weight_45 
    from
        enquiry_container_line cr1_0 
    where
        cr1_0.enquiry_id=?
Hibernate: 
    select
        cr1_0.enquiry_id,
        cr1_0.id,
        cr1_0.cntr_type_code,
        cr1_0.cntr_type_id,
        cr1_0.container_code,
        cr1_0.container_qty,
        cr1_0.container_type_id,
        cr1_0.created_at,
        cr1_0.extra_container_weights,
        cr1_0.extra_containers,
        cr1_0.line_teu,
        cr1_0.qty_20,
        cr1_0.qty_40,
        cr1_0.qty_40hq,
        cr1_0.qty_45,
        cr1_0.raw_text,
        cr1_0.teu_per_unit,
        cr1_0.weight_20,
        cr1_0.weight_40,
        cr1_0.weight_40hq,
        cr1_0.weight_45 
    from
        enquiry_container_line cr1_0 
    where
        cr1_0.enquiry_id=?
2026-04-17T10:19:34.227+08:00 DEBUG 10768 --- [logitrack-backend] [0.0-8080-exec-3] org.hibernate.SQL                        : 
    select
        o1_0.enquiry_id,
        o1_0.id,
        o1_0.container_currency,
        o1_0.created_at,
        o1_0.is_latest,
        o1_0.local_charge_currency,
        o1_0.offer_date,
        o1_0.offer_type,
        o1_0.remark,
        o1_0.sequence_no,
        o1_0.updated_at 
    from
        offer o1_0 
    where
        o1_0.enquiry_id=?
Hibernate: 
    select
        o1_0.enquiry_id,
        o1_0.id,
        o1_0.container_currency,
        o1_0.created_at,
        o1_0.is_latest,
        o1_0.local_charge_currency,
        o1_0.offer_date,
        o1_0.offer_type,
        o1_0.remark,
        o1_0.sequence_no,
        o1_0.updated_at 
    from
        offer o1_0 
    where
        o1_0.enquiry_id=?
2026-04-17T10:19:34.229+08:00 DEBUG 10768 --- [logitrack-backend] [0.0-8080-exec-3] org.hibernate.SQL                        : 
    select
        cr1_0.enquiry_id,
        cr1_0.id,
        cr1_0.cntr_type_code,
        cr1_0.cntr_type_id,
        cr1_0.container_code,
        cr1_0.container_qty,
        cr1_0.container_type_id,
        cr1_0.created_at,
        cr1_0.extra_container_weights,
        cr1_0.extra_containers,
        cr1_0.line_teu,
        cr1_0.qty_20,
        cr1_0.qty_40,
        cr1_0.qty_40hq,
        cr1_0.qty_45,
        cr1_0.raw_text,
        cr1_0.teu_per_unit,
        cr1_0.weight_20,
        cr1_0.weight_40,
        cr1_0.weight_40hq,
        cr1_0.weight_45 
    from
        enquiry_container_line cr1_0 
    where
        cr1_0.enquiry_id=?
Hibernate: 
    select
        cr1_0.enquiry_id,
        cr1_0.id,
        cr1_0.cntr_type_code,
        cr1_0.cntr_type_id,
        cr1_0.container_code,
        cr1_0.container_qty,
        cr1_0.container_type_id,
        cr1_0.created_at,
        cr1_0.extra_container_weights,
        cr1_0.extra_containers,
        cr1_0.line_teu,
        cr1_0.qty_20,
        cr1_0.qty_40,
        cr1_0.qty_40hq,
        cr1_0.qty_45,
        cr1_0.raw_text,
        cr1_0.teu_per_unit,
        cr1_0.weight_20,
        cr1_0.weight_40,
        cr1_0.weight_40hq,
        cr1_0.weight_45 
    from
        enquiry_container_line cr1_0 
    where
        cr1_0.enquiry_id=?
2026-04-17T10:19:34.231+08:00 DEBUG 10768 --- [logitrack-backend] [0.0-8080-exec-3] org.hibernate.SQL                        : 
    select
        o1_0.enquiry_id,
        o1_0.id,
        o1_0.container_currency,
        o1_0.created_at,
        o1_0.is_latest,
        o1_0.local_charge_currency,
        o1_0.offer_date,
        o1_0.offer_type,
        o1_0.remark,
        o1_0.sequence_no,
        o1_0.updated_at 
    from
        offer o1_0 
    where
        o1_0.enquiry_id=?
Hibernate: 
    select
        o1_0.enquiry_id,
        o1_0.id,
        o1_0.container_currency,
        o1_0.created_at,
        o1_0.is_latest,
        o1_0.local_charge_currency,
        o1_0.offer_date,
        o1_0.offer_type,
        o1_0.remark,
        o1_0.sequence_no,
        o1_0.updated_at 
    from
        offer o1_0 
    where
        o1_0.enquiry_id=?
2026-04-17T10:19:34.232+08:00 DEBUG 10768 --- [logitrack-backend] [0.0-8080-exec-3] org.hibernate.SQL                        : 
    select
        cr1_0.enquiry_id,
        cr1_0.id,
        cr1_0.cntr_type_code,
        cr1_0.cntr_type_id,
        cr1_0.container_code,
        cr1_0.container_qty,
        cr1_0.container_type_id,
        cr1_0.created_at,
        cr1_0.extra_container_weights,
        cr1_0.extra_containers,
        cr1_0.line_teu,
        cr1_0.qty_20,
        cr1_0.qty_40,
        cr1_0.qty_40hq,
        cr1_0.qty_45,
        cr1_0.raw_text,
        cr1_0.teu_per_unit,
        cr1_0.weight_20,
        cr1_0.weight_40,
        cr1_0.weight_40hq,
        cr1_0.weight_45 
    from
        enquiry_container_line cr1_0 
    where
        cr1_0.enquiry_id=?
Hibernate: 
    select
        cr1_0.enquiry_id,
        cr1_0.id,
        cr1_0.cntr_type_code,
        cr1_0.cntr_type_id,
        cr1_0.container_code,
        cr1_0.container_qty,
        cr1_0.container_type_id,
        cr1_0.created_at,
        cr1_0.extra_container_weights,
        cr1_0.extra_containers,
        cr1_0.line_teu,
        cr1_0.qty_20,
        cr1_0.qty_40,
        cr1_0.qty_40hq,
        cr1_0.qty_45,
        cr1_0.raw_text,
        cr1_0.teu_per_unit,
        cr1_0.weight_20,
        cr1_0.weight_40,
        cr1_0.weight_40hq,
        cr1_0.weight_45 
    from
        enquiry_container_line cr1_0 
    where
        cr1_0.enquiry_id=?
2026-04-17T10:19:34.237+08:00 DEBUG 10768 --- [logitrack-backend] [0.0-8080-exec-3] org.hibernate.SQL                        : 
    select
        o1_0.enquiry_id,
        o1_0.id,
        o1_0.container_currency,
        o1_0.created_at,
        o1_0.is_latest,
        o1_0.local_charge_currency,
        o1_0.offer_date,
        o1_0.offer_type,
        o1_0.remark,
        o1_0.sequence_no,
        o1_0.updated_at 
    from
        offer o1_0 
    where
        o1_0.enquiry_id=?
Hibernate: 
    select
        o1_0.enquiry_id,
        o1_0.id,
        o1_0.container_currency,
        o1_0.created_at,
        o1_0.is_latest,
        o1_0.local_charge_currency,
        o1_0.offer_date,
        o1_0.offer_type,
        o1_0.remark,
        o1_0.sequence_no,
        o1_0.updated_at 
    from
        offer o1_0 
    where
        o1_0.enquiry_id=?
2026-04-17T10:19:34.240+08:00 DEBUG 10768 --- [logitrack-backend] [0.0-8080-exec-3] org.hibernate.SQL                        : 
    select
        cr1_0.enquiry_id,
        cr1_0.id,
        cr1_0.cntr_type_code,
        cr1_0.cntr_type_id,
        cr1_0.container_code,
        cr1_0.container_qty,
        cr1_0.container_type_id,
        cr1_0.created_at,
        cr1_0.extra_container_weights,
        cr1_0.extra_containers,
        cr1_0.line_teu,
        cr1_0.qty_20,
        cr1_0.qty_40,
        cr1_0.qty_40hq,
        cr1_0.qty_45,
        cr1_0.raw_text,
        cr1_0.teu_per_unit,
        cr1_0.weight_20,
        cr1_0.weight_40,
        cr1_0.weight_40hq,
        cr1_0.weight_45 
    from
        enquiry_container_line cr1_0 
    where
        cr1_0.enquiry_id=?
Hibernate: 
    select
        cr1_0.enquiry_id,
        cr1_0.id,
        cr1_0.cntr_type_code,
        cr1_0.cntr_type_id,
        cr1_0.container_code,
        cr1_0.container_qty,
        cr1_0.container_type_id,
        cr1_0.created_at,
        cr1_0.extra_container_weights,
        cr1_0.extra_containers,
        cr1_0.line_teu,
        cr1_0.qty_20,
        cr1_0.qty_40,
        cr1_0.qty_40hq,
        cr1_0.qty_45,
        cr1_0.raw_text,
        cr1_0.teu_per_unit,
        cr1_0.weight_20,
        cr1_0.weight_40,
        cr1_0.weight_40hq,
        cr1_0.weight_45 
    from
        enquiry_container_line cr1_0 
    where
        cr1_0.enquiry_id=?
2026-04-17T10:19:34.242+08:00 DEBUG 10768 --- [logitrack-backend] [0.0-8080-exec-3] org.hibernate.SQL                        : 
    select
        o1_0.enquiry_id,
        o1_0.id,
        o1_0.container_currency,
        o1_0.created_at,
        o1_0.is_latest,
        o1_0.local_charge_currency,
        o1_0.offer_date,
        o1_0.offer_type,
        o1_0.remark,
        o1_0.sequence_no,
        o1_0.updated_at 
    from
        offer o1_0 
    where
        o1_0.enquiry_id=?
Hibernate: 
    select
        o1_0.enquiry_id,
        o1_0.id,
        o1_0.container_currency,
        o1_0.created_at,
        o1_0.is_latest,
        o1_0.local_charge_currency,
        o1_0.offer_date,
        o1_0.offer_type,
        o1_0.remark,
        o1_0.sequence_no,
        o1_0.updated_at 
    from
        offer o1_0 
    where
        o1_0.enquiry_id=?
2026-04-17T10:19:34.244+08:00 DEBUG 10768 --- [logitrack-backend] [0.0-8080-exec-3] org.hibernate.SQL                        : 
    select
        cr1_0.enquiry_id,
        cr1_0.id,
        cr1_0.cntr_type_code,
        cr1_0.cntr_type_id,
        cr1_0.container_code,
        cr1_0.container_qty,
        cr1_0.container_type_id,
        cr1_0.created_at,
        cr1_0.extra_container_weights,
        cr1_0.extra_containers,
        cr1_0.line_teu,
        cr1_0.qty_20,
        cr1_0.qty_40,
        cr1_0.qty_40hq,
        cr1_0.qty_45,
        cr1_0.raw_text,
        cr1_0.teu_per_unit,
        cr1_0.weight_20,
        cr1_0.weight_40,
        cr1_0.weight_40hq,
        cr1_0.weight_45 
    from
        enquiry_container_line cr1_0 
    where
        cr1_0.enquiry_id=?
Hibernate: 
    select
        cr1_0.enquiry_id,
        cr1_0.id,
        cr1_0.cntr_type_code,
        cr1_0.cntr_type_id,
        cr1_0.container_code,
        cr1_0.container_qty,
        cr1_0.container_type_id,
        cr1_0.created_at,
        cr1_0.extra_container_weights,
        cr1_0.extra_containers,
        cr1_0.line_teu,
        cr1_0.qty_20,
        cr1_0.qty_40,
        cr1_0.qty_40hq,
        cr1_0.qty_45,
        cr1_0.raw_text,
        cr1_0.teu_per_unit,
        cr1_0.weight_20,
        cr1_0.weight_40,
        cr1_0.weight_40hq,
        cr1_0.weight_45 
    from
        enquiry_container_line cr1_0 
    where
        cr1_0.enquiry_id=?
2026-04-17T10:19:34.246+08:00 DEBUG 10768 --- [logitrack-backend] [0.0-8080-exec-3] org.hibernate.SQL                        : 
    select
        o1_0.enquiry_id,
        o1_0.id,
        o1_0.container_currency,
        o1_0.created_at,
        o1_0.is_latest,
        o1_0.local_charge_currency,
        o1_0.offer_date,
        o1_0.offer_type,
        o1_0.remark,
        o1_0.sequence_no,
        o1_0.updated_at 
    from
        offer o1_0 
    where
        o1_0.enquiry_id=?
Hibernate: 
    select
        o1_0.enquiry_id,
        o1_0.id,
        o1_0.container_currency,
        o1_0.created_at,
        o1_0.is_latest,
        o1_0.local_charge_currency,
        o1_0.offer_date,
        o1_0.offer_type,
        o1_0.remark,
        o1_0.sequence_no,
        o1_0.updated_at 
    from
        offer o1_0 
    where
        o1_0.enquiry_id=?
2026-04-17T10:19:34.248+08:00 DEBUG 10768 --- [logitrack-backend] [0.0-8080-exec-3] org.hibernate.SQL                        : 
    select
        cr1_0.enquiry_id,
        cr1_0.id,
        cr1_0.cntr_type_code,
        cr1_0.cntr_type_id,
        cr1_0.container_code,
        cr1_0.container_qty,
        cr1_0.container_type_id,
        cr1_0.created_at,
        cr1_0.extra_container_weights,
        cr1_0.extra_containers,
        cr1_0.line_teu,
        cr1_0.qty_20,
        cr1_0.qty_40,
        cr1_0.qty_40hq,
        cr1_0.qty_45,
        cr1_0.raw_text,
        cr1_0.teu_per_unit,
        cr1_0.weight_20,
        cr1_0.weight_40,
        cr1_0.weight_40hq,
        cr1_0.weight_45 
    from
        enquiry_container_line cr1_0 
    where
        cr1_0.enquiry_id=?
Hibernate: 
    select
        cr1_0.enquiry_id,
        cr1_0.id,
        cr1_0.cntr_type_code,
        cr1_0.cntr_type_id,
        cr1_0.container_code,
        cr1_0.container_qty,
        cr1_0.container_type_id,
        cr1_0.created_at,
        cr1_0.extra_container_weights,
        cr1_0.extra_containers,
        cr1_0.line_teu,
        cr1_0.qty_20,
        cr1_0.qty_40,
        cr1_0.qty_40hq,
        cr1_0.qty_45,
        cr1_0.raw_text,
        cr1_0.teu_per_unit,
        cr1_0.weight_20,
        cr1_0.weight_40,
        cr1_0.weight_40hq,
        cr1_0.weight_45 
    from
        enquiry_container_line cr1_0 
    where
        cr1_0.enquiry_id=?
2026-04-17T10:19:34.250+08:00 DEBUG 10768 --- [logitrack-backend] [0.0-8080-exec-3] org.hibernate.SQL                        : 
    select
        o1_0.enquiry_id,
        o1_0.id,
        o1_0.container_currency,
        o1_0.created_at,
        o1_0.is_latest,
        o1_0.local_charge_currency,
        o1_0.offer_date,
        o1_0.offer_type,
        o1_0.remark,
        o1_0.sequence_no,
        o1_0.updated_at 
    from
        offer o1_0 
    where
        o1_0.enquiry_id=?
Hibernate: 
    select
        o1_0.enquiry_id,
        o1_0.id,
        o1_0.container_currency,
        o1_0.created_at,
        o1_0.is_latest,
        o1_0.local_charge_currency,
        o1_0.offer_date,
        o1_0.offer_type,
        o1_0.remark,
        o1_0.sequence_no,
        o1_0.updated_at 
    from
        offer o1_0 
    where
        o1_0.enquiry_id=?
2026-04-17T10:19:34.252+08:00 DEBUG 10768 --- [logitrack-backend] [0.0-8080-exec-3] org.hibernate.SQL                        : 
    select
        cr1_0.enquiry_id,
        cr1_0.id,
        cr1_0.cntr_type_code,
        cr1_0.cntr_type_id,
        cr1_0.container_code,
        cr1_0.container_qty,
        cr1_0.container_type_id,
        cr1_0.created_at,
        cr1_0.extra_container_weights,
        cr1_0.extra_containers,
        cr1_0.line_teu,
        cr1_0.qty_20,
        cr1_0.qty_40,
        cr1_0.qty_40hq,
        cr1_0.qty_45,
        cr1_0.raw_text,
        cr1_0.teu_per_unit,
        cr1_0.weight_20,
        cr1_0.weight_40,
        cr1_0.weight_40hq,
        cr1_0.weight_45 
    from
        enquiry_container_line cr1_0 
    where
        cr1_0.enquiry_id=?
Hibernate: 
    select
        cr1_0.enquiry_id,
        cr1_0.id,
        cr1_0.cntr_type_code,
        cr1_0.cntr_type_id,
        cr1_0.container_code,
        cr1_0.container_qty,
        cr1_0.container_type_id,
        cr1_0.created_at,
        cr1_0.extra_container_weights,
        cr1_0.extra_containers,
        cr1_0.line_teu,
        cr1_0.qty_20,
        cr1_0.qty_40,
        cr1_0.qty_40hq,
        cr1_0.qty_45,
        cr1_0.raw_text,
        cr1_0.teu_per_unit,
        cr1_0.weight_20,
        cr1_0.weight_40,
        cr1_0.weight_40hq,
        cr1_0.weight_45 
    from
        enquiry_container_line cr1_0 
    where
        cr1_0.enquiry_id=?
2026-04-17T10:19:34.254+08:00 DEBUG 10768 --- [logitrack-backend] [0.0-8080-exec-3] org.hibernate.SQL                        : 
    select
        o1_0.enquiry_id,
        o1_0.id,
        o1_0.container_currency,
        o1_0.created_at,
        o1_0.is_latest,
        o1_0.local_charge_currency,
        o1_0.offer_date,
        o1_0.offer_type,
        o1_0.remark,
        o1_0.sequence_no,
        o1_0.updated_at 
    from
        offer o1_0 
    where
        o1_0.enquiry_id=?
Hibernate: 
    select
        o1_0.enquiry_id,
        o1_0.id,
        o1_0.container_currency,
        o1_0.created_at,
        o1_0.is_latest,
        o1_0.local_charge_currency,
        o1_0.offer_date,
        o1_0.offer_type,
        o1_0.remark,
        o1_0.sequence_no,
        o1_0.updated_at 
    from
        offer o1_0 
    where
        o1_0.enquiry_id=?
2026-04-17T10:19:34.257+08:00 DEBUG 10768 --- [logitrack-backend] [0.0-8080-exec-3] org.hibernate.SQL                        : 
    select
        cr1_0.enquiry_id,
        cr1_0.id,
        cr1_0.cntr_type_code,
        cr1_0.cntr_type_id,
        cr1_0.container_code,
        cr1_0.container_qty,
        cr1_0.container_type_id,
        cr1_0.created_at,
        cr1_0.extra_container_weights,
        cr1_0.extra_containers,
        cr1_0.line_teu,
        cr1_0.qty_20,
        cr1_0.qty_40,
        cr1_0.qty_40hq,
        cr1_0.qty_45,
        cr1_0.raw_text,
        cr1_0.teu_per_unit,
        cr1_0.weight_20,
        cr1_0.weight_40,
        cr1_0.weight_40hq,
        cr1_0.weight_45 
    from
        enquiry_container_line cr1_0 
    where
        cr1_0.enquiry_id=?
Hibernate: 
    select
        cr1_0.enquiry_id,
        cr1_0.id,
        cr1_0.cntr_type_code,
        cr1_0.cntr_type_id,
        cr1_0.container_code,
        cr1_0.container_qty,
        cr1_0.container_type_id,
        cr1_0.created_at,
        cr1_0.extra_container_weights,
        cr1_0.extra_containers,
        cr1_0.line_teu,
        cr1_0.qty_20,
        cr1_0.qty_40,
        cr1_0.qty_40hq,
        cr1_0.qty_45,
        cr1_0.raw_text,
        cr1_0.teu_per_unit,
        cr1_0.weight_20,
        cr1_0.weight_40,
        cr1_0.weight_40hq,
        cr1_0.weight_45 
    from
        enquiry_container_line cr1_0 
    where
        cr1_0.enquiry_id=?
2026-04-20T15:27:48.120+08:00 DEBUG 10768 --- [logitrack-backend] [0.0-8080-exec-9] org.hibernate.SQL                        : 
    select
        u1_0.id,
        u1_0.created_at,
        u1_0.created_by,
        u1_0.email,
        u1_0.full_name,
        u1_0.is_active,
        u1_0.last_login_at,
        u1_0.password,
        u1_0.phone,
        u1_0.updated_at,
        u1_0.updated_by,
        u1_0.username 
    from
        user u1_0 
    where
        u1_0.username=?
Hibernate: 
    select
        u1_0.id,
        u1_0.created_at,
        u1_0.created_by,
        u1_0.email,
        u1_0.full_name,
        u1_0.is_active,
        u1_0.last_login_at,
        u1_0.password,
        u1_0.phone,
        u1_0.updated_at,
        u1_0.updated_by,
        u1_0.username 
    from
        user u1_0 
    where
        u1_0.username=?
2026-04-20T15:27:48.133+08:00 DEBUG 10768 --- [logitrack-backend] [0.0-8080-exec-9] org.hibernate.SQL                        : 
    select
        r1_0.user_id,
        r1_1.id,
        r1_1.created_at,
        r1_1.description,
        r1_1.is_active,
        r1_1.permissions,
        r1_1.role_code,
        r1_1.role_name,
        r1_1.updated_at 
    from
        user_role r1_0 
    join
        role r1_1 
            on r1_1.id=r1_0.role_id 
    where
        r1_0.user_id=?
Hibernate: 
    select
        r1_0.user_id,
        r1_1.id,
        r1_1.created_at,
        r1_1.description,
        r1_1.is_active,
        r1_1.permissions,
        r1_1.role_code,
        r1_1.role_name,
        r1_1.updated_at 
    from
        user_role r1_0 
    join
        role r1_1 
            on r1_1.id=r1_0.role_id 
    where
        r1_0.user_id=?
2026-04-20T15:27:48.364+08:00 DEBUG 10768 --- [logitrack-backend] [0.0-8080-exec-9] org.hibernate.SQL                        : 
    update
        user 
    set
        created_by=?,
        email=?,
        full_name=?,
        is_active=?,
        last_login_at=?,
        password=?,
        phone=?,
        updated_at=?,
        updated_by=?,
        username=? 
    where
        id=?
Hibernate: 
    update
        user 
    set
        created_by=?,
        email=?,
        full_name=?,
        is_active=?,
        last_login_at=?,
        password=?,
        phone=?,
        updated_at=?,
        updated_by=?,
        username=? 
    where
        id=?
2026-04-20T15:27:49.167+08:00  INFO 10768 --- [logitrack-backend] [.0-8080-exec-10] c.l.b.controller.EnquiryController       : GET /api/enquiries - page=0, size=10, keyword=null, status=null, product=null, cargo=null
2026-04-20T15:27:49.187+08:00 DEBUG 10768 --- [logitrack-backend] [.0-8080-exec-10] org.hibernate.SQL                        : 
    select
        e1_0.id,
        e1_0.assigned_cn_office,
        e1_0.cancelled_reason,
        e1_0.cancelled_reason_text,
        e1_0.cargo_ready_date,
        e1_0.cargo_ready_date_details,
        e1_0.cargo_type_code,
        e1_0.category,
        e1_0.commodity,
        e1_0.core_non_core,
        e1_0.created_at,
        e1_0.created_by,
        e1_0.enquiry_created_date,
        e1_0.enquiry_received_date,
        e1_0.exw_location,
        e1_0.has_specific_cargo_ready_date,
        e1_0.hazardous_special_equipment,
        e1_0.is_oversize_cargo,
        e1_0.lost_reason,
        e1_0.lost_reason_text,
        e1_0.monthly_sequence,
        e1_0.offer_type,
        e1_0.pod_country,
        e1_0.pol_country,
        e1_0.product_abbr,
        e1_0.product_code,
        e1_0.quantity,
        e1_0.ref_number,
        e1_0.reference_month,
        e1_0.remark,
        e1_0.sales_country_code,
        e1_0.sales_office_id,
        e1_0.sales_pic_id,
        e1_0.serial_number,
        e1_0.status,
        e1_0.uom,
        e1_0.updated_at,
        e1_0.updated_by,
        e1_0.volume_cbm 
    from
        enquiry e1_0 
    order by
        e1_0.updated_at desc 
    limit
        ?, ?
Hibernate: 
    select
        e1_0.id,
        e1_0.assigned_cn_office,
        e1_0.cancelled_reason,
        e1_0.cancelled_reason_text,
        e1_0.cargo_ready_date,
        e1_0.cargo_ready_date_details,
        e1_0.cargo_type_code,
        e1_0.category,
        e1_0.commodity,
        e1_0.core_non_core,
        e1_0.created_at,
        e1_0.created_by,
        e1_0.enquiry_created_date,
        e1_0.enquiry_received_date,
        e1_0.exw_location,
        e1_0.has_specific_cargo_ready_date,
        e1_0.hazardous_special_equipment,
        e1_0.is_oversize_cargo,
        e1_0.lost_reason,
        e1_0.lost_reason_text,
        e1_0.monthly_sequence,
        e1_0.offer_type,
        e1_0.pod_country,
        e1_0.pol_country,
        e1_0.product_abbr,
        e1_0.product_code,
        e1_0.quantity,
        e1_0.ref_number,
        e1_0.reference_month,
        e1_0.remark,
        e1_0.sales_country_code,
        e1_0.sales_office_id,
        e1_0.sales_pic_id,
        e1_0.serial_number,
        e1_0.status,
        e1_0.uom,
        e1_0.updated_at,
        e1_0.updated_by,
        e1_0.volume_cbm 
    from
        enquiry e1_0 
    order by
        e1_0.updated_at desc 
    limit
        ?, ?
2026-04-20T15:27:49.264+08:00 DEBUG 10768 --- [logitrack-backend] [.0-8080-exec-10] org.hibernate.SQL                        : 
    select
        count(e1_0.id) 
    from
        enquiry e1_0
Hibernate: 
    select
        count(e1_0.id) 
    from
        enquiry e1_0
2026-04-20T15:27:49.271+08:00 DEBUG 10768 --- [logitrack-backend] [.0-8080-exec-10] org.hibernate.SQL                        : 
    select
        ep1_0.id,
        ep1_0.enquiry_id,
        ep1_0.port_id 
    from
        enquiry_pol ep1_0 
    where
        ep1_0.enquiry_id=?
Hibernate: 
    select
        ep1_0.id,
        ep1_0.enquiry_id,
        ep1_0.port_id 
    from
        enquiry_pol ep1_0 
    where
        ep1_0.enquiry_id=?
2026-04-20T15:27:49.275+08:00 DEBUG 10768 --- [logitrack-backend] [.0-8080-exec-10] org.hibernate.SQL                        : 
    select
        ep1_0.id,
        ep1_0.enquiry_id,
        ep1_0.port_id 
    from
        enquiry_pod ep1_0 
    where
        ep1_0.enquiry_id=?
Hibernate: 
    select
        ep1_0.id,
        ep1_0.enquiry_id,
        ep1_0.port_id 
    from
        enquiry_pod ep1_0 
    where
        ep1_0.enquiry_id=?
2026-04-20T15:27:49.278+08:00 DEBUG 10768 --- [logitrack-backend] [.0-8080-exec-10] org.hibernate.SQL                        : 
    select
        erg1_0.id,
        erg1_0.enquiry_id,
        erg1_0.group_index,
        erg1_0.sub_mode 
    from
        enquiry_route_group erg1_0 
    where
        erg1_0.enquiry_id=? 
    order by
        erg1_0.group_index
Hibernate: 
    select
        erg1_0.id,
        erg1_0.enquiry_id,
        erg1_0.group_index,
        erg1_0.sub_mode 
    from
        enquiry_route_group erg1_0 
    where
        erg1_0.enquiry_id=? 
    order by
        erg1_0.group_index
2026-04-20T15:27:49.281+08:00 DEBUG 10768 --- [logitrack-backend] [.0-8080-exec-10] org.hibernate.SQL                        : 
    select
        ep1_0.id,
        ep1_0.enquiry_id,
        ep1_0.port_id 
    from
        enquiry_pol ep1_0 
    where
        ep1_0.enquiry_id=?
Hibernate: 
    select
        ep1_0.id,
        ep1_0.enquiry_id,
        ep1_0.port_id 
    from
        enquiry_pol ep1_0 
    where
        ep1_0.enquiry_id=?
2026-04-20T15:27:49.283+08:00 DEBUG 10768 --- [logitrack-backend] [.0-8080-exec-10] org.hibernate.SQL                        : 
    select
        ep1_0.id,
        ep1_0.enquiry_id,
        ep1_0.port_id 
    from
        enquiry_pod ep1_0 
    where
        ep1_0.enquiry_id=?
Hibernate: 
    select
        ep1_0.id,
        ep1_0.enquiry_id,
        ep1_0.port_id 
    from
        enquiry_pod ep1_0 
    where
        ep1_0.enquiry_id=?
2026-04-20T15:27:49.285+08:00 DEBUG 10768 --- [logitrack-backend] [.0-8080-exec-10] org.hibernate.SQL                        : 
    select
        erg1_0.id,
        erg1_0.enquiry_id,
        erg1_0.group_index,
        erg1_0.sub_mode 
    from
        enquiry_route_group erg1_0 
    where
        erg1_0.enquiry_id=? 
    order by
        erg1_0.group_index
Hibernate: 
    select
        erg1_0.id,
        erg1_0.enquiry_id,
        erg1_0.group_index,
        erg1_0.sub_mode 
    from
        enquiry_route_group erg1_0 
    where
        erg1_0.enquiry_id=? 
    order by
        erg1_0.group_index
2026-04-20T15:27:49.288+08:00 DEBUG 10768 --- [logitrack-backend] [.0-8080-exec-10] org.hibernate.SQL                        : 
    select
        ep1_0.id,
        ep1_0.enquiry_id,
        ep1_0.port_id 
    from
        enquiry_pol ep1_0 
    where
        ep1_0.enquiry_id=?
Hibernate: 
    select
        ep1_0.id,
        ep1_0.enquiry_id,
        ep1_0.port_id 
    from
        enquiry_pol ep1_0 
    where
        ep1_0.enquiry_id=?
2026-04-20T15:27:49.290+08:00 DEBUG 10768 --- [logitrack-backend] [.0-8080-exec-10] org.hibernate.SQL                        : 
    select
        ep1_0.id,
        ep1_0.enquiry_id,
        ep1_0.port_id 
    from
        enquiry_pod ep1_0 
    where
        ep1_0.enquiry_id=?
Hibernate: 
    select
        ep1_0.id,
        ep1_0.enquiry_id,
        ep1_0.port_id 
    from
        enquiry_pod ep1_0 
    where
        ep1_0.enquiry_id=?
2026-04-20T15:27:49.293+08:00 DEBUG 10768 --- [logitrack-backend] [.0-8080-exec-10] org.hibernate.SQL                        : 
    select
        erg1_0.id,
        erg1_0.enquiry_id,
        erg1_0.group_index,
        erg1_0.sub_mode 
    from
        enquiry_route_group erg1_0 
    where
        erg1_0.enquiry_id=? 
    order by
        erg1_0.group_index
Hibernate: 
    select
        erg1_0.id,
        erg1_0.enquiry_id,
        erg1_0.group_index,
        erg1_0.sub_mode 
    from
        enquiry_route_group erg1_0 
    where
        erg1_0.enquiry_id=? 
    order by
        erg1_0.group_index
2026-04-20T15:27:49.295+08:00 DEBUG 10768 --- [logitrack-backend] [.0-8080-exec-10] org.hibernate.SQL                        : 
    select
        ep1_0.id,
        ep1_0.enquiry_id,
        ep1_0.port_id 
    from
        enquiry_pol ep1_0 
    where
        ep1_0.enquiry_id=?
Hibernate: 
    select
        ep1_0.id,
        ep1_0.enquiry_id,
        ep1_0.port_id 
    from
        enquiry_pol ep1_0 
    where
        ep1_0.enquiry_id=?
2026-04-20T15:27:49.298+08:00 DEBUG 10768 --- [logitrack-backend] [.0-8080-exec-10] org.hibernate.SQL                        : 
    select
        ep1_0.id,
        ep1_0.enquiry_id,
        ep1_0.port_id 
    from
        enquiry_pod ep1_0 
    where
        ep1_0.enquiry_id=?
Hibernate: 
    select
        ep1_0.id,
        ep1_0.enquiry_id,
        ep1_0.port_id 
    from
        enquiry_pod ep1_0 
    where
        ep1_0.enquiry_id=?
2026-04-20T15:27:49.300+08:00 DEBUG 10768 --- [logitrack-backend] [.0-8080-exec-10] org.hibernate.SQL                        : 
    select
        erg1_0.id,
        erg1_0.enquiry_id,
        erg1_0.group_index,
        erg1_0.sub_mode 
    from
        enquiry_route_group erg1_0 
    where
        erg1_0.enquiry_id=? 
    order by
        erg1_0.group_index
Hibernate: 
    select
        erg1_0.id,
        erg1_0.enquiry_id,
        erg1_0.group_index,
        erg1_0.sub_mode 
    from
        enquiry_route_group erg1_0 
    where
        erg1_0.enquiry_id=? 
    order by
        erg1_0.group_index
2026-04-20T15:27:49.303+08:00 DEBUG 10768 --- [logitrack-backend] [.0-8080-exec-10] org.hibernate.SQL                        : 
    select
        ep1_0.id,
        ep1_0.enquiry_id,
        ep1_0.port_id 
    from
        enquiry_pol ep1_0 
    where
        ep1_0.enquiry_id=?
Hibernate: 
    select
        ep1_0.id,
        ep1_0.enquiry_id,
        ep1_0.port_id 
    from
        enquiry_pol ep1_0 
    where
        ep1_0.enquiry_id=?
2026-04-20T15:27:49.306+08:00 DEBUG 10768 --- [logitrack-backend] [.0-8080-exec-10] org.hibernate.SQL                        : 
    select
        ep1_0.id,
        ep1_0.enquiry_id,
        ep1_0.port_id 
    from
        enquiry_pod ep1_0 
    where
        ep1_0.enquiry_id=?
Hibernate: 
    select
        ep1_0.id,
        ep1_0.enquiry_id,
        ep1_0.port_id 
    from
        enquiry_pod ep1_0 
    where
        ep1_0.enquiry_id=?
2026-04-20T15:27:49.309+08:00 DEBUG 10768 --- [logitrack-backend] [.0-8080-exec-10] org.hibernate.SQL                        : 
    select
        erg1_0.id,
        erg1_0.enquiry_id,
        erg1_0.group_index,
        erg1_0.sub_mode 
    from
        enquiry_route_group erg1_0 
    where
        erg1_0.enquiry_id=? 
    order by
        erg1_0.group_index
Hibernate: 
    select
        erg1_0.id,
        erg1_0.enquiry_id,
        erg1_0.group_index,
        erg1_0.sub_mode 
    from
        enquiry_route_group erg1_0 
    where
        erg1_0.enquiry_id=? 
    order by
        erg1_0.group_index
2026-04-20T15:27:49.312+08:00 DEBUG 10768 --- [logitrack-backend] [.0-8080-exec-10] org.hibernate.SQL                        : 
    select
        ep1_0.id,
        ep1_0.enquiry_id,
        ep1_0.port_id 
    from
        enquiry_pol ep1_0 
    where
        ep1_0.enquiry_id=?
Hibernate: 
    select
        ep1_0.id,
        ep1_0.enquiry_id,
        ep1_0.port_id 
    from
        enquiry_pol ep1_0 
    where
        ep1_0.enquiry_id=?
2026-04-20T15:27:49.315+08:00 DEBUG 10768 --- [logitrack-backend] [.0-8080-exec-10] org.hibernate.SQL                        : 
    select
        ep1_0.id,
        ep1_0.enquiry_id,
        ep1_0.port_id 
    from
        enquiry_pod ep1_0 
    where
        ep1_0.enquiry_id=?
Hibernate: 
    select
        ep1_0.id,
        ep1_0.enquiry_id,
        ep1_0.port_id 
    from
        enquiry_pod ep1_0 
    where
        ep1_0.enquiry_id=?
2026-04-20T15:27:49.317+08:00 DEBUG 10768 --- [logitrack-backend] [.0-8080-exec-10] org.hibernate.SQL                        : 
    select
        erg1_0.id,
        erg1_0.enquiry_id,
        erg1_0.group_index,
        erg1_0.sub_mode 
    from
        enquiry_route_group erg1_0 
    where
        erg1_0.enquiry_id=? 
    order by
        erg1_0.group_index
Hibernate: 
    select
        erg1_0.id,
        erg1_0.enquiry_id,
        erg1_0.group_index,
        erg1_0.sub_mode 
    from
        enquiry_route_group erg1_0 
    where
        erg1_0.enquiry_id=? 
    order by
        erg1_0.group_index
2026-04-20T15:27:49.320+08:00 DEBUG 10768 --- [logitrack-backend] [.0-8080-exec-10] org.hibernate.SQL                        : 
    select
        ep1_0.id,
        ep1_0.enquiry_id,
        ep1_0.port_id 
    from
        enquiry_pol ep1_0 
    where
        ep1_0.enquiry_id=?
Hibernate: 
    select
        ep1_0.id,
        ep1_0.enquiry_id,
        ep1_0.port_id 
    from
        enquiry_pol ep1_0 
    where
        ep1_0.enquiry_id=?
2026-04-20T15:27:49.323+08:00 DEBUG 10768 --- [logitrack-backend] [.0-8080-exec-10] org.hibernate.SQL                        : 
    select
        ep1_0.id,
        ep1_0.enquiry_id,
        ep1_0.port_id 
    from
        enquiry_pod ep1_0 
    where
        ep1_0.enquiry_id=?
Hibernate: 
    select
        ep1_0.id,
        ep1_0.enquiry_id,
        ep1_0.port_id 
    from
        enquiry_pod ep1_0 
    where
        ep1_0.enquiry_id=?
2026-04-20T15:27:49.326+08:00 DEBUG 10768 --- [logitrack-backend] [.0-8080-exec-10] org.hibernate.SQL                        : 
    select
        erg1_0.id,
        erg1_0.enquiry_id,
        erg1_0.group_index,
        erg1_0.sub_mode 
    from
        enquiry_route_group erg1_0 
    where
        erg1_0.enquiry_id=? 
    order by
        erg1_0.group_index
Hibernate: 
    select
        erg1_0.id,
        erg1_0.enquiry_id,
        erg1_0.group_index,
        erg1_0.sub_mode 
    from
        enquiry_route_group erg1_0 
    where
        erg1_0.enquiry_id=? 
    order by
        erg1_0.group_index
2026-04-20T15:27:49.329+08:00 DEBUG 10768 --- [logitrack-backend] [.0-8080-exec-10] org.hibernate.SQL                        : 
    select
        ep1_0.id,
        ep1_0.enquiry_id,
        ep1_0.port_id 
    from
        enquiry_pol ep1_0 
    where
        ep1_0.enquiry_id=?
Hibernate: 
    select
        ep1_0.id,
        ep1_0.enquiry_id,
        ep1_0.port_id 
    from
        enquiry_pol ep1_0 
    where
        ep1_0.enquiry_id=?
2026-04-20T15:27:49.332+08:00 DEBUG 10768 --- [logitrack-backend] [.0-8080-exec-10] org.hibernate.SQL                        : 
    select
        ep1_0.id,
        ep1_0.enquiry_id,
        ep1_0.port_id 
    from
        enquiry_pod ep1_0 
    where
        ep1_0.enquiry_id=?
Hibernate: 
    select
        ep1_0.id,
        ep1_0.enquiry_id,
        ep1_0.port_id 
    from
        enquiry_pod ep1_0 
    where
        ep1_0.enquiry_id=?
2026-04-20T15:27:49.334+08:00 DEBUG 10768 --- [logitrack-backend] [.0-8080-exec-10] org.hibernate.SQL                        : 
    select
        erg1_0.id,
        erg1_0.enquiry_id,
        erg1_0.group_index,
        erg1_0.sub_mode 
    from
        enquiry_route_group erg1_0 
    where
        erg1_0.enquiry_id=? 
    order by
        erg1_0.group_index
Hibernate: 
    select
        erg1_0.id,
        erg1_0.enquiry_id,
        erg1_0.group_index,
        erg1_0.sub_mode 
    from
        enquiry_route_group erg1_0 
    where
        erg1_0.enquiry_id=? 
    order by
        erg1_0.group_index
2026-04-20T15:27:49.337+08:00 DEBUG 10768 --- [logitrack-backend] [.0-8080-exec-10] org.hibernate.SQL                        : 
    select
        ep1_0.id,
        ep1_0.enquiry_id,
        ep1_0.port_id 
    from
        enquiry_pol ep1_0 
    where
        ep1_0.enquiry_id=?
Hibernate: 
    select
        ep1_0.id,
        ep1_0.enquiry_id,
        ep1_0.port_id 
    from
        enquiry_pol ep1_0 
    where
        ep1_0.enquiry_id=?
2026-04-20T15:27:49.340+08:00 DEBUG 10768 --- [logitrack-backend] [.0-8080-exec-10] org.hibernate.SQL                        : 
    select
        ep1_0.id,
        ep1_0.enquiry_id,
        ep1_0.port_id 
    from
        enquiry_pod ep1_0 
    where
        ep1_0.enquiry_id=?
Hibernate: 
    select
        ep1_0.id,
        ep1_0.enquiry_id,
        ep1_0.port_id 
    from
        enquiry_pod ep1_0 
    where
        ep1_0.enquiry_id=?
2026-04-20T15:27:49.342+08:00 DEBUG 10768 --- [logitrack-backend] [.0-8080-exec-10] org.hibernate.SQL                        : 
    select
        erg1_0.id,
        erg1_0.enquiry_id,
        erg1_0.group_index,
        erg1_0.sub_mode 
    from
        enquiry_route_group erg1_0 
    where
        erg1_0.enquiry_id=? 
    order by
        erg1_0.group_index
Hibernate: 
    select
        erg1_0.id,
        erg1_0.enquiry_id,
        erg1_0.group_index,
        erg1_0.sub_mode 
    from
        enquiry_route_group erg1_0 
    where
        erg1_0.enquiry_id=? 
    order by
        erg1_0.group_index
2026-04-20T15:27:49.345+08:00 DEBUG 10768 --- [logitrack-backend] [.0-8080-exec-10] org.hibernate.SQL                        : 
    select
        ep1_0.id,
        ep1_0.enquiry_id,
        ep1_0.port_id 
    from
        enquiry_pol ep1_0 
    where
        ep1_0.enquiry_id=?
Hibernate: 
    select
        ep1_0.id,
        ep1_0.enquiry_id,
        ep1_0.port_id 
    from
        enquiry_pol ep1_0 
    where
        ep1_0.enquiry_id=?
2026-04-20T15:27:49.348+08:00 DEBUG 10768 --- [logitrack-backend] [.0-8080-exec-10] org.hibernate.SQL                        : 
    select
        ep1_0.id,
        ep1_0.enquiry_id,
        ep1_0.port_id 
    from
        enquiry_pod ep1_0 
    where
        ep1_0.enquiry_id=?
Hibernate: 
    select
        ep1_0.id,
        ep1_0.enquiry_id,
        ep1_0.port_id 
    from
        enquiry_pod ep1_0 
    where
        ep1_0.enquiry_id=?
2026-04-20T15:27:49.351+08:00 DEBUG 10768 --- [logitrack-backend] [.0-8080-exec-10] org.hibernate.SQL                        : 
    select
        erg1_0.id,
        erg1_0.enquiry_id,
        erg1_0.group_index,
        erg1_0.sub_mode 
    from
        enquiry_route_group erg1_0 
    where
        erg1_0.enquiry_id=? 
    order by
        erg1_0.group_index
Hibernate: 
    select
        erg1_0.id,
        erg1_0.enquiry_id,
        erg1_0.group_index,
        erg1_0.sub_mode 
    from
        enquiry_route_group erg1_0 
    where
        erg1_0.enquiry_id=? 
    order by
        erg1_0.group_index
2026-04-20T15:27:49.354+08:00 DEBUG 10768 --- [logitrack-backend] [.0-8080-exec-10] org.hibernate.SQL                        : 
    select
        o1_0.enquiry_id,
        o1_0.id,
        o1_0.container_currency,
        o1_0.created_at,
        o1_0.is_latest,
        o1_0.local_charge_currency,
        o1_0.offer_date,
        o1_0.offer_type,
        o1_0.remark,
        o1_0.sequence_no,
        o1_0.updated_at 
    from
        offer o1_0 
    where
        o1_0.enquiry_id=?
Hibernate: 
    select
        o1_0.enquiry_id,
        o1_0.id,
        o1_0.container_currency,
        o1_0.created_at,
        o1_0.is_latest,
        o1_0.local_charge_currency,
        o1_0.offer_date,
        o1_0.offer_type,
        o1_0.remark,
        o1_0.sequence_no,
        o1_0.updated_at 
    from
        offer o1_0 
    where
        o1_0.enquiry_id=?
2026-04-20T15:27:49.357+08:00 DEBUG 10768 --- [logitrack-backend] [.0-8080-exec-10] org.hibernate.SQL                        : 
    select
        cr1_0.enquiry_id,
        cr1_0.id,
        cr1_0.cntr_type_code,
        cr1_0.cntr_type_id,
        cr1_0.container_code,
        cr1_0.container_qty,
        cr1_0.container_type_id,
        cr1_0.created_at,
        cr1_0.extra_container_weights,
        cr1_0.extra_containers,
        cr1_0.line_teu,
        cr1_0.qty_20,
        cr1_0.qty_40,
        cr1_0.qty_40hq,
        cr1_0.qty_45,
        cr1_0.raw_text,
        cr1_0.teu_per_unit,
        cr1_0.weight_20,
        cr1_0.weight_40,
        cr1_0.weight_40hq,
        cr1_0.weight_45 
    from
        enquiry_container_line cr1_0 
    where
        cr1_0.enquiry_id=?
Hibernate: 
    select
        cr1_0.enquiry_id,
        cr1_0.id,
        cr1_0.cntr_type_code,
        cr1_0.cntr_type_id,
        cr1_0.container_code,
        cr1_0.container_qty,
        cr1_0.container_type_id,
        cr1_0.created_at,
        cr1_0.extra_container_weights,
        cr1_0.extra_containers,
        cr1_0.line_teu,
        cr1_0.qty_20,
        cr1_0.qty_40,
        cr1_0.qty_40hq,
        cr1_0.qty_45,
        cr1_0.raw_text,
        cr1_0.teu_per_unit,
        cr1_0.weight_20,
        cr1_0.weight_40,
        cr1_0.weight_40hq,
        cr1_0.weight_45 
    from
        enquiry_container_line cr1_0 
    where
        cr1_0.enquiry_id=?
2026-04-20T15:27:49.360+08:00 DEBUG 10768 --- [logitrack-backend] [.0-8080-exec-10] org.hibernate.SQL                        : 
    select
        o1_0.enquiry_id,
        o1_0.id,
        o1_0.container_currency,
        o1_0.created_at,
        o1_0.is_latest,
        o1_0.local_charge_currency,
        o1_0.offer_date,
        o1_0.offer_type,
        o1_0.remark,
        o1_0.sequence_no,
        o1_0.updated_at 
    from
        offer o1_0 
    where
        o1_0.enquiry_id=?
Hibernate: 
    select
        o1_0.enquiry_id,
        o1_0.id,
        o1_0.container_currency,
        o1_0.created_at,
        o1_0.is_latest,
        o1_0.local_charge_currency,
        o1_0.offer_date,
        o1_0.offer_type,
        o1_0.remark,
        o1_0.sequence_no,
        o1_0.updated_at 
    from
        offer o1_0 
    where
        o1_0.enquiry_id=?
2026-04-20T15:27:49.362+08:00 DEBUG 10768 --- [logitrack-backend] [.0-8080-exec-10] org.hibernate.SQL                        : 
    select
        cr1_0.enquiry_id,
        cr1_0.id,
        cr1_0.cntr_type_code,
        cr1_0.cntr_type_id,
        cr1_0.container_code,
        cr1_0.container_qty,
        cr1_0.container_type_id,
        cr1_0.created_at,
        cr1_0.extra_container_weights,
        cr1_0.extra_containers,
        cr1_0.line_teu,
        cr1_0.qty_20,
        cr1_0.qty_40,
        cr1_0.qty_40hq,
        cr1_0.qty_45,
        cr1_0.raw_text,
        cr1_0.teu_per_unit,
        cr1_0.weight_20,
        cr1_0.weight_40,
        cr1_0.weight_40hq,
        cr1_0.weight_45 
    from
        enquiry_container_line cr1_0 
    where
        cr1_0.enquiry_id=?
Hibernate: 
    select
        cr1_0.enquiry_id,
        cr1_0.id,
        cr1_0.cntr_type_code,
        cr1_0.cntr_type_id,
        cr1_0.container_code,
        cr1_0.container_qty,
        cr1_0.container_type_id,
        cr1_0.created_at,
        cr1_0.extra_container_weights,
        cr1_0.extra_containers,
        cr1_0.line_teu,
        cr1_0.qty_20,
        cr1_0.qty_40,
        cr1_0.qty_40hq,
        cr1_0.qty_45,
        cr1_0.raw_text,
        cr1_0.teu_per_unit,
        cr1_0.weight_20,
        cr1_0.weight_40,
        cr1_0.weight_40hq,
        cr1_0.weight_45 
    from
        enquiry_container_line cr1_0 
    where
        cr1_0.enquiry_id=?
2026-04-20T15:27:49.365+08:00 DEBUG 10768 --- [logitrack-backend] [.0-8080-exec-10] org.hibernate.SQL                        : 
    select
        o1_0.enquiry_id,
        o1_0.id,
        o1_0.container_currency,
        o1_0.created_at,
        o1_0.is_latest,
        o1_0.local_charge_currency,
        o1_0.offer_date,
        o1_0.offer_type,
        o1_0.remark,
        o1_0.sequence_no,
        o1_0.updated_at 
    from
        offer o1_0 
    where
        o1_0.enquiry_id=?
Hibernate: 
    select
        o1_0.enquiry_id,
        o1_0.id,
        o1_0.container_currency,
        o1_0.created_at,
        o1_0.is_latest,
        o1_0.local_charge_currency,
        o1_0.offer_date,
        o1_0.offer_type,
        o1_0.remark,
        o1_0.sequence_no,
        o1_0.updated_at 
    from
        offer o1_0 
    where
        o1_0.enquiry_id=?
2026-04-20T15:27:49.367+08:00 DEBUG 10768 --- [logitrack-backend] [.0-8080-exec-10] org.hibernate.SQL                        : 
    select
        cr1_0.enquiry_id,
        cr1_0.id,
        cr1_0.cntr_type_code,
        cr1_0.cntr_type_id,
        cr1_0.container_code,
        cr1_0.container_qty,
        cr1_0.container_type_id,
        cr1_0.created_at,
        cr1_0.extra_container_weights,
        cr1_0.extra_containers,
        cr1_0.line_teu,
        cr1_0.qty_20,
        cr1_0.qty_40,
        cr1_0.qty_40hq,
        cr1_0.qty_45,
        cr1_0.raw_text,
        cr1_0.teu_per_unit,
        cr1_0.weight_20,
        cr1_0.weight_40,
        cr1_0.weight_40hq,
        cr1_0.weight_45 
    from
        enquiry_container_line cr1_0 
    where
        cr1_0.enquiry_id=?
Hibernate: 
    select
        cr1_0.enquiry_id,
        cr1_0.id,
        cr1_0.cntr_type_code,
        cr1_0.cntr_type_id,
        cr1_0.container_code,
        cr1_0.container_qty,
        cr1_0.container_type_id,
        cr1_0.created_at,
        cr1_0.extra_container_weights,
        cr1_0.extra_containers,
        cr1_0.line_teu,
        cr1_0.qty_20,
        cr1_0.qty_40,
        cr1_0.qty_40hq,
        cr1_0.qty_45,
        cr1_0.raw_text,
        cr1_0.teu_per_unit,
        cr1_0.weight_20,
        cr1_0.weight_40,
        cr1_0.weight_40hq,
        cr1_0.weight_45 
    from
        enquiry_container_line cr1_0 
    where
        cr1_0.enquiry_id=?
2026-04-20T15:27:49.369+08:00 DEBUG 10768 --- [logitrack-backend] [.0-8080-exec-10] org.hibernate.SQL                        : 
    select
        o1_0.enquiry_id,
        o1_0.id,
        o1_0.container_currency,
        o1_0.created_at,
        o1_0.is_latest,
        o1_0.local_charge_currency,
        o1_0.offer_date,
        o1_0.offer_type,
        o1_0.remark,
        o1_0.sequence_no,
        o1_0.updated_at 
    from
        offer o1_0 
    where
        o1_0.enquiry_id=?
Hibernate: 
    select
        o1_0.enquiry_id,
        o1_0.id,
        o1_0.container_currency,
        o1_0.created_at,
        o1_0.is_latest,
        o1_0.local_charge_currency,
        o1_0.offer_date,
        o1_0.offer_type,
        o1_0.remark,
        o1_0.sequence_no,
        o1_0.updated_at 
    from
        offer o1_0 
    where
        o1_0.enquiry_id=?
2026-04-20T15:27:49.371+08:00 DEBUG 10768 --- [logitrack-backend] [.0-8080-exec-10] org.hibernate.SQL                        : 
    select
        cr1_0.enquiry_id,
        cr1_0.id,
        cr1_0.cntr_type_code,
        cr1_0.cntr_type_id,
        cr1_0.container_code,
        cr1_0.container_qty,
        cr1_0.container_type_id,
        cr1_0.created_at,
        cr1_0.extra_container_weights,
        cr1_0.extra_containers,
        cr1_0.line_teu,
        cr1_0.qty_20,
        cr1_0.qty_40,
        cr1_0.qty_40hq,
        cr1_0.qty_45,
        cr1_0.raw_text,
        cr1_0.teu_per_unit,
        cr1_0.weight_20,
        cr1_0.weight_40,
        cr1_0.weight_40hq,
        cr1_0.weight_45 
    from
        enquiry_container_line cr1_0 
    where
        cr1_0.enquiry_id=?
Hibernate: 
    select
        cr1_0.enquiry_id,
        cr1_0.id,
        cr1_0.cntr_type_code,
        cr1_0.cntr_type_id,
        cr1_0.container_code,
        cr1_0.container_qty,
        cr1_0.container_type_id,
        cr1_0.created_at,
        cr1_0.extra_container_weights,
        cr1_0.extra_containers,
        cr1_0.line_teu,
        cr1_0.qty_20,
        cr1_0.qty_40,
        cr1_0.qty_40hq,
        cr1_0.qty_45,
        cr1_0.raw_text,
        cr1_0.teu_per_unit,
        cr1_0.weight_20,
        cr1_0.weight_40,
        cr1_0.weight_40hq,
        cr1_0.weight_45 
    from
        enquiry_container_line cr1_0 
    where
        cr1_0.enquiry_id=?
2026-04-20T15:27:49.373+08:00 DEBUG 10768 --- [logitrack-backend] [.0-8080-exec-10] org.hibernate.SQL                        : 
    select
        o1_0.enquiry_id,
        o1_0.id,
        o1_0.container_currency,
        o1_0.created_at,
        o1_0.is_latest,
        o1_0.local_charge_currency,
        o1_0.offer_date,
        o1_0.offer_type,
        o1_0.remark,
        o1_0.sequence_no,
        o1_0.updated_at 
    from
        offer o1_0 
    where
        o1_0.enquiry_id=?
Hibernate: 
    select
        o1_0.enquiry_id,
        o1_0.id,
        o1_0.container_currency,
        o1_0.created_at,
        o1_0.is_latest,
        o1_0.local_charge_currency,
        o1_0.offer_date,
        o1_0.offer_type,
        o1_0.remark,
        o1_0.sequence_no,
        o1_0.updated_at 
    from
        offer o1_0 
    where
        o1_0.enquiry_id=?
2026-04-20T15:27:49.375+08:00 DEBUG 10768 --- [logitrack-backend] [.0-8080-exec-10] org.hibernate.SQL                        : 
    select
        cr1_0.enquiry_id,
        cr1_0.id,
        cr1_0.cntr_type_code,
        cr1_0.cntr_type_id,
        cr1_0.container_code,
        cr1_0.container_qty,
        cr1_0.container_type_id,
        cr1_0.created_at,
        cr1_0.extra_container_weights,
        cr1_0.extra_containers,
        cr1_0.line_teu,
        cr1_0.qty_20,
        cr1_0.qty_40,
        cr1_0.qty_40hq,
        cr1_0.qty_45,
        cr1_0.raw_text,
        cr1_0.teu_per_unit,
        cr1_0.weight_20,
        cr1_0.weight_40,
        cr1_0.weight_40hq,
        cr1_0.weight_45 
    from
        enquiry_container_line cr1_0 
    where
        cr1_0.enquiry_id=?
Hibernate: 
    select
        cr1_0.enquiry_id,
        cr1_0.id,
        cr1_0.cntr_type_code,
        cr1_0.cntr_type_id,
        cr1_0.container_code,
        cr1_0.container_qty,
        cr1_0.container_type_id,
        cr1_0.created_at,
        cr1_0.extra_container_weights,
        cr1_0.extra_containers,
        cr1_0.line_teu,
        cr1_0.qty_20,
        cr1_0.qty_40,
        cr1_0.qty_40hq,
        cr1_0.qty_45,
        cr1_0.raw_text,
        cr1_0.teu_per_unit,
        cr1_0.weight_20,
        cr1_0.weight_40,
        cr1_0.weight_40hq,
        cr1_0.weight_45 
    from
        enquiry_container_line cr1_0 
    where
        cr1_0.enquiry_id=?
2026-04-20T15:27:49.377+08:00 DEBUG 10768 --- [logitrack-backend] [.0-8080-exec-10] org.hibernate.SQL                        : 
    select
        o1_0.enquiry_id,
        o1_0.id,
        o1_0.container_currency,
        o1_0.created_at,
        o1_0.is_latest,
        o1_0.local_charge_currency,
        o1_0.offer_date,
        o1_0.offer_type,
        o1_0.remark,
        o1_0.sequence_no,
        o1_0.updated_at 
    from
        offer o1_0 
    where
        o1_0.enquiry_id=?
Hibernate: 
    select
        o1_0.enquiry_id,
        o1_0.id,
        o1_0.container_currency,
        o1_0.created_at,
        o1_0.is_latest,
        o1_0.local_charge_currency,
        o1_0.offer_date,
        o1_0.offer_type,
        o1_0.remark,
        o1_0.sequence_no,
        o1_0.updated_at 
    from
        offer o1_0 
    where
        o1_0.enquiry_id=?
2026-04-20T15:27:49.379+08:00 DEBUG 10768 --- [logitrack-backend] [.0-8080-exec-10] org.hibernate.SQL                        : 
    select
        cr1_0.enquiry_id,
        cr1_0.id,
        cr1_0.cntr_type_code,
        cr1_0.cntr_type_id,
        cr1_0.container_code,
        cr1_0.container_qty,
        cr1_0.container_type_id,
        cr1_0.created_at,
        cr1_0.extra_container_weights,
        cr1_0.extra_containers,
        cr1_0.line_teu,
        cr1_0.qty_20,
        cr1_0.qty_40,
        cr1_0.qty_40hq,
        cr1_0.qty_45,
        cr1_0.raw_text,
        cr1_0.teu_per_unit,
        cr1_0.weight_20,
        cr1_0.weight_40,
        cr1_0.weight_40hq,
        cr1_0.weight_45 
    from
        enquiry_container_line cr1_0 
    where
        cr1_0.enquiry_id=?
Hibernate: 
    select
        cr1_0.enquiry_id,
        cr1_0.id,
        cr1_0.cntr_type_code,
        cr1_0.cntr_type_id,
        cr1_0.container_code,
        cr1_0.container_qty,
        cr1_0.container_type_id,
        cr1_0.created_at,
        cr1_0.extra_container_weights,
        cr1_0.extra_containers,
        cr1_0.line_teu,
        cr1_0.qty_20,
        cr1_0.qty_40,
        cr1_0.qty_40hq,
        cr1_0.qty_45,
        cr1_0.raw_text,
        cr1_0.teu_per_unit,
        cr1_0.weight_20,
        cr1_0.weight_40,
        cr1_0.weight_40hq,
        cr1_0.weight_45 
    from
        enquiry_container_line cr1_0 
    where
        cr1_0.enquiry_id=?
2026-04-20T15:27:49.381+08:00 DEBUG 10768 --- [logitrack-backend] [.0-8080-exec-10] org.hibernate.SQL                        : 
    select
        o1_0.enquiry_id,
        o1_0.id,
        o1_0.container_currency,
        o1_0.created_at,
        o1_0.is_latest,
        o1_0.local_charge_currency,
        o1_0.offer_date,
        o1_0.offer_type,
        o1_0.remark,
        o1_0.sequence_no,
        o1_0.updated_at 
    from
        offer o1_0 
    where
        o1_0.enquiry_id=?
Hibernate: 
    select
        o1_0.enquiry_id,
        o1_0.id,
        o1_0.container_currency,
        o1_0.created_at,
        o1_0.is_latest,
        o1_0.local_charge_currency,
        o1_0.offer_date,
        o1_0.offer_type,
        o1_0.remark,
        o1_0.sequence_no,
        o1_0.updated_at 
    from
        offer o1_0 
    where
        o1_0.enquiry_id=?
2026-04-20T15:27:49.383+08:00 DEBUG 10768 --- [logitrack-backend] [.0-8080-exec-10] org.hibernate.SQL                        : 
    select
        cr1_0.enquiry_id,
        cr1_0.id,
        cr1_0.cntr_type_code,
        cr1_0.cntr_type_id,
        cr1_0.container_code,
        cr1_0.container_qty,
        cr1_0.container_type_id,
        cr1_0.created_at,
        cr1_0.extra_container_weights,
        cr1_0.extra_containers,
        cr1_0.line_teu,
        cr1_0.qty_20,
        cr1_0.qty_40,
        cr1_0.qty_40hq,
        cr1_0.qty_45,
        cr1_0.raw_text,
        cr1_0.teu_per_unit,
        cr1_0.weight_20,
        cr1_0.weight_40,
        cr1_0.weight_40hq,
        cr1_0.weight_45 
    from
        enquiry_container_line cr1_0 
    where
        cr1_0.enquiry_id=?
Hibernate: 
    select
        cr1_0.enquiry_id,
        cr1_0.id,
        cr1_0.cntr_type_code,
        cr1_0.cntr_type_id,
        cr1_0.container_code,
        cr1_0.container_qty,
        cr1_0.container_type_id,
        cr1_0.created_at,
        cr1_0.extra_container_weights,
        cr1_0.extra_containers,
        cr1_0.line_teu,
        cr1_0.qty_20,
        cr1_0.qty_40,
        cr1_0.qty_40hq,
        cr1_0.qty_45,
        cr1_0.raw_text,
        cr1_0.teu_per_unit,
        cr1_0.weight_20,
        cr1_0.weight_40,
        cr1_0.weight_40hq,
        cr1_0.weight_45 
    from
        enquiry_container_line cr1_0 
    where
        cr1_0.enquiry_id=?
2026-04-20T15:27:49.385+08:00 DEBUG 10768 --- [logitrack-backend] [.0-8080-exec-10] org.hibernate.SQL                        : 
    select
        o1_0.enquiry_id,
        o1_0.id,
        o1_0.container_currency,
        o1_0.created_at,
        o1_0.is_latest,
        o1_0.local_charge_currency,
        o1_0.offer_date,
        o1_0.offer_type,
        o1_0.remark,
        o1_0.sequence_no,
        o1_0.updated_at 
    from
        offer o1_0 
    where
        o1_0.enquiry_id=?
Hibernate: 
    select
        o1_0.enquiry_id,
        o1_0.id,
        o1_0.container_currency,
        o1_0.created_at,
        o1_0.is_latest,
        o1_0.local_charge_currency,
        o1_0.offer_date,
        o1_0.offer_type,
        o1_0.remark,
        o1_0.sequence_no,
        o1_0.updated_at 
    from
        offer o1_0 
    where
        o1_0.enquiry_id=?
2026-04-20T15:27:49.387+08:00 DEBUG 10768 --- [logitrack-backend] [.0-8080-exec-10] org.hibernate.SQL                        : 
    select
        cr1_0.enquiry_id,
        cr1_0.id,
        cr1_0.cntr_type_code,
        cr1_0.cntr_type_id,
        cr1_0.container_code,
        cr1_0.container_qty,
        cr1_0.container_type_id,
        cr1_0.created_at,
        cr1_0.extra_container_weights,
        cr1_0.extra_containers,
        cr1_0.line_teu,
        cr1_0.qty_20,
        cr1_0.qty_40,
        cr1_0.qty_40hq,
        cr1_0.qty_45,
        cr1_0.raw_text,
        cr1_0.teu_per_unit,
        cr1_0.weight_20,
        cr1_0.weight_40,
        cr1_0.weight_40hq,
        cr1_0.weight_45 
    from
        enquiry_container_line cr1_0 
    where
        cr1_0.enquiry_id=?
Hibernate: 
    select
        cr1_0.enquiry_id,
        cr1_0.id,
        cr1_0.cntr_type_code,
        cr1_0.cntr_type_id,
        cr1_0.container_code,
        cr1_0.container_qty,
        cr1_0.container_type_id,
        cr1_0.created_at,
        cr1_0.extra_container_weights,
        cr1_0.extra_containers,
        cr1_0.line_teu,
        cr1_0.qty_20,
        cr1_0.qty_40,
        cr1_0.qty_40hq,
        cr1_0.qty_45,
        cr1_0.raw_text,
        cr1_0.teu_per_unit,
        cr1_0.weight_20,
        cr1_0.weight_40,
        cr1_0.weight_40hq,
        cr1_0.weight_45 
    from
        enquiry_container_line cr1_0 
    where
        cr1_0.enquiry_id=?
2026-04-20T15:27:49.389+08:00 DEBUG 10768 --- [logitrack-backend] [.0-8080-exec-10] org.hibernate.SQL                        : 
    select
        o1_0.enquiry_id,
        o1_0.id,
        o1_0.container_currency,
        o1_0.created_at,
        o1_0.is_latest,
        o1_0.local_charge_currency,
        o1_0.offer_date,
        o1_0.offer_type,
        o1_0.remark,
        o1_0.sequence_no,
        o1_0.updated_at 
    from
        offer o1_0 
    where
        o1_0.enquiry_id=?
Hibernate: 
    select
        o1_0.enquiry_id,
        o1_0.id,
        o1_0.container_currency,
        o1_0.created_at,
        o1_0.is_latest,
        o1_0.local_charge_currency,
        o1_0.offer_date,
        o1_0.offer_type,
        o1_0.remark,
        o1_0.sequence_no,
        o1_0.updated_at 
    from
        offer o1_0 
    where
        o1_0.enquiry_id=?
2026-04-20T15:27:49.391+08:00 DEBUG 10768 --- [logitrack-backend] [.0-8080-exec-10] org.hibernate.SQL                        : 
    select
        cr1_0.enquiry_id,
        cr1_0.id,
        cr1_0.cntr_type_code,
        cr1_0.cntr_type_id,
        cr1_0.container_code,
        cr1_0.container_qty,
        cr1_0.container_type_id,
        cr1_0.created_at,
        cr1_0.extra_container_weights,
        cr1_0.extra_containers,
        cr1_0.line_teu,
        cr1_0.qty_20,
        cr1_0.qty_40,
        cr1_0.qty_40hq,
        cr1_0.qty_45,
        cr1_0.raw_text,
        cr1_0.teu_per_unit,
        cr1_0.weight_20,
        cr1_0.weight_40,
        cr1_0.weight_40hq,
        cr1_0.weight_45 
    from
        enquiry_container_line cr1_0 
    where
        cr1_0.enquiry_id=?
Hibernate: 
    select
        cr1_0.enquiry_id,
        cr1_0.id,
        cr1_0.cntr_type_code,
        cr1_0.cntr_type_id,
        cr1_0.container_code,
        cr1_0.container_qty,
        cr1_0.container_type_id,
        cr1_0.created_at,
        cr1_0.extra_container_weights,
        cr1_0.extra_containers,
        cr1_0.line_teu,
        cr1_0.qty_20,
        cr1_0.qty_40,
        cr1_0.qty_40hq,
        cr1_0.qty_45,
        cr1_0.raw_text,
        cr1_0.teu_per_unit,
        cr1_0.weight_20,
        cr1_0.weight_40,
        cr1_0.weight_40hq,
        cr1_0.weight_45 
    from
        enquiry_container_line cr1_0 
    where
        cr1_0.enquiry_id=?
2026-04-20T15:27:49.393+08:00 DEBUG 10768 --- [logitrack-backend] [.0-8080-exec-10] org.hibernate.SQL                        : 
    select
        o1_0.enquiry_id,
        o1_0.id,
        o1_0.container_currency,
        o1_0.created_at,
        o1_0.is_latest,
        o1_0.local_charge_currency,
        o1_0.offer_date,
        o1_0.offer_type,
        o1_0.remark,
        o1_0.sequence_no,
        o1_0.updated_at 
    from
        offer o1_0 
    where
        o1_0.enquiry_id=?
Hibernate: 
    select
        o1_0.enquiry_id,
        o1_0.id,
        o1_0.container_currency,
        o1_0.created_at,
        o1_0.is_latest,
        o1_0.local_charge_currency,
        o1_0.offer_date,
        o1_0.offer_type,
        o1_0.remark,
        o1_0.sequence_no,
        o1_0.updated_at 
    from
        offer o1_0 
    where
        o1_0.enquiry_id=?
2026-04-20T15:27:49.404+08:00 DEBUG 10768 --- [logitrack-backend] [.0-8080-exec-10] org.hibernate.SQL                        : 
    select
        pl1_0.offer_id,
        pl1_0.id,
        pl1_0.carrier,
        pl1_0.local_charge,
        pl1_0.min_charge,
        pl1_0.per_cbm,
        pl1_0.pod_id,
        pl1_0.pol_id,
        pl1_0.price,
        pl1_0.price_text,
        pl1_0.route_group_id,
        pl1_0.sort_order,
        pl1_0.sub_mode 
    from
        offer_price_line pl1_0 
    where
        pl1_0.offer_id=?
Hibernate: 
    select
        pl1_0.offer_id,
        pl1_0.id,
        pl1_0.carrier,
        pl1_0.local_charge,
        pl1_0.min_charge,
        pl1_0.per_cbm,
        pl1_0.pod_id,
        pl1_0.pol_id,
        pl1_0.price,
        pl1_0.price_text,
        pl1_0.route_group_id,
        pl1_0.sort_order,
        pl1_0.sub_mode 
    from
        offer_price_line pl1_0 
    where
        pl1_0.offer_id=?
2026-04-20T15:27:49.407+08:00 DEBUG 10768 --- [logitrack-backend] [.0-8080-exec-10] org.hibernate.SQL                        : 
    select
        cr1_0.enquiry_id,
        cr1_0.id,
        cr1_0.cntr_type_code,
        cr1_0.cntr_type_id,
        cr1_0.container_code,
        cr1_0.container_qty,
        cr1_0.container_type_id,
        cr1_0.created_at,
        cr1_0.extra_container_weights,
        cr1_0.extra_containers,
        cr1_0.line_teu,
        cr1_0.qty_20,
        cr1_0.qty_40,
        cr1_0.qty_40hq,
        cr1_0.qty_45,
        cr1_0.raw_text,
        cr1_0.teu_per_unit,
        cr1_0.weight_20,
        cr1_0.weight_40,
        cr1_0.weight_40hq,
        cr1_0.weight_45 
    from
        enquiry_container_line cr1_0 
    where
        cr1_0.enquiry_id=?
Hibernate: 
    select
        cr1_0.enquiry_id,
        cr1_0.id,
        cr1_0.cntr_type_code,
        cr1_0.cntr_type_id,
        cr1_0.container_code,
        cr1_0.container_qty,
        cr1_0.container_type_id,
        cr1_0.created_at,
        cr1_0.extra_container_weights,
        cr1_0.extra_containers,
        cr1_0.line_teu,
        cr1_0.qty_20,
        cr1_0.qty_40,
        cr1_0.qty_40hq,
        cr1_0.qty_45,
        cr1_0.raw_text,
        cr1_0.teu_per_unit,
        cr1_0.weight_20,
        cr1_0.weight_40,
        cr1_0.weight_40hq,
        cr1_0.weight_45 
    from
        enquiry_container_line cr1_0 
    where
        cr1_0.enquiry_id=?
2026-04-20T15:28:10.783+08:00  INFO 10768 --- [logitrack-backend] [0.0-8080-exec-1] c.l.b.controller.MasterDataController    : GET /api/master/countries
2026-04-20T15:28:10.788+08:00 DEBUG 10768 --- [logitrack-backend] [0.0-8080-exec-1] org.hibernate.SQL                        : 
    select
        c1_0.id,
        c1_0.country_code,
        c1_0.country_name_cn,
        c1_0.country_name_en,
        c1_0.created_at,
        c1_0.is_active,
        c1_0.is_core,
        c1_0.updated_at 
    from
        country c1_0
Hibernate: 
    select
        c1_0.id,
        c1_0.country_code,
        c1_0.country_name_cn,
        c1_0.country_name_en,
        c1_0.created_at,
        c1_0.is_active,
        c1_0.is_core,
        c1_0.updated_at 
    from
        country c1_0
2026-04-20T15:28:11.459+08:00  INFO 10768 --- [logitrack-backend] [0.0-8080-exec-2] c.l.b.controller.MasterDataController    : GET /api/master/countries
2026-04-20T15:28:11.462+08:00 DEBUG 10768 --- [logitrack-backend] [0.0-8080-exec-2] org.hibernate.SQL                        : 
    select
        c1_0.id,
        c1_0.country_code,
        c1_0.country_name_cn,
        c1_0.country_name_en,
        c1_0.created_at,
        c1_0.is_active,
        c1_0.is_core,
        c1_0.updated_at 
    from
        country c1_0
Hibernate: 
    select
        c1_0.id,
        c1_0.country_code,
        c1_0.country_name_cn,
        c1_0.country_name_en,
        c1_0.created_at,
        c1_0.is_active,
        c1_0.is_core,
        c1_0.updated_at 
    from
        country c1_0
2026-04-20T15:28:17.293+08:00  INFO 10768 --- [logitrack-backend] [0.0-8080-exec-7] c.l.b.controller.EnquiryController       : GET /api/enquiries - page=0, size=10, keyword=null, status=null, product=null, cargo=null
2026-04-20T15:28:17.309+08:00 DEBUG 10768 --- [logitrack-backend] [0.0-8080-exec-7] org.hibernate.SQL                        : 
    select
        e1_0.id,
        e1_0.assigned_cn_office,
        e1_0.cancelled_reason,
        e1_0.cancelled_reason_text,
        e1_0.cargo_ready_date,
        e1_0.cargo_ready_date_details,
        e1_0.cargo_type_code,
        e1_0.category,
        e1_0.commodity,
        e1_0.core_non_core,
        e1_0.created_at,
        e1_0.created_by,
        e1_0.enquiry_created_date,
        e1_0.enquiry_received_date,
        e1_0.exw_location,
        e1_0.has_specific_cargo_ready_date,
        e1_0.hazardous_special_equipment,
        e1_0.is_oversize_cargo,
        e1_0.lost_reason,
        e1_0.lost_reason_text,
        e1_0.monthly_sequence,
        e1_0.offer_type,
        e1_0.pod_country,
        e1_0.pol_country,
        e1_0.product_abbr,
        e1_0.product_code,
        e1_0.quantity,
        e1_0.ref_number,
        e1_0.reference_month,
        e1_0.remark,
        e1_0.sales_country_code,
        e1_0.sales_office_id,
        e1_0.sales_pic_id,
        e1_0.serial_number,
        e1_0.status,
        e1_0.uom,
        e1_0.updated_at,
        e1_0.updated_by,
        e1_0.volume_cbm 
    from
        enquiry e1_0 
    order by
        e1_0.id desc 
    limit
        ?, ?
Hibernate: 
    select
        e1_0.id,
        e1_0.assigned_cn_office,
        e1_0.cancelled_reason,
        e1_0.cancelled_reason_text,
        e1_0.cargo_ready_date,
        e1_0.cargo_ready_date_details,
        e1_0.cargo_type_code,
        e1_0.category,
        e1_0.commodity,
        e1_0.core_non_core,
        e1_0.created_at,
        e1_0.created_by,
        e1_0.enquiry_created_date,
        e1_0.enquiry_received_date,
        e1_0.exw_location,
        e1_0.has_specific_cargo_ready_date,
        e1_0.hazardous_special_equipment,
        e1_0.is_oversize_cargo,
        e1_0.lost_reason,
        e1_0.lost_reason_text,
        e1_0.monthly_sequence,
        e1_0.offer_type,
        e1_0.pod_country,
        e1_0.pol_country,
        e1_0.product_abbr,
        e1_0.product_code,
        e1_0.quantity,
        e1_0.ref_number,
        e1_0.reference_month,
        e1_0.remark,
        e1_0.sales_country_code,
        e1_0.sales_office_id,
        e1_0.sales_pic_id,
        e1_0.serial_number,
        e1_0.status,
        e1_0.uom,
        e1_0.updated_at,
        e1_0.updated_by,
        e1_0.volume_cbm 
    from
        enquiry e1_0 
    order by
        e1_0.id desc 
    limit
        ?, ?
2026-04-20T15:28:17.319+08:00 DEBUG 10768 --- [logitrack-backend] [0.0-8080-exec-7] org.hibernate.SQL                        : 
    select
        count(e1_0.id) 
    from
        enquiry e1_0
Hibernate: 
    select
        count(e1_0.id) 
    from
        enquiry e1_0
2026-04-20T15:28:17.326+08:00 DEBUG 10768 --- [logitrack-backend] [0.0-8080-exec-7] org.hibernate.SQL                        : 
    select
        ep1_0.id,
        ep1_0.enquiry_id,
        ep1_0.port_id 
    from
        enquiry_pol ep1_0 
    where
        ep1_0.enquiry_id=?
Hibernate: 
    select
        ep1_0.id,
        ep1_0.enquiry_id,
        ep1_0.port_id 
    from
        enquiry_pol ep1_0 
    where
        ep1_0.enquiry_id=?
2026-04-20T15:28:17.328+08:00 DEBUG 10768 --- [logitrack-backend] [0.0-8080-exec-7] org.hibernate.SQL                        : 
    select
        ep1_0.id,
        ep1_0.enquiry_id,
        ep1_0.port_id 
    from
        enquiry_pod ep1_0 
    where
        ep1_0.enquiry_id=?
Hibernate: 
    select
        ep1_0.id,
        ep1_0.enquiry_id,
        ep1_0.port_id 
    from
        enquiry_pod ep1_0 
    where
        ep1_0.enquiry_id=?
2026-04-20T15:28:17.330+08:00 DEBUG 10768 --- [logitrack-backend] [0.0-8080-exec-7] org.hibernate.SQL                        : 
    select
        erg1_0.id,
        erg1_0.enquiry_id,
        erg1_0.group_index,
        erg1_0.sub_mode 
    from
        enquiry_route_group erg1_0 
    where
        erg1_0.enquiry_id=? 
    order by
        erg1_0.group_index
Hibernate: 
    select
        erg1_0.id,
        erg1_0.enquiry_id,
        erg1_0.group_index,
        erg1_0.sub_mode 
    from
        enquiry_route_group erg1_0 
    where
        erg1_0.enquiry_id=? 
    order by
        erg1_0.group_index
2026-04-20T15:28:17.333+08:00 DEBUG 10768 --- [logitrack-backend] [0.0-8080-exec-7] org.hibernate.SQL                        : 
    select
        ep1_0.id,
        ep1_0.enquiry_id,
        ep1_0.port_id 
    from
        enquiry_pol ep1_0 
    where
        ep1_0.enquiry_id=?
Hibernate: 
    select
        ep1_0.id,
        ep1_0.enquiry_id,
        ep1_0.port_id 
    from
        enquiry_pol ep1_0 
    where
        ep1_0.enquiry_id=?
2026-04-20T15:28:17.336+08:00 DEBUG 10768 --- [logitrack-backend] [0.0-8080-exec-7] org.hibernate.SQL                        : 
    select
        ep1_0.id,
        ep1_0.enquiry_id,
        ep1_0.port_id 
    from
        enquiry_pod ep1_0 
    where
        ep1_0.enquiry_id=?
Hibernate: 
    select
        ep1_0.id,
        ep1_0.enquiry_id,
        ep1_0.port_id 
    from
        enquiry_pod ep1_0 
    where
        ep1_0.enquiry_id=?
2026-04-20T15:28:17.338+08:00 DEBUG 10768 --- [logitrack-backend] [0.0-8080-exec-7] org.hibernate.SQL                        : 
    select
        erg1_0.id,
        erg1_0.enquiry_id,
        erg1_0.group_index,
        erg1_0.sub_mode 
    from
        enquiry_route_group erg1_0 
    where
        erg1_0.enquiry_id=? 
    order by
        erg1_0.group_index
Hibernate: 
    select
        erg1_0.id,
        erg1_0.enquiry_id,
        erg1_0.group_index,
        erg1_0.sub_mode 
    from
        enquiry_route_group erg1_0 
    where
        erg1_0.enquiry_id=? 
    order by
        erg1_0.group_index
2026-04-20T15:28:17.340+08:00 DEBUG 10768 --- [logitrack-backend] [0.0-8080-exec-7] org.hibernate.SQL                        : 
    select
        ep1_0.id,
        ep1_0.enquiry_id,
        ep1_0.port_id 
    from
        enquiry_pol ep1_0 
    where
        ep1_0.enquiry_id=?
Hibernate: 
    select
        ep1_0.id,
        ep1_0.enquiry_id,
        ep1_0.port_id 
    from
        enquiry_pol ep1_0 
    where
        ep1_0.enquiry_id=?
2026-04-20T15:28:17.343+08:00 DEBUG 10768 --- [logitrack-backend] [0.0-8080-exec-7] org.hibernate.SQL                        : 
    select
        ep1_0.id,
        ep1_0.enquiry_id,
        ep1_0.port_id 
    from
        enquiry_pod ep1_0 
    where
        ep1_0.enquiry_id=?
Hibernate: 
    select
        ep1_0.id,
        ep1_0.enquiry_id,
        ep1_0.port_id 
    from
        enquiry_pod ep1_0 
    where
        ep1_0.enquiry_id=?
2026-04-20T15:28:17.345+08:00 DEBUG 10768 --- [logitrack-backend] [0.0-8080-exec-7] org.hibernate.SQL                        : 
    select
        erg1_0.id,
        erg1_0.enquiry_id,
        erg1_0.group_index,
        erg1_0.sub_mode 
    from
        enquiry_route_group erg1_0 
    where
        erg1_0.enquiry_id=? 
    order by
        erg1_0.group_index
Hibernate: 
    select
        erg1_0.id,
        erg1_0.enquiry_id,
        erg1_0.group_index,
        erg1_0.sub_mode 
    from
        enquiry_route_group erg1_0 
    where
        erg1_0.enquiry_id=? 
    order by
        erg1_0.group_index
2026-04-20T15:28:17.347+08:00 DEBUG 10768 --- [logitrack-backend] [0.0-8080-exec-7] org.hibernate.SQL                        : 
    select
        ep1_0.id,
        ep1_0.enquiry_id,
        ep1_0.port_id 
    from
        enquiry_pol ep1_0 
    where
        ep1_0.enquiry_id=?
Hibernate: 
    select
        ep1_0.id,
        ep1_0.enquiry_id,
        ep1_0.port_id 
    from
        enquiry_pol ep1_0 
    where
        ep1_0.enquiry_id=?
2026-04-20T15:28:17.350+08:00 DEBUG 10768 --- [logitrack-backend] [0.0-8080-exec-7] org.hibernate.SQL                        : 
    select
        ep1_0.id,
        ep1_0.enquiry_id,
        ep1_0.port_id 
    from
        enquiry_pod ep1_0 
    where
        ep1_0.enquiry_id=?
Hibernate: 
    select
        ep1_0.id,
        ep1_0.enquiry_id,
        ep1_0.port_id 
    from
        enquiry_pod ep1_0 
    where
        ep1_0.enquiry_id=?
2026-04-20T15:28:17.352+08:00 DEBUG 10768 --- [logitrack-backend] [0.0-8080-exec-7] org.hibernate.SQL                        : 
    select
        erg1_0.id,
        erg1_0.enquiry_id,
        erg1_0.group_index,
        erg1_0.sub_mode 
    from
        enquiry_route_group erg1_0 
    where
        erg1_0.enquiry_id=? 
    order by
        erg1_0.group_index
Hibernate: 
    select
        erg1_0.id,
        erg1_0.enquiry_id,
        erg1_0.group_index,
        erg1_0.sub_mode 
    from
        enquiry_route_group erg1_0 
    where
        erg1_0.enquiry_id=? 
    order by
        erg1_0.group_index
2026-04-20T15:28:17.355+08:00 DEBUG 10768 --- [logitrack-backend] [0.0-8080-exec-7] org.hibernate.SQL                        : 
    select
        ep1_0.id,
        ep1_0.enquiry_id,
        ep1_0.port_id 
    from
        enquiry_pol ep1_0 
    where
        ep1_0.enquiry_id=?
Hibernate: 
    select
        ep1_0.id,
        ep1_0.enquiry_id,
        ep1_0.port_id 
    from
        enquiry_pol ep1_0 
    where
        ep1_0.enquiry_id=?
2026-04-20T15:28:17.357+08:00 DEBUG 10768 --- [logitrack-backend] [0.0-8080-exec-7] org.hibernate.SQL                        : 
    select
        ep1_0.id,
        ep1_0.enquiry_id,
        ep1_0.port_id 
    from
        enquiry_pod ep1_0 
    where
        ep1_0.enquiry_id=?
Hibernate: 
    select
        ep1_0.id,
        ep1_0.enquiry_id,
        ep1_0.port_id 
    from
        enquiry_pod ep1_0 
    where
        ep1_0.enquiry_id=?
2026-04-20T15:28:17.359+08:00 DEBUG 10768 --- [logitrack-backend] [0.0-8080-exec-7] org.hibernate.SQL                        : 
    select
        erg1_0.id,
        erg1_0.enquiry_id,
        erg1_0.group_index,
        erg1_0.sub_mode 
    from
        enquiry_route_group erg1_0 
    where
        erg1_0.enquiry_id=? 
    order by
        erg1_0.group_index
Hibernate: 
    select
        erg1_0.id,
        erg1_0.enquiry_id,
        erg1_0.group_index,
        erg1_0.sub_mode 
    from
        enquiry_route_group erg1_0 
    where
        erg1_0.enquiry_id=? 
    order by
        erg1_0.group_index
2026-04-20T15:28:17.362+08:00 DEBUG 10768 --- [logitrack-backend] [0.0-8080-exec-7] org.hibernate.SQL                        : 
    select
        ep1_0.id,
        ep1_0.enquiry_id,
        ep1_0.port_id 
    from
        enquiry_pol ep1_0 
    where
        ep1_0.enquiry_id=?
Hibernate: 
    select
        ep1_0.id,
        ep1_0.enquiry_id,
        ep1_0.port_id 
    from
        enquiry_pol ep1_0 
    where
        ep1_0.enquiry_id=?
2026-04-20T15:28:17.364+08:00 DEBUG 10768 --- [logitrack-backend] [0.0-8080-exec-7] org.hibernate.SQL                        : 
    select
        ep1_0.id,
        ep1_0.enquiry_id,
        ep1_0.port_id 
    from
        enquiry_pod ep1_0 
    where
        ep1_0.enquiry_id=?
Hibernate: 
    select
        ep1_0.id,
        ep1_0.enquiry_id,
        ep1_0.port_id 
    from
        enquiry_pod ep1_0 
    where
        ep1_0.enquiry_id=?
2026-04-20T15:28:17.367+08:00 DEBUG 10768 --- [logitrack-backend] [0.0-8080-exec-7] org.hibernate.SQL                        : 
    select
        erg1_0.id,
        erg1_0.enquiry_id,
        erg1_0.group_index,
        erg1_0.sub_mode 
    from
        enquiry_route_group erg1_0 
    where
        erg1_0.enquiry_id=? 
    order by
        erg1_0.group_index
Hibernate: 
    select
        erg1_0.id,
        erg1_0.enquiry_id,
        erg1_0.group_index,
        erg1_0.sub_mode 
    from
        enquiry_route_group erg1_0 
    where
        erg1_0.enquiry_id=? 
    order by
        erg1_0.group_index
2026-04-20T15:28:17.369+08:00 DEBUG 10768 --- [logitrack-backend] [0.0-8080-exec-7] org.hibernate.SQL                        : 
    select
        ep1_0.id,
        ep1_0.enquiry_id,
        ep1_0.port_id 
    from
        enquiry_pol ep1_0 
    where
        ep1_0.enquiry_id=?
Hibernate: 
    select
        ep1_0.id,
        ep1_0.enquiry_id,
        ep1_0.port_id 
    from
        enquiry_pol ep1_0 
    where
        ep1_0.enquiry_id=?
2026-04-20T15:28:17.372+08:00 DEBUG 10768 --- [logitrack-backend] [0.0-8080-exec-7] org.hibernate.SQL                        : 
    select
        ep1_0.id,
        ep1_0.enquiry_id,
        ep1_0.port_id 
    from
        enquiry_pod ep1_0 
    where
        ep1_0.enquiry_id=?
Hibernate: 
    select
        ep1_0.id,
        ep1_0.enquiry_id,
        ep1_0.port_id 
    from
        enquiry_pod ep1_0 
    where
        ep1_0.enquiry_id=?
2026-04-20T15:28:17.374+08:00 DEBUG 10768 --- [logitrack-backend] [0.0-8080-exec-7] org.hibernate.SQL                        : 
    select
        erg1_0.id,
        erg1_0.enquiry_id,
        erg1_0.group_index,
        erg1_0.sub_mode 
    from
        enquiry_route_group erg1_0 
    where
        erg1_0.enquiry_id=? 
    order by
        erg1_0.group_index
Hibernate: 
    select
        erg1_0.id,
        erg1_0.enquiry_id,
        erg1_0.group_index,
        erg1_0.sub_mode 
    from
        enquiry_route_group erg1_0 
    where
        erg1_0.enquiry_id=? 
    order by
        erg1_0.group_index
2026-04-20T15:28:17.377+08:00 DEBUG 10768 --- [logitrack-backend] [0.0-8080-exec-7] org.hibernate.SQL                        : 
    select
        ep1_0.id,
        ep1_0.enquiry_id,
        ep1_0.port_id 
    from
        enquiry_pol ep1_0 
    where
        ep1_0.enquiry_id=?
Hibernate: 
    select
        ep1_0.id,
        ep1_0.enquiry_id,
        ep1_0.port_id 
    from
        enquiry_pol ep1_0 
    where
        ep1_0.enquiry_id=?
2026-04-20T15:28:17.379+08:00 DEBUG 10768 --- [logitrack-backend] [0.0-8080-exec-7] org.hibernate.SQL                        : 
    select
        ep1_0.id,
        ep1_0.enquiry_id,
        ep1_0.port_id 
    from
        enquiry_pod ep1_0 
    where
        ep1_0.enquiry_id=?
Hibernate: 
    select
        ep1_0.id,
        ep1_0.enquiry_id,
        ep1_0.port_id 
    from
        enquiry_pod ep1_0 
    where
        ep1_0.enquiry_id=?
2026-04-20T15:28:17.381+08:00 DEBUG 10768 --- [logitrack-backend] [0.0-8080-exec-7] org.hibernate.SQL                        : 
    select
        erg1_0.id,
        erg1_0.enquiry_id,
        erg1_0.group_index,
        erg1_0.sub_mode 
    from
        enquiry_route_group erg1_0 
    where
        erg1_0.enquiry_id=? 
    order by
        erg1_0.group_index
Hibernate: 
    select
        erg1_0.id,
        erg1_0.enquiry_id,
        erg1_0.group_index,
        erg1_0.sub_mode 
    from
        enquiry_route_group erg1_0 
    where
        erg1_0.enquiry_id=? 
    order by
        erg1_0.group_index
2026-04-20T15:28:17.383+08:00 DEBUG 10768 --- [logitrack-backend] [0.0-8080-exec-7] org.hibernate.SQL                        : 
    select
        ep1_0.id,
        ep1_0.enquiry_id,
        ep1_0.port_id 
    from
        enquiry_pol ep1_0 
    where
        ep1_0.enquiry_id=?
Hibernate: 
    select
        ep1_0.id,
        ep1_0.enquiry_id,
        ep1_0.port_id 
    from
        enquiry_pol ep1_0 
    where
        ep1_0.enquiry_id=?
2026-04-20T15:28:17.385+08:00 DEBUG 10768 --- [logitrack-backend] [0.0-8080-exec-7] org.hibernate.SQL                        : 
    select
        ep1_0.id,
        ep1_0.enquiry_id,
        ep1_0.port_id 
    from
        enquiry_pod ep1_0 
    where
        ep1_0.enquiry_id=?
Hibernate: 
    select
        ep1_0.id,
        ep1_0.enquiry_id,
        ep1_0.port_id 
    from
        enquiry_pod ep1_0 
    where
        ep1_0.enquiry_id=?
2026-04-20T15:28:17.388+08:00 DEBUG 10768 --- [logitrack-backend] [0.0-8080-exec-7] org.hibernate.SQL                        : 
    select
        erg1_0.id,
        erg1_0.enquiry_id,
        erg1_0.group_index,
        erg1_0.sub_mode 
    from
        enquiry_route_group erg1_0 
    where
        erg1_0.enquiry_id=? 
    order by
        erg1_0.group_index
Hibernate: 
    select
        erg1_0.id,
        erg1_0.enquiry_id,
        erg1_0.group_index,
        erg1_0.sub_mode 
    from
        enquiry_route_group erg1_0 
    where
        erg1_0.enquiry_id=? 
    order by
        erg1_0.group_index
2026-04-20T15:28:17.390+08:00 DEBUG 10768 --- [logitrack-backend] [0.0-8080-exec-7] org.hibernate.SQL                        : 
    select
        ep1_0.id,
        ep1_0.enquiry_id,
        ep1_0.port_id 
    from
        enquiry_pol ep1_0 
    where
        ep1_0.enquiry_id=?
Hibernate: 
    select
        ep1_0.id,
        ep1_0.enquiry_id,
        ep1_0.port_id 
    from
        enquiry_pol ep1_0 
    where
        ep1_0.enquiry_id=?
2026-04-20T15:28:17.393+08:00 DEBUG 10768 --- [logitrack-backend] [0.0-8080-exec-7] org.hibernate.SQL                        : 
    select
        ep1_0.id,
        ep1_0.enquiry_id,
        ep1_0.port_id 
    from
        enquiry_pod ep1_0 
    where
        ep1_0.enquiry_id=?
Hibernate: 
    select
        ep1_0.id,
        ep1_0.enquiry_id,
        ep1_0.port_id 
    from
        enquiry_pod ep1_0 
    where
        ep1_0.enquiry_id=?
2026-04-20T15:28:17.395+08:00 DEBUG 10768 --- [logitrack-backend] [0.0-8080-exec-7] org.hibernate.SQL                        : 
    select
        erg1_0.id,
        erg1_0.enquiry_id,
        erg1_0.group_index,
        erg1_0.sub_mode 
    from
        enquiry_route_group erg1_0 
    where
        erg1_0.enquiry_id=? 
    order by
        erg1_0.group_index
Hibernate: 
    select
        erg1_0.id,
        erg1_0.enquiry_id,
        erg1_0.group_index,
        erg1_0.sub_mode 
    from
        enquiry_route_group erg1_0 
    where
        erg1_0.enquiry_id=? 
    order by
        erg1_0.group_index
2026-04-20T15:28:17.397+08:00 DEBUG 10768 --- [logitrack-backend] [0.0-8080-exec-7] org.hibernate.SQL                        : 
    select
        o1_0.enquiry_id,
        o1_0.id,
        o1_0.container_currency,
        o1_0.created_at,
        o1_0.is_latest,
        o1_0.local_charge_currency,
        o1_0.offer_date,
        o1_0.offer_type,
        o1_0.remark,
        o1_0.sequence_no,
        o1_0.updated_at 
    from
        offer o1_0 
    where
        o1_0.enquiry_id=?
Hibernate: 
    select
        o1_0.enquiry_id,
        o1_0.id,
        o1_0.container_currency,
        o1_0.created_at,
        o1_0.is_latest,
        o1_0.local_charge_currency,
        o1_0.offer_date,
        o1_0.offer_type,
        o1_0.remark,
        o1_0.sequence_no,
        o1_0.updated_at 
    from
        offer o1_0 
    where
        o1_0.enquiry_id=?
2026-04-20T15:28:17.399+08:00 DEBUG 10768 --- [logitrack-backend] [0.0-8080-exec-7] org.hibernate.SQL                        : 
    select
        cr1_0.enquiry_id,
        cr1_0.id,
        cr1_0.cntr_type_code,
        cr1_0.cntr_type_id,
        cr1_0.container_code,
        cr1_0.container_qty,
        cr1_0.container_type_id,
        cr1_0.created_at,
        cr1_0.extra_container_weights,
        cr1_0.extra_containers,
        cr1_0.line_teu,
        cr1_0.qty_20,
        cr1_0.qty_40,
        cr1_0.qty_40hq,
        cr1_0.qty_45,
        cr1_0.raw_text,
        cr1_0.teu_per_unit,
        cr1_0.weight_20,
        cr1_0.weight_40,
        cr1_0.weight_40hq,
        cr1_0.weight_45 
    from
        enquiry_container_line cr1_0 
    where
        cr1_0.enquiry_id=?
Hibernate: 
    select
        cr1_0.enquiry_id,
        cr1_0.id,
        cr1_0.cntr_type_code,
        cr1_0.cntr_type_id,
        cr1_0.container_code,
        cr1_0.container_qty,
        cr1_0.container_type_id,
        cr1_0.created_at,
        cr1_0.extra_container_weights,
        cr1_0.extra_containers,
        cr1_0.line_teu,
        cr1_0.qty_20,
        cr1_0.qty_40,
        cr1_0.qty_40hq,
        cr1_0.qty_45,
        cr1_0.raw_text,
        cr1_0.teu_per_unit,
        cr1_0.weight_20,
        cr1_0.weight_40,
        cr1_0.weight_40hq,
        cr1_0.weight_45 
    from
        enquiry_container_line cr1_0 
    where
        cr1_0.enquiry_id=?
2026-04-20T15:28:17.401+08:00 DEBUG 10768 --- [logitrack-backend] [0.0-8080-exec-7] org.hibernate.SQL                        : 
    select
        o1_0.enquiry_id,
        o1_0.id,
        o1_0.container_currency,
        o1_0.created_at,
        o1_0.is_latest,
        o1_0.local_charge_currency,
        o1_0.offer_date,
        o1_0.offer_type,
        o1_0.remark,
        o1_0.sequence_no,
        o1_0.updated_at 
    from
        offer o1_0 
    where
        o1_0.enquiry_id=?
Hibernate: 
    select
        o1_0.enquiry_id,
        o1_0.id,
        o1_0.container_currency,
        o1_0.created_at,
        o1_0.is_latest,
        o1_0.local_charge_currency,
        o1_0.offer_date,
        o1_0.offer_type,
        o1_0.remark,
        o1_0.sequence_no,
        o1_0.updated_at 
    from
        offer o1_0 
    where
        o1_0.enquiry_id=?
2026-04-20T15:28:17.403+08:00 DEBUG 10768 --- [logitrack-backend] [0.0-8080-exec-7] org.hibernate.SQL                        : 
    select
        cr1_0.enquiry_id,
        cr1_0.id,
        cr1_0.cntr_type_code,
        cr1_0.cntr_type_id,
        cr1_0.container_code,
        cr1_0.container_qty,
        cr1_0.container_type_id,
        cr1_0.created_at,
        cr1_0.extra_container_weights,
        cr1_0.extra_containers,
        cr1_0.line_teu,
        cr1_0.qty_20,
        cr1_0.qty_40,
        cr1_0.qty_40hq,
        cr1_0.qty_45,
        cr1_0.raw_text,
        cr1_0.teu_per_unit,
        cr1_0.weight_20,
        cr1_0.weight_40,
        cr1_0.weight_40hq,
        cr1_0.weight_45 
    from
        enquiry_container_line cr1_0 
    where
        cr1_0.enquiry_id=?
Hibernate: 
    select
        cr1_0.enquiry_id,
        cr1_0.id,
        cr1_0.cntr_type_code,
        cr1_0.cntr_type_id,
        cr1_0.container_code,
        cr1_0.container_qty,
        cr1_0.container_type_id,
        cr1_0.created_at,
        cr1_0.extra_container_weights,
        cr1_0.extra_containers,
        cr1_0.line_teu,
        cr1_0.qty_20,
        cr1_0.qty_40,
        cr1_0.qty_40hq,
        cr1_0.qty_45,
        cr1_0.raw_text,
        cr1_0.teu_per_unit,
        cr1_0.weight_20,
        cr1_0.weight_40,
        cr1_0.weight_40hq,
        cr1_0.weight_45 
    from
        enquiry_container_line cr1_0 
    where
        cr1_0.enquiry_id=?
2026-04-20T15:28:17.405+08:00 DEBUG 10768 --- [logitrack-backend] [0.0-8080-exec-7] org.hibernate.SQL                        : 
    select
        o1_0.enquiry_id,
        o1_0.id,
        o1_0.container_currency,
        o1_0.created_at,
        o1_0.is_latest,
        o1_0.local_charge_currency,
        o1_0.offer_date,
        o1_0.offer_type,
        o1_0.remark,
        o1_0.sequence_no,
        o1_0.updated_at 
    from
        offer o1_0 
    where
        o1_0.enquiry_id=?
Hibernate: 
    select
        o1_0.enquiry_id,
        o1_0.id,
        o1_0.container_currency,
        o1_0.created_at,
        o1_0.is_latest,
        o1_0.local_charge_currency,
        o1_0.offer_date,
        o1_0.offer_type,
        o1_0.remark,
        o1_0.sequence_no,
        o1_0.updated_at 
    from
        offer o1_0 
    where
        o1_0.enquiry_id=?
2026-04-20T15:28:17.407+08:00 DEBUG 10768 --- [logitrack-backend] [0.0-8080-exec-7] org.hibernate.SQL                        : 
    select
        cr1_0.enquiry_id,
        cr1_0.id,
        cr1_0.cntr_type_code,
        cr1_0.cntr_type_id,
        cr1_0.container_code,
        cr1_0.container_qty,
        cr1_0.container_type_id,
        cr1_0.created_at,
        cr1_0.extra_container_weights,
        cr1_0.extra_containers,
        cr1_0.line_teu,
        cr1_0.qty_20,
        cr1_0.qty_40,
        cr1_0.qty_40hq,
        cr1_0.qty_45,
        cr1_0.raw_text,
        cr1_0.teu_per_unit,
        cr1_0.weight_20,
        cr1_0.weight_40,
        cr1_0.weight_40hq,
        cr1_0.weight_45 
    from
        enquiry_container_line cr1_0 
    where
        cr1_0.enquiry_id=?
Hibernate: 
    select
        cr1_0.enquiry_id,
        cr1_0.id,
        cr1_0.cntr_type_code,
        cr1_0.cntr_type_id,
        cr1_0.container_code,
        cr1_0.container_qty,
        cr1_0.container_type_id,
        cr1_0.created_at,
        cr1_0.extra_container_weights,
        cr1_0.extra_containers,
        cr1_0.line_teu,
        cr1_0.qty_20,
        cr1_0.qty_40,
        cr1_0.qty_40hq,
        cr1_0.qty_45,
        cr1_0.raw_text,
        cr1_0.teu_per_unit,
        cr1_0.weight_20,
        cr1_0.weight_40,
        cr1_0.weight_40hq,
        cr1_0.weight_45 
    from
        enquiry_container_line cr1_0 
    where
        cr1_0.enquiry_id=?
2026-04-20T15:28:17.409+08:00 DEBUG 10768 --- [logitrack-backend] [0.0-8080-exec-7] org.hibernate.SQL                        : 
    select
        o1_0.enquiry_id,
        o1_0.id,
        o1_0.container_currency,
        o1_0.created_at,
        o1_0.is_latest,
        o1_0.local_charge_currency,
        o1_0.offer_date,
        o1_0.offer_type,
        o1_0.remark,
        o1_0.sequence_no,
        o1_0.updated_at 
    from
        offer o1_0 
    where
        o1_0.enquiry_id=?
Hibernate: 
    select
        o1_0.enquiry_id,
        o1_0.id,
        o1_0.container_currency,
        o1_0.created_at,
        o1_0.is_latest,
        o1_0.local_charge_currency,
        o1_0.offer_date,
        o1_0.offer_type,
        o1_0.remark,
        o1_0.sequence_no,
        o1_0.updated_at 
    from
        offer o1_0 
    where
        o1_0.enquiry_id=?
2026-04-20T15:28:17.411+08:00 DEBUG 10768 --- [logitrack-backend] [0.0-8080-exec-7] org.hibernate.SQL                        : 
    select
        cr1_0.enquiry_id,
        cr1_0.id,
        cr1_0.cntr_type_code,
        cr1_0.cntr_type_id,
        cr1_0.container_code,
        cr1_0.container_qty,
        cr1_0.container_type_id,
        cr1_0.created_at,
        cr1_0.extra_container_weights,
        cr1_0.extra_containers,
        cr1_0.line_teu,
        cr1_0.qty_20,
        cr1_0.qty_40,
        cr1_0.qty_40hq,
        cr1_0.qty_45,
        cr1_0.raw_text,
        cr1_0.teu_per_unit,
        cr1_0.weight_20,
        cr1_0.weight_40,
        cr1_0.weight_40hq,
        cr1_0.weight_45 
    from
        enquiry_container_line cr1_0 
    where
        cr1_0.enquiry_id=?
Hibernate: 
    select
        cr1_0.enquiry_id,
        cr1_0.id,
        cr1_0.cntr_type_code,
        cr1_0.cntr_type_id,
        cr1_0.container_code,
        cr1_0.container_qty,
        cr1_0.container_type_id,
        cr1_0.created_at,
        cr1_0.extra_container_weights,
        cr1_0.extra_containers,
        cr1_0.line_teu,
        cr1_0.qty_20,
        cr1_0.qty_40,
        cr1_0.qty_40hq,
        cr1_0.qty_45,
        cr1_0.raw_text,
        cr1_0.teu_per_unit,
        cr1_0.weight_20,
        cr1_0.weight_40,
        cr1_0.weight_40hq,
        cr1_0.weight_45 
    from
        enquiry_container_line cr1_0 
    where
        cr1_0.enquiry_id=?
2026-04-20T15:28:17.412+08:00 DEBUG 10768 --- [logitrack-backend] [0.0-8080-exec-7] org.hibernate.SQL                        : 
    select
        o1_0.enquiry_id,
        o1_0.id,
        o1_0.container_currency,
        o1_0.created_at,
        o1_0.is_latest,
        o1_0.local_charge_currency,
        o1_0.offer_date,
        o1_0.offer_type,
        o1_0.remark,
        o1_0.sequence_no,
        o1_0.updated_at 
    from
        offer o1_0 
    where
        o1_0.enquiry_id=?
Hibernate: 
    select
        o1_0.enquiry_id,
        o1_0.id,
        o1_0.container_currency,
        o1_0.created_at,
        o1_0.is_latest,
        o1_0.local_charge_currency,
        o1_0.offer_date,
        o1_0.offer_type,
        o1_0.remark,
        o1_0.sequence_no,
        o1_0.updated_at 
    from
        offer o1_0 
    where
        o1_0.enquiry_id=?
2026-04-20T15:28:17.414+08:00 DEBUG 10768 --- [logitrack-backend] [0.0-8080-exec-7] org.hibernate.SQL                        : 
    select
        cr1_0.enquiry_id,
        cr1_0.id,
        cr1_0.cntr_type_code,
        cr1_0.cntr_type_id,
        cr1_0.container_code,
        cr1_0.container_qty,
        cr1_0.container_type_id,
        cr1_0.created_at,
        cr1_0.extra_container_weights,
        cr1_0.extra_containers,
        cr1_0.line_teu,
        cr1_0.qty_20,
        cr1_0.qty_40,
        cr1_0.qty_40hq,
        cr1_0.qty_45,
        cr1_0.raw_text,
        cr1_0.teu_per_unit,
        cr1_0.weight_20,
        cr1_0.weight_40,
        cr1_0.weight_40hq,
        cr1_0.weight_45 
    from
        enquiry_container_line cr1_0 
    where
        cr1_0.enquiry_id=?
Hibernate: 
    select
        cr1_0.enquiry_id,
        cr1_0.id,
        cr1_0.cntr_type_code,
        cr1_0.cntr_type_id,
        cr1_0.container_code,
        cr1_0.container_qty,
        cr1_0.container_type_id,
        cr1_0.created_at,
        cr1_0.extra_container_weights,
        cr1_0.extra_containers,
        cr1_0.line_teu,
        cr1_0.qty_20,
        cr1_0.qty_40,
        cr1_0.qty_40hq,
        cr1_0.qty_45,
        cr1_0.raw_text,
        cr1_0.teu_per_unit,
        cr1_0.weight_20,
        cr1_0.weight_40,
        cr1_0.weight_40hq,
        cr1_0.weight_45 
    from
        enquiry_container_line cr1_0 
    where
        cr1_0.enquiry_id=?
2026-04-20T15:28:17.416+08:00 DEBUG 10768 --- [logitrack-backend] [0.0-8080-exec-7] org.hibernate.SQL                        : 
    select
        o1_0.enquiry_id,
        o1_0.id,
        o1_0.container_currency,
        o1_0.created_at,
        o1_0.is_latest,
        o1_0.local_charge_currency,
        o1_0.offer_date,
        o1_0.offer_type,
        o1_0.remark,
        o1_0.sequence_no,
        o1_0.updated_at 
    from
        offer o1_0 
    where
        o1_0.enquiry_id=?
Hibernate: 
    select
        o1_0.enquiry_id,
        o1_0.id,
        o1_0.container_currency,
        o1_0.created_at,
        o1_0.is_latest,
        o1_0.local_charge_currency,
        o1_0.offer_date,
        o1_0.offer_type,
        o1_0.remark,
        o1_0.sequence_no,
        o1_0.updated_at 
    from
        offer o1_0 
    where
        o1_0.enquiry_id=?
2026-04-20T15:28:17.418+08:00 DEBUG 10768 --- [logitrack-backend] [0.0-8080-exec-7] org.hibernate.SQL                        : 
    select
        cr1_0.enquiry_id,
        cr1_0.id,
        cr1_0.cntr_type_code,
        cr1_0.cntr_type_id,
        cr1_0.container_code,
        cr1_0.container_qty,
        cr1_0.container_type_id,
        cr1_0.created_at,
        cr1_0.extra_container_weights,
        cr1_0.extra_containers,
        cr1_0.line_teu,
        cr1_0.qty_20,
        cr1_0.qty_40,
        cr1_0.qty_40hq,
        cr1_0.qty_45,
        cr1_0.raw_text,
        cr1_0.teu_per_unit,
        cr1_0.weight_20,
        cr1_0.weight_40,
        cr1_0.weight_40hq,
        cr1_0.weight_45 
    from
        enquiry_container_line cr1_0 
    where
        cr1_0.enquiry_id=?
Hibernate: 
    select
        cr1_0.enquiry_id,
        cr1_0.id,
        cr1_0.cntr_type_code,
        cr1_0.cntr_type_id,
        cr1_0.container_code,
        cr1_0.container_qty,
        cr1_0.container_type_id,
        cr1_0.created_at,
        cr1_0.extra_container_weights,
        cr1_0.extra_containers,
        cr1_0.line_teu,
        cr1_0.qty_20,
        cr1_0.qty_40,
        cr1_0.qty_40hq,
        cr1_0.qty_45,
        cr1_0.raw_text,
        cr1_0.teu_per_unit,
        cr1_0.weight_20,
        cr1_0.weight_40,
        cr1_0.weight_40hq,
        cr1_0.weight_45 
    from
        enquiry_container_line cr1_0 
    where
        cr1_0.enquiry_id=?
2026-04-20T15:28:17.420+08:00 DEBUG 10768 --- [logitrack-backend] [0.0-8080-exec-7] org.hibernate.SQL                        : 
    select
        o1_0.enquiry_id,
        o1_0.id,
        o1_0.container_currency,
        o1_0.created_at,
        o1_0.is_latest,
        o1_0.local_charge_currency,
        o1_0.offer_date,
        o1_0.offer_type,
        o1_0.remark,
        o1_0.sequence_no,
        o1_0.updated_at 
    from
        offer o1_0 
    where
        o1_0.enquiry_id=?
Hibernate: 
    select
        o1_0.enquiry_id,
        o1_0.id,
        o1_0.container_currency,
        o1_0.created_at,
        o1_0.is_latest,
        o1_0.local_charge_currency,
        o1_0.offer_date,
        o1_0.offer_type,
        o1_0.remark,
        o1_0.sequence_no,
        o1_0.updated_at 
    from
        offer o1_0 
    where
        o1_0.enquiry_id=?
2026-04-20T15:28:17.422+08:00 DEBUG 10768 --- [logitrack-backend] [0.0-8080-exec-7] org.hibernate.SQL                        : 
    select
        cr1_0.enquiry_id,
        cr1_0.id,
        cr1_0.cntr_type_code,
        cr1_0.cntr_type_id,
        cr1_0.container_code,
        cr1_0.container_qty,
        cr1_0.container_type_id,
        cr1_0.created_at,
        cr1_0.extra_container_weights,
        cr1_0.extra_containers,
        cr1_0.line_teu,
        cr1_0.qty_20,
        cr1_0.qty_40,
        cr1_0.qty_40hq,
        cr1_0.qty_45,
        cr1_0.raw_text,
        cr1_0.teu_per_unit,
        cr1_0.weight_20,
        cr1_0.weight_40,
        cr1_0.weight_40hq,
        cr1_0.weight_45 
    from
        enquiry_container_line cr1_0 
    where
        cr1_0.enquiry_id=?
Hibernate: 
    select
        cr1_0.enquiry_id,
        cr1_0.id,
        cr1_0.cntr_type_code,
        cr1_0.cntr_type_id,
        cr1_0.container_code,
        cr1_0.container_qty,
        cr1_0.container_type_id,
        cr1_0.created_at,
        cr1_0.extra_container_weights,
        cr1_0.extra_containers,
        cr1_0.line_teu,
        cr1_0.qty_20,
        cr1_0.qty_40,
        cr1_0.qty_40hq,
        cr1_0.qty_45,
        cr1_0.raw_text,
        cr1_0.teu_per_unit,
        cr1_0.weight_20,
        cr1_0.weight_40,
        cr1_0.weight_40hq,
        cr1_0.weight_45 
    from
        enquiry_container_line cr1_0 
    where
        cr1_0.enquiry_id=?
2026-04-20T15:28:17.424+08:00 DEBUG 10768 --- [logitrack-backend] [0.0-8080-exec-7] org.hibernate.SQL                        : 
    select
        o1_0.enquiry_id,
        o1_0.id,
        o1_0.container_currency,
        o1_0.created_at,
        o1_0.is_latest,
        o1_0.local_charge_currency,
        o1_0.offer_date,
        o1_0.offer_type,
        o1_0.remark,
        o1_0.sequence_no,
        o1_0.updated_at 
    from
        offer o1_0 
    where
        o1_0.enquiry_id=?
Hibernate: 
    select
        o1_0.enquiry_id,
        o1_0.id,
        o1_0.container_currency,
        o1_0.created_at,
        o1_0.is_latest,
        o1_0.local_charge_currency,
        o1_0.offer_date,
        o1_0.offer_type,
        o1_0.remark,
        o1_0.sequence_no,
        o1_0.updated_at 
    from
        offer o1_0 
    where
        o1_0.enquiry_id=?
2026-04-20T15:28:17.426+08:00 DEBUG 10768 --- [logitrack-backend] [0.0-8080-exec-7] org.hibernate.SQL                        : 
    select
        cr1_0.enquiry_id,
        cr1_0.id,
        cr1_0.cntr_type_code,
        cr1_0.cntr_type_id,
        cr1_0.container_code,
        cr1_0.container_qty,
        cr1_0.container_type_id,
        cr1_0.created_at,
        cr1_0.extra_container_weights,
        cr1_0.extra_containers,
        cr1_0.line_teu,
        cr1_0.qty_20,
        cr1_0.qty_40,
        cr1_0.qty_40hq,
        cr1_0.qty_45,
        cr1_0.raw_text,
        cr1_0.teu_per_unit,
        cr1_0.weight_20,
        cr1_0.weight_40,
        cr1_0.weight_40hq,
        cr1_0.weight_45 
    from
        enquiry_container_line cr1_0 
    where
        cr1_0.enquiry_id=?
Hibernate: 
    select
        cr1_0.enquiry_id,
        cr1_0.id,
        cr1_0.cntr_type_code,
        cr1_0.cntr_type_id,
        cr1_0.container_code,
        cr1_0.container_qty,
        cr1_0.container_type_id,
        cr1_0.created_at,
        cr1_0.extra_container_weights,
        cr1_0.extra_containers,
        cr1_0.line_teu,
        cr1_0.qty_20,
        cr1_0.qty_40,
        cr1_0.qty_40hq,
        cr1_0.qty_45,
        cr1_0.raw_text,
        cr1_0.teu_per_unit,
        cr1_0.weight_20,
        cr1_0.weight_40,
        cr1_0.weight_40hq,
        cr1_0.weight_45 
    from
        enquiry_container_line cr1_0 
    where
        cr1_0.enquiry_id=?
2026-04-20T15:28:17.428+08:00 DEBUG 10768 --- [logitrack-backend] [0.0-8080-exec-7] org.hibernate.SQL                        : 
    select
        o1_0.enquiry_id,
        o1_0.id,
        o1_0.container_currency,
        o1_0.created_at,
        o1_0.is_latest,
        o1_0.local_charge_currency,
        o1_0.offer_date,
        o1_0.offer_type,
        o1_0.remark,
        o1_0.sequence_no,
        o1_0.updated_at 
    from
        offer o1_0 
    where
        o1_0.enquiry_id=?
Hibernate: 
    select
        o1_0.enquiry_id,
        o1_0.id,
        o1_0.container_currency,
        o1_0.created_at,
        o1_0.is_latest,
        o1_0.local_charge_currency,
        o1_0.offer_date,
        o1_0.offer_type,
        o1_0.remark,
        o1_0.sequence_no,
        o1_0.updated_at 
    from
        offer o1_0 
    where
        o1_0.enquiry_id=?
2026-04-20T15:28:17.430+08:00 DEBUG 10768 --- [logitrack-backend] [0.0-8080-exec-7] org.hibernate.SQL                        : 
    select
        cr1_0.enquiry_id,
        cr1_0.id,
        cr1_0.cntr_type_code,
        cr1_0.cntr_type_id,
        cr1_0.container_code,
        cr1_0.container_qty,
        cr1_0.container_type_id,
        cr1_0.created_at,
        cr1_0.extra_container_weights,
        cr1_0.extra_containers,
        cr1_0.line_teu,
        cr1_0.qty_20,
        cr1_0.qty_40,
        cr1_0.qty_40hq,
        cr1_0.qty_45,
        cr1_0.raw_text,
        cr1_0.teu_per_unit,
        cr1_0.weight_20,
        cr1_0.weight_40,
        cr1_0.weight_40hq,
        cr1_0.weight_45 
    from
        enquiry_container_line cr1_0 
    where
        cr1_0.enquiry_id=?
Hibernate: 
    select
        cr1_0.enquiry_id,
        cr1_0.id,
        cr1_0.cntr_type_code,
        cr1_0.cntr_type_id,
        cr1_0.container_code,
        cr1_0.container_qty,
        cr1_0.container_type_id,
        cr1_0.created_at,
        cr1_0.extra_container_weights,
        cr1_0.extra_containers,
        cr1_0.line_teu,
        cr1_0.qty_20,
        cr1_0.qty_40,
        cr1_0.qty_40hq,
        cr1_0.qty_45,
        cr1_0.raw_text,
        cr1_0.teu_per_unit,
        cr1_0.weight_20,
        cr1_0.weight_40,
        cr1_0.weight_40hq,
        cr1_0.weight_45 
    from
        enquiry_container_line cr1_0 
    where
        cr1_0.enquiry_id=?
2026-04-20T15:28:17.432+08:00 DEBUG 10768 --- [logitrack-backend] [0.0-8080-exec-7] org.hibernate.SQL                        : 
    select
        o1_0.enquiry_id,
        o1_0.id,
        o1_0.container_currency,
        o1_0.created_at,
        o1_0.is_latest,
        o1_0.local_charge_currency,
        o1_0.offer_date,
        o1_0.offer_type,
        o1_0.remark,
        o1_0.sequence_no,
        o1_0.updated_at 
    from
        offer o1_0 
    where
        o1_0.enquiry_id=?
Hibernate: 
    select
        o1_0.enquiry_id,
        o1_0.id,
        o1_0.container_currency,
        o1_0.created_at,
        o1_0.is_latest,
        o1_0.local_charge_currency,
        o1_0.offer_date,
        o1_0.offer_type,
        o1_0.remark,
        o1_0.sequence_no,
        o1_0.updated_at 
    from
        offer o1_0 
    where
        o1_0.enquiry_id=?
2026-04-20T15:28:17.434+08:00 DEBUG 10768 --- [logitrack-backend] [0.0-8080-exec-7] org.hibernate.SQL                        : 
    select
        cr1_0.enquiry_id,
        cr1_0.id,
        cr1_0.cntr_type_code,
        cr1_0.cntr_type_id,
        cr1_0.container_code,
        cr1_0.container_qty,
        cr1_0.container_type_id,
        cr1_0.created_at,
        cr1_0.extra_container_weights,
        cr1_0.extra_containers,
        cr1_0.line_teu,
        cr1_0.qty_20,
        cr1_0.qty_40,
        cr1_0.qty_40hq,
        cr1_0.qty_45,
        cr1_0.raw_text,
        cr1_0.teu_per_unit,
        cr1_0.weight_20,
        cr1_0.weight_40,
        cr1_0.weight_40hq,
        cr1_0.weight_45 
    from
        enquiry_container_line cr1_0 
    where
        cr1_0.enquiry_id=?
Hibernate: 
    select
        cr1_0.enquiry_id,
        cr1_0.id,
        cr1_0.cntr_type_code,
        cr1_0.cntr_type_id,
        cr1_0.container_code,
        cr1_0.container_qty,
        cr1_0.container_type_id,
        cr1_0.created_at,
        cr1_0.extra_container_weights,
        cr1_0.extra_containers,
        cr1_0.line_teu,
        cr1_0.qty_20,
        cr1_0.qty_40,
        cr1_0.qty_40hq,
        cr1_0.qty_45,
        cr1_0.raw_text,
        cr1_0.teu_per_unit,
        cr1_0.weight_20,
        cr1_0.weight_40,
        cr1_0.weight_40hq,
        cr1_0.weight_45 
    from
        enquiry_container_line cr1_0 
    where
        cr1_0.enquiry_id=?
2026-04-20T15:28:18.102+08:00  INFO 10768 --- [logitrack-backend] [0.0-8080-exec-5] c.l.b.controller.EnquiryController       : GET /api/enquiries - page=0, size=10, keyword=null, status=null, product=null, cargo=null
2026-04-20T15:28:18.118+08:00 DEBUG 10768 --- [logitrack-backend] [0.0-8080-exec-5] org.hibernate.SQL                        : 
    select
        e1_0.id,
        e1_0.assigned_cn_office,
        e1_0.cancelled_reason,
        e1_0.cancelled_reason_text,
        e1_0.cargo_ready_date,
        e1_0.cargo_ready_date_details,
        e1_0.cargo_type_code,
        e1_0.category,
        e1_0.commodity,
        e1_0.core_non_core,
        e1_0.created_at,
        e1_0.created_by,
        e1_0.enquiry_created_date,
        e1_0.enquiry_received_date,
        e1_0.exw_location,
        e1_0.has_specific_cargo_ready_date,
        e1_0.hazardous_special_equipment,
        e1_0.is_oversize_cargo,
        e1_0.lost_reason,
        e1_0.lost_reason_text,
        e1_0.monthly_sequence,
        e1_0.offer_type,
        e1_0.pod_country,
        e1_0.pol_country,
        e1_0.product_abbr,
        e1_0.product_code,
        e1_0.quantity,
        e1_0.ref_number,
        e1_0.reference_month,
        e1_0.remark,
        e1_0.sales_country_code,
        e1_0.sales_office_id,
        e1_0.sales_pic_id,
        e1_0.serial_number,
        e1_0.status,
        e1_0.uom,
        e1_0.updated_at,
        e1_0.updated_by,
        e1_0.volume_cbm 
    from
        enquiry e1_0 
    order by
        e1_0.id desc 
    limit
        ?, ?
Hibernate: 
    select
        e1_0.id,
        e1_0.assigned_cn_office,
        e1_0.cancelled_reason,
        e1_0.cancelled_reason_text,
        e1_0.cargo_ready_date,
        e1_0.cargo_ready_date_details,
        e1_0.cargo_type_code,
        e1_0.category,
        e1_0.commodity,
        e1_0.core_non_core,
        e1_0.created_at,
        e1_0.created_by,
        e1_0.enquiry_created_date,
        e1_0.enquiry_received_date,
        e1_0.exw_location,
        e1_0.has_specific_cargo_ready_date,
        e1_0.hazardous_special_equipment,
        e1_0.is_oversize_cargo,
        e1_0.lost_reason,
        e1_0.lost_reason_text,
        e1_0.monthly_sequence,
        e1_0.offer_type,
        e1_0.pod_country,
        e1_0.pol_country,
        e1_0.product_abbr,
        e1_0.product_code,
        e1_0.quantity,
        e1_0.ref_number,
        e1_0.reference_month,
        e1_0.remark,
        e1_0.sales_country_code,
        e1_0.sales_office_id,
        e1_0.sales_pic_id,
        e1_0.serial_number,
        e1_0.status,
        e1_0.uom,
        e1_0.updated_at,
        e1_0.updated_by,
        e1_0.volume_cbm 
    from
        enquiry e1_0 
    order by
        e1_0.id desc 
    limit
        ?, ?
2026-04-20T15:28:18.128+08:00 DEBUG 10768 --- [logitrack-backend] [0.0-8080-exec-5] org.hibernate.SQL                        : 
    select
        count(e1_0.id) 
    from
        enquiry e1_0
Hibernate: 
    select
        count(e1_0.id) 
    from
        enquiry e1_0
2026-04-20T15:28:18.137+08:00 DEBUG 10768 --- [logitrack-backend] [0.0-8080-exec-5] org.hibernate.SQL                        : 
    select
        ep1_0.id,
        ep1_0.enquiry_id,
        ep1_0.port_id 
    from
        enquiry_pol ep1_0 
    where
        ep1_0.enquiry_id=?
Hibernate: 
    select
        ep1_0.id,
        ep1_0.enquiry_id,
        ep1_0.port_id 
    from
        enquiry_pol ep1_0 
    where
        ep1_0.enquiry_id=?
2026-04-20T15:28:18.141+08:00 DEBUG 10768 --- [logitrack-backend] [0.0-8080-exec-5] org.hibernate.SQL                        : 
    select
        ep1_0.id,
        ep1_0.enquiry_id,
        ep1_0.port_id 
    from
        enquiry_pod ep1_0 
    where
        ep1_0.enquiry_id=?
Hibernate: 
    select
        ep1_0.id,
        ep1_0.enquiry_id,
        ep1_0.port_id 
    from
        enquiry_pod ep1_0 
    where
        ep1_0.enquiry_id=?
2026-04-20T15:28:18.143+08:00 DEBUG 10768 --- [logitrack-backend] [0.0-8080-exec-5] org.hibernate.SQL                        : 
    select
        erg1_0.id,
        erg1_0.enquiry_id,
        erg1_0.group_index,
        erg1_0.sub_mode 
    from
        enquiry_route_group erg1_0 
    where
        erg1_0.enquiry_id=? 
    order by
        erg1_0.group_index
Hibernate: 
    select
        erg1_0.id,
        erg1_0.enquiry_id,
        erg1_0.group_index,
        erg1_0.sub_mode 
    from
        enquiry_route_group erg1_0 
    where
        erg1_0.enquiry_id=? 
    order by
        erg1_0.group_index
2026-04-20T15:28:18.145+08:00 DEBUG 10768 --- [logitrack-backend] [0.0-8080-exec-5] org.hibernate.SQL                        : 
    select
        ep1_0.id,
        ep1_0.enquiry_id,
        ep1_0.port_id 
    from
        enquiry_pol ep1_0 
    where
        ep1_0.enquiry_id=?
Hibernate: 
    select
        ep1_0.id,
        ep1_0.enquiry_id,
        ep1_0.port_id 
    from
        enquiry_pol ep1_0 
    where
        ep1_0.enquiry_id=?
2026-04-20T15:28:18.147+08:00 DEBUG 10768 --- [logitrack-backend] [0.0-8080-exec-5] org.hibernate.SQL                        : 
    select
        ep1_0.id,
        ep1_0.enquiry_id,
        ep1_0.port_id 
    from
        enquiry_pod ep1_0 
    where
        ep1_0.enquiry_id=?
Hibernate: 
    select
        ep1_0.id,
        ep1_0.enquiry_id,
        ep1_0.port_id 
    from
        enquiry_pod ep1_0 
    where
        ep1_0.enquiry_id=?
2026-04-20T15:28:18.150+08:00 DEBUG 10768 --- [logitrack-backend] [0.0-8080-exec-5] org.hibernate.SQL                        : 
    select
        erg1_0.id,
        erg1_0.enquiry_id,
        erg1_0.group_index,
        erg1_0.sub_mode 
    from
        enquiry_route_group erg1_0 
    where
        erg1_0.enquiry_id=? 
    order by
        erg1_0.group_index
Hibernate: 
    select
        erg1_0.id,
        erg1_0.enquiry_id,
        erg1_0.group_index,
        erg1_0.sub_mode 
    from
        enquiry_route_group erg1_0 
    where
        erg1_0.enquiry_id=? 
    order by
        erg1_0.group_index
2026-04-20T15:28:18.153+08:00 DEBUG 10768 --- [logitrack-backend] [0.0-8080-exec-5] org.hibernate.SQL                        : 
    select
        ep1_0.id,
        ep1_0.enquiry_id,
        ep1_0.port_id 
    from
        enquiry_pol ep1_0 
    where
        ep1_0.enquiry_id=?
Hibernate: 
    select
        ep1_0.id,
        ep1_0.enquiry_id,
        ep1_0.port_id 
    from
        enquiry_pol ep1_0 
    where
        ep1_0.enquiry_id=?
2026-04-20T15:28:18.155+08:00 DEBUG 10768 --- [logitrack-backend] [0.0-8080-exec-5] org.hibernate.SQL                        : 
    select
        ep1_0.id,
        ep1_0.enquiry_id,
        ep1_0.port_id 
    from
        enquiry_pod ep1_0 
    where
        ep1_0.enquiry_id=?
Hibernate: 
    select
        ep1_0.id,
        ep1_0.enquiry_id,
        ep1_0.port_id 
    from
        enquiry_pod ep1_0 
    where
        ep1_0.enquiry_id=?
2026-04-20T15:28:18.158+08:00 DEBUG 10768 --- [logitrack-backend] [0.0-8080-exec-5] org.hibernate.SQL                        : 
    select
        erg1_0.id,
        erg1_0.enquiry_id,
        erg1_0.group_index,
        erg1_0.sub_mode 
    from
        enquiry_route_group erg1_0 
    where
        erg1_0.enquiry_id=? 
    order by
        erg1_0.group_index
Hibernate: 
    select
        erg1_0.id,
        erg1_0.enquiry_id,
        erg1_0.group_index,
        erg1_0.sub_mode 
    from
        enquiry_route_group erg1_0 
    where
        erg1_0.enquiry_id=? 
    order by
        erg1_0.group_index
2026-04-20T15:28:18.160+08:00 DEBUG 10768 --- [logitrack-backend] [0.0-8080-exec-5] org.hibernate.SQL                        : 
    select
        ep1_0.id,
        ep1_0.enquiry_id,
        ep1_0.port_id 
    from
        enquiry_pol ep1_0 
    where
        ep1_0.enquiry_id=?
Hibernate: 
    select
        ep1_0.id,
        ep1_0.enquiry_id,
        ep1_0.port_id 
    from
        enquiry_pol ep1_0 
    where
        ep1_0.enquiry_id=?
2026-04-20T15:28:18.163+08:00 DEBUG 10768 --- [logitrack-backend] [0.0-8080-exec-5] org.hibernate.SQL                        : 
    select
        ep1_0.id,
        ep1_0.enquiry_id,
        ep1_0.port_id 
    from
        enquiry_pod ep1_0 
    where
        ep1_0.enquiry_id=?
Hibernate: 
    select
        ep1_0.id,
        ep1_0.enquiry_id,
        ep1_0.port_id 
    from
        enquiry_pod ep1_0 
    where
        ep1_0.enquiry_id=?
2026-04-20T15:28:18.166+08:00 DEBUG 10768 --- [logitrack-backend] [0.0-8080-exec-5] org.hibernate.SQL                        : 
    select
        erg1_0.id,
        erg1_0.enquiry_id,
        erg1_0.group_index,
        erg1_0.sub_mode 
    from
        enquiry_route_group erg1_0 
    where
        erg1_0.enquiry_id=? 
    order by
        erg1_0.group_index
Hibernate: 
    select
        erg1_0.id,
        erg1_0.enquiry_id,
        erg1_0.group_index,
        erg1_0.sub_mode 
    from
        enquiry_route_group erg1_0 
    where
        erg1_0.enquiry_id=? 
    order by
        erg1_0.group_index
2026-04-20T15:28:18.169+08:00 DEBUG 10768 --- [logitrack-backend] [0.0-8080-exec-5] org.hibernate.SQL                        : 
    select
        ep1_0.id,
        ep1_0.enquiry_id,
        ep1_0.port_id 
    from
        enquiry_pol ep1_0 
    where
        ep1_0.enquiry_id=?
Hibernate: 
    select
        ep1_0.id,
        ep1_0.enquiry_id,
        ep1_0.port_id 
    from
        enquiry_pol ep1_0 
    where
        ep1_0.enquiry_id=?
2026-04-20T15:28:18.172+08:00 DEBUG 10768 --- [logitrack-backend] [0.0-8080-exec-5] org.hibernate.SQL                        : 
    select
        ep1_0.id,
        ep1_0.enquiry_id,
        ep1_0.port_id 
    from
        enquiry_pod ep1_0 
    where
        ep1_0.enquiry_id=?
Hibernate: 
    select
        ep1_0.id,
        ep1_0.enquiry_id,
        ep1_0.port_id 
    from
        enquiry_pod ep1_0 
    where
        ep1_0.enquiry_id=?
2026-04-20T15:28:18.174+08:00 DEBUG 10768 --- [logitrack-backend] [0.0-8080-exec-5] org.hibernate.SQL                        : 
    select
        erg1_0.id,
        erg1_0.enquiry_id,
        erg1_0.group_index,
        erg1_0.sub_mode 
    from
        enquiry_route_group erg1_0 
    where
        erg1_0.enquiry_id=? 
    order by
        erg1_0.group_index
Hibernate: 
    select
        erg1_0.id,
        erg1_0.enquiry_id,
        erg1_0.group_index,
        erg1_0.sub_mode 
    from
        enquiry_route_group erg1_0 
    where
        erg1_0.enquiry_id=? 
    order by
        erg1_0.group_index
2026-04-20T15:28:18.178+08:00 DEBUG 10768 --- [logitrack-backend] [0.0-8080-exec-5] org.hibernate.SQL                        : 
    select
        ep1_0.id,
        ep1_0.enquiry_id,
        ep1_0.port_id 
    from
        enquiry_pol ep1_0 
    where
        ep1_0.enquiry_id=?
Hibernate: 
    select
        ep1_0.id,
        ep1_0.enquiry_id,
        ep1_0.port_id 
    from
        enquiry_pol ep1_0 
    where
        ep1_0.enquiry_id=?
2026-04-20T15:28:18.180+08:00 DEBUG 10768 --- [logitrack-backend] [0.0-8080-exec-5] org.hibernate.SQL                        : 
    select
        ep1_0.id,
        ep1_0.enquiry_id,
        ep1_0.port_id 
    from
        enquiry_pod ep1_0 
    where
        ep1_0.enquiry_id=?
Hibernate: 
    select
        ep1_0.id,
        ep1_0.enquiry_id,
        ep1_0.port_id 
    from
        enquiry_pod ep1_0 
    where
        ep1_0.enquiry_id=?
2026-04-20T15:28:18.183+08:00 DEBUG 10768 --- [logitrack-backend] [0.0-8080-exec-5] org.hibernate.SQL                        : 
    select
        erg1_0.id,
        erg1_0.enquiry_id,
        erg1_0.group_index,
        erg1_0.sub_mode 
    from
        enquiry_route_group erg1_0 
    where
        erg1_0.enquiry_id=? 
    order by
        erg1_0.group_index
Hibernate: 
    select
        erg1_0.id,
        erg1_0.enquiry_id,
        erg1_0.group_index,
        erg1_0.sub_mode 
    from
        enquiry_route_group erg1_0 
    where
        erg1_0.enquiry_id=? 
    order by
        erg1_0.group_index
2026-04-20T15:28:18.186+08:00 DEBUG 10768 --- [logitrack-backend] [0.0-8080-exec-5] org.hibernate.SQL                        : 
    select
        ep1_0.id,
        ep1_0.enquiry_id,
        ep1_0.port_id 
    from
        enquiry_pol ep1_0 
    where
        ep1_0.enquiry_id=?
Hibernate: 
    select
        ep1_0.id,
        ep1_0.enquiry_id,
        ep1_0.port_id 
    from
        enquiry_pol ep1_0 
    where
        ep1_0.enquiry_id=?
2026-04-20T15:28:18.188+08:00 DEBUG 10768 --- [logitrack-backend] [0.0-8080-exec-5] org.hibernate.SQL                        : 
    select
        ep1_0.id,
        ep1_0.enquiry_id,
        ep1_0.port_id 
    from
        enquiry_pod ep1_0 
    where
        ep1_0.enquiry_id=?
Hibernate: 
    select
        ep1_0.id,
        ep1_0.enquiry_id,
        ep1_0.port_id 
    from
        enquiry_pod ep1_0 
    where
        ep1_0.enquiry_id=?
2026-04-20T15:28:18.189+08:00 DEBUG 10768 --- [logitrack-backend] [0.0-8080-exec-5] org.hibernate.SQL                        : 
    select
        erg1_0.id,
        erg1_0.enquiry_id,
        erg1_0.group_index,
        erg1_0.sub_mode 
    from
        enquiry_route_group erg1_0 
    where
        erg1_0.enquiry_id=? 
    order by
        erg1_0.group_index
Hibernate: 
    select
        erg1_0.id,
        erg1_0.enquiry_id,
        erg1_0.group_index,
        erg1_0.sub_mode 
    from
        enquiry_route_group erg1_0 
    where
        erg1_0.enquiry_id=? 
    order by
        erg1_0.group_index
2026-04-20T15:28:18.192+08:00 DEBUG 10768 --- [logitrack-backend] [0.0-8080-exec-5] org.hibernate.SQL                        : 
    select
        ep1_0.id,
        ep1_0.enquiry_id,
        ep1_0.port_id 
    from
        enquiry_pol ep1_0 
    where
        ep1_0.enquiry_id=?
Hibernate: 
    select
        ep1_0.id,
        ep1_0.enquiry_id,
        ep1_0.port_id 
    from
        enquiry_pol ep1_0 
    where
        ep1_0.enquiry_id=?
2026-04-20T15:28:18.195+08:00 DEBUG 10768 --- [logitrack-backend] [0.0-8080-exec-5] org.hibernate.SQL                        : 
    select
        ep1_0.id,
        ep1_0.enquiry_id,
        ep1_0.port_id 
    from
        enquiry_pod ep1_0 
    where
        ep1_0.enquiry_id=?
Hibernate: 
    select
        ep1_0.id,
        ep1_0.enquiry_id,
        ep1_0.port_id 
    from
        enquiry_pod ep1_0 
    where
        ep1_0.enquiry_id=?
2026-04-20T15:28:18.197+08:00 DEBUG 10768 --- [logitrack-backend] [0.0-8080-exec-5] org.hibernate.SQL                        : 
    select
        erg1_0.id,
        erg1_0.enquiry_id,
        erg1_0.group_index,
        erg1_0.sub_mode 
    from
        enquiry_route_group erg1_0 
    where
        erg1_0.enquiry_id=? 
    order by
        erg1_0.group_index
Hibernate: 
    select
        erg1_0.id,
        erg1_0.enquiry_id,
        erg1_0.group_index,
        erg1_0.sub_mode 
    from
        enquiry_route_group erg1_0 
    where
        erg1_0.enquiry_id=? 
    order by
        erg1_0.group_index
2026-04-20T15:28:18.200+08:00 DEBUG 10768 --- [logitrack-backend] [0.0-8080-exec-5] org.hibernate.SQL                        : 
    select
        ep1_0.id,
        ep1_0.enquiry_id,
        ep1_0.port_id 
    from
        enquiry_pol ep1_0 
    where
        ep1_0.enquiry_id=?
Hibernate: 
    select
        ep1_0.id,
        ep1_0.enquiry_id,
        ep1_0.port_id 
    from
        enquiry_pol ep1_0 
    where
        ep1_0.enquiry_id=?
2026-04-20T15:28:18.202+08:00 DEBUG 10768 --- [logitrack-backend] [0.0-8080-exec-5] org.hibernate.SQL                        : 
    select
        ep1_0.id,
        ep1_0.enquiry_id,
        ep1_0.port_id 
    from
        enquiry_pod ep1_0 
    where
        ep1_0.enquiry_id=?
Hibernate: 
    select
        ep1_0.id,
        ep1_0.enquiry_id,
        ep1_0.port_id 
    from
        enquiry_pod ep1_0 
    where
        ep1_0.enquiry_id=?
2026-04-20T15:28:18.204+08:00 DEBUG 10768 --- [logitrack-backend] [0.0-8080-exec-5] org.hibernate.SQL                        : 
    select
        erg1_0.id,
        erg1_0.enquiry_id,
        erg1_0.group_index,
        erg1_0.sub_mode 
    from
        enquiry_route_group erg1_0 
    where
        erg1_0.enquiry_id=? 
    order by
        erg1_0.group_index
Hibernate: 
    select
        erg1_0.id,
        erg1_0.enquiry_id,
        erg1_0.group_index,
        erg1_0.sub_mode 
    from
        enquiry_route_group erg1_0 
    where
        erg1_0.enquiry_id=? 
    order by
        erg1_0.group_index
2026-04-20T15:28:18.206+08:00 DEBUG 10768 --- [logitrack-backend] [0.0-8080-exec-5] org.hibernate.SQL                        : 
    select
        ep1_0.id,
        ep1_0.enquiry_id,
        ep1_0.port_id 
    from
        enquiry_pol ep1_0 
    where
        ep1_0.enquiry_id=?
Hibernate: 
    select
        ep1_0.id,
        ep1_0.enquiry_id,
        ep1_0.port_id 
    from
        enquiry_pol ep1_0 
    where
        ep1_0.enquiry_id=?
2026-04-20T15:28:18.210+08:00 DEBUG 10768 --- [logitrack-backend] [0.0-8080-exec-5] org.hibernate.SQL                        : 
    select
        ep1_0.id,
        ep1_0.enquiry_id,
        ep1_0.port_id 
    from
        enquiry_pod ep1_0 
    where
        ep1_0.enquiry_id=?
Hibernate: 
    select
        ep1_0.id,
        ep1_0.enquiry_id,
        ep1_0.port_id 
    from
        enquiry_pod ep1_0 
    where
        ep1_0.enquiry_id=?
2026-04-20T15:28:18.212+08:00 DEBUG 10768 --- [logitrack-backend] [0.0-8080-exec-5] org.hibernate.SQL                        : 
    select
        erg1_0.id,
        erg1_0.enquiry_id,
        erg1_0.group_index,
        erg1_0.sub_mode 
    from
        enquiry_route_group erg1_0 
    where
        erg1_0.enquiry_id=? 
    order by
        erg1_0.group_index
Hibernate: 
    select
        erg1_0.id,
        erg1_0.enquiry_id,
        erg1_0.group_index,
        erg1_0.sub_mode 
    from
        enquiry_route_group erg1_0 
    where
        erg1_0.enquiry_id=? 
    order by
        erg1_0.group_index
2026-04-20T15:28:18.214+08:00 DEBUG 10768 --- [logitrack-backend] [0.0-8080-exec-5] org.hibernate.SQL                        : 
    select
        o1_0.enquiry_id,
        o1_0.id,
        o1_0.container_currency,
        o1_0.created_at,
        o1_0.is_latest,
        o1_0.local_charge_currency,
        o1_0.offer_date,
        o1_0.offer_type,
        o1_0.remark,
        o1_0.sequence_no,
        o1_0.updated_at 
    from
        offer o1_0 
    where
        o1_0.enquiry_id=?
Hibernate: 
    select
        o1_0.enquiry_id,
        o1_0.id,
        o1_0.container_currency,
        o1_0.created_at,
        o1_0.is_latest,
        o1_0.local_charge_currency,
        o1_0.offer_date,
        o1_0.offer_type,
        o1_0.remark,
        o1_0.sequence_no,
        o1_0.updated_at 
    from
        offer o1_0 
    where
        o1_0.enquiry_id=?
2026-04-20T15:28:18.216+08:00 DEBUG 10768 --- [logitrack-backend] [0.0-8080-exec-5] org.hibernate.SQL                        : 
    select
        cr1_0.enquiry_id,
        cr1_0.id,
        cr1_0.cntr_type_code,
        cr1_0.cntr_type_id,
        cr1_0.container_code,
        cr1_0.container_qty,
        cr1_0.container_type_id,
        cr1_0.created_at,
        cr1_0.extra_container_weights,
        cr1_0.extra_containers,
        cr1_0.line_teu,
        cr1_0.qty_20,
        cr1_0.qty_40,
        cr1_0.qty_40hq,
        cr1_0.qty_45,
        cr1_0.raw_text,
        cr1_0.teu_per_unit,
        cr1_0.weight_20,
        cr1_0.weight_40,
        cr1_0.weight_40hq,
        cr1_0.weight_45 
    from
        enquiry_container_line cr1_0 
    where
        cr1_0.enquiry_id=?
Hibernate: 
    select
        cr1_0.enquiry_id,
        cr1_0.id,
        cr1_0.cntr_type_code,
        cr1_0.cntr_type_id,
        cr1_0.container_code,
        cr1_0.container_qty,
        cr1_0.container_type_id,
        cr1_0.created_at,
        cr1_0.extra_container_weights,
        cr1_0.extra_containers,
        cr1_0.line_teu,
        cr1_0.qty_20,
        cr1_0.qty_40,
        cr1_0.qty_40hq,
        cr1_0.qty_45,
        cr1_0.raw_text,
        cr1_0.teu_per_unit,
        cr1_0.weight_20,
        cr1_0.weight_40,
        cr1_0.weight_40hq,
        cr1_0.weight_45 
    from
        enquiry_container_line cr1_0 
    where
        cr1_0.enquiry_id=?
2026-04-20T15:28:18.218+08:00 DEBUG 10768 --- [logitrack-backend] [0.0-8080-exec-5] org.hibernate.SQL                        : 
    select
        o1_0.enquiry_id,
        o1_0.id,
        o1_0.container_currency,
        o1_0.created_at,
        o1_0.is_latest,
        o1_0.local_charge_currency,
        o1_0.offer_date,
        o1_0.offer_type,
        o1_0.remark,
        o1_0.sequence_no,
        o1_0.updated_at 
    from
        offer o1_0 
    where
        o1_0.enquiry_id=?
Hibernate: 
    select
        o1_0.enquiry_id,
        o1_0.id,
        o1_0.container_currency,
        o1_0.created_at,
        o1_0.is_latest,
        o1_0.local_charge_currency,
        o1_0.offer_date,
        o1_0.offer_type,
        o1_0.remark,
        o1_0.sequence_no,
        o1_0.updated_at 
    from
        offer o1_0 
    where
        o1_0.enquiry_id=?
2026-04-20T15:28:18.220+08:00 DEBUG 10768 --- [logitrack-backend] [0.0-8080-exec-5] org.hibernate.SQL                        : 
    select
        cr1_0.enquiry_id,
        cr1_0.id,
        cr1_0.cntr_type_code,
        cr1_0.cntr_type_id,
        cr1_0.container_code,
        cr1_0.container_qty,
        cr1_0.container_type_id,
        cr1_0.created_at,
        cr1_0.extra_container_weights,
        cr1_0.extra_containers,
        cr1_0.line_teu,
        cr1_0.qty_20,
        cr1_0.qty_40,
        cr1_0.qty_40hq,
        cr1_0.qty_45,
        cr1_0.raw_text,
        cr1_0.teu_per_unit,
        cr1_0.weight_20,
        cr1_0.weight_40,
        cr1_0.weight_40hq,
        cr1_0.weight_45 
    from
        enquiry_container_line cr1_0 
    where
        cr1_0.enquiry_id=?
Hibernate: 
    select
        cr1_0.enquiry_id,
        cr1_0.id,
        cr1_0.cntr_type_code,
        cr1_0.cntr_type_id,
        cr1_0.container_code,
        cr1_0.container_qty,
        cr1_0.container_type_id,
        cr1_0.created_at,
        cr1_0.extra_container_weights,
        cr1_0.extra_containers,
        cr1_0.line_teu,
        cr1_0.qty_20,
        cr1_0.qty_40,
        cr1_0.qty_40hq,
        cr1_0.qty_45,
        cr1_0.raw_text,
        cr1_0.teu_per_unit,
        cr1_0.weight_20,
        cr1_0.weight_40,
        cr1_0.weight_40hq,
        cr1_0.weight_45 
    from
        enquiry_container_line cr1_0 
    where
        cr1_0.enquiry_id=?
2026-04-20T15:28:18.222+08:00 DEBUG 10768 --- [logitrack-backend] [0.0-8080-exec-5] org.hibernate.SQL                        : 
    select
        o1_0.enquiry_id,
        o1_0.id,
        o1_0.container_currency,
        o1_0.created_at,
        o1_0.is_latest,
        o1_0.local_charge_currency,
        o1_0.offer_date,
        o1_0.offer_type,
        o1_0.remark,
        o1_0.sequence_no,
        o1_0.updated_at 
    from
        offer o1_0 
    where
        o1_0.enquiry_id=?
Hibernate: 
    select
        o1_0.enquiry_id,
        o1_0.id,
        o1_0.container_currency,
        o1_0.created_at,
        o1_0.is_latest,
        o1_0.local_charge_currency,
        o1_0.offer_date,
        o1_0.offer_type,
        o1_0.remark,
        o1_0.sequence_no,
        o1_0.updated_at 
    from
        offer o1_0 
    where
        o1_0.enquiry_id=?
2026-04-20T15:28:18.224+08:00 DEBUG 10768 --- [logitrack-backend] [0.0-8080-exec-5] org.hibernate.SQL                        : 
    select
        cr1_0.enquiry_id,
        cr1_0.id,
        cr1_0.cntr_type_code,
        cr1_0.cntr_type_id,
        cr1_0.container_code,
        cr1_0.container_qty,
        cr1_0.container_type_id,
        cr1_0.created_at,
        cr1_0.extra_container_weights,
        cr1_0.extra_containers,
        cr1_0.line_teu,
        cr1_0.qty_20,
        cr1_0.qty_40,
        cr1_0.qty_40hq,
        cr1_0.qty_45,
        cr1_0.raw_text,
        cr1_0.teu_per_unit,
        cr1_0.weight_20,
        cr1_0.weight_40,
        cr1_0.weight_40hq,
        cr1_0.weight_45 
    from
        enquiry_container_line cr1_0 
    where
        cr1_0.enquiry_id=?
Hibernate: 
    select
        cr1_0.enquiry_id,
        cr1_0.id,
        cr1_0.cntr_type_code,
        cr1_0.cntr_type_id,
        cr1_0.container_code,
        cr1_0.container_qty,
        cr1_0.container_type_id,
        cr1_0.created_at,
        cr1_0.extra_container_weights,
        cr1_0.extra_containers,
        cr1_0.line_teu,
        cr1_0.qty_20,
        cr1_0.qty_40,
        cr1_0.qty_40hq,
        cr1_0.qty_45,
        cr1_0.raw_text,
        cr1_0.teu_per_unit,
        cr1_0.weight_20,
        cr1_0.weight_40,
        cr1_0.weight_40hq,
        cr1_0.weight_45 
    from
        enquiry_container_line cr1_0 
    where
        cr1_0.enquiry_id=?
2026-04-20T15:28:18.225+08:00 DEBUG 10768 --- [logitrack-backend] [0.0-8080-exec-5] org.hibernate.SQL                        : 
    select
        o1_0.enquiry_id,
        o1_0.id,
        o1_0.container_currency,
        o1_0.created_at,
        o1_0.is_latest,
        o1_0.local_charge_currency,
        o1_0.offer_date,
        o1_0.offer_type,
        o1_0.remark,
        o1_0.sequence_no,
        o1_0.updated_at 
    from
        offer o1_0 
    where
        o1_0.enquiry_id=?
Hibernate: 
    select
        o1_0.enquiry_id,
        o1_0.id,
        o1_0.container_currency,
        o1_0.created_at,
        o1_0.is_latest,
        o1_0.local_charge_currency,
        o1_0.offer_date,
        o1_0.offer_type,
        o1_0.remark,
        o1_0.sequence_no,
        o1_0.updated_at 
    from
        offer o1_0 
    where
        o1_0.enquiry_id=?
2026-04-20T15:28:18.227+08:00 DEBUG 10768 --- [logitrack-backend] [0.0-8080-exec-5] org.hibernate.SQL                        : 
    select
        cr1_0.enquiry_id,
        cr1_0.id,
        cr1_0.cntr_type_code,
        cr1_0.cntr_type_id,
        cr1_0.container_code,
        cr1_0.container_qty,
        cr1_0.container_type_id,
        cr1_0.created_at,
        cr1_0.extra_container_weights,
        cr1_0.extra_containers,
        cr1_0.line_teu,
        cr1_0.qty_20,
        cr1_0.qty_40,
        cr1_0.qty_40hq,
        cr1_0.qty_45,
        cr1_0.raw_text,
        cr1_0.teu_per_unit,
        cr1_0.weight_20,
        cr1_0.weight_40,
        cr1_0.weight_40hq,
        cr1_0.weight_45 
    from
        enquiry_container_line cr1_0 
    where
        cr1_0.enquiry_id=?
Hibernate: 
    select
        cr1_0.enquiry_id,
        cr1_0.id,
        cr1_0.cntr_type_code,
        cr1_0.cntr_type_id,
        cr1_0.container_code,
        cr1_0.container_qty,
        cr1_0.container_type_id,
        cr1_0.created_at,
        cr1_0.extra_container_weights,
        cr1_0.extra_containers,
        cr1_0.line_teu,
        cr1_0.qty_20,
        cr1_0.qty_40,
        cr1_0.qty_40hq,
        cr1_0.qty_45,
        cr1_0.raw_text,
        cr1_0.teu_per_unit,
        cr1_0.weight_20,
        cr1_0.weight_40,
        cr1_0.weight_40hq,
        cr1_0.weight_45 
    from
        enquiry_container_line cr1_0 
    where
        cr1_0.enquiry_id=?
2026-04-20T15:28:18.229+08:00 DEBUG 10768 --- [logitrack-backend] [0.0-8080-exec-5] org.hibernate.SQL                        : 
    select
        o1_0.enquiry_id,
        o1_0.id,
        o1_0.container_currency,
        o1_0.created_at,
        o1_0.is_latest,
        o1_0.local_charge_currency,
        o1_0.offer_date,
        o1_0.offer_type,
        o1_0.remark,
        o1_0.sequence_no,
        o1_0.updated_at 
    from
        offer o1_0 
    where
        o1_0.enquiry_id=?
Hibernate: 
    select
        o1_0.enquiry_id,
        o1_0.id,
        o1_0.container_currency,
        o1_0.created_at,
        o1_0.is_latest,
        o1_0.local_charge_currency,
        o1_0.offer_date,
        o1_0.offer_type,
        o1_0.remark,
        o1_0.sequence_no,
        o1_0.updated_at 
    from
        offer o1_0 
    where
        o1_0.enquiry_id=?
2026-04-20T15:28:18.231+08:00 DEBUG 10768 --- [logitrack-backend] [0.0-8080-exec-5] org.hibernate.SQL                        : 
    select
        cr1_0.enquiry_id,
        cr1_0.id,
        cr1_0.cntr_type_code,
        cr1_0.cntr_type_id,
        cr1_0.container_code,
        cr1_0.container_qty,
        cr1_0.container_type_id,
        cr1_0.created_at,
        cr1_0.extra_container_weights,
        cr1_0.extra_containers,
        cr1_0.line_teu,
        cr1_0.qty_20,
        cr1_0.qty_40,
        cr1_0.qty_40hq,
        cr1_0.qty_45,
        cr1_0.raw_text,
        cr1_0.teu_per_unit,
        cr1_0.weight_20,
        cr1_0.weight_40,
        cr1_0.weight_40hq,
        cr1_0.weight_45 
    from
        enquiry_container_line cr1_0 
    where
        cr1_0.enquiry_id=?
Hibernate: 
    select
        cr1_0.enquiry_id,
        cr1_0.id,
        cr1_0.cntr_type_code,
        cr1_0.cntr_type_id,
        cr1_0.container_code,
        cr1_0.container_qty,
        cr1_0.container_type_id,
        cr1_0.created_at,
        cr1_0.extra_container_weights,
        cr1_0.extra_containers,
        cr1_0.line_teu,
        cr1_0.qty_20,
        cr1_0.qty_40,
        cr1_0.qty_40hq,
        cr1_0.qty_45,
        cr1_0.raw_text,
        cr1_0.teu_per_unit,
        cr1_0.weight_20,
        cr1_0.weight_40,
        cr1_0.weight_40hq,
        cr1_0.weight_45 
    from
        enquiry_container_line cr1_0 
    where
        cr1_0.enquiry_id=?
2026-04-20T15:28:18.232+08:00 DEBUG 10768 --- [logitrack-backend] [0.0-8080-exec-5] org.hibernate.SQL                        : 
    select
        o1_0.enquiry_id,
        o1_0.id,
        o1_0.container_currency,
        o1_0.created_at,
        o1_0.is_latest,
        o1_0.local_charge_currency,
        o1_0.offer_date,
        o1_0.offer_type,
        o1_0.remark,
        o1_0.sequence_no,
        o1_0.updated_at 
    from
        offer o1_0 
    where
        o1_0.enquiry_id=?
Hibernate: 
    select
        o1_0.enquiry_id,
        o1_0.id,
        o1_0.container_currency,
        o1_0.created_at,
        o1_0.is_latest,
        o1_0.local_charge_currency,
        o1_0.offer_date,
        o1_0.offer_type,
        o1_0.remark,
        o1_0.sequence_no,
        o1_0.updated_at 
    from
        offer o1_0 
    where
        o1_0.enquiry_id=?
2026-04-20T15:28:18.234+08:00 DEBUG 10768 --- [logitrack-backend] [0.0-8080-exec-5] org.hibernate.SQL                        : 
    select
        cr1_0.enquiry_id,
        cr1_0.id,
        cr1_0.cntr_type_code,
        cr1_0.cntr_type_id,
        cr1_0.container_code,
        cr1_0.container_qty,
        cr1_0.container_type_id,
        cr1_0.created_at,
        cr1_0.extra_container_weights,
        cr1_0.extra_containers,
        cr1_0.line_teu,
        cr1_0.qty_20,
        cr1_0.qty_40,
        cr1_0.qty_40hq,
        cr1_0.qty_45,
        cr1_0.raw_text,
        cr1_0.teu_per_unit,
        cr1_0.weight_20,
        cr1_0.weight_40,
        cr1_0.weight_40hq,
        cr1_0.weight_45 
    from
        enquiry_container_line cr1_0 
    where
        cr1_0.enquiry_id=?
Hibernate: 
    select
        cr1_0.enquiry_id,
        cr1_0.id,
        cr1_0.cntr_type_code,
        cr1_0.cntr_type_id,
        cr1_0.container_code,
        cr1_0.container_qty,
        cr1_0.container_type_id,
        cr1_0.created_at,
        cr1_0.extra_container_weights,
        cr1_0.extra_containers,
        cr1_0.line_teu,
        cr1_0.qty_20,
        cr1_0.qty_40,
        cr1_0.qty_40hq,
        cr1_0.qty_45,
        cr1_0.raw_text,
        cr1_0.teu_per_unit,
        cr1_0.weight_20,
        cr1_0.weight_40,
        cr1_0.weight_40hq,
        cr1_0.weight_45 
    from
        enquiry_container_line cr1_0 
    where
        cr1_0.enquiry_id=?
2026-04-20T15:28:18.236+08:00 DEBUG 10768 --- [logitrack-backend] [0.0-8080-exec-5] org.hibernate.SQL                        : 
    select
        o1_0.enquiry_id,
        o1_0.id,
        o1_0.container_currency,
        o1_0.created_at,
        o1_0.is_latest,
        o1_0.local_charge_currency,
        o1_0.offer_date,
        o1_0.offer_type,
        o1_0.remark,
        o1_0.sequence_no,
        o1_0.updated_at 
    from
        offer o1_0 
    where
        o1_0.enquiry_id=?
Hibernate: 
    select
        o1_0.enquiry_id,
        o1_0.id,
        o1_0.container_currency,
        o1_0.created_at,
        o1_0.is_latest,
        o1_0.local_charge_currency,
        o1_0.offer_date,
        o1_0.offer_type,
        o1_0.remark,
        o1_0.sequence_no,
        o1_0.updated_at 
    from
        offer o1_0 
    where
        o1_0.enquiry_id=?
2026-04-20T15:28:18.238+08:00 DEBUG 10768 --- [logitrack-backend] [0.0-8080-exec-5] org.hibernate.SQL                        : 
    select
        cr1_0.enquiry_id,
        cr1_0.id,
        cr1_0.cntr_type_code,
        cr1_0.cntr_type_id,
        cr1_0.container_code,
        cr1_0.container_qty,
        cr1_0.container_type_id,
        cr1_0.created_at,
        cr1_0.extra_container_weights,
        cr1_0.extra_containers,
        cr1_0.line_teu,
        cr1_0.qty_20,
        cr1_0.qty_40,
        cr1_0.qty_40hq,
        cr1_0.qty_45,
        cr1_0.raw_text,
        cr1_0.teu_per_unit,
        cr1_0.weight_20,
        cr1_0.weight_40,
        cr1_0.weight_40hq,
        cr1_0.weight_45 
    from
        enquiry_container_line cr1_0 
    where
        cr1_0.enquiry_id=?
Hibernate: 
    select
        cr1_0.enquiry_id,
        cr1_0.id,
        cr1_0.cntr_type_code,
        cr1_0.cntr_type_id,
        cr1_0.container_code,
        cr1_0.container_qty,
        cr1_0.container_type_id,
        cr1_0.created_at,
        cr1_0.extra_container_weights,
        cr1_0.extra_containers,
        cr1_0.line_teu,
        cr1_0.qty_20,
        cr1_0.qty_40,
        cr1_0.qty_40hq,
        cr1_0.qty_45,
        cr1_0.raw_text,
        cr1_0.teu_per_unit,
        cr1_0.weight_20,
        cr1_0.weight_40,
        cr1_0.weight_40hq,
        cr1_0.weight_45 
    from
        enquiry_container_line cr1_0 
    where
        cr1_0.enquiry_id=?
2026-04-20T15:28:18.239+08:00 DEBUG 10768 --- [logitrack-backend] [0.0-8080-exec-5] org.hibernate.SQL                        : 
    select
        o1_0.enquiry_id,
        o1_0.id,
        o1_0.container_currency,
        o1_0.created_at,
        o1_0.is_latest,
        o1_0.local_charge_currency,
        o1_0.offer_date,
        o1_0.offer_type,
        o1_0.remark,
        o1_0.sequence_no,
        o1_0.updated_at 
    from
        offer o1_0 
    where
        o1_0.enquiry_id=?
Hibernate: 
    select
        o1_0.enquiry_id,
        o1_0.id,
        o1_0.container_currency,
        o1_0.created_at,
        o1_0.is_latest,
        o1_0.local_charge_currency,
        o1_0.offer_date,
        o1_0.offer_type,
        o1_0.remark,
        o1_0.sequence_no,
        o1_0.updated_at 
    from
        offer o1_0 
    where
        o1_0.enquiry_id=?
2026-04-20T15:28:18.241+08:00 DEBUG 10768 --- [logitrack-backend] [0.0-8080-exec-5] org.hibernate.SQL                        : 
    select
        cr1_0.enquiry_id,
        cr1_0.id,
        cr1_0.cntr_type_code,
        cr1_0.cntr_type_id,
        cr1_0.container_code,
        cr1_0.container_qty,
        cr1_0.container_type_id,
        cr1_0.created_at,
        cr1_0.extra_container_weights,
        cr1_0.extra_containers,
        cr1_0.line_teu,
        cr1_0.qty_20,
        cr1_0.qty_40,
        cr1_0.qty_40hq,
        cr1_0.qty_45,
        cr1_0.raw_text,
        cr1_0.teu_per_unit,
        cr1_0.weight_20,
        cr1_0.weight_40,
        cr1_0.weight_40hq,
        cr1_0.weight_45 
    from
        enquiry_container_line cr1_0 
    where
        cr1_0.enquiry_id=?
Hibernate: 
    select
        cr1_0.enquiry_id,
        cr1_0.id,
        cr1_0.cntr_type_code,
        cr1_0.cntr_type_id,
        cr1_0.container_code,
        cr1_0.container_qty,
        cr1_0.container_type_id,
        cr1_0.created_at,
        cr1_0.extra_container_weights,
        cr1_0.extra_containers,
        cr1_0.line_teu,
        cr1_0.qty_20,
        cr1_0.qty_40,
        cr1_0.qty_40hq,
        cr1_0.qty_45,
        cr1_0.raw_text,
        cr1_0.teu_per_unit,
        cr1_0.weight_20,
        cr1_0.weight_40,
        cr1_0.weight_40hq,
        cr1_0.weight_45 
    from
        enquiry_container_line cr1_0 
    where
        cr1_0.enquiry_id=?
2026-04-20T15:28:18.243+08:00 DEBUG 10768 --- [logitrack-backend] [0.0-8080-exec-5] org.hibernate.SQL                        : 
    select
        o1_0.enquiry_id,
        o1_0.id,
        o1_0.container_currency,
        o1_0.created_at,
        o1_0.is_latest,
        o1_0.local_charge_currency,
        o1_0.offer_date,
        o1_0.offer_type,
        o1_0.remark,
        o1_0.sequence_no,
        o1_0.updated_at 
    from
        offer o1_0 
    where
        o1_0.enquiry_id=?
Hibernate: 
    select
        o1_0.enquiry_id,
        o1_0.id,
        o1_0.container_currency,
        o1_0.created_at,
        o1_0.is_latest,
        o1_0.local_charge_currency,
        o1_0.offer_date,
        o1_0.offer_type,
        o1_0.remark,
        o1_0.sequence_no,
        o1_0.updated_at 
    from
        offer o1_0 
    where
        o1_0.enquiry_id=?
2026-04-20T15:28:18.244+08:00 DEBUG 10768 --- [logitrack-backend] [0.0-8080-exec-5] org.hibernate.SQL                        : 
    select
        cr1_0.enquiry_id,
        cr1_0.id,
        cr1_0.cntr_type_code,
        cr1_0.cntr_type_id,
        cr1_0.container_code,
        cr1_0.container_qty,
        cr1_0.container_type_id,
        cr1_0.created_at,
        cr1_0.extra_container_weights,
        cr1_0.extra_containers,
        cr1_0.line_teu,
        cr1_0.qty_20,
        cr1_0.qty_40,
        cr1_0.qty_40hq,
        cr1_0.qty_45,
        cr1_0.raw_text,
        cr1_0.teu_per_unit,
        cr1_0.weight_20,
        cr1_0.weight_40,
        cr1_0.weight_40hq,
        cr1_0.weight_45 
    from
        enquiry_container_line cr1_0 
    where
        cr1_0.enquiry_id=?
Hibernate: 
    select
        cr1_0.enquiry_id,
        cr1_0.id,
        cr1_0.cntr_type_code,
        cr1_0.cntr_type_id,
        cr1_0.container_code,
        cr1_0.container_qty,
        cr1_0.container_type_id,
        cr1_0.created_at,
        cr1_0.extra_container_weights,
        cr1_0.extra_containers,
        cr1_0.line_teu,
        cr1_0.qty_20,
        cr1_0.qty_40,
        cr1_0.qty_40hq,
        cr1_0.qty_45,
        cr1_0.raw_text,
        cr1_0.teu_per_unit,
        cr1_0.weight_20,
        cr1_0.weight_40,
        cr1_0.weight_40hq,
        cr1_0.weight_45 
    from
        enquiry_container_line cr1_0 
    where
        cr1_0.enquiry_id=?
2026-04-20T15:28:18.246+08:00 DEBUG 10768 --- [logitrack-backend] [0.0-8080-exec-5] org.hibernate.SQL                        : 
    select
        o1_0.enquiry_id,
        o1_0.id,
        o1_0.container_currency,
        o1_0.created_at,
        o1_0.is_latest,
        o1_0.local_charge_currency,
        o1_0.offer_date,
        o1_0.offer_type,
        o1_0.remark,
        o1_0.sequence_no,
        o1_0.updated_at 
    from
        offer o1_0 
    where
        o1_0.enquiry_id=?
Hibernate: 
    select
        o1_0.enquiry_id,
        o1_0.id,
        o1_0.container_currency,
        o1_0.created_at,
        o1_0.is_latest,
        o1_0.local_charge_currency,
        o1_0.offer_date,
        o1_0.offer_type,
        o1_0.remark,
        o1_0.sequence_no,
        o1_0.updated_at 
    from
        offer o1_0 
    where
        o1_0.enquiry_id=?
2026-04-20T15:28:18.247+08:00 DEBUG 10768 --- [logitrack-backend] [0.0-8080-exec-5] org.hibernate.SQL                        : 
    select
        cr1_0.enquiry_id,
        cr1_0.id,
        cr1_0.cntr_type_code,
        cr1_0.cntr_type_id,
        cr1_0.container_code,
        cr1_0.container_qty,
        cr1_0.container_type_id,
        cr1_0.created_at,
        cr1_0.extra_container_weights,
        cr1_0.extra_containers,
        cr1_0.line_teu,
        cr1_0.qty_20,
        cr1_0.qty_40,
        cr1_0.qty_40hq,
        cr1_0.qty_45,
        cr1_0.raw_text,
        cr1_0.teu_per_unit,
        cr1_0.weight_20,
        cr1_0.weight_40,
        cr1_0.weight_40hq,
        cr1_0.weight_45 
    from
        enquiry_container_line cr1_0 
    where
        cr1_0.enquiry_id=?
Hibernate: 
    select
        cr1_0.enquiry_id,
        cr1_0.id,
        cr1_0.cntr_type_code,
        cr1_0.cntr_type_id,
        cr1_0.container_code,
        cr1_0.container_qty,
        cr1_0.container_type_id,
        cr1_0.created_at,
        cr1_0.extra_container_weights,
        cr1_0.extra_containers,
        cr1_0.line_teu,
        cr1_0.qty_20,
        cr1_0.qty_40,
        cr1_0.qty_40hq,
        cr1_0.qty_45,
        cr1_0.raw_text,
        cr1_0.teu_per_unit,
        cr1_0.weight_20,
        cr1_0.weight_40,
        cr1_0.weight_40hq,
        cr1_0.weight_45 
    from
        enquiry_container_line cr1_0 
    where
        cr1_0.enquiry_id=?
2026-04-20T15:30:01.686+08:00  INFO 10768 --- [logitrack-backend] [0.0-8080-exec-4] o.apache.coyote.http11.Http11Processor   : Error parsing HTTP request header
 Note: further occurrences of HTTP request parsing errors will be logged at DEBUG level.

java.lang.IllegalArgumentException: Invalid character found in method name [0x160x030x010x00{0x010x000x00w0x030x03!0xf00x8c0xb70xb20x970xc70xf80xdb0xc9;0xcf0xa50x9a0xe70x0b0xe0.z0xcc0xae~0xe10xa1U0x130x1c0x10^`0x810xdc0x000x000x1a0xc0/0xc0+0xc00x110xc00x070xc00x130xc00x090xc00x140xc00x0a0x000x050x00/0x0050xc00x120x000x0a0x010x000x0040x000x050x000x050x010x000x000x000x000x000x0a0x000x080x000x060x000x170x000x180x000x190x000x0b0x000x020x010x000x000x0d0x000x100x000x0e0x040x010x040x030x020x010x020x030x040x010x050x010x060x010xff0x010x000x010x00...]. HTTP method names must be tokens
	at org.apache.coyote.http11.Http11InputBuffer.parseRequestLine(Http11InputBuffer.java:407) ~[tomcat-embed-core-10.1.16.jar!/:na]
	at org.apache.coyote.http11.Http11Processor.service(Http11Processor.java:264) ~[tomcat-embed-core-10.1.16.jar!/:na]
	at org.apache.coyote.AbstractProcessorLight.process(AbstractProcessorLight.java:63) ~[tomcat-embed-core-10.1.16.jar!/:na]
	at org.apache.coyote.AbstractProtocol$ConnectionHandler.process(AbstractProtocol.java:896) ~[tomcat-embed-core-10.1.16.jar!/:na]
	at org.apache.tomcat.util.net.NioEndpoint$SocketProcessor.doRun(NioEndpoint.java:1744) ~[tomcat-embed-core-10.1.16.jar!/:na]
	at org.apache.tomcat.util.net.SocketProcessorBase.run(SocketProcessorBase.java:52) ~[tomcat-embed-core-10.1.16.jar!/:na]
	at org.apache.tomcat.util.threads.ThreadPoolExecutor.runWorker(ThreadPoolExecutor.java:1191) ~[tomcat-embed-core-10.1.16.jar!/:na]
	at org.apache.tomcat.util.threads.ThreadPoolExecutor$Worker.run(ThreadPoolExecutor.java:659) ~[tomcat-embed-core-10.1.16.jar!/:na]
	at org.apache.tomcat.util.threads.TaskThread$WrappingRunnable.run(TaskThread.java:61) ~[tomcat-embed-core-10.1.16.jar!/:na]
	at java.base/java.lang.Thread.run(Thread.java:1583) ~[na:na]

2026-04-20T15:31:03.366+08:00 DEBUG 10768 --- [logitrack-backend] [0.0-8080-exec-8] org.hibernate.SQL                        : 
    select
        u1_0.id,
        u1_0.created_at,
        u1_0.created_by,
        u1_0.email,
        u1_0.full_name,
        u1_0.is_active,
        u1_0.last_login_at,
        u1_0.password,
        u1_0.phone,
        u1_0.updated_at,
        u1_0.updated_by,
        u1_0.username 
    from
        user u1_0 
    where
        u1_0.username=?
Hibernate: 
    select
        u1_0.id,
        u1_0.created_at,
        u1_0.created_by,
        u1_0.email,
        u1_0.full_name,
        u1_0.is_active,
        u1_0.last_login_at,
        u1_0.password,
        u1_0.phone,
        u1_0.updated_at,
        u1_0.updated_by,
        u1_0.username 
    from
        user u1_0 
    where
        u1_0.username=?
2026-04-20T15:31:03.376+08:00 DEBUG 10768 --- [logitrack-backend] [0.0-8080-exec-8] org.hibernate.SQL                        : 
    select
        r1_0.user_id,
        r1_1.id,
        r1_1.created_at,
        r1_1.description,
        r1_1.is_active,
        r1_1.permissions,
        r1_1.role_code,
        r1_1.role_name,
        r1_1.updated_at 
    from
        user_role r1_0 
    join
        role r1_1 
            on r1_1.id=r1_0.role_id 
    where
        r1_0.user_id=?
Hibernate: 
    select
        r1_0.user_id,
        r1_1.id,
        r1_1.created_at,
        r1_1.description,
        r1_1.is_active,
        r1_1.permissions,
        r1_1.role_code,
        r1_1.role_name,
        r1_1.updated_at 
    from
        user_role r1_0 
    join
        role r1_1 
            on r1_1.id=r1_0.role_id 
    where
        r1_0.user_id=?
2026-04-20T15:31:03.456+08:00 DEBUG 10768 --- [logitrack-backend] [0.0-8080-exec-8] org.hibernate.SQL                        : 
    update
        user 
    set
        created_by=?,
        email=?,
        full_name=?,
        is_active=?,
        last_login_at=?,
        password=?,
        phone=?,
        updated_at=?,
        updated_by=?,
        username=? 
    where
        id=?
Hibernate: 
    update
        user 
    set
        created_by=?,
        email=?,
        full_name=?,
        is_active=?,
        last_login_at=?,
        password=?,
        phone=?,
        updated_at=?,
        updated_by=?,
        username=? 
    where
        id=?
2026-04-20T15:31:03.770+08:00  INFO 10768 --- [logitrack-backend] [0.0-8080-exec-9] c.l.b.controller.EnquiryController       : GET /api/enquiries - page=0, size=10, keyword=null, status=null, product=null, cargo=null
2026-04-20T15:31:03.775+08:00 DEBUG 10768 --- [logitrack-backend] [0.0-8080-exec-9] org.hibernate.SQL                        : 
    select
        e1_0.id,
        e1_0.assigned_cn_office,
        e1_0.cancelled_reason,
        e1_0.cancelled_reason_text,
        e1_0.cargo_ready_date,
        e1_0.cargo_ready_date_details,
        e1_0.cargo_type_code,
        e1_0.category,
        e1_0.commodity,
        e1_0.core_non_core,
        e1_0.created_at,
        e1_0.created_by,
        e1_0.enquiry_created_date,
        e1_0.enquiry_received_date,
        e1_0.exw_location,
        e1_0.has_specific_cargo_ready_date,
        e1_0.hazardous_special_equipment,
        e1_0.is_oversize_cargo,
        e1_0.lost_reason,
        e1_0.lost_reason_text,
        e1_0.monthly_sequence,
        e1_0.offer_type,
        e1_0.pod_country,
        e1_0.pol_country,
        e1_0.product_abbr,
        e1_0.product_code,
        e1_0.quantity,
        e1_0.ref_number,
        e1_0.reference_month,
        e1_0.remark,
        e1_0.sales_country_code,
        e1_0.sales_office_id,
        e1_0.sales_pic_id,
        e1_0.serial_number,
        e1_0.status,
        e1_0.uom,
        e1_0.updated_at,
        e1_0.updated_by,
        e1_0.volume_cbm 
    from
        enquiry e1_0 
    order by
        e1_0.updated_at desc 
    limit
        ?, ?
Hibernate: 
    select
        e1_0.id,
        e1_0.assigned_cn_office,
        e1_0.cancelled_reason,
        e1_0.cancelled_reason_text,
        e1_0.cargo_ready_date,
        e1_0.cargo_ready_date_details,
        e1_0.cargo_type_code,
        e1_0.category,
        e1_0.commodity,
        e1_0.core_non_core,
        e1_0.created_at,
        e1_0.created_by,
        e1_0.enquiry_created_date,
        e1_0.enquiry_received_date,
        e1_0.exw_location,
        e1_0.has_specific_cargo_ready_date,
        e1_0.hazardous_special_equipment,
        e1_0.is_oversize_cargo,
        e1_0.lost_reason,
        e1_0.lost_reason_text,
        e1_0.monthly_sequence,
        e1_0.offer_type,
        e1_0.pod_country,
        e1_0.pol_country,
        e1_0.product_abbr,
        e1_0.product_code,
        e1_0.quantity,
        e1_0.ref_number,
        e1_0.reference_month,
        e1_0.remark,
        e1_0.sales_country_code,
        e1_0.sales_office_id,
        e1_0.sales_pic_id,
        e1_0.serial_number,
        e1_0.status,
        e1_0.uom,
        e1_0.updated_at,
        e1_0.updated_by,
        e1_0.volume_cbm 
    from
        enquiry e1_0 
    order by
        e1_0.updated_at desc 
    limit
        ?, ?
2026-04-20T15:31:03.822+08:00 DEBUG 10768 --- [logitrack-backend] [0.0-8080-exec-9] org.hibernate.SQL                        : 
    select
        count(e1_0.id) 
    from
        enquiry e1_0
Hibernate: 
    select
        count(e1_0.id) 
    from
        enquiry e1_0
2026-04-20T15:31:03.828+08:00 DEBUG 10768 --- [logitrack-backend] [0.0-8080-exec-9] org.hibernate.SQL                        : 
    select
        ep1_0.id,
        ep1_0.enquiry_id,
        ep1_0.port_id 
    from
        enquiry_pol ep1_0 
    where
        ep1_0.enquiry_id=?
Hibernate: 
    select
        ep1_0.id,
        ep1_0.enquiry_id,
        ep1_0.port_id 
    from
        enquiry_pol ep1_0 
    where
        ep1_0.enquiry_id=?
2026-04-20T15:31:03.830+08:00 DEBUG 10768 --- [logitrack-backend] [0.0-8080-exec-9] org.hibernate.SQL                        : 
    select
        ep1_0.id,
        ep1_0.enquiry_id,
        ep1_0.port_id 
    from
        enquiry_pod ep1_0 
    where
        ep1_0.enquiry_id=?
Hibernate: 
    select
        ep1_0.id,
        ep1_0.enquiry_id,
        ep1_0.port_id 
    from
        enquiry_pod ep1_0 
    where
        ep1_0.enquiry_id=?
2026-04-20T15:31:03.833+08:00 DEBUG 10768 --- [logitrack-backend] [0.0-8080-exec-9] org.hibernate.SQL                        : 
    select
        erg1_0.id,
        erg1_0.enquiry_id,
        erg1_0.group_index,
        erg1_0.sub_mode 
    from
        enquiry_route_group erg1_0 
    where
        erg1_0.enquiry_id=? 
    order by
        erg1_0.group_index
Hibernate: 
    select
        erg1_0.id,
        erg1_0.enquiry_id,
        erg1_0.group_index,
        erg1_0.sub_mode 
    from
        enquiry_route_group erg1_0 
    where
        erg1_0.enquiry_id=? 
    order by
        erg1_0.group_index
2026-04-20T15:31:03.835+08:00 DEBUG 10768 --- [logitrack-backend] [0.0-8080-exec-9] org.hibernate.SQL                        : 
    select
        ep1_0.id,
        ep1_0.enquiry_id,
        ep1_0.port_id 
    from
        enquiry_pol ep1_0 
    where
        ep1_0.enquiry_id=?
Hibernate: 
    select
        ep1_0.id,
        ep1_0.enquiry_id,
        ep1_0.port_id 
    from
        enquiry_pol ep1_0 
    where
        ep1_0.enquiry_id=?
2026-04-20T15:31:03.837+08:00 DEBUG 10768 --- [logitrack-backend] [0.0-8080-exec-9] org.hibernate.SQL                        : 
    select
        ep1_0.id,
        ep1_0.enquiry_id,
        ep1_0.port_id 
    from
        enquiry_pod ep1_0 
    where
        ep1_0.enquiry_id=?
Hibernate: 
    select
        ep1_0.id,
        ep1_0.enquiry_id,
        ep1_0.port_id 
    from
        enquiry_pod ep1_0 
    where
        ep1_0.enquiry_id=?
2026-04-20T15:31:03.840+08:00 DEBUG 10768 --- [logitrack-backend] [0.0-8080-exec-9] org.hibernate.SQL                        : 
    select
        erg1_0.id,
        erg1_0.enquiry_id,
        erg1_0.group_index,
        erg1_0.sub_mode 
    from
        enquiry_route_group erg1_0 
    where
        erg1_0.enquiry_id=? 
    order by
        erg1_0.group_index
Hibernate: 
    select
        erg1_0.id,
        erg1_0.enquiry_id,
        erg1_0.group_index,
        erg1_0.sub_mode 
    from
        enquiry_route_group erg1_0 
    where
        erg1_0.enquiry_id=? 
    order by
        erg1_0.group_index
2026-04-20T15:31:03.842+08:00 DEBUG 10768 --- [logitrack-backend] [0.0-8080-exec-9] org.hibernate.SQL                        : 
    select
        ep1_0.id,
        ep1_0.enquiry_id,
        ep1_0.port_id 
    from
        enquiry_pol ep1_0 
    where
        ep1_0.enquiry_id=?
Hibernate: 
    select
        ep1_0.id,
        ep1_0.enquiry_id,
        ep1_0.port_id 
    from
        enquiry_pol ep1_0 
    where
        ep1_0.enquiry_id=?
2026-04-20T15:31:03.845+08:00 DEBUG 10768 --- [logitrack-backend] [0.0-8080-exec-9] org.hibernate.SQL                        : 
    select
        ep1_0.id,
        ep1_0.enquiry_id,
        ep1_0.port_id 
    from
        enquiry_pod ep1_0 
    where
        ep1_0.enquiry_id=?
Hibernate: 
    select
        ep1_0.id,
        ep1_0.enquiry_id,
        ep1_0.port_id 
    from
        enquiry_pod ep1_0 
    where
        ep1_0.enquiry_id=?
2026-04-20T15:31:03.848+08:00 DEBUG 10768 --- [logitrack-backend] [0.0-8080-exec-9] org.hibernate.SQL                        : 
    select
        erg1_0.id,
        erg1_0.enquiry_id,
        erg1_0.group_index,
        erg1_0.sub_mode 
    from
        enquiry_route_group erg1_0 
    where
        erg1_0.enquiry_id=? 
    order by
        erg1_0.group_index
Hibernate: 
    select
        erg1_0.id,
        erg1_0.enquiry_id,
        erg1_0.group_index,
        erg1_0.sub_mode 
    from
        enquiry_route_group erg1_0 
    where
        erg1_0.enquiry_id=? 
    order by
        erg1_0.group_index
2026-04-20T15:31:03.850+08:00 DEBUG 10768 --- [logitrack-backend] [0.0-8080-exec-9] org.hibernate.SQL                        : 
    select
        ep1_0.id,
        ep1_0.enquiry_id,
        ep1_0.port_id 
    from
        enquiry_pol ep1_0 
    where
        ep1_0.enquiry_id=?
Hibernate: 
    select
        ep1_0.id,
        ep1_0.enquiry_id,
        ep1_0.port_id 
    from
        enquiry_pol ep1_0 
    where
        ep1_0.enquiry_id=?
2026-04-20T15:31:03.853+08:00 DEBUG 10768 --- [logitrack-backend] [0.0-8080-exec-9] org.hibernate.SQL                        : 
    select
        ep1_0.id,
        ep1_0.enquiry_id,
        ep1_0.port_id 
    from
        enquiry_pod ep1_0 
    where
        ep1_0.enquiry_id=?
Hibernate: 
    select
        ep1_0.id,
        ep1_0.enquiry_id,
        ep1_0.port_id 
    from
        enquiry_pod ep1_0 
    where
        ep1_0.enquiry_id=?
2026-04-20T15:31:03.855+08:00 DEBUG 10768 --- [logitrack-backend] [0.0-8080-exec-9] org.hibernate.SQL                        : 
    select
        erg1_0.id,
        erg1_0.enquiry_id,
        erg1_0.group_index,
        erg1_0.sub_mode 
    from
        enquiry_route_group erg1_0 
    where
        erg1_0.enquiry_id=? 
    order by
        erg1_0.group_index
Hibernate: 
    select
        erg1_0.id,
        erg1_0.enquiry_id,
        erg1_0.group_index,
        erg1_0.sub_mode 
    from
        enquiry_route_group erg1_0 
    where
        erg1_0.enquiry_id=? 
    order by
        erg1_0.group_index
2026-04-20T15:31:03.858+08:00 DEBUG 10768 --- [logitrack-backend] [0.0-8080-exec-9] org.hibernate.SQL                        : 
    select
        ep1_0.id,
        ep1_0.enquiry_id,
        ep1_0.port_id 
    from
        enquiry_pol ep1_0 
    where
        ep1_0.enquiry_id=?
Hibernate: 
    select
        ep1_0.id,
        ep1_0.enquiry_id,
        ep1_0.port_id 
    from
        enquiry_pol ep1_0 
    where
        ep1_0.enquiry_id=?
2026-04-20T15:31:03.861+08:00 DEBUG 10768 --- [logitrack-backend] [0.0-8080-exec-9] org.hibernate.SQL                        : 
    select
        ep1_0.id,
        ep1_0.enquiry_id,
        ep1_0.port_id 
    from
        enquiry_pod ep1_0 
    where
        ep1_0.enquiry_id=?
Hibernate: 
    select
        ep1_0.id,
        ep1_0.enquiry_id,
        ep1_0.port_id 
    from
        enquiry_pod ep1_0 
    where
        ep1_0.enquiry_id=?
2026-04-20T15:31:03.864+08:00 DEBUG 10768 --- [logitrack-backend] [0.0-8080-exec-9] org.hibernate.SQL                        : 
    select
        erg1_0.id,
        erg1_0.enquiry_id,
        erg1_0.group_index,
        erg1_0.sub_mode 
    from
        enquiry_route_group erg1_0 
    where
        erg1_0.enquiry_id=? 
    order by
        erg1_0.group_index
Hibernate: 
    select
        erg1_0.id,
        erg1_0.enquiry_id,
        erg1_0.group_index,
        erg1_0.sub_mode 
    from
        enquiry_route_group erg1_0 
    where
        erg1_0.enquiry_id=? 
    order by
        erg1_0.group_index
2026-04-20T15:31:03.867+08:00 DEBUG 10768 --- [logitrack-backend] [0.0-8080-exec-9] org.hibernate.SQL                        : 
    select
        ep1_0.id,
        ep1_0.enquiry_id,
        ep1_0.port_id 
    from
        enquiry_pol ep1_0 
    where
        ep1_0.enquiry_id=?
Hibernate: 
    select
        ep1_0.id,
        ep1_0.enquiry_id,
        ep1_0.port_id 
    from
        enquiry_pol ep1_0 
    where
        ep1_0.enquiry_id=?
2026-04-20T15:31:03.869+08:00 DEBUG 10768 --- [logitrack-backend] [0.0-8080-exec-9] org.hibernate.SQL                        : 
    select
        ep1_0.id,
        ep1_0.enquiry_id,
        ep1_0.port_id 
    from
        enquiry_pod ep1_0 
    where
        ep1_0.enquiry_id=?
Hibernate: 
    select
        ep1_0.id,
        ep1_0.enquiry_id,
        ep1_0.port_id 
    from
        enquiry_pod ep1_0 
    where
        ep1_0.enquiry_id=?
2026-04-20T15:31:03.871+08:00 DEBUG 10768 --- [logitrack-backend] [0.0-8080-exec-9] org.hibernate.SQL                        : 
    select
        erg1_0.id,
        erg1_0.enquiry_id,
        erg1_0.group_index,
        erg1_0.sub_mode 
    from
        enquiry_route_group erg1_0 
    where
        erg1_0.enquiry_id=? 
    order by
        erg1_0.group_index
Hibernate: 
    select
        erg1_0.id,
        erg1_0.enquiry_id,
        erg1_0.group_index,
        erg1_0.sub_mode 
    from
        enquiry_route_group erg1_0 
    where
        erg1_0.enquiry_id=? 
    order by
        erg1_0.group_index
2026-04-20T15:31:03.874+08:00 DEBUG 10768 --- [logitrack-backend] [0.0-8080-exec-9] org.hibernate.SQL                        : 
    select
        ep1_0.id,
        ep1_0.enquiry_id,
        ep1_0.port_id 
    from
        enquiry_pol ep1_0 
    where
        ep1_0.enquiry_id=?
Hibernate: 
    select
        ep1_0.id,
        ep1_0.enquiry_id,
        ep1_0.port_id 
    from
        enquiry_pol ep1_0 
    where
        ep1_0.enquiry_id=?
2026-04-20T15:31:03.876+08:00 DEBUG 10768 --- [logitrack-backend] [0.0-8080-exec-9] org.hibernate.SQL                        : 
    select
        ep1_0.id,
        ep1_0.enquiry_id,
        ep1_0.port_id 
    from
        enquiry_pod ep1_0 
    where
        ep1_0.enquiry_id=?
Hibernate: 
    select
        ep1_0.id,
        ep1_0.enquiry_id,
        ep1_0.port_id 
    from
        enquiry_pod ep1_0 
    where
        ep1_0.enquiry_id=?
2026-04-20T15:31:03.879+08:00 DEBUG 10768 --- [logitrack-backend] [0.0-8080-exec-9] org.hibernate.SQL                        : 
    select
        erg1_0.id,
        erg1_0.enquiry_id,
        erg1_0.group_index,
        erg1_0.sub_mode 
    from
        enquiry_route_group erg1_0 
    where
        erg1_0.enquiry_id=? 
    order by
        erg1_0.group_index
Hibernate: 
    select
        erg1_0.id,
        erg1_0.enquiry_id,
        erg1_0.group_index,
        erg1_0.sub_mode 
    from
        enquiry_route_group erg1_0 
    where
        erg1_0.enquiry_id=? 
    order by
        erg1_0.group_index
2026-04-20T15:31:03.882+08:00 DEBUG 10768 --- [logitrack-backend] [0.0-8080-exec-9] org.hibernate.SQL                        : 
    select
        ep1_0.id,
        ep1_0.enquiry_id,
        ep1_0.port_id 
    from
        enquiry_pol ep1_0 
    where
        ep1_0.enquiry_id=?
Hibernate: 
    select
        ep1_0.id,
        ep1_0.enquiry_id,
        ep1_0.port_id 
    from
        enquiry_pol ep1_0 
    where
        ep1_0.enquiry_id=?
2026-04-20T15:31:03.884+08:00 DEBUG 10768 --- [logitrack-backend] [0.0-8080-exec-9] org.hibernate.SQL                        : 
    select
        ep1_0.id,
        ep1_0.enquiry_id,
        ep1_0.port_id 
    from
        enquiry_pod ep1_0 
    where
        ep1_0.enquiry_id=?
Hibernate: 
    select
        ep1_0.id,
        ep1_0.enquiry_id,
        ep1_0.port_id 
    from
        enquiry_pod ep1_0 
    where
        ep1_0.enquiry_id=?
2026-04-20T15:31:03.887+08:00 DEBUG 10768 --- [logitrack-backend] [0.0-8080-exec-9] org.hibernate.SQL                        : 
    select
        erg1_0.id,
        erg1_0.enquiry_id,
        erg1_0.group_index,
        erg1_0.sub_mode 
    from
        enquiry_route_group erg1_0 
    where
        erg1_0.enquiry_id=? 
    order by
        erg1_0.group_index
Hibernate: 
    select
        erg1_0.id,
        erg1_0.enquiry_id,
        erg1_0.group_index,
        erg1_0.sub_mode 
    from
        enquiry_route_group erg1_0 
    where
        erg1_0.enquiry_id=? 
    order by
        erg1_0.group_index
2026-04-20T15:31:03.890+08:00 DEBUG 10768 --- [logitrack-backend] [0.0-8080-exec-9] org.hibernate.SQL                        : 
    select
        ep1_0.id,
        ep1_0.enquiry_id,
        ep1_0.port_id 
    from
        enquiry_pol ep1_0 
    where
        ep1_0.enquiry_id=?
Hibernate: 
    select
        ep1_0.id,
        ep1_0.enquiry_id,
        ep1_0.port_id 
    from
        enquiry_pol ep1_0 
    where
        ep1_0.enquiry_id=?
2026-04-20T15:31:03.893+08:00 DEBUG 10768 --- [logitrack-backend] [0.0-8080-exec-9] org.hibernate.SQL                        : 
    select
        ep1_0.id,
        ep1_0.enquiry_id,
        ep1_0.port_id 
    from
        enquiry_pod ep1_0 
    where
        ep1_0.enquiry_id=?
Hibernate: 
    select
        ep1_0.id,
        ep1_0.enquiry_id,
        ep1_0.port_id 
    from
        enquiry_pod ep1_0 
    where
        ep1_0.enquiry_id=?
2026-04-20T15:31:03.895+08:00 DEBUG 10768 --- [logitrack-backend] [0.0-8080-exec-9] org.hibernate.SQL                        : 
    select
        erg1_0.id,
        erg1_0.enquiry_id,
        erg1_0.group_index,
        erg1_0.sub_mode 
    from
        enquiry_route_group erg1_0 
    where
        erg1_0.enquiry_id=? 
    order by
        erg1_0.group_index
Hibernate: 
    select
        erg1_0.id,
        erg1_0.enquiry_id,
        erg1_0.group_index,
        erg1_0.sub_mode 
    from
        enquiry_route_group erg1_0 
    where
        erg1_0.enquiry_id=? 
    order by
        erg1_0.group_index
2026-04-20T15:31:03.897+08:00 DEBUG 10768 --- [logitrack-backend] [0.0-8080-exec-9] org.hibernate.SQL                        : 
    select
        ep1_0.id,
        ep1_0.enquiry_id,
        ep1_0.port_id 
    from
        enquiry_pol ep1_0 
    where
        ep1_0.enquiry_id=?
Hibernate: 
    select
        ep1_0.id,
        ep1_0.enquiry_id,
        ep1_0.port_id 
    from
        enquiry_pol ep1_0 
    where
        ep1_0.enquiry_id=?
2026-04-20T15:31:03.900+08:00 DEBUG 10768 --- [logitrack-backend] [0.0-8080-exec-9] org.hibernate.SQL                        : 
    select
        ep1_0.id,
        ep1_0.enquiry_id,
        ep1_0.port_id 
    from
        enquiry_pod ep1_0 
    where
        ep1_0.enquiry_id=?
Hibernate: 
    select
        ep1_0.id,
        ep1_0.enquiry_id,
        ep1_0.port_id 
    from
        enquiry_pod ep1_0 
    where
        ep1_0.enquiry_id=?
2026-04-20T15:31:03.902+08:00 DEBUG 10768 --- [logitrack-backend] [0.0-8080-exec-9] org.hibernate.SQL                        : 
    select
        erg1_0.id,
        erg1_0.enquiry_id,
        erg1_0.group_index,
        erg1_0.sub_mode 
    from
        enquiry_route_group erg1_0 
    where
        erg1_0.enquiry_id=? 
    order by
        erg1_0.group_index
Hibernate: 
    select
        erg1_0.id,
        erg1_0.enquiry_id,
        erg1_0.group_index,
        erg1_0.sub_mode 
    from
        enquiry_route_group erg1_0 
    where
        erg1_0.enquiry_id=? 
    order by
        erg1_0.group_index
2026-04-20T15:31:03.905+08:00 DEBUG 10768 --- [logitrack-backend] [0.0-8080-exec-9] org.hibernate.SQL                        : 
    select
        o1_0.enquiry_id,
        o1_0.id,
        o1_0.container_currency,
        o1_0.created_at,
        o1_0.is_latest,
        o1_0.local_charge_currency,
        o1_0.offer_date,
        o1_0.offer_type,
        o1_0.remark,
        o1_0.sequence_no,
        o1_0.updated_at 
    from
        offer o1_0 
    where
        o1_0.enquiry_id=?
Hibernate: 
    select
        o1_0.enquiry_id,
        o1_0.id,
        o1_0.container_currency,
        o1_0.created_at,
        o1_0.is_latest,
        o1_0.local_charge_currency,
        o1_0.offer_date,
        o1_0.offer_type,
        o1_0.remark,
        o1_0.sequence_no,
        o1_0.updated_at 
    from
        offer o1_0 
    where
        o1_0.enquiry_id=?
2026-04-20T15:31:03.907+08:00 DEBUG 10768 --- [logitrack-backend] [0.0-8080-exec-9] org.hibernate.SQL                        : 
    select
        cr1_0.enquiry_id,
        cr1_0.id,
        cr1_0.cntr_type_code,
        cr1_0.cntr_type_id,
        cr1_0.container_code,
        cr1_0.container_qty,
        cr1_0.container_type_id,
        cr1_0.created_at,
        cr1_0.extra_container_weights,
        cr1_0.extra_containers,
        cr1_0.line_teu,
        cr1_0.qty_20,
        cr1_0.qty_40,
        cr1_0.qty_40hq,
        cr1_0.qty_45,
        cr1_0.raw_text,
        cr1_0.teu_per_unit,
        cr1_0.weight_20,
        cr1_0.weight_40,
        cr1_0.weight_40hq,
        cr1_0.weight_45 
    from
        enquiry_container_line cr1_0 
    where
        cr1_0.enquiry_id=?
Hibernate: 
    select
        cr1_0.enquiry_id,
        cr1_0.id,
        cr1_0.cntr_type_code,
        cr1_0.cntr_type_id,
        cr1_0.container_code,
        cr1_0.container_qty,
        cr1_0.container_type_id,
        cr1_0.created_at,
        cr1_0.extra_container_weights,
        cr1_0.extra_containers,
        cr1_0.line_teu,
        cr1_0.qty_20,
        cr1_0.qty_40,
        cr1_0.qty_40hq,
        cr1_0.qty_45,
        cr1_0.raw_text,
        cr1_0.teu_per_unit,
        cr1_0.weight_20,
        cr1_0.weight_40,
        cr1_0.weight_40hq,
        cr1_0.weight_45 
    from
        enquiry_container_line cr1_0 
    where
        cr1_0.enquiry_id=?
2026-04-20T15:31:03.908+08:00 DEBUG 10768 --- [logitrack-backend] [0.0-8080-exec-9] org.hibernate.SQL                        : 
    select
        o1_0.enquiry_id,
        o1_0.id,
        o1_0.container_currency,
        o1_0.created_at,
        o1_0.is_latest,
        o1_0.local_charge_currency,
        o1_0.offer_date,
        o1_0.offer_type,
        o1_0.remark,
        o1_0.sequence_no,
        o1_0.updated_at 
    from
        offer o1_0 
    where
        o1_0.enquiry_id=?
Hibernate: 
    select
        o1_0.enquiry_id,
        o1_0.id,
        o1_0.container_currency,
        o1_0.created_at,
        o1_0.is_latest,
        o1_0.local_charge_currency,
        o1_0.offer_date,
        o1_0.offer_type,
        o1_0.remark,
        o1_0.sequence_no,
        o1_0.updated_at 
    from
        offer o1_0 
    where
        o1_0.enquiry_id=?
2026-04-20T15:31:03.910+08:00 DEBUG 10768 --- [logitrack-backend] [0.0-8080-exec-9] org.hibernate.SQL                        : 
    select
        cr1_0.enquiry_id,
        cr1_0.id,
        cr1_0.cntr_type_code,
        cr1_0.cntr_type_id,
        cr1_0.container_code,
        cr1_0.container_qty,
        cr1_0.container_type_id,
        cr1_0.created_at,
        cr1_0.extra_container_weights,
        cr1_0.extra_containers,
        cr1_0.line_teu,
        cr1_0.qty_20,
        cr1_0.qty_40,
        cr1_0.qty_40hq,
        cr1_0.qty_45,
        cr1_0.raw_text,
        cr1_0.teu_per_unit,
        cr1_0.weight_20,
        cr1_0.weight_40,
        cr1_0.weight_40hq,
        cr1_0.weight_45 
    from
        enquiry_container_line cr1_0 
    where
        cr1_0.enquiry_id=?
Hibernate: 
    select
        cr1_0.enquiry_id,
        cr1_0.id,
        cr1_0.cntr_type_code,
        cr1_0.cntr_type_id,
        cr1_0.container_code,
        cr1_0.container_qty,
        cr1_0.container_type_id,
        cr1_0.created_at,
        cr1_0.extra_container_weights,
        cr1_0.extra_containers,
        cr1_0.line_teu,
        cr1_0.qty_20,
        cr1_0.qty_40,
        cr1_0.qty_40hq,
        cr1_0.qty_45,
        cr1_0.raw_text,
        cr1_0.teu_per_unit,
        cr1_0.weight_20,
        cr1_0.weight_40,
        cr1_0.weight_40hq,
        cr1_0.weight_45 
    from
        enquiry_container_line cr1_0 
    where
        cr1_0.enquiry_id=?
2026-04-20T15:31:03.912+08:00 DEBUG 10768 --- [logitrack-backend] [0.0-8080-exec-9] org.hibernate.SQL                        : 
    select
        o1_0.enquiry_id,
        o1_0.id,
        o1_0.container_currency,
        o1_0.created_at,
        o1_0.is_latest,
        o1_0.local_charge_currency,
        o1_0.offer_date,
        o1_0.offer_type,
        o1_0.remark,
        o1_0.sequence_no,
        o1_0.updated_at 
    from
        offer o1_0 
    where
        o1_0.enquiry_id=?
Hibernate: 
    select
        o1_0.enquiry_id,
        o1_0.id,
        o1_0.container_currency,
        o1_0.created_at,
        o1_0.is_latest,
        o1_0.local_charge_currency,
        o1_0.offer_date,
        o1_0.offer_type,
        o1_0.remark,
        o1_0.sequence_no,
        o1_0.updated_at 
    from
        offer o1_0 
    where
        o1_0.enquiry_id=?
2026-04-20T15:31:03.914+08:00 DEBUG 10768 --- [logitrack-backend] [0.0-8080-exec-9] org.hibernate.SQL                        : 
    select
        cr1_0.enquiry_id,
        cr1_0.id,
        cr1_0.cntr_type_code,
        cr1_0.cntr_type_id,
        cr1_0.container_code,
        cr1_0.container_qty,
        cr1_0.container_type_id,
        cr1_0.created_at,
        cr1_0.extra_container_weights,
        cr1_0.extra_containers,
        cr1_0.line_teu,
        cr1_0.qty_20,
        cr1_0.qty_40,
        cr1_0.qty_40hq,
        cr1_0.qty_45,
        cr1_0.raw_text,
        cr1_0.teu_per_unit,
        cr1_0.weight_20,
        cr1_0.weight_40,
        cr1_0.weight_40hq,
        cr1_0.weight_45 
    from
        enquiry_container_line cr1_0 
    where
        cr1_0.enquiry_id=?
Hibernate: 
    select
        cr1_0.enquiry_id,
        cr1_0.id,
        cr1_0.cntr_type_code,
        cr1_0.cntr_type_id,
        cr1_0.container_code,
        cr1_0.container_qty,
        cr1_0.container_type_id,
        cr1_0.created_at,
        cr1_0.extra_container_weights,
        cr1_0.extra_containers,
        cr1_0.line_teu,
        cr1_0.qty_20,
        cr1_0.qty_40,
        cr1_0.qty_40hq,
        cr1_0.qty_45,
        cr1_0.raw_text,
        cr1_0.teu_per_unit,
        cr1_0.weight_20,
        cr1_0.weight_40,
        cr1_0.weight_40hq,
        cr1_0.weight_45 
    from
        enquiry_container_line cr1_0 
    where
        cr1_0.enquiry_id=?
2026-04-20T15:31:03.916+08:00 DEBUG 10768 --- [logitrack-backend] [0.0-8080-exec-9] org.hibernate.SQL                        : 
    select
        o1_0.enquiry_id,
        o1_0.id,
        o1_0.container_currency,
        o1_0.created_at,
        o1_0.is_latest,
        o1_0.local_charge_currency,
        o1_0.offer_date,
        o1_0.offer_type,
        o1_0.remark,
        o1_0.sequence_no,
        o1_0.updated_at 
    from
        offer o1_0 
    where
        o1_0.enquiry_id=?
Hibernate: 
    select
        o1_0.enquiry_id,
        o1_0.id,
        o1_0.container_currency,
        o1_0.created_at,
        o1_0.is_latest,
        o1_0.local_charge_currency,
        o1_0.offer_date,
        o1_0.offer_type,
        o1_0.remark,
        o1_0.sequence_no,
        o1_0.updated_at 
    from
        offer o1_0 
    where
        o1_0.enquiry_id=?
2026-04-20T15:31:03.917+08:00 DEBUG 10768 --- [logitrack-backend] [0.0-8080-exec-9] org.hibernate.SQL                        : 
    select
        cr1_0.enquiry_id,
        cr1_0.id,
        cr1_0.cntr_type_code,
        cr1_0.cntr_type_id,
        cr1_0.container_code,
        cr1_0.container_qty,
        cr1_0.container_type_id,
        cr1_0.created_at,
        cr1_0.extra_container_weights,
        cr1_0.extra_containers,
        cr1_0.line_teu,
        cr1_0.qty_20,
        cr1_0.qty_40,
        cr1_0.qty_40hq,
        cr1_0.qty_45,
        cr1_0.raw_text,
        cr1_0.teu_per_unit,
        cr1_0.weight_20,
        cr1_0.weight_40,
        cr1_0.weight_40hq,
        cr1_0.weight_45 
    from
        enquiry_container_line cr1_0 
    where
        cr1_0.enquiry_id=?
Hibernate: 
    select
        cr1_0.enquiry_id,
        cr1_0.id,
        cr1_0.cntr_type_code,
        cr1_0.cntr_type_id,
        cr1_0.container_code,
        cr1_0.container_qty,
        cr1_0.container_type_id,
        cr1_0.created_at,
        cr1_0.extra_container_weights,
        cr1_0.extra_containers,
        cr1_0.line_teu,
        cr1_0.qty_20,
        cr1_0.qty_40,
        cr1_0.qty_40hq,
        cr1_0.qty_45,
        cr1_0.raw_text,
        cr1_0.teu_per_unit,
        cr1_0.weight_20,
        cr1_0.weight_40,
        cr1_0.weight_40hq,
        cr1_0.weight_45 
    from
        enquiry_container_line cr1_0 
    where
        cr1_0.enquiry_id=?
2026-04-20T15:31:03.919+08:00 DEBUG 10768 --- [logitrack-backend] [0.0-8080-exec-9] org.hibernate.SQL                        : 
    select
        o1_0.enquiry_id,
        o1_0.id,
        o1_0.container_currency,
        o1_0.created_at,
        o1_0.is_latest,
        o1_0.local_charge_currency,
        o1_0.offer_date,
        o1_0.offer_type,
        o1_0.remark,
        o1_0.sequence_no,
        o1_0.updated_at 
    from
        offer o1_0 
    where
        o1_0.enquiry_id=?
Hibernate: 
    select
        o1_0.enquiry_id,
        o1_0.id,
        o1_0.container_currency,
        o1_0.created_at,
        o1_0.is_latest,
        o1_0.local_charge_currency,
        o1_0.offer_date,
        o1_0.offer_type,
        o1_0.remark,
        o1_0.sequence_no,
        o1_0.updated_at 
    from
        offer o1_0 
    where
        o1_0.enquiry_id=?
2026-04-20T15:31:03.921+08:00 DEBUG 10768 --- [logitrack-backend] [0.0-8080-exec-9] org.hibernate.SQL                        : 
    select
        cr1_0.enquiry_id,
        cr1_0.id,
        cr1_0.cntr_type_code,
        cr1_0.cntr_type_id,
        cr1_0.container_code,
        cr1_0.container_qty,
        cr1_0.container_type_id,
        cr1_0.created_at,
        cr1_0.extra_container_weights,
        cr1_0.extra_containers,
        cr1_0.line_teu,
        cr1_0.qty_20,
        cr1_0.qty_40,
        cr1_0.qty_40hq,
        cr1_0.qty_45,
        cr1_0.raw_text,
        cr1_0.teu_per_unit,
        cr1_0.weight_20,
        cr1_0.weight_40,
        cr1_0.weight_40hq,
        cr1_0.weight_45 
    from
        enquiry_container_line cr1_0 
    where
        cr1_0.enquiry_id=?
Hibernate: 
    select
        cr1_0.enquiry_id,
        cr1_0.id,
        cr1_0.cntr_type_code,
        cr1_0.cntr_type_id,
        cr1_0.container_code,
        cr1_0.container_qty,
        cr1_0.container_type_id,
        cr1_0.created_at,
        cr1_0.extra_container_weights,
        cr1_0.extra_containers,
        cr1_0.line_teu,
        cr1_0.qty_20,
        cr1_0.qty_40,
        cr1_0.qty_40hq,
        cr1_0.qty_45,
        cr1_0.raw_text,
        cr1_0.teu_per_unit,
        cr1_0.weight_20,
        cr1_0.weight_40,
        cr1_0.weight_40hq,
        cr1_0.weight_45 
    from
        enquiry_container_line cr1_0 
    where
        cr1_0.enquiry_id=?
2026-04-20T15:31:03.923+08:00 DEBUG 10768 --- [logitrack-backend] [0.0-8080-exec-9] org.hibernate.SQL                        : 
    select
        o1_0.enquiry_id,
        o1_0.id,
        o1_0.container_currency,
        o1_0.created_at,
        o1_0.is_latest,
        o1_0.local_charge_currency,
        o1_0.offer_date,
        o1_0.offer_type,
        o1_0.remark,
        o1_0.sequence_no,
        o1_0.updated_at 
    from
        offer o1_0 
    where
        o1_0.enquiry_id=?
Hibernate: 
    select
        o1_0.enquiry_id,
        o1_0.id,
        o1_0.container_currency,
        o1_0.created_at,
        o1_0.is_latest,
        o1_0.local_charge_currency,
        o1_0.offer_date,
        o1_0.offer_type,
        o1_0.remark,
        o1_0.sequence_no,
        o1_0.updated_at 
    from
        offer o1_0 
    where
        o1_0.enquiry_id=?
2026-04-20T15:31:03.925+08:00 DEBUG 10768 --- [logitrack-backend] [0.0-8080-exec-9] org.hibernate.SQL                        : 
    select
        cr1_0.enquiry_id,
        cr1_0.id,
        cr1_0.cntr_type_code,
        cr1_0.cntr_type_id,
        cr1_0.container_code,
        cr1_0.container_qty,
        cr1_0.container_type_id,
        cr1_0.created_at,
        cr1_0.extra_container_weights,
        cr1_0.extra_containers,
        cr1_0.line_teu,
        cr1_0.qty_20,
        cr1_0.qty_40,
        cr1_0.qty_40hq,
        cr1_0.qty_45,
        cr1_0.raw_text,
        cr1_0.teu_per_unit,
        cr1_0.weight_20,
        cr1_0.weight_40,
        cr1_0.weight_40hq,
        cr1_0.weight_45 
    from
        enquiry_container_line cr1_0 
    where
        cr1_0.enquiry_id=?
Hibernate: 
    select
        cr1_0.enquiry_id,
        cr1_0.id,
        cr1_0.cntr_type_code,
        cr1_0.cntr_type_id,
        cr1_0.container_code,
        cr1_0.container_qty,
        cr1_0.container_type_id,
        cr1_0.created_at,
        cr1_0.extra_container_weights,
        cr1_0.extra_containers,
        cr1_0.line_teu,
        cr1_0.qty_20,
        cr1_0.qty_40,
        cr1_0.qty_40hq,
        cr1_0.qty_45,
        cr1_0.raw_text,
        cr1_0.teu_per_unit,
        cr1_0.weight_20,
        cr1_0.weight_40,
        cr1_0.weight_40hq,
        cr1_0.weight_45 
    from
        enquiry_container_line cr1_0 
    where
        cr1_0.enquiry_id=?
2026-04-20T15:31:03.927+08:00 DEBUG 10768 --- [logitrack-backend] [0.0-8080-exec-9] org.hibernate.SQL                        : 
    select
        o1_0.enquiry_id,
        o1_0.id,
        o1_0.container_currency,
        o1_0.created_at,
        o1_0.is_latest,
        o1_0.local_charge_currency,
        o1_0.offer_date,
        o1_0.offer_type,
        o1_0.remark,
        o1_0.sequence_no,
        o1_0.updated_at 
    from
        offer o1_0 
    where
        o1_0.enquiry_id=?
Hibernate: 
    select
        o1_0.enquiry_id,
        o1_0.id,
        o1_0.container_currency,
        o1_0.created_at,
        o1_0.is_latest,
        o1_0.local_charge_currency,
        o1_0.offer_date,
        o1_0.offer_type,
        o1_0.remark,
        o1_0.sequence_no,
        o1_0.updated_at 
    from
        offer o1_0 
    where
        o1_0.enquiry_id=?
2026-04-20T15:31:03.929+08:00 DEBUG 10768 --- [logitrack-backend] [0.0-8080-exec-9] org.hibernate.SQL                        : 
    select
        cr1_0.enquiry_id,
        cr1_0.id,
        cr1_0.cntr_type_code,
        cr1_0.cntr_type_id,
        cr1_0.container_code,
        cr1_0.container_qty,
        cr1_0.container_type_id,
        cr1_0.created_at,
        cr1_0.extra_container_weights,
        cr1_0.extra_containers,
        cr1_0.line_teu,
        cr1_0.qty_20,
        cr1_0.qty_40,
        cr1_0.qty_40hq,
        cr1_0.qty_45,
        cr1_0.raw_text,
        cr1_0.teu_per_unit,
        cr1_0.weight_20,
        cr1_0.weight_40,
        cr1_0.weight_40hq,
        cr1_0.weight_45 
    from
        enquiry_container_line cr1_0 
    where
        cr1_0.enquiry_id=?
Hibernate: 
    select
        cr1_0.enquiry_id,
        cr1_0.id,
        cr1_0.cntr_type_code,
        cr1_0.cntr_type_id,
        cr1_0.container_code,
        cr1_0.container_qty,
        cr1_0.container_type_id,
        cr1_0.created_at,
        cr1_0.extra_container_weights,
        cr1_0.extra_containers,
        cr1_0.line_teu,
        cr1_0.qty_20,
        cr1_0.qty_40,
        cr1_0.qty_40hq,
        cr1_0.qty_45,
        cr1_0.raw_text,
        cr1_0.teu_per_unit,
        cr1_0.weight_20,
        cr1_0.weight_40,
        cr1_0.weight_40hq,
        cr1_0.weight_45 
    from
        enquiry_container_line cr1_0 
    where
        cr1_0.enquiry_id=?
2026-04-20T15:31:03.931+08:00 DEBUG 10768 --- [logitrack-backend] [0.0-8080-exec-9] org.hibernate.SQL                        : 
    select
        o1_0.enquiry_id,
        o1_0.id,
        o1_0.container_currency,
        o1_0.created_at,
        o1_0.is_latest,
        o1_0.local_charge_currency,
        o1_0.offer_date,
        o1_0.offer_type,
        o1_0.remark,
        o1_0.sequence_no,
        o1_0.updated_at 
    from
        offer o1_0 
    where
        o1_0.enquiry_id=?
Hibernate: 
    select
        o1_0.enquiry_id,
        o1_0.id,
        o1_0.container_currency,
        o1_0.created_at,
        o1_0.is_latest,
        o1_0.local_charge_currency,
        o1_0.offer_date,
        o1_0.offer_type,
        o1_0.remark,
        o1_0.sequence_no,
        o1_0.updated_at 
    from
        offer o1_0 
    where
        o1_0.enquiry_id=?
2026-04-20T15:31:03.933+08:00 DEBUG 10768 --- [logitrack-backend] [0.0-8080-exec-9] org.hibernate.SQL                        : 
    select
        cr1_0.enquiry_id,
        cr1_0.id,
        cr1_0.cntr_type_code,
        cr1_0.cntr_type_id,
        cr1_0.container_code,
        cr1_0.container_qty,
        cr1_0.container_type_id,
        cr1_0.created_at,
        cr1_0.extra_container_weights,
        cr1_0.extra_containers,
        cr1_0.line_teu,
        cr1_0.qty_20,
        cr1_0.qty_40,
        cr1_0.qty_40hq,
        cr1_0.qty_45,
        cr1_0.raw_text,
        cr1_0.teu_per_unit,
        cr1_0.weight_20,
        cr1_0.weight_40,
        cr1_0.weight_40hq,
        cr1_0.weight_45 
    from
        enquiry_container_line cr1_0 
    where
        cr1_0.enquiry_id=?
Hibernate: 
    select
        cr1_0.enquiry_id,
        cr1_0.id,
        cr1_0.cntr_type_code,
        cr1_0.cntr_type_id,
        cr1_0.container_code,
        cr1_0.container_qty,
        cr1_0.container_type_id,
        cr1_0.created_at,
        cr1_0.extra_container_weights,
        cr1_0.extra_containers,
        cr1_0.line_teu,
        cr1_0.qty_20,
        cr1_0.qty_40,
        cr1_0.qty_40hq,
        cr1_0.qty_45,
        cr1_0.raw_text,
        cr1_0.teu_per_unit,
        cr1_0.weight_20,
        cr1_0.weight_40,
        cr1_0.weight_40hq,
        cr1_0.weight_45 
    from
        enquiry_container_line cr1_0 
    where
        cr1_0.enquiry_id=?
2026-04-20T15:31:03.934+08:00 DEBUG 10768 --- [logitrack-backend] [0.0-8080-exec-9] org.hibernate.SQL                        : 
    select
        o1_0.enquiry_id,
        o1_0.id,
        o1_0.container_currency,
        o1_0.created_at,
        o1_0.is_latest,
        o1_0.local_charge_currency,
        o1_0.offer_date,
        o1_0.offer_type,
        o1_0.remark,
        o1_0.sequence_no,
        o1_0.updated_at 
    from
        offer o1_0 
    where
        o1_0.enquiry_id=?
Hibernate: 
    select
        o1_0.enquiry_id,
        o1_0.id,
        o1_0.container_currency,
        o1_0.created_at,
        o1_0.is_latest,
        o1_0.local_charge_currency,
        o1_0.offer_date,
        o1_0.offer_type,
        o1_0.remark,
        o1_0.sequence_no,
        o1_0.updated_at 
    from
        offer o1_0 
    where
        o1_0.enquiry_id=?
2026-04-20T15:31:03.936+08:00 DEBUG 10768 --- [logitrack-backend] [0.0-8080-exec-9] org.hibernate.SQL                        : 
    select
        cr1_0.enquiry_id,
        cr1_0.id,
        cr1_0.cntr_type_code,
        cr1_0.cntr_type_id,
        cr1_0.container_code,
        cr1_0.container_qty,
        cr1_0.container_type_id,
        cr1_0.created_at,
        cr1_0.extra_container_weights,
        cr1_0.extra_containers,
        cr1_0.line_teu,
        cr1_0.qty_20,
        cr1_0.qty_40,
        cr1_0.qty_40hq,
        cr1_0.qty_45,
        cr1_0.raw_text,
        cr1_0.teu_per_unit,
        cr1_0.weight_20,
        cr1_0.weight_40,
        cr1_0.weight_40hq,
        cr1_0.weight_45 
    from
        enquiry_container_line cr1_0 
    where
        cr1_0.enquiry_id=?
Hibernate: 
    select
        cr1_0.enquiry_id,
        cr1_0.id,
        cr1_0.cntr_type_code,
        cr1_0.cntr_type_id,
        cr1_0.container_code,
        cr1_0.container_qty,
        cr1_0.container_type_id,
        cr1_0.created_at,
        cr1_0.extra_container_weights,
        cr1_0.extra_containers,
        cr1_0.line_teu,
        cr1_0.qty_20,
        cr1_0.qty_40,
        cr1_0.qty_40hq,
        cr1_0.qty_45,
        cr1_0.raw_text,
        cr1_0.teu_per_unit,
        cr1_0.weight_20,
        cr1_0.weight_40,
        cr1_0.weight_40hq,
        cr1_0.weight_45 
    from
        enquiry_container_line cr1_0 
    where
        cr1_0.enquiry_id=?
2026-04-20T15:31:03.938+08:00 DEBUG 10768 --- [logitrack-backend] [0.0-8080-exec-9] org.hibernate.SQL                        : 
    select
        o1_0.enquiry_id,
        o1_0.id,
        o1_0.container_currency,
        o1_0.created_at,
        o1_0.is_latest,
        o1_0.local_charge_currency,
        o1_0.offer_date,
        o1_0.offer_type,
        o1_0.remark,
        o1_0.sequence_no,
        o1_0.updated_at 
    from
        offer o1_0 
    where
        o1_0.enquiry_id=?
Hibernate: 
    select
        o1_0.enquiry_id,
        o1_0.id,
        o1_0.container_currency,
        o1_0.created_at,
        o1_0.is_latest,
        o1_0.local_charge_currency,
        o1_0.offer_date,
        o1_0.offer_type,
        o1_0.remark,
        o1_0.sequence_no,
        o1_0.updated_at 
    from
        offer o1_0 
    where
        o1_0.enquiry_id=?
2026-04-20T15:31:03.940+08:00 DEBUG 10768 --- [logitrack-backend] [0.0-8080-exec-9] org.hibernate.SQL                        : 
    select
        pl1_0.offer_id,
        pl1_0.id,
        pl1_0.carrier,
        pl1_0.local_charge,
        pl1_0.min_charge,
        pl1_0.per_cbm,
        pl1_0.pod_id,
        pl1_0.pol_id,
        pl1_0.price,
        pl1_0.price_text,
        pl1_0.route_group_id,
        pl1_0.sort_order,
        pl1_0.sub_mode 
    from
        offer_price_line pl1_0 
    where
        pl1_0.offer_id=?
Hibernate: 
    select
        pl1_0.offer_id,
        pl1_0.id,
        pl1_0.carrier,
        pl1_0.local_charge,
        pl1_0.min_charge,
        pl1_0.per_cbm,
        pl1_0.pod_id,
        pl1_0.pol_id,
        pl1_0.price,
        pl1_0.price_text,
        pl1_0.route_group_id,
        pl1_0.sort_order,
        pl1_0.sub_mode 
    from
        offer_price_line pl1_0 
    where
        pl1_0.offer_id=?
2026-04-20T15:31:03.942+08:00 DEBUG 10768 --- [logitrack-backend] [0.0-8080-exec-9] org.hibernate.SQL                        : 
    select
        cr1_0.enquiry_id,
        cr1_0.id,
        cr1_0.cntr_type_code,
        cr1_0.cntr_type_id,
        cr1_0.container_code,
        cr1_0.container_qty,
        cr1_0.container_type_id,
        cr1_0.created_at,
        cr1_0.extra_container_weights,
        cr1_0.extra_containers,
        cr1_0.line_teu,
        cr1_0.qty_20,
        cr1_0.qty_40,
        cr1_0.qty_40hq,
        cr1_0.qty_45,
        cr1_0.raw_text,
        cr1_0.teu_per_unit,
        cr1_0.weight_20,
        cr1_0.weight_40,
        cr1_0.weight_40hq,
        cr1_0.weight_45 
    from
        enquiry_container_line cr1_0 
    where
        cr1_0.enquiry_id=?
Hibernate: 
    select
        cr1_0.enquiry_id,
        cr1_0.id,
        cr1_0.cntr_type_code,
        cr1_0.cntr_type_id,
        cr1_0.container_code,
        cr1_0.container_qty,
        cr1_0.container_type_id,
        cr1_0.created_at,
        cr1_0.extra_container_weights,
        cr1_0.extra_containers,
        cr1_0.line_teu,
        cr1_0.qty_20,
        cr1_0.qty_40,
        cr1_0.qty_40hq,
        cr1_0.qty_45,
        cr1_0.raw_text,
        cr1_0.teu_per_unit,
        cr1_0.weight_20,
        cr1_0.weight_40,
        cr1_0.weight_40hq,
        cr1_0.weight_45 
    from
        enquiry_container_line cr1_0 
    where
        cr1_0.enquiry_id=?
2026-04-21T03:44:47.034+08:00  INFO 10768 --- [logitrack-backend] [0.0-8080-exec-8] o.apache.coyote.http11.Http11Processor   : Error parsing HTTP request header
 Note: further occurrences of HTTP request parsing errors will be logged at DEBUG level.

java.lang.IllegalArgumentException: Invalid character found in method name [0x160x030x010x000xee0x010x000x000xea0x030x030xa90xff0x930x1d0xecQ0xe40xd30xeeP0xcb0xf20xe20xc60xb6b0xc30xc70x005;0x8b0x030x0d0xc60x1b0xd00x17xj0xd40x99 ]. HTTP method names must be tokens
	at org.apache.coyote.http11.Http11InputBuffer.parseRequestLine(Http11InputBuffer.java:407) ~[tomcat-embed-core-10.1.16.jar!/:na]
	at org.apache.coyote.http11.Http11Processor.service(Http11Processor.java:264) ~[tomcat-embed-core-10.1.16.jar!/:na]
	at org.apache.coyote.AbstractProcessorLight.process(AbstractProcessorLight.java:63) ~[tomcat-embed-core-10.1.16.jar!/:na]
	at org.apache.coyote.AbstractProtocol$ConnectionHandler.process(AbstractProtocol.java:896) ~[tomcat-embed-core-10.1.16.jar!/:na]
	at org.apache.tomcat.util.net.NioEndpoint$SocketProcessor.doRun(NioEndpoint.java:1744) ~[tomcat-embed-core-10.1.16.jar!/:na]
	at org.apache.tomcat.util.net.SocketProcessorBase.run(SocketProcessorBase.java:52) ~[tomcat-embed-core-10.1.16.jar!/:na]
	at org.apache.tomcat.util.threads.ThreadPoolExecutor.runWorker(ThreadPoolExecutor.java:1191) ~[tomcat-embed-core-10.1.16.jar!/:na]
	at org.apache.tomcat.util.threads.ThreadPoolExecutor$Worker.run(ThreadPoolExecutor.java:659) ~[tomcat-embed-core-10.1.16.jar!/:na]
	at org.apache.tomcat.util.threads.TaskThread$WrappingRunnable.run(TaskThread.java:61) ~[tomcat-embed-core-10.1.16.jar!/:na]
	at java.base/java.lang.Thread.run(Thread.java:1583) ~[na:na]

2026-04-21T04:53:26.700+08:00 ERROR 10768 --- [logitrack-backend] [0.0-8080-exec-5] o.a.c.c.C.[.[.[/].[dispatcherServlet]    : Servlet.service() for servlet [dispatcherServlet] in context with path [] threw exception [Request processing failed: org.springframework.web.multipart.MultipartException: Failed to parse multipart servlet request] with root cause

org.apache.tomcat.util.http.fileupload.MultipartStream$MalformedStreamException: Stream ended unexpectedly
	at org.apache.tomcat.util.http.fileupload.MultipartStream.readHeaders(MultipartStream.java:520) ~[tomcat-embed-core-10.1.16.jar!/:na]
	at org.apache.tomcat.util.http.fileupload.impl.FileItemIteratorImpl.findNextItem(FileItemIteratorImpl.java:243) ~[tomcat-embed-core-10.1.16.jar!/:na]
	at org.apache.tomcat.util.http.fileupload.impl.FileItemIteratorImpl.hasNext(FileItemIteratorImpl.java:312) ~[tomcat-embed-core-10.1.16.jar!/:na]
	at org.apache.tomcat.util.http.fileupload.FileUploadBase.parseRequest(FileUploadBase.java:280) ~[tomcat-embed-core-10.1.16.jar!/:na]
	at org.apache.catalina.connector.Request.parseParts(Request.java:2784) ~[tomcat-embed-core-10.1.16.jar!/:na]
	at org.apache.catalina.connector.Request.getParts(Request.java:2685) ~[tomcat-embed-core-10.1.16.jar!/:na]
	at org.apache.catalina.connector.RequestFacade.getParts(RequestFacade.java:773) ~[tomcat-embed-core-10.1.16.jar!/:na]
	at org.springframework.web.multipart.support.StandardMultipartHttpServletRequest.parseRequest(StandardMultipartHttpServletRequest.java:93) ~[spring-web-6.1.1.jar!/:6.1.1]
	at org.springframework.web.multipart.support.StandardMultipartHttpServletRequest.<init>(StandardMultipartHttpServletRequest.java:86) ~[spring-web-6.1.1.jar!/:6.1.1]
	at org.springframework.web.multipart.support.StandardServletMultipartResolver.resolveMultipart(StandardServletMultipartResolver.java:112) ~[spring-web-6.1.1.jar!/:6.1.1]
	at org.springframework.web.servlet.DispatcherServlet.checkMultipart(DispatcherServlet.java:1227) ~[spring-webmvc-6.1.1.jar!/:6.1.1]
	at org.springframework.web.servlet.DispatcherServlet.doDispatch(DispatcherServlet.java:1061) ~[spring-webmvc-6.1.1.jar!/:6.1.1]
	at org.springframework.web.servlet.DispatcherServlet.doService(DispatcherServlet.java:979) ~[spring-webmvc-6.1.1.jar!/:6.1.1]
	at org.springframework.web.servlet.FrameworkServlet.processRequest(FrameworkServlet.java:1014) ~[spring-webmvc-6.1.1.jar!/:6.1.1]
	at org.springframework.web.servlet.FrameworkServlet.doPost(FrameworkServlet.java:914) ~[spring-webmvc-6.1.1.jar!/:6.1.1]
	at jakarta.servlet.http.HttpServlet.service(HttpServlet.java:590) ~[tomcat-embed-core-10.1.16.jar!/:na]
	at org.springframework.web.servlet.FrameworkServlet.service(FrameworkServlet.java:885) ~[spring-webmvc-6.1.1.jar!/:6.1.1]
	at jakarta.servlet.http.HttpServlet.service(HttpServlet.java:658) ~[tomcat-embed-core-10.1.16.jar!/:na]
	at org.apache.catalina.core.ApplicationFilterChain.internalDoFilter(ApplicationFilterChain.java:205) ~[tomcat-embed-core-10.1.16.jar!/:na]
	at org.apache.catalina.core.ApplicationFilterChain.doFilter(ApplicationFilterChain.java:149) ~[tomcat-embed-core-10.1.16.jar!/:na]
	at org.apache.tomcat.websocket.server.WsFilter.doFilter(WsFilter.java:51) ~[tomcat-embed-websocket-10.1.16.jar!/:na]
	at org.apache.catalina.core.ApplicationFilterChain.internalDoFilter(ApplicationFilterChain.java:174) ~[tomcat-embed-core-10.1.16.jar!/:na]
	at org.apache.catalina.core.ApplicationFilterChain.doFilter(ApplicationFilterChain.java:149) ~[tomcat-embed-core-10.1.16.jar!/:na]
	at org.springframework.web.filter.RequestContextFilter.doFilterInternal(RequestContextFilter.java:100) ~[spring-web-6.1.1.jar!/:6.1.1]
	at org.springframework.web.filter.OncePerRequestFilter.doFilter(OncePerRequestFilter.java:116) ~[spring-web-6.1.1.jar!/:6.1.1]
	at org.apache.catalina.core.ApplicationFilterChain.internalDoFilter(ApplicationFilterChain.java:174) ~[tomcat-embed-core-10.1.16.jar!/:na]
	at org.apache.catalina.core.ApplicationFilterChain.doFilter(ApplicationFilterChain.java:149) ~[tomcat-embed-core-10.1.16.jar!/:na]
	at org.springframework.web.filter.FormContentFilter.doFilterInternal(FormContentFilter.java:93) ~[spring-web-6.1.1.jar!/:6.1.1]
	at org.springframework.web.filter.OncePerRequestFilter.doFilter(OncePerRequestFilter.java:116) ~[spring-web-6.1.1.jar!/:6.1.1]
	at org.apache.catalina.core.ApplicationFilterChain.internalDoFilter(ApplicationFilterChain.java:174) ~[tomcat-embed-core-10.1.16.jar!/:na]
	at org.apache.catalina.core.ApplicationFilterChain.doFilter(ApplicationFilterChain.java:149) ~[tomcat-embed-core-10.1.16.jar!/:na]
	at org.springframework.web.filter.CharacterEncodingFilter.doFilterInternal(CharacterEncodingFilter.java:201) ~[spring-web-6.1.1.jar!/:6.1.1]
	at org.springframework.web.filter.OncePerRequestFilter.doFilter(OncePerRequestFilter.java:116) ~[spring-web-6.1.1.jar!/:6.1.1]
	at org.apache.catalina.core.ApplicationFilterChain.internalDoFilter(ApplicationFilterChain.java:174) ~[tomcat-embed-core-10.1.16.jar!/:na]
	at org.apache.catalina.core.ApplicationFilterChain.doFilter(ApplicationFilterChain.java:149) ~[tomcat-embed-core-10.1.16.jar!/:na]
	at org.apache.catalina.core.StandardWrapperValve.invoke(StandardWrapperValve.java:167) ~[tomcat-embed-core-10.1.16.jar!/:na]
	at org.apache.catalina.core.StandardContextValve.invoke(StandardContextValve.java:90) ~[tomcat-embed-core-10.1.16.jar!/:na]
	at org.apache.catalina.authenticator.AuthenticatorBase.invoke(AuthenticatorBase.java:482) ~[tomcat-embed-core-10.1.16.jar!/:na]
	at org.apache.catalina.core.StandardHostValve.invoke(StandardHostValve.java:115) ~[tomcat-embed-core-10.1.16.jar!/:na]
	at org.apache.catalina.valves.ErrorReportValve.invoke(ErrorReportValve.java:93) ~[tomcat-embed-core-10.1.16.jar!/:na]
	at org.apache.catalina.core.StandardEngineValve.invoke(StandardEngineValve.java:74) ~[tomcat-embed-core-10.1.16.jar!/:na]
	at org.apache.catalina.connector.CoyoteAdapter.service(CoyoteAdapter.java:340) ~[tomcat-embed-core-10.1.16.jar!/:na]
	at org.apache.coyote.http11.Http11Processor.service(Http11Processor.java:391) ~[tomcat-embed-core-10.1.16.jar!/:na]
	at org.apache.coyote.AbstractProcessorLight.process(AbstractProcessorLight.java:63) ~[tomcat-embed-core-10.1.16.jar!/:na]
	at org.apache.coyote.AbstractProtocol$ConnectionHandler.process(AbstractProtocol.java:896) ~[tomcat-embed-core-10.1.16.jar!/:na]
	at org.apache.tomcat.util.net.NioEndpoint$SocketProcessor.doRun(NioEndpoint.java:1744) ~[tomcat-embed-core-10.1.16.jar!/:na]
	at org.apache.tomcat.util.net.SocketProcessorBase.run(SocketProcessorBase.java:52) ~[tomcat-embed-core-10.1.16.jar!/:na]
	at org.apache.tomcat.util.threads.ThreadPoolExecutor.runWorker(ThreadPoolExecutor.java:1191) ~[tomcat-embed-core-10.1.16.jar!/:na]
	at org.apache.tomcat.util.threads.ThreadPoolExecutor$Worker.run(ThreadPoolExecutor.java:659) ~[tomcat-embed-core-10.1.16.jar!/:na]
	at org.apache.tomcat.util.threads.TaskThread$WrappingRunnable.run(TaskThread.java:61) ~[tomcat-embed-core-10.1.16.jar!/:na]
	at java.base/java.lang.Thread.run(Thread.java:1583) ~[na:na]

2026-04-21T04:53:29.298+08:00 ERROR 10768 --- [logitrack-backend] [0.0-8080-exec-4] o.a.c.c.C.[.[.[/].[dispatcherServlet]    : Servlet.service() for servlet [dispatcherServlet] in context with path [] threw exception [Request processing failed: org.springframework.web.multipart.MultipartException: Failed to parse multipart servlet request] with root cause

org.apache.tomcat.util.http.fileupload.MultipartStream$MalformedStreamException: Stream ended unexpectedly
	at org.apache.tomcat.util.http.fileupload.MultipartStream.readHeaders(MultipartStream.java:520) ~[tomcat-embed-core-10.1.16.jar!/:na]
	at org.apache.tomcat.util.http.fileupload.impl.FileItemIteratorImpl.findNextItem(FileItemIteratorImpl.java:243) ~[tomcat-embed-core-10.1.16.jar!/:na]
	at org.apache.tomcat.util.http.fileupload.impl.FileItemIteratorImpl.hasNext(FileItemIteratorImpl.java:312) ~[tomcat-embed-core-10.1.16.jar!/:na]
	at org.apache.tomcat.util.http.fileupload.FileUploadBase.parseRequest(FileUploadBase.java:280) ~[tomcat-embed-core-10.1.16.jar!/:na]
	at org.apache.catalina.connector.Request.parseParts(Request.java:2784) ~[tomcat-embed-core-10.1.16.jar!/:na]
	at org.apache.catalina.connector.Request.getParts(Request.java:2685) ~[tomcat-embed-core-10.1.16.jar!/:na]
	at org.apache.catalina.connector.RequestFacade.getParts(RequestFacade.java:773) ~[tomcat-embed-core-10.1.16.jar!/:na]
	at org.springframework.web.multipart.support.StandardMultipartHttpServletRequest.parseRequest(StandardMultipartHttpServletRequest.java:93) ~[spring-web-6.1.1.jar!/:6.1.1]
	at org.springframework.web.multipart.support.StandardMultipartHttpServletRequest.<init>(StandardMultipartHttpServletRequest.java:86) ~[spring-web-6.1.1.jar!/:6.1.1]
	at org.springframework.web.multipart.support.StandardServletMultipartResolver.resolveMultipart(StandardServletMultipartResolver.java:112) ~[spring-web-6.1.1.jar!/:6.1.1]
	at org.springframework.web.servlet.DispatcherServlet.checkMultipart(DispatcherServlet.java:1227) ~[spring-webmvc-6.1.1.jar!/:6.1.1]
	at org.springframework.web.servlet.DispatcherServlet.doDispatch(DispatcherServlet.java:1061) ~[spring-webmvc-6.1.1.jar!/:6.1.1]
	at org.springframework.web.servlet.DispatcherServlet.doService(DispatcherServlet.java:979) ~[spring-webmvc-6.1.1.jar!/:6.1.1]
	at org.springframework.web.servlet.FrameworkServlet.processRequest(FrameworkServlet.java:1014) ~[spring-webmvc-6.1.1.jar!/:6.1.1]
	at org.springframework.web.servlet.FrameworkServlet.doPost(FrameworkServlet.java:914) ~[spring-webmvc-6.1.1.jar!/:6.1.1]
	at jakarta.servlet.http.HttpServlet.service(HttpServlet.java:590) ~[tomcat-embed-core-10.1.16.jar!/:na]
	at org.springframework.web.servlet.FrameworkServlet.service(FrameworkServlet.java:885) ~[spring-webmvc-6.1.1.jar!/:6.1.1]
	at jakarta.servlet.http.HttpServlet.service(HttpServlet.java:658) ~[tomcat-embed-core-10.1.16.jar!/:na]
	at org.apache.catalina.core.ApplicationFilterChain.internalDoFilter(ApplicationFilterChain.java:205) ~[tomcat-embed-core-10.1.16.jar!/:na]
	at org.apache.catalina.core.ApplicationFilterChain.doFilter(ApplicationFilterChain.java:149) ~[tomcat-embed-core-10.1.16.jar!/:na]
	at org.apache.tomcat.websocket.server.WsFilter.doFilter(WsFilter.java:51) ~[tomcat-embed-websocket-10.1.16.jar!/:na]
	at org.apache.catalina.core.ApplicationFilterChain.internalDoFilter(ApplicationFilterChain.java:174) ~[tomcat-embed-core-10.1.16.jar!/:na]
	at org.apache.catalina.core.ApplicationFilterChain.doFilter(ApplicationFilterChain.java:149) ~[tomcat-embed-core-10.1.16.jar!/:na]
	at org.springframework.web.filter.RequestContextFilter.doFilterInternal(RequestContextFilter.java:100) ~[spring-web-6.1.1.jar!/:6.1.1]
	at org.springframework.web.filter.OncePerRequestFilter.doFilter(OncePerRequestFilter.java:116) ~[spring-web-6.1.1.jar!/:6.1.1]
	at org.apache.catalina.core.ApplicationFilterChain.internalDoFilter(ApplicationFilterChain.java:174) ~[tomcat-embed-core-10.1.16.jar!/:na]
	at org.apache.catalina.core.ApplicationFilterChain.doFilter(ApplicationFilterChain.java:149) ~[tomcat-embed-core-10.1.16.jar!/:na]
	at org.springframework.web.filter.FormContentFilter.doFilterInternal(FormContentFilter.java:93) ~[spring-web-6.1.1.jar!/:6.1.1]
	at org.springframework.web.filter.OncePerRequestFilter.doFilter(OncePerRequestFilter.java:116) ~[spring-web-6.1.1.jar!/:6.1.1]
	at org.apache.catalina.core.ApplicationFilterChain.internalDoFilter(ApplicationFilterChain.java:174) ~[tomcat-embed-core-10.1.16.jar!/:na]
	at org.apache.catalina.core.ApplicationFilterChain.doFilter(ApplicationFilterChain.java:149) ~[tomcat-embed-core-10.1.16.jar!/:na]
	at org.springframework.web.filter.CharacterEncodingFilter.doFilterInternal(CharacterEncodingFilter.java:201) ~[spring-web-6.1.1.jar!/:6.1.1]
	at org.springframework.web.filter.OncePerRequestFilter.doFilter(OncePerRequestFilter.java:116) ~[spring-web-6.1.1.jar!/:6.1.1]
	at org.apache.catalina.core.ApplicationFilterChain.internalDoFilter(ApplicationFilterChain.java:174) ~[tomcat-embed-core-10.1.16.jar!/:na]
	at org.apache.catalina.core.ApplicationFilterChain.doFilter(ApplicationFilterChain.java:149) ~[tomcat-embed-core-10.1.16.jar!/:na]
	at org.apache.catalina.core.StandardWrapperValve.invoke(StandardWrapperValve.java:167) ~[tomcat-embed-core-10.1.16.jar!/:na]
	at org.apache.catalina.core.StandardContextValve.invoke(StandardContextValve.java:90) ~[tomcat-embed-core-10.1.16.jar!/:na]
	at org.apache.catalina.authenticator.AuthenticatorBase.invoke(AuthenticatorBase.java:482) ~[tomcat-embed-core-10.1.16.jar!/:na]
	at org.apache.catalina.core.StandardHostValve.invoke(StandardHostValve.java:115) ~[tomcat-embed-core-10.1.16.jar!/:na]
	at org.apache.catalina.valves.ErrorReportValve.invoke(ErrorReportValve.java:93) ~[tomcat-embed-core-10.1.16.jar!/:na]
	at org.apache.catalina.core.StandardEngineValve.invoke(StandardEngineValve.java:74) ~[tomcat-embed-core-10.1.16.jar!/:na]
	at org.apache.catalina.connector.CoyoteAdapter.service(CoyoteAdapter.java:340) ~[tomcat-embed-core-10.1.16.jar!/:na]
	at org.apache.coyote.http11.Http11Processor.service(Http11Processor.java:391) ~[tomcat-embed-core-10.1.16.jar!/:na]
	at org.apache.coyote.AbstractProcessorLight.process(AbstractProcessorLight.java:63) ~[tomcat-embed-core-10.1.16.jar!/:na]
	at org.apache.coyote.AbstractProtocol$ConnectionHandler.process(AbstractProtocol.java:896) ~[tomcat-embed-core-10.1.16.jar!/:na]
	at org.apache.tomcat.util.net.NioEndpoint$SocketProcessor.doRun(NioEndpoint.java:1744) ~[tomcat-embed-core-10.1.16.jar!/:na]
	at org.apache.tomcat.util.net.SocketProcessorBase.run(SocketProcessorBase.java:52) ~[tomcat-embed-core-10.1.16.jar!/:na]
	at org.apache.tomcat.util.threads.ThreadPoolExecutor.runWorker(ThreadPoolExecutor.java:1191) ~[tomcat-embed-core-10.1.16.jar!/:na]
	at org.apache.tomcat.util.threads.ThreadPoolExecutor$Worker.run(ThreadPoolExecutor.java:659) ~[tomcat-embed-core-10.1.16.jar!/:na]
	at org.apache.tomcat.util.threads.TaskThread$WrappingRunnable.run(TaskThread.java:61) ~[tomcat-embed-core-10.1.16.jar!/:na]
	at java.base/java.lang.Thread.run(Thread.java:1583) ~[na:na]

2026-04-21T05:42:30.933+08:00 ERROR 10768 --- [logitrack-backend] [0.0-8080-exec-8] o.a.c.c.C.[.[.[/].[dispatcherServlet]    : Servlet.service() for servlet [dispatcherServlet] in context with path [] threw exception [Request processing failed: org.springframework.web.multipart.MultipartException: Failed to parse multipart servlet request] with root cause

org.apache.tomcat.util.http.fileupload.MultipartStream$MalformedStreamException: Stream ended unexpectedly
	at org.apache.tomcat.util.http.fileupload.MultipartStream.readHeaders(MultipartStream.java:520) ~[tomcat-embed-core-10.1.16.jar!/:na]
	at org.apache.tomcat.util.http.fileupload.impl.FileItemIteratorImpl.findNextItem(FileItemIteratorImpl.java:243) ~[tomcat-embed-core-10.1.16.jar!/:na]
	at org.apache.tomcat.util.http.fileupload.impl.FileItemIteratorImpl.hasNext(FileItemIteratorImpl.java:312) ~[tomcat-embed-core-10.1.16.jar!/:na]
	at org.apache.tomcat.util.http.fileupload.FileUploadBase.parseRequest(FileUploadBase.java:280) ~[tomcat-embed-core-10.1.16.jar!/:na]
	at org.apache.catalina.connector.Request.parseParts(Request.java:2784) ~[tomcat-embed-core-10.1.16.jar!/:na]
	at org.apache.catalina.connector.Request.getParts(Request.java:2685) ~[tomcat-embed-core-10.1.16.jar!/:na]
	at org.apache.catalina.connector.RequestFacade.getParts(RequestFacade.java:773) ~[tomcat-embed-core-10.1.16.jar!/:na]
	at org.springframework.web.multipart.support.StandardMultipartHttpServletRequest.parseRequest(StandardMultipartHttpServletRequest.java:93) ~[spring-web-6.1.1.jar!/:6.1.1]
	at org.springframework.web.multipart.support.StandardMultipartHttpServletRequest.<init>(StandardMultipartHttpServletRequest.java:86) ~[spring-web-6.1.1.jar!/:6.1.1]
	at org.springframework.web.multipart.support.StandardServletMultipartResolver.resolveMultipart(StandardServletMultipartResolver.java:112) ~[spring-web-6.1.1.jar!/:6.1.1]
	at org.springframework.web.servlet.DispatcherServlet.checkMultipart(DispatcherServlet.java:1227) ~[spring-webmvc-6.1.1.jar!/:6.1.1]
	at org.springframework.web.servlet.DispatcherServlet.doDispatch(DispatcherServlet.java:1061) ~[spring-webmvc-6.1.1.jar!/:6.1.1]
	at org.springframework.web.servlet.DispatcherServlet.doService(DispatcherServlet.java:979) ~[spring-webmvc-6.1.1.jar!/:6.1.1]
	at org.springframework.web.servlet.FrameworkServlet.processRequest(FrameworkServlet.java:1014) ~[spring-webmvc-6.1.1.jar!/:6.1.1]
	at org.springframework.web.servlet.FrameworkServlet.doPost(FrameworkServlet.java:914) ~[spring-webmvc-6.1.1.jar!/:6.1.1]
	at jakarta.servlet.http.HttpServlet.service(HttpServlet.java:590) ~[tomcat-embed-core-10.1.16.jar!/:na]
	at org.springframework.web.servlet.FrameworkServlet.service(FrameworkServlet.java:885) ~[spring-webmvc-6.1.1.jar!/:6.1.1]
	at jakarta.servlet.http.HttpServlet.service(HttpServlet.java:658) ~[tomcat-embed-core-10.1.16.jar!/:na]
	at org.apache.catalina.core.ApplicationFilterChain.internalDoFilter(ApplicationFilterChain.java:205) ~[tomcat-embed-core-10.1.16.jar!/:na]
	at org.apache.catalina.core.ApplicationFilterChain.doFilter(ApplicationFilterChain.java:149) ~[tomcat-embed-core-10.1.16.jar!/:na]
	at org.apache.tomcat.websocket.server.WsFilter.doFilter(WsFilter.java:51) ~[tomcat-embed-websocket-10.1.16.jar!/:na]
	at org.apache.catalina.core.ApplicationFilterChain.internalDoFilter(ApplicationFilterChain.java:174) ~[tomcat-embed-core-10.1.16.jar!/:na]
	at org.apache.catalina.core.ApplicationFilterChain.doFilter(ApplicationFilterChain.java:149) ~[tomcat-embed-core-10.1.16.jar!/:na]
	at org.springframework.web.filter.RequestContextFilter.doFilterInternal(RequestContextFilter.java:100) ~[spring-web-6.1.1.jar!/:6.1.1]
	at org.springframework.web.filter.OncePerRequestFilter.doFilter(OncePerRequestFilter.java:116) ~[spring-web-6.1.1.jar!/:6.1.1]
	at org.apache.catalina.core.ApplicationFilterChain.internalDoFilter(ApplicationFilterChain.java:174) ~[tomcat-embed-core-10.1.16.jar!/:na]
	at org.apache.catalina.core.ApplicationFilterChain.doFilter(ApplicationFilterChain.java:149) ~[tomcat-embed-core-10.1.16.jar!/:na]
	at org.springframework.web.filter.FormContentFilter.doFilterInternal(FormContentFilter.java:93) ~[spring-web-6.1.1.jar!/:6.1.1]
	at org.springframework.web.filter.OncePerRequestFilter.doFilter(OncePerRequestFilter.java:116) ~[spring-web-6.1.1.jar!/:6.1.1]
	at org.apache.catalina.core.ApplicationFilterChain.internalDoFilter(ApplicationFilterChain.java:174) ~[tomcat-embed-core-10.1.16.jar!/:na]
	at org.apache.catalina.core.ApplicationFilterChain.doFilter(ApplicationFilterChain.java:149) ~[tomcat-embed-core-10.1.16.jar!/:na]
	at org.springframework.web.filter.CharacterEncodingFilter.doFilterInternal(CharacterEncodingFilter.java:201) ~[spring-web-6.1.1.jar!/:6.1.1]
	at org.springframework.web.filter.OncePerRequestFilter.doFilter(OncePerRequestFilter.java:116) ~[spring-web-6.1.1.jar!/:6.1.1]
	at org.apache.catalina.core.ApplicationFilterChain.internalDoFilter(ApplicationFilterChain.java:174) ~[tomcat-embed-core-10.1.16.jar!/:na]
	at org.apache.catalina.core.ApplicationFilterChain.doFilter(ApplicationFilterChain.java:149) ~[tomcat-embed-core-10.1.16.jar!/:na]
	at org.apache.catalina.core.StandardWrapperValve.invoke(StandardWrapperValve.java:167) ~[tomcat-embed-core-10.1.16.jar!/:na]
	at org.apache.catalina.core.StandardContextValve.invoke(StandardContextValve.java:90) ~[tomcat-embed-core-10.1.16.jar!/:na]
	at org.apache.catalina.authenticator.AuthenticatorBase.invoke(AuthenticatorBase.java:482) ~[tomcat-embed-core-10.1.16.jar!/:na]
	at org.apache.catalina.core.StandardHostValve.invoke(StandardHostValve.java:115) ~[tomcat-embed-core-10.1.16.jar!/:na]
	at org.apache.catalina.valves.ErrorReportValve.invoke(ErrorReportValve.java:93) ~[tomcat-embed-core-10.1.16.jar!/:na]
	at org.apache.catalina.core.StandardEngineValve.invoke(StandardEngineValve.java:74) ~[tomcat-embed-core-10.1.16.jar!/:na]
	at org.apache.catalina.connector.CoyoteAdapter.service(CoyoteAdapter.java:340) ~[tomcat-embed-core-10.1.16.jar!/:na]
	at org.apache.coyote.http11.Http11Processor.service(Http11Processor.java:391) ~[tomcat-embed-core-10.1.16.jar!/:na]
	at org.apache.coyote.AbstractProcessorLight.process(AbstractProcessorLight.java:63) ~[tomcat-embed-core-10.1.16.jar!/:na]
	at org.apache.coyote.AbstractProtocol$ConnectionHandler.process(AbstractProtocol.java:896) ~[tomcat-embed-core-10.1.16.jar!/:na]
	at org.apache.tomcat.util.net.NioEndpoint$SocketProcessor.doRun(NioEndpoint.java:1744) ~[tomcat-embed-core-10.1.16.jar!/:na]
	at org.apache.tomcat.util.net.SocketProcessorBase.run(SocketProcessorBase.java:52) ~[tomcat-embed-core-10.1.16.jar!/:na]
	at org.apache.tomcat.util.threads.ThreadPoolExecutor.runWorker(ThreadPoolExecutor.java:1191) ~[tomcat-embed-core-10.1.16.jar!/:na]
	at org.apache.tomcat.util.threads.ThreadPoolExecutor$Worker.run(ThreadPoolExecutor.java:659) ~[tomcat-embed-core-10.1.16.jar!/:na]
	at org.apache.tomcat.util.threads.TaskThread$WrappingRunnable.run(TaskThread.java:61) ~[tomcat-embed-core-10.1.16.jar!/:na]
	at java.base/java.lang.Thread.run(Thread.java:1583) ~[na:na]

2026-04-21T05:42:32.955+08:00 ERROR 10768 --- [logitrack-backend] [0.0-8080-exec-9] o.a.c.c.C.[.[.[/].[dispatcherServlet]    : Servlet.service() for servlet [dispatcherServlet] in context with path [] threw exception [Request processing failed: org.springframework.web.multipart.MultipartException: Failed to parse multipart servlet request] with root cause

org.apache.tomcat.util.http.fileupload.MultipartStream$MalformedStreamException: Stream ended unexpectedly
	at org.apache.tomcat.util.http.fileupload.MultipartStream.readHeaders(MultipartStream.java:520) ~[tomcat-embed-core-10.1.16.jar!/:na]
	at org.apache.tomcat.util.http.fileupload.impl.FileItemIteratorImpl.findNextItem(FileItemIteratorImpl.java:243) ~[tomcat-embed-core-10.1.16.jar!/:na]
	at org.apache.tomcat.util.http.fileupload.impl.FileItemIteratorImpl.hasNext(FileItemIteratorImpl.java:312) ~[tomcat-embed-core-10.1.16.jar!/:na]
	at org.apache.tomcat.util.http.fileupload.FileUploadBase.parseRequest(FileUploadBase.java:280) ~[tomcat-embed-core-10.1.16.jar!/:na]
	at org.apache.catalina.connector.Request.parseParts(Request.java:2784) ~[tomcat-embed-core-10.1.16.jar!/:na]
	at org.apache.catalina.connector.Request.getParts(Request.java:2685) ~[tomcat-embed-core-10.1.16.jar!/:na]
	at org.apache.catalina.connector.RequestFacade.getParts(RequestFacade.java:773) ~[tomcat-embed-core-10.1.16.jar!/:na]
	at org.springframework.web.multipart.support.StandardMultipartHttpServletRequest.parseRequest(StandardMultipartHttpServletRequest.java:93) ~[spring-web-6.1.1.jar!/:6.1.1]
	at org.springframework.web.multipart.support.StandardMultipartHttpServletRequest.<init>(StandardMultipartHttpServletRequest.java:86) ~[spring-web-6.1.1.jar!/:6.1.1]
	at org.springframework.web.multipart.support.StandardServletMultipartResolver.resolveMultipart(StandardServletMultipartResolver.java:112) ~[spring-web-6.1.1.jar!/:6.1.1]
	at org.springframework.web.servlet.DispatcherServlet.checkMultipart(DispatcherServlet.java:1227) ~[spring-webmvc-6.1.1.jar!/:6.1.1]
	at org.springframework.web.servlet.DispatcherServlet.doDispatch(DispatcherServlet.java:1061) ~[spring-webmvc-6.1.1.jar!/:6.1.1]
	at org.springframework.web.servlet.DispatcherServlet.doService(DispatcherServlet.java:979) ~[spring-webmvc-6.1.1.jar!/:6.1.1]
	at org.springframework.web.servlet.FrameworkServlet.processRequest(FrameworkServlet.java:1014) ~[spring-webmvc-6.1.1.jar!/:6.1.1]
	at org.springframework.web.servlet.FrameworkServlet.doPost(FrameworkServlet.java:914) ~[spring-webmvc-6.1.1.jar!/:6.1.1]
	at jakarta.servlet.http.HttpServlet.service(HttpServlet.java:590) ~[tomcat-embed-core-10.1.16.jar!/:na]
	at org.springframework.web.servlet.FrameworkServlet.service(FrameworkServlet.java:885) ~[spring-webmvc-6.1.1.jar!/:6.1.1]
	at jakarta.servlet.http.HttpServlet.service(HttpServlet.java:658) ~[tomcat-embed-core-10.1.16.jar!/:na]
	at org.apache.catalina.core.ApplicationFilterChain.internalDoFilter(ApplicationFilterChain.java:205) ~[tomcat-embed-core-10.1.16.jar!/:na]
	at org.apache.catalina.core.ApplicationFilterChain.doFilter(ApplicationFilterChain.java:149) ~[tomcat-embed-core-10.1.16.jar!/:na]
	at org.apache.tomcat.websocket.server.WsFilter.doFilter(WsFilter.java:51) ~[tomcat-embed-websocket-10.1.16.jar!/:na]
	at org.apache.catalina.core.ApplicationFilterChain.internalDoFilter(ApplicationFilterChain.java:174) ~[tomcat-embed-core-10.1.16.jar!/:na]
	at org.apache.catalina.core.ApplicationFilterChain.doFilter(ApplicationFilterChain.java:149) ~[tomcat-embed-core-10.1.16.jar!/:na]
	at org.springframework.web.filter.RequestContextFilter.doFilterInternal(RequestContextFilter.java:100) ~[spring-web-6.1.1.jar!/:6.1.1]
	at org.springframework.web.filter.OncePerRequestFilter.doFilter(OncePerRequestFilter.java:116) ~[spring-web-6.1.1.jar!/:6.1.1]
	at org.apache.catalina.core.ApplicationFilterChain.internalDoFilter(ApplicationFilterChain.java:174) ~[tomcat-embed-core-10.1.16.jar!/:na]
	at org.apache.catalina.core.ApplicationFilterChain.doFilter(ApplicationFilterChain.java:149) ~[tomcat-embed-core-10.1.16.jar!/:na]
	at org.springframework.web.filter.FormContentFilter.doFilterInternal(FormContentFilter.java:93) ~[spring-web-6.1.1.jar!/:6.1.1]
	at org.springframework.web.filter.OncePerRequestFilter.doFilter(OncePerRequestFilter.java:116) ~[spring-web-6.1.1.jar!/:6.1.1]
	at org.apache.catalina.core.ApplicationFilterChain.internalDoFilter(ApplicationFilterChain.java:174) ~[tomcat-embed-core-10.1.16.jar!/:na]
	at org.apache.catalina.core.ApplicationFilterChain.doFilter(ApplicationFilterChain.java:149) ~[tomcat-embed-core-10.1.16.jar!/:na]
	at org.springframework.web.filter.CharacterEncodingFilter.doFilterInternal(CharacterEncodingFilter.java:201) ~[spring-web-6.1.1.jar!/:6.1.1]
	at org.springframework.web.filter.OncePerRequestFilter.doFilter(OncePerRequestFilter.java:116) ~[spring-web-6.1.1.jar!/:6.1.1]
	at org.apache.catalina.core.ApplicationFilterChain.internalDoFilter(ApplicationFilterChain.java:174) ~[tomcat-embed-core-10.1.16.jar!/:na]
	at org.apache.catalina.core.ApplicationFilterChain.doFilter(ApplicationFilterChain.java:149) ~[tomcat-embed-core-10.1.16.jar!/:na]
	at org.apache.catalina.core.StandardWrapperValve.invoke(StandardWrapperValve.java:167) ~[tomcat-embed-core-10.1.16.jar!/:na]
	at org.apache.catalina.core.StandardContextValve.invoke(StandardContextValve.java:90) ~[tomcat-embed-core-10.1.16.jar!/:na]
	at org.apache.catalina.authenticator.AuthenticatorBase.invoke(AuthenticatorBase.java:482) ~[tomcat-embed-core-10.1.16.jar!/:na]
	at org.apache.catalina.core.StandardHostValve.invoke(StandardHostValve.java:115) ~[tomcat-embed-core-10.1.16.jar!/:na]
	at org.apache.catalina.valves.ErrorReportValve.invoke(ErrorReportValve.java:93) ~[tomcat-embed-core-10.1.16.jar!/:na]
	at org.apache.catalina.core.StandardEngineValve.invoke(StandardEngineValve.java:74) ~[tomcat-embed-core-10.1.16.jar!/:na]
	at org.apache.catalina.connector.CoyoteAdapter.service(CoyoteAdapter.java:340) ~[tomcat-embed-core-10.1.16.jar!/:na]
	at org.apache.coyote.http11.Http11Processor.service(Http11Processor.java:391) ~[tomcat-embed-core-10.1.16.jar!/:na]
	at org.apache.coyote.AbstractProcessorLight.process(AbstractProcessorLight.java:63) ~[tomcat-embed-core-10.1.16.jar!/:na]
	at org.apache.coyote.AbstractProtocol$ConnectionHandler.process(AbstractProtocol.java:896) ~[tomcat-embed-core-10.1.16.jar!/:na]
	at org.apache.tomcat.util.net.NioEndpoint$SocketProcessor.doRun(NioEndpoint.java:1744) ~[tomcat-embed-core-10.1.16.jar!/:na]
	at org.apache.tomcat.util.net.SocketProcessorBase.run(SocketProcessorBase.java:52) ~[tomcat-embed-core-10.1.16.jar!/:na]
	at org.apache.tomcat.util.threads.ThreadPoolExecutor.runWorker(ThreadPoolExecutor.java:1191) ~[tomcat-embed-core-10.1.16.jar!/:na]
	at org.apache.tomcat.util.threads.ThreadPoolExecutor$Worker.run(ThreadPoolExecutor.java:659) ~[tomcat-embed-core-10.1.16.jar!/:na]
	at org.apache.tomcat.util.threads.TaskThread$WrappingRunnable.run(TaskThread.java:61) ~[tomcat-embed-core-10.1.16.jar!/:na]
	at java.base/java.lang.Thread.run(Thread.java:1583) ~[na:na]

2026-04-21T17:44:45.262+08:00  INFO 10768 --- [logitrack-backend] [0.0-8080-exec-9] c.l.b.controller.EnquiryController       : GET /api/enquiries - page=0, size=10, keyword=null, status=null, product=null, cargo=null
2026-04-21T17:44:45.297+08:00 DEBUG 10768 --- [logitrack-backend] [0.0-8080-exec-9] org.hibernate.SQL                        : 
    select
        e1_0.id,
        e1_0.assigned_cn_office,
        e1_0.cancelled_reason,
        e1_0.cancelled_reason_text,
        e1_0.cargo_ready_date,
        e1_0.cargo_ready_date_details,
        e1_0.cargo_type_code,
        e1_0.category,
        e1_0.commodity,
        e1_0.core_non_core,
        e1_0.created_at,
        e1_0.created_by,
        e1_0.enquiry_created_date,
        e1_0.enquiry_received_date,
        e1_0.exw_location,
        e1_0.has_specific_cargo_ready_date,
        e1_0.hazardous_special_equipment,
        e1_0.is_oversize_cargo,
        e1_0.lost_reason,
        e1_0.lost_reason_text,
        e1_0.monthly_sequence,
        e1_0.offer_type,
        e1_0.pod_country,
        e1_0.pol_country,
        e1_0.product_abbr,
        e1_0.product_code,
        e1_0.quantity,
        e1_0.ref_number,
        e1_0.reference_month,
        e1_0.remark,
        e1_0.sales_country_code,
        e1_0.sales_office_id,
        e1_0.sales_pic_id,
        e1_0.serial_number,
        e1_0.status,
        e1_0.uom,
        e1_0.updated_at,
        e1_0.updated_by,
        e1_0.volume_cbm 
    from
        enquiry e1_0 
    order by
        e1_0.updated_at desc 
    limit
        ?, ?
Hibernate: 
    select
        e1_0.id,
        e1_0.assigned_cn_office,
        e1_0.cancelled_reason,
        e1_0.cancelled_reason_text,
        e1_0.cargo_ready_date,
        e1_0.cargo_ready_date_details,
        e1_0.cargo_type_code,
        e1_0.category,
        e1_0.commodity,
        e1_0.core_non_core,
        e1_0.created_at,
        e1_0.created_by,
        e1_0.enquiry_created_date,
        e1_0.enquiry_received_date,
        e1_0.exw_location,
        e1_0.has_specific_cargo_ready_date,
        e1_0.hazardous_special_equipment,
        e1_0.is_oversize_cargo,
        e1_0.lost_reason,
        e1_0.lost_reason_text,
        e1_0.monthly_sequence,
        e1_0.offer_type,
        e1_0.pod_country,
        e1_0.pol_country,
        e1_0.product_abbr,
        e1_0.product_code,
        e1_0.quantity,
        e1_0.ref_number,
        e1_0.reference_month,
        e1_0.remark,
        e1_0.sales_country_code,
        e1_0.sales_office_id,
        e1_0.sales_pic_id,
        e1_0.serial_number,
        e1_0.status,
        e1_0.uom,
        e1_0.updated_at,
        e1_0.updated_by,
        e1_0.volume_cbm 
    from
        enquiry e1_0 
    order by
        e1_0.updated_at desc 
    limit
        ?, ?
2026-04-21T17:44:45.368+08:00 DEBUG 10768 --- [logitrack-backend] [0.0-8080-exec-9] org.hibernate.SQL                        : 
    select
        count(e1_0.id) 
    from
        enquiry e1_0
Hibernate: 
    select
        count(e1_0.id) 
    from
        enquiry e1_0
2026-04-21T17:44:45.378+08:00 DEBUG 10768 --- [logitrack-backend] [0.0-8080-exec-9] org.hibernate.SQL                        : 
    select
        ep1_0.id,
        ep1_0.enquiry_id,
        ep1_0.port_id 
    from
        enquiry_pol ep1_0 
    where
        ep1_0.enquiry_id=?
Hibernate: 
    select
        ep1_0.id,
        ep1_0.enquiry_id,
        ep1_0.port_id 
    from
        enquiry_pol ep1_0 
    where
        ep1_0.enquiry_id=?
2026-04-21T17:44:45.383+08:00 DEBUG 10768 --- [logitrack-backend] [0.0-8080-exec-9] org.hibernate.SQL                        : 
    select
        ep1_0.id,
        ep1_0.enquiry_id,
        ep1_0.port_id 
    from
        enquiry_pod ep1_0 
    where
        ep1_0.enquiry_id=?
Hibernate: 
    select
        ep1_0.id,
        ep1_0.enquiry_id,
        ep1_0.port_id 
    from
        enquiry_pod ep1_0 
    where
        ep1_0.enquiry_id=?
2026-04-21T17:44:45.386+08:00 DEBUG 10768 --- [logitrack-backend] [0.0-8080-exec-9] org.hibernate.SQL                        : 
    select
        erg1_0.id,
        erg1_0.enquiry_id,
        erg1_0.group_index,
        erg1_0.sub_mode 
    from
        enquiry_route_group erg1_0 
    where
        erg1_0.enquiry_id=? 
    order by
        erg1_0.group_index
Hibernate: 
    select
        erg1_0.id,
        erg1_0.enquiry_id,
        erg1_0.group_index,
        erg1_0.sub_mode 
    from
        enquiry_route_group erg1_0 
    where
        erg1_0.enquiry_id=? 
    order by
        erg1_0.group_index
2026-04-21T17:44:45.388+08:00 DEBUG 10768 --- [logitrack-backend] [0.0-8080-exec-9] org.hibernate.SQL                        : 
    select
        ep1_0.id,
        ep1_0.enquiry_id,
        ep1_0.port_id 
    from
        enquiry_pol ep1_0 
    where
        ep1_0.enquiry_id=?
Hibernate: 
    select
        ep1_0.id,
        ep1_0.enquiry_id,
        ep1_0.port_id 
    from
        enquiry_pol ep1_0 
    where
        ep1_0.enquiry_id=?
2026-04-21T17:44:45.390+08:00 DEBUG 10768 --- [logitrack-backend] [0.0-8080-exec-9] org.hibernate.SQL                        : 
    select
        ep1_0.id,
        ep1_0.enquiry_id,
        ep1_0.port_id 
    from
        enquiry_pod ep1_0 
    where
        ep1_0.enquiry_id=?
Hibernate: 
    select
        ep1_0.id,
        ep1_0.enquiry_id,
        ep1_0.port_id 
    from
        enquiry_pod ep1_0 
    where
        ep1_0.enquiry_id=?
2026-04-21T17:44:45.393+08:00 DEBUG 10768 --- [logitrack-backend] [0.0-8080-exec-9] org.hibernate.SQL                        : 
    select
        erg1_0.id,
        erg1_0.enquiry_id,
        erg1_0.group_index,
        erg1_0.sub_mode 
    from
        enquiry_route_group erg1_0 
    where
        erg1_0.enquiry_id=? 
    order by
        erg1_0.group_index
Hibernate: 
    select
        erg1_0.id,
        erg1_0.enquiry_id,
        erg1_0.group_index,
        erg1_0.sub_mode 
    from
        enquiry_route_group erg1_0 
    where
        erg1_0.enquiry_id=? 
    order by
        erg1_0.group_index
2026-04-21T17:44:45.395+08:00 DEBUG 10768 --- [logitrack-backend] [0.0-8080-exec-9] org.hibernate.SQL                        : 
    select
        ep1_0.id,
        ep1_0.enquiry_id,
        ep1_0.port_id 
    from
        enquiry_pol ep1_0 
    where
        ep1_0.enquiry_id=?
Hibernate: 
    select
        ep1_0.id,
        ep1_0.enquiry_id,
        ep1_0.port_id 
    from
        enquiry_pol ep1_0 
    where
        ep1_0.enquiry_id=?
2026-04-21T17:44:45.398+08:00 DEBUG 10768 --- [logitrack-backend] [0.0-8080-exec-9] org.hibernate.SQL                        : 
    select
        ep1_0.id,
        ep1_0.enquiry_id,
        ep1_0.port_id 
    from
        enquiry_pod ep1_0 
    where
        ep1_0.enquiry_id=?
Hibernate: 
    select
        ep1_0.id,
        ep1_0.enquiry_id,
        ep1_0.port_id 
    from
        enquiry_pod ep1_0 
    where
        ep1_0.enquiry_id=?
2026-04-21T17:44:45.400+08:00 DEBUG 10768 --- [logitrack-backend] [0.0-8080-exec-9] org.hibernate.SQL                        : 
    select
        erg1_0.id,
        erg1_0.enquiry_id,
        erg1_0.group_index,
        erg1_0.sub_mode 
    from
        enquiry_route_group erg1_0 
    where
        erg1_0.enquiry_id=? 
    order by
        erg1_0.group_index
Hibernate: 
    select
        erg1_0.id,
        erg1_0.enquiry_id,
        erg1_0.group_index,
        erg1_0.sub_mode 
    from
        enquiry_route_group erg1_0 
    where
        erg1_0.enquiry_id=? 
    order by
        erg1_0.group_index
2026-04-21T17:44:45.403+08:00 DEBUG 10768 --- [logitrack-backend] [0.0-8080-exec-9] org.hibernate.SQL                        : 
    select
        ep1_0.id,
        ep1_0.enquiry_id,
        ep1_0.port_id 
    from
        enquiry_pol ep1_0 
    where
        ep1_0.enquiry_id=?
Hibernate: 
    select
        ep1_0.id,
        ep1_0.enquiry_id,
        ep1_0.port_id 
    from
        enquiry_pol ep1_0 
    where
        ep1_0.enquiry_id=?
2026-04-21T17:44:45.406+08:00 DEBUG 10768 --- [logitrack-backend] [0.0-8080-exec-9] org.hibernate.SQL                        : 
    select
        ep1_0.id,
        ep1_0.enquiry_id,
        ep1_0.port_id 
    from
        enquiry_pod ep1_0 
    where
        ep1_0.enquiry_id=?
Hibernate: 
    select
        ep1_0.id,
        ep1_0.enquiry_id,
        ep1_0.port_id 
    from
        enquiry_pod ep1_0 
    where
        ep1_0.enquiry_id=?
2026-04-21T17:44:45.409+08:00 DEBUG 10768 --- [logitrack-backend] [0.0-8080-exec-9] org.hibernate.SQL                        : 
    select
        erg1_0.id,
        erg1_0.enquiry_id,
        erg1_0.group_index,
        erg1_0.sub_mode 
    from
        enquiry_route_group erg1_0 
    where
        erg1_0.enquiry_id=? 
    order by
        erg1_0.group_index
Hibernate: 
    select
        erg1_0.id,
        erg1_0.enquiry_id,
        erg1_0.group_index,
        erg1_0.sub_mode 
    from
        enquiry_route_group erg1_0 
    where
        erg1_0.enquiry_id=? 
    order by
        erg1_0.group_index
2026-04-21T17:44:45.414+08:00 DEBUG 10768 --- [logitrack-backend] [0.0-8080-exec-9] org.hibernate.SQL                        : 
    select
        ep1_0.id,
        ep1_0.enquiry_id,
        ep1_0.port_id 
    from
        enquiry_pol ep1_0 
    where
        ep1_0.enquiry_id=?
Hibernate: 
    select
        ep1_0.id,
        ep1_0.enquiry_id,
        ep1_0.port_id 
    from
        enquiry_pol ep1_0 
    where
        ep1_0.enquiry_id=?
2026-04-21T17:44:45.416+08:00 DEBUG 10768 --- [logitrack-backend] [0.0-8080-exec-9] org.hibernate.SQL                        : 
    select
        ep1_0.id,
        ep1_0.enquiry_id,
        ep1_0.port_id 
    from
        enquiry_pod ep1_0 
    where
        ep1_0.enquiry_id=?
Hibernate: 
    select
        ep1_0.id,
        ep1_0.enquiry_id,
        ep1_0.port_id 
    from
        enquiry_pod ep1_0 
    where
        ep1_0.enquiry_id=?
2026-04-21T17:44:45.418+08:00 DEBUG 10768 --- [logitrack-backend] [0.0-8080-exec-9] org.hibernate.SQL                        : 
    select
        erg1_0.id,
        erg1_0.enquiry_id,
        erg1_0.group_index,
        erg1_0.sub_mode 
    from
        enquiry_route_group erg1_0 
    where
        erg1_0.enquiry_id=? 
    order by
        erg1_0.group_index
Hibernate: 
    select
        erg1_0.id,
        erg1_0.enquiry_id,
        erg1_0.group_index,
        erg1_0.sub_mode 
    from
        enquiry_route_group erg1_0 
    where
        erg1_0.enquiry_id=? 
    order by
        erg1_0.group_index
2026-04-21T17:44:45.421+08:00 DEBUG 10768 --- [logitrack-backend] [0.0-8080-exec-9] org.hibernate.SQL                        : 
    select
        ep1_0.id,
        ep1_0.enquiry_id,
        ep1_0.port_id 
    from
        enquiry_pol ep1_0 
    where
        ep1_0.enquiry_id=?
Hibernate: 
    select
        ep1_0.id,
        ep1_0.enquiry_id,
        ep1_0.port_id 
    from
        enquiry_pol ep1_0 
    where
        ep1_0.enquiry_id=?
2026-04-21T17:44:45.424+08:00 DEBUG 10768 --- [logitrack-backend] [0.0-8080-exec-9] org.hibernate.SQL                        : 
    select
        ep1_0.id,
        ep1_0.enquiry_id,
        ep1_0.port_id 
    from
        enquiry_pod ep1_0 
    where
        ep1_0.enquiry_id=?
Hibernate: 
    select
        ep1_0.id,
        ep1_0.enquiry_id,
        ep1_0.port_id 
    from
        enquiry_pod ep1_0 
    where
        ep1_0.enquiry_id=?
2026-04-21T17:44:45.426+08:00 DEBUG 10768 --- [logitrack-backend] [0.0-8080-exec-9] org.hibernate.SQL                        : 
    select
        erg1_0.id,
        erg1_0.enquiry_id,
        erg1_0.group_index,
        erg1_0.sub_mode 
    from
        enquiry_route_group erg1_0 
    where
        erg1_0.enquiry_id=? 
    order by
        erg1_0.group_index
Hibernate: 
    select
        erg1_0.id,
        erg1_0.enquiry_id,
        erg1_0.group_index,
        erg1_0.sub_mode 
    from
        enquiry_route_group erg1_0 
    where
        erg1_0.enquiry_id=? 
    order by
        erg1_0.group_index
2026-04-21T17:44:45.428+08:00 DEBUG 10768 --- [logitrack-backend] [0.0-8080-exec-9] org.hibernate.SQL                        : 
    select
        ep1_0.id,
        ep1_0.enquiry_id,
        ep1_0.port_id 
    from
        enquiry_pol ep1_0 
    where
        ep1_0.enquiry_id=?
Hibernate: 
    select
        ep1_0.id,
        ep1_0.enquiry_id,
        ep1_0.port_id 
    from
        enquiry_pol ep1_0 
    where
        ep1_0.enquiry_id=?
2026-04-21T17:44:45.431+08:00 DEBUG 10768 --- [logitrack-backend] [0.0-8080-exec-9] org.hibernate.SQL                        : 
    select
        ep1_0.id,
        ep1_0.enquiry_id,
        ep1_0.port_id 
    from
        enquiry_pod ep1_0 
    where
        ep1_0.enquiry_id=?
Hibernate: 
    select
        ep1_0.id,
        ep1_0.enquiry_id,
        ep1_0.port_id 
    from
        enquiry_pod ep1_0 
    where
        ep1_0.enquiry_id=?
2026-04-21T17:44:45.433+08:00 DEBUG 10768 --- [logitrack-backend] [0.0-8080-exec-9] org.hibernate.SQL                        : 
    select
        erg1_0.id,
        erg1_0.enquiry_id,
        erg1_0.group_index,
        erg1_0.sub_mode 
    from
        enquiry_route_group erg1_0 
    where
        erg1_0.enquiry_id=? 
    order by
        erg1_0.group_index
Hibernate: 
    select
        erg1_0.id,
        erg1_0.enquiry_id,
        erg1_0.group_index,
        erg1_0.sub_mode 
    from
        enquiry_route_group erg1_0 
    where
        erg1_0.enquiry_id=? 
    order by
        erg1_0.group_index
2026-04-21T17:44:45.435+08:00 DEBUG 10768 --- [logitrack-backend] [0.0-8080-exec-9] org.hibernate.SQL                        : 
    select
        ep1_0.id,
        ep1_0.enquiry_id,
        ep1_0.port_id 
    from
        enquiry_pol ep1_0 
    where
        ep1_0.enquiry_id=?
Hibernate: 
    select
        ep1_0.id,
        ep1_0.enquiry_id,
        ep1_0.port_id 
    from
        enquiry_pol ep1_0 
    where
        ep1_0.enquiry_id=?
2026-04-21T17:44:45.437+08:00 DEBUG 10768 --- [logitrack-backend] [0.0-8080-exec-9] org.hibernate.SQL                        : 
    select
        ep1_0.id,
        ep1_0.enquiry_id,
        ep1_0.port_id 
    from
        enquiry_pod ep1_0 
    where
        ep1_0.enquiry_id=?
Hibernate: 
    select
        ep1_0.id,
        ep1_0.enquiry_id,
        ep1_0.port_id 
    from
        enquiry_pod ep1_0 
    where
        ep1_0.enquiry_id=?
2026-04-21T17:44:45.442+08:00 DEBUG 10768 --- [logitrack-backend] [0.0-8080-exec-9] org.hibernate.SQL                        : 
    select
        erg1_0.id,
        erg1_0.enquiry_id,
        erg1_0.group_index,
        erg1_0.sub_mode 
    from
        enquiry_route_group erg1_0 
    where
        erg1_0.enquiry_id=? 
    order by
        erg1_0.group_index
Hibernate: 
    select
        erg1_0.id,
        erg1_0.enquiry_id,
        erg1_0.group_index,
        erg1_0.sub_mode 
    from
        enquiry_route_group erg1_0 
    where
        erg1_0.enquiry_id=? 
    order by
        erg1_0.group_index
2026-04-21T17:44:45.446+08:00 DEBUG 10768 --- [logitrack-backend] [0.0-8080-exec-9] org.hibernate.SQL                        : 
    select
        ep1_0.id,
        ep1_0.enquiry_id,
        ep1_0.port_id 
    from
        enquiry_pol ep1_0 
    where
        ep1_0.enquiry_id=?
Hibernate: 
    select
        ep1_0.id,
        ep1_0.enquiry_id,
        ep1_0.port_id 
    from
        enquiry_pol ep1_0 
    where
        ep1_0.enquiry_id=?
2026-04-21T17:44:45.450+08:00 DEBUG 10768 --- [logitrack-backend] [0.0-8080-exec-9] org.hibernate.SQL                        : 
    select
        ep1_0.id,
        ep1_0.enquiry_id,
        ep1_0.port_id 
    from
        enquiry_pod ep1_0 
    where
        ep1_0.enquiry_id=?
Hibernate: 
    select
        ep1_0.id,
        ep1_0.enquiry_id,
        ep1_0.port_id 
    from
        enquiry_pod ep1_0 
    where
        ep1_0.enquiry_id=?
2026-04-21T17:44:45.453+08:00 DEBUG 10768 --- [logitrack-backend] [0.0-8080-exec-9] org.hibernate.SQL                        : 
    select
        erg1_0.id,
        erg1_0.enquiry_id,
        erg1_0.group_index,
        erg1_0.sub_mode 
    from
        enquiry_route_group erg1_0 
    where
        erg1_0.enquiry_id=? 
    order by
        erg1_0.group_index
Hibernate: 
    select
        erg1_0.id,
        erg1_0.enquiry_id,
        erg1_0.group_index,
        erg1_0.sub_mode 
    from
        enquiry_route_group erg1_0 
    where
        erg1_0.enquiry_id=? 
    order by
        erg1_0.group_index
2026-04-21T17:44:45.457+08:00 DEBUG 10768 --- [logitrack-backend] [0.0-8080-exec-9] org.hibernate.SQL                        : 
    select
        ep1_0.id,
        ep1_0.enquiry_id,
        ep1_0.port_id 
    from
        enquiry_pol ep1_0 
    where
        ep1_0.enquiry_id=?
Hibernate: 
    select
        ep1_0.id,
        ep1_0.enquiry_id,
        ep1_0.port_id 
    from
        enquiry_pol ep1_0 
    where
        ep1_0.enquiry_id=?
2026-04-21T17:44:45.460+08:00 DEBUG 10768 --- [logitrack-backend] [0.0-8080-exec-9] org.hibernate.SQL                        : 
    select
        ep1_0.id,
        ep1_0.enquiry_id,
        ep1_0.port_id 
    from
        enquiry_pod ep1_0 
    where
        ep1_0.enquiry_id=?
Hibernate: 
    select
        ep1_0.id,
        ep1_0.enquiry_id,
        ep1_0.port_id 
    from
        enquiry_pod ep1_0 
    where
        ep1_0.enquiry_id=?
2026-04-21T17:44:45.463+08:00 DEBUG 10768 --- [logitrack-backend] [0.0-8080-exec-9] org.hibernate.SQL                        : 
    select
        erg1_0.id,
        erg1_0.enquiry_id,
        erg1_0.group_index,
        erg1_0.sub_mode 
    from
        enquiry_route_group erg1_0 
    where
        erg1_0.enquiry_id=? 
    order by
        erg1_0.group_index
Hibernate: 
    select
        erg1_0.id,
        erg1_0.enquiry_id,
        erg1_0.group_index,
        erg1_0.sub_mode 
    from
        enquiry_route_group erg1_0 
    where
        erg1_0.enquiry_id=? 
    order by
        erg1_0.group_index
2026-04-21T17:44:45.467+08:00 DEBUG 10768 --- [logitrack-backend] [0.0-8080-exec-9] org.hibernate.SQL                        : 
    select
        o1_0.enquiry_id,
        o1_0.id,
        o1_0.container_currency,
        o1_0.created_at,
        o1_0.is_latest,
        o1_0.local_charge_currency,
        o1_0.offer_date,
        o1_0.offer_type,
        o1_0.remark,
        o1_0.sequence_no,
        o1_0.updated_at 
    from
        offer o1_0 
    where
        o1_0.enquiry_id=?
Hibernate: 
    select
        o1_0.enquiry_id,
        o1_0.id,
        o1_0.container_currency,
        o1_0.created_at,
        o1_0.is_latest,
        o1_0.local_charge_currency,
        o1_0.offer_date,
        o1_0.offer_type,
        o1_0.remark,
        o1_0.sequence_no,
        o1_0.updated_at 
    from
        offer o1_0 
    where
        o1_0.enquiry_id=?
2026-04-21T17:44:45.471+08:00 DEBUG 10768 --- [logitrack-backend] [0.0-8080-exec-9] org.hibernate.SQL                        : 
    select
        cr1_0.enquiry_id,
        cr1_0.id,
        cr1_0.cntr_type_code,
        cr1_0.cntr_type_id,
        cr1_0.container_code,
        cr1_0.container_qty,
        cr1_0.container_type_id,
        cr1_0.created_at,
        cr1_0.extra_container_weights,
        cr1_0.extra_containers,
        cr1_0.line_teu,
        cr1_0.qty_20,
        cr1_0.qty_40,
        cr1_0.qty_40hq,
        cr1_0.qty_45,
        cr1_0.raw_text,
        cr1_0.teu_per_unit,
        cr1_0.weight_20,
        cr1_0.weight_40,
        cr1_0.weight_40hq,
        cr1_0.weight_45 
    from
        enquiry_container_line cr1_0 
    where
        cr1_0.enquiry_id=?
Hibernate: 
    select
        cr1_0.enquiry_id,
        cr1_0.id,
        cr1_0.cntr_type_code,
        cr1_0.cntr_type_id,
        cr1_0.container_code,
        cr1_0.container_qty,
        cr1_0.container_type_id,
        cr1_0.created_at,
        cr1_0.extra_container_weights,
        cr1_0.extra_containers,
        cr1_0.line_teu,
        cr1_0.qty_20,
        cr1_0.qty_40,
        cr1_0.qty_40hq,
        cr1_0.qty_45,
        cr1_0.raw_text,
        cr1_0.teu_per_unit,
        cr1_0.weight_20,
        cr1_0.weight_40,
        cr1_0.weight_40hq,
        cr1_0.weight_45 
    from
        enquiry_container_line cr1_0 
    where
        cr1_0.enquiry_id=?
2026-04-21T17:44:45.475+08:00 DEBUG 10768 --- [logitrack-backend] [0.0-8080-exec-9] org.hibernate.SQL                        : 
    select
        o1_0.enquiry_id,
        o1_0.id,
        o1_0.container_currency,
        o1_0.created_at,
        o1_0.is_latest,
        o1_0.local_charge_currency,
        o1_0.offer_date,
        o1_0.offer_type,
        o1_0.remark,
        o1_0.sequence_no,
        o1_0.updated_at 
    from
        offer o1_0 
    where
        o1_0.enquiry_id=?
Hibernate: 
    select
        o1_0.enquiry_id,
        o1_0.id,
        o1_0.container_currency,
        o1_0.created_at,
        o1_0.is_latest,
        o1_0.local_charge_currency,
        o1_0.offer_date,
        o1_0.offer_type,
        o1_0.remark,
        o1_0.sequence_no,
        o1_0.updated_at 
    from
        offer o1_0 
    where
        o1_0.enquiry_id=?
2026-04-21T17:44:45.480+08:00 DEBUG 10768 --- [logitrack-backend] [0.0-8080-exec-9] org.hibernate.SQL                        : 
    select
        cr1_0.enquiry_id,
        cr1_0.id,
        cr1_0.cntr_type_code,
        cr1_0.cntr_type_id,
        cr1_0.container_code,
        cr1_0.container_qty,
        cr1_0.container_type_id,
        cr1_0.created_at,
        cr1_0.extra_container_weights,
        cr1_0.extra_containers,
        cr1_0.line_teu,
        cr1_0.qty_20,
        cr1_0.qty_40,
        cr1_0.qty_40hq,
        cr1_0.qty_45,
        cr1_0.raw_text,
        cr1_0.teu_per_unit,
        cr1_0.weight_20,
        cr1_0.weight_40,
        cr1_0.weight_40hq,
        cr1_0.weight_45 
    from
        enquiry_container_line cr1_0 
    where
        cr1_0.enquiry_id=?
Hibernate: 
    select
        cr1_0.enquiry_id,
        cr1_0.id,
        cr1_0.cntr_type_code,
        cr1_0.cntr_type_id,
        cr1_0.container_code,
        cr1_0.container_qty,
        cr1_0.container_type_id,
        cr1_0.created_at,
        cr1_0.extra_container_weights,
        cr1_0.extra_containers,
        cr1_0.line_teu,
        cr1_0.qty_20,
        cr1_0.qty_40,
        cr1_0.qty_40hq,
        cr1_0.qty_45,
        cr1_0.raw_text,
        cr1_0.teu_per_unit,
        cr1_0.weight_20,
        cr1_0.weight_40,
        cr1_0.weight_40hq,
        cr1_0.weight_45 
    from
        enquiry_container_line cr1_0 
    where
        cr1_0.enquiry_id=?
2026-04-21T17:44:45.483+08:00 DEBUG 10768 --- [logitrack-backend] [0.0-8080-exec-9] org.hibernate.SQL                        : 
    select
        o1_0.enquiry_id,
        o1_0.id,
        o1_0.container_currency,
        o1_0.created_at,
        o1_0.is_latest,
        o1_0.local_charge_currency,
        o1_0.offer_date,
        o1_0.offer_type,
        o1_0.remark,
        o1_0.sequence_no,
        o1_0.updated_at 
    from
        offer o1_0 
    where
        o1_0.enquiry_id=?
Hibernate: 
    select
        o1_0.enquiry_id,
        o1_0.id,
        o1_0.container_currency,
        o1_0.created_at,
        o1_0.is_latest,
        o1_0.local_charge_currency,
        o1_0.offer_date,
        o1_0.offer_type,
        o1_0.remark,
        o1_0.sequence_no,
        o1_0.updated_at 
    from
        offer o1_0 
    where
        o1_0.enquiry_id=?
2026-04-21T17:44:45.487+08:00 DEBUG 10768 --- [logitrack-backend] [0.0-8080-exec-9] org.hibernate.SQL                        : 
    select
        cr1_0.enquiry_id,
        cr1_0.id,
        cr1_0.cntr_type_code,
        cr1_0.cntr_type_id,
        cr1_0.container_code,
        cr1_0.container_qty,
        cr1_0.container_type_id,
        cr1_0.created_at,
        cr1_0.extra_container_weights,
        cr1_0.extra_containers,
        cr1_0.line_teu,
        cr1_0.qty_20,
        cr1_0.qty_40,
        cr1_0.qty_40hq,
        cr1_0.qty_45,
        cr1_0.raw_text,
        cr1_0.teu_per_unit,
        cr1_0.weight_20,
        cr1_0.weight_40,
        cr1_0.weight_40hq,
        cr1_0.weight_45 
    from
        enquiry_container_line cr1_0 
    where
        cr1_0.enquiry_id=?
Hibernate: 
    select
        cr1_0.enquiry_id,
        cr1_0.id,
        cr1_0.cntr_type_code,
        cr1_0.cntr_type_id,
        cr1_0.container_code,
        cr1_0.container_qty,
        cr1_0.container_type_id,
        cr1_0.created_at,
        cr1_0.extra_container_weights,
        cr1_0.extra_containers,
        cr1_0.line_teu,
        cr1_0.qty_20,
        cr1_0.qty_40,
        cr1_0.qty_40hq,
        cr1_0.qty_45,
        cr1_0.raw_text,
        cr1_0.teu_per_unit,
        cr1_0.weight_20,
        cr1_0.weight_40,
        cr1_0.weight_40hq,
        cr1_0.weight_45 
    from
        enquiry_container_line cr1_0 
    where
        cr1_0.enquiry_id=?
2026-04-21T17:44:45.489+08:00 DEBUG 10768 --- [logitrack-backend] [0.0-8080-exec-9] org.hibernate.SQL                        : 
    select
        o1_0.enquiry_id,
        o1_0.id,
        o1_0.container_currency,
        o1_0.created_at,
        o1_0.is_latest,
        o1_0.local_charge_currency,
        o1_0.offer_date,
        o1_0.offer_type,
        o1_0.remark,
        o1_0.sequence_no,
        o1_0.updated_at 
    from
        offer o1_0 
    where
        o1_0.enquiry_id=?
Hibernate: 
    select
        o1_0.enquiry_id,
        o1_0.id,
        o1_0.container_currency,
        o1_0.created_at,
        o1_0.is_latest,
        o1_0.local_charge_currency,
        o1_0.offer_date,
        o1_0.offer_type,
        o1_0.remark,
        o1_0.sequence_no,
        o1_0.updated_at 
    from
        offer o1_0 
    where
        o1_0.enquiry_id=?
2026-04-21T17:44:45.494+08:00 DEBUG 10768 --- [logitrack-backend] [0.0-8080-exec-9] org.hibernate.SQL                        : 
    select
        cr1_0.enquiry_id,
        cr1_0.id,
        cr1_0.cntr_type_code,
        cr1_0.cntr_type_id,
        cr1_0.container_code,
        cr1_0.container_qty,
        cr1_0.container_type_id,
        cr1_0.created_at,
        cr1_0.extra_container_weights,
        cr1_0.extra_containers,
        cr1_0.line_teu,
        cr1_0.qty_20,
        cr1_0.qty_40,
        cr1_0.qty_40hq,
        cr1_0.qty_45,
        cr1_0.raw_text,
        cr1_0.teu_per_unit,
        cr1_0.weight_20,
        cr1_0.weight_40,
        cr1_0.weight_40hq,
        cr1_0.weight_45 
    from
        enquiry_container_line cr1_0 
    where
        cr1_0.enquiry_id=?
Hibernate: 
    select
        cr1_0.enquiry_id,
        cr1_0.id,
        cr1_0.cntr_type_code,
        cr1_0.cntr_type_id,
        cr1_0.container_code,
        cr1_0.container_qty,
        cr1_0.container_type_id,
        cr1_0.created_at,
        cr1_0.extra_container_weights,
        cr1_0.extra_containers,
        cr1_0.line_teu,
        cr1_0.qty_20,
        cr1_0.qty_40,
        cr1_0.qty_40hq,
        cr1_0.qty_45,
        cr1_0.raw_text,
        cr1_0.teu_per_unit,
        cr1_0.weight_20,
        cr1_0.weight_40,
        cr1_0.weight_40hq,
        cr1_0.weight_45 
    from
        enquiry_container_line cr1_0 
    where
        cr1_0.enquiry_id=?
2026-04-21T17:44:45.496+08:00 DEBUG 10768 --- [logitrack-backend] [0.0-8080-exec-9] org.hibernate.SQL                        : 
    select
        o1_0.enquiry_id,
        o1_0.id,
        o1_0.container_currency,
        o1_0.created_at,
        o1_0.is_latest,
        o1_0.local_charge_currency,
        o1_0.offer_date,
        o1_0.offer_type,
        o1_0.remark,
        o1_0.sequence_no,
        o1_0.updated_at 
    from
        offer o1_0 
    where
        o1_0.enquiry_id=?
Hibernate: 
    select
        o1_0.enquiry_id,
        o1_0.id,
        o1_0.container_currency,
        o1_0.created_at,
        o1_0.is_latest,
        o1_0.local_charge_currency,
        o1_0.offer_date,
        o1_0.offer_type,
        o1_0.remark,
        o1_0.sequence_no,
        o1_0.updated_at 
    from
        offer o1_0 
    where
        o1_0.enquiry_id=?
2026-04-21T17:44:45.498+08:00 DEBUG 10768 --- [logitrack-backend] [0.0-8080-exec-9] org.hibernate.SQL                        : 
    select
        cr1_0.enquiry_id,
        cr1_0.id,
        cr1_0.cntr_type_code,
        cr1_0.cntr_type_id,
        cr1_0.container_code,
        cr1_0.container_qty,
        cr1_0.container_type_id,
        cr1_0.created_at,
        cr1_0.extra_container_weights,
        cr1_0.extra_containers,
        cr1_0.line_teu,
        cr1_0.qty_20,
        cr1_0.qty_40,
        cr1_0.qty_40hq,
        cr1_0.qty_45,
        cr1_0.raw_text,
        cr1_0.teu_per_unit,
        cr1_0.weight_20,
        cr1_0.weight_40,
        cr1_0.weight_40hq,
        cr1_0.weight_45 
    from
        enquiry_container_line cr1_0 
    where
        cr1_0.enquiry_id=?
Hibernate: 
    select
        cr1_0.enquiry_id,
        cr1_0.id,
        cr1_0.cntr_type_code,
        cr1_0.cntr_type_id,
        cr1_0.container_code,
        cr1_0.container_qty,
        cr1_0.container_type_id,
        cr1_0.created_at,
        cr1_0.extra_container_weights,
        cr1_0.extra_containers,
        cr1_0.line_teu,
        cr1_0.qty_20,
        cr1_0.qty_40,
        cr1_0.qty_40hq,
        cr1_0.qty_45,
        cr1_0.raw_text,
        cr1_0.teu_per_unit,
        cr1_0.weight_20,
        cr1_0.weight_40,
        cr1_0.weight_40hq,
        cr1_0.weight_45 
    from
        enquiry_container_line cr1_0 
    where
        cr1_0.enquiry_id=?
2026-04-21T17:44:45.501+08:00 DEBUG 10768 --- [logitrack-backend] [0.0-8080-exec-9] org.hibernate.SQL                        : 
    select
        o1_0.enquiry_id,
        o1_0.id,
        o1_0.container_currency,
        o1_0.created_at,
        o1_0.is_latest,
        o1_0.local_charge_currency,
        o1_0.offer_date,
        o1_0.offer_type,
        o1_0.remark,
        o1_0.sequence_no,
        o1_0.updated_at 
    from
        offer o1_0 
    where
        o1_0.enquiry_id=?
Hibernate: 
    select
        o1_0.enquiry_id,
        o1_0.id,
        o1_0.container_currency,
        o1_0.created_at,
        o1_0.is_latest,
        o1_0.local_charge_currency,
        o1_0.offer_date,
        o1_0.offer_type,
        o1_0.remark,
        o1_0.sequence_no,
        o1_0.updated_at 
    from
        offer o1_0 
    where
        o1_0.enquiry_id=?
2026-04-21T17:44:45.503+08:00 DEBUG 10768 --- [logitrack-backend] [0.0-8080-exec-9] org.hibernate.SQL                        : 
    select
        cr1_0.enquiry_id,
        cr1_0.id,
        cr1_0.cntr_type_code,
        cr1_0.cntr_type_id,
        cr1_0.container_code,
        cr1_0.container_qty,
        cr1_0.container_type_id,
        cr1_0.created_at,
        cr1_0.extra_container_weights,
        cr1_0.extra_containers,
        cr1_0.line_teu,
        cr1_0.qty_20,
        cr1_0.qty_40,
        cr1_0.qty_40hq,
        cr1_0.qty_45,
        cr1_0.raw_text,
        cr1_0.teu_per_unit,
        cr1_0.weight_20,
        cr1_0.weight_40,
        cr1_0.weight_40hq,
        cr1_0.weight_45 
    from
        enquiry_container_line cr1_0 
    where
        cr1_0.enquiry_id=?
Hibernate: 
    select
        cr1_0.enquiry_id,
        cr1_0.id,
        cr1_0.cntr_type_code,
        cr1_0.cntr_type_id,
        cr1_0.container_code,
        cr1_0.container_qty,
        cr1_0.container_type_id,
        cr1_0.created_at,
        cr1_0.extra_container_weights,
        cr1_0.extra_containers,
        cr1_0.line_teu,
        cr1_0.qty_20,
        cr1_0.qty_40,
        cr1_0.qty_40hq,
        cr1_0.qty_45,
        cr1_0.raw_text,
        cr1_0.teu_per_unit,
        cr1_0.weight_20,
        cr1_0.weight_40,
        cr1_0.weight_40hq,
        cr1_0.weight_45 
    from
        enquiry_container_line cr1_0 
    where
        cr1_0.enquiry_id=?
2026-04-21T17:44:45.507+08:00 DEBUG 10768 --- [logitrack-backend] [0.0-8080-exec-9] org.hibernate.SQL                        : 
    select
        o1_0.enquiry_id,
        o1_0.id,
        o1_0.container_currency,
        o1_0.created_at,
        o1_0.is_latest,
        o1_0.local_charge_currency,
        o1_0.offer_date,
        o1_0.offer_type,
        o1_0.remark,
        o1_0.sequence_no,
        o1_0.updated_at 
    from
        offer o1_0 
    where
        o1_0.enquiry_id=?
Hibernate: 
    select
        o1_0.enquiry_id,
        o1_0.id,
        o1_0.container_currency,
        o1_0.created_at,
        o1_0.is_latest,
        o1_0.local_charge_currency,
        o1_0.offer_date,
        o1_0.offer_type,
        o1_0.remark,
        o1_0.sequence_no,
        o1_0.updated_at 
    from
        offer o1_0 
    where
        o1_0.enquiry_id=?
2026-04-21T17:44:45.509+08:00 DEBUG 10768 --- [logitrack-backend] [0.0-8080-exec-9] org.hibernate.SQL                        : 
    select
        cr1_0.enquiry_id,
        cr1_0.id,
        cr1_0.cntr_type_code,
        cr1_0.cntr_type_id,
        cr1_0.container_code,
        cr1_0.container_qty,
        cr1_0.container_type_id,
        cr1_0.created_at,
        cr1_0.extra_container_weights,
        cr1_0.extra_containers,
        cr1_0.line_teu,
        cr1_0.qty_20,
        cr1_0.qty_40,
        cr1_0.qty_40hq,
        cr1_0.qty_45,
        cr1_0.raw_text,
        cr1_0.teu_per_unit,
        cr1_0.weight_20,
        cr1_0.weight_40,
        cr1_0.weight_40hq,
        cr1_0.weight_45 
    from
        enquiry_container_line cr1_0 
    where
        cr1_0.enquiry_id=?
Hibernate: 
    select
        cr1_0.enquiry_id,
        cr1_0.id,
        cr1_0.cntr_type_code,
        cr1_0.cntr_type_id,
        cr1_0.container_code,
        cr1_0.container_qty,
        cr1_0.container_type_id,
        cr1_0.created_at,
        cr1_0.extra_container_weights,
        cr1_0.extra_containers,
        cr1_0.line_teu,
        cr1_0.qty_20,
        cr1_0.qty_40,
        cr1_0.qty_40hq,
        cr1_0.qty_45,
        cr1_0.raw_text,
        cr1_0.teu_per_unit,
        cr1_0.weight_20,
        cr1_0.weight_40,
        cr1_0.weight_40hq,
        cr1_0.weight_45 
    from
        enquiry_container_line cr1_0 
    where
        cr1_0.enquiry_id=?
2026-04-21T17:44:45.512+08:00 DEBUG 10768 --- [logitrack-backend] [0.0-8080-exec-9] org.hibernate.SQL                        : 
    select
        o1_0.enquiry_id,
        o1_0.id,
        o1_0.container_currency,
        o1_0.created_at,
        o1_0.is_latest,
        o1_0.local_charge_currency,
        o1_0.offer_date,
        o1_0.offer_type,
        o1_0.remark,
        o1_0.sequence_no,
        o1_0.updated_at 
    from
        offer o1_0 
    where
        o1_0.enquiry_id=?
Hibernate: 
    select
        o1_0.enquiry_id,
        o1_0.id,
        o1_0.container_currency,
        o1_0.created_at,
        o1_0.is_latest,
        o1_0.local_charge_currency,
        o1_0.offer_date,
        o1_0.offer_type,
        o1_0.remark,
        o1_0.sequence_no,
        o1_0.updated_at 
    from
        offer o1_0 
    where
        o1_0.enquiry_id=?
2026-04-21T17:44:45.515+08:00 DEBUG 10768 --- [logitrack-backend] [0.0-8080-exec-9] org.hibernate.SQL                        : 
    select
        cr1_0.enquiry_id,
        cr1_0.id,
        cr1_0.cntr_type_code,
        cr1_0.cntr_type_id,
        cr1_0.container_code,
        cr1_0.container_qty,
        cr1_0.container_type_id,
        cr1_0.created_at,
        cr1_0.extra_container_weights,
        cr1_0.extra_containers,
        cr1_0.line_teu,
        cr1_0.qty_20,
        cr1_0.qty_40,
        cr1_0.qty_40hq,
        cr1_0.qty_45,
        cr1_0.raw_text,
        cr1_0.teu_per_unit,
        cr1_0.weight_20,
        cr1_0.weight_40,
        cr1_0.weight_40hq,
        cr1_0.weight_45 
    from
        enquiry_container_line cr1_0 
    where
        cr1_0.enquiry_id=?
Hibernate: 
    select
        cr1_0.enquiry_id,
        cr1_0.id,
        cr1_0.cntr_type_code,
        cr1_0.cntr_type_id,
        cr1_0.container_code,
        cr1_0.container_qty,
        cr1_0.container_type_id,
        cr1_0.created_at,
        cr1_0.extra_container_weights,
        cr1_0.extra_containers,
        cr1_0.line_teu,
        cr1_0.qty_20,
        cr1_0.qty_40,
        cr1_0.qty_40hq,
        cr1_0.qty_45,
        cr1_0.raw_text,
        cr1_0.teu_per_unit,
        cr1_0.weight_20,
        cr1_0.weight_40,
        cr1_0.weight_40hq,
        cr1_0.weight_45 
    from
        enquiry_container_line cr1_0 
    where
        cr1_0.enquiry_id=?
2026-04-21T17:44:45.517+08:00 DEBUG 10768 --- [logitrack-backend] [0.0-8080-exec-9] org.hibernate.SQL                        : 
    select
        o1_0.enquiry_id,
        o1_0.id,
        o1_0.container_currency,
        o1_0.created_at,
        o1_0.is_latest,
        o1_0.local_charge_currency,
        o1_0.offer_date,
        o1_0.offer_type,
        o1_0.remark,
        o1_0.sequence_no,
        o1_0.updated_at 
    from
        offer o1_0 
    where
        o1_0.enquiry_id=?
Hibernate: 
    select
        o1_0.enquiry_id,
        o1_0.id,
        o1_0.container_currency,
        o1_0.created_at,
        o1_0.is_latest,
        o1_0.local_charge_currency,
        o1_0.offer_date,
        o1_0.offer_type,
        o1_0.remark,
        o1_0.sequence_no,
        o1_0.updated_at 
    from
        offer o1_0 
    where
        o1_0.enquiry_id=?
2026-04-21T17:44:45.519+08:00 DEBUG 10768 --- [logitrack-backend] [0.0-8080-exec-9] org.hibernate.SQL                        : 
    select
        cr1_0.enquiry_id,
        cr1_0.id,
        cr1_0.cntr_type_code,
        cr1_0.cntr_type_id,
        cr1_0.container_code,
        cr1_0.container_qty,
        cr1_0.container_type_id,
        cr1_0.created_at,
        cr1_0.extra_container_weights,
        cr1_0.extra_containers,
        cr1_0.line_teu,
        cr1_0.qty_20,
        cr1_0.qty_40,
        cr1_0.qty_40hq,
        cr1_0.qty_45,
        cr1_0.raw_text,
        cr1_0.teu_per_unit,
        cr1_0.weight_20,
        cr1_0.weight_40,
        cr1_0.weight_40hq,
        cr1_0.weight_45 
    from
        enquiry_container_line cr1_0 
    where
        cr1_0.enquiry_id=?
Hibernate: 
    select
        cr1_0.enquiry_id,
        cr1_0.id,
        cr1_0.cntr_type_code,
        cr1_0.cntr_type_id,
        cr1_0.container_code,
        cr1_0.container_qty,
        cr1_0.container_type_id,
        cr1_0.created_at,
        cr1_0.extra_container_weights,
        cr1_0.extra_containers,
        cr1_0.line_teu,
        cr1_0.qty_20,
        cr1_0.qty_40,
        cr1_0.qty_40hq,
        cr1_0.qty_45,
        cr1_0.raw_text,
        cr1_0.teu_per_unit,
        cr1_0.weight_20,
        cr1_0.weight_40,
        cr1_0.weight_40hq,
        cr1_0.weight_45 
    from
        enquiry_container_line cr1_0 
    where
        cr1_0.enquiry_id=?
2026-04-21T17:44:45.522+08:00 DEBUG 10768 --- [logitrack-backend] [0.0-8080-exec-9] org.hibernate.SQL                        : 
    select
        o1_0.enquiry_id,
        o1_0.id,
        o1_0.container_currency,
        o1_0.created_at,
        o1_0.is_latest,
        o1_0.local_charge_currency,
        o1_0.offer_date,
        o1_0.offer_type,
        o1_0.remark,
        o1_0.sequence_no,
        o1_0.updated_at 
    from
        offer o1_0 
    where
        o1_0.enquiry_id=?
Hibernate: 
    select
        o1_0.enquiry_id,
        o1_0.id,
        o1_0.container_currency,
        o1_0.created_at,
        o1_0.is_latest,
        o1_0.local_charge_currency,
        o1_0.offer_date,
        o1_0.offer_type,
        o1_0.remark,
        o1_0.sequence_no,
        o1_0.updated_at 
    from
        offer o1_0 
    where
        o1_0.enquiry_id=?
2026-04-21T17:44:45.525+08:00 DEBUG 10768 --- [logitrack-backend] [0.0-8080-exec-9] org.hibernate.SQL                        : 
    select
        pl1_0.offer_id,
        pl1_0.id,
        pl1_0.carrier,
        pl1_0.local_charge,
        pl1_0.min_charge,
        pl1_0.per_cbm,
        pl1_0.pod_id,
        pl1_0.pol_id,
        pl1_0.price,
        pl1_0.price_text,
        pl1_0.route_group_id,
        pl1_0.sort_order,
        pl1_0.sub_mode 
    from
        offer_price_line pl1_0 
    where
        pl1_0.offer_id=?
Hibernate: 
    select
        pl1_0.offer_id,
        pl1_0.id,
        pl1_0.carrier,
        pl1_0.local_charge,
        pl1_0.min_charge,
        pl1_0.per_cbm,
        pl1_0.pod_id,
        pl1_0.pol_id,
        pl1_0.price,
        pl1_0.price_text,
        pl1_0.route_group_id,
        pl1_0.sort_order,
        pl1_0.sub_mode 
    from
        offer_price_line pl1_0 
    where
        pl1_0.offer_id=?
2026-04-21T17:44:45.528+08:00 DEBUG 10768 --- [logitrack-backend] [0.0-8080-exec-9] org.hibernate.SQL                        : 
    select
        cr1_0.enquiry_id,
        cr1_0.id,
        cr1_0.cntr_type_code,
        cr1_0.cntr_type_id,
        cr1_0.container_code,
        cr1_0.container_qty,
        cr1_0.container_type_id,
        cr1_0.created_at,
        cr1_0.extra_container_weights,
        cr1_0.extra_containers,
        cr1_0.line_teu,
        cr1_0.qty_20,
        cr1_0.qty_40,
        cr1_0.qty_40hq,
        cr1_0.qty_45,
        cr1_0.raw_text,
        cr1_0.teu_per_unit,
        cr1_0.weight_20,
        cr1_0.weight_40,
        cr1_0.weight_40hq,
        cr1_0.weight_45 
    from
        enquiry_container_line cr1_0 
    where
        cr1_0.enquiry_id=?
Hibernate: 
    select
        cr1_0.enquiry_id,
        cr1_0.id,
        cr1_0.cntr_type_code,
        cr1_0.cntr_type_id,
        cr1_0.container_code,
        cr1_0.container_qty,
        cr1_0.container_type_id,
        cr1_0.created_at,
        cr1_0.extra_container_weights,
        cr1_0.extra_containers,
        cr1_0.line_teu,
        cr1_0.qty_20,
        cr1_0.qty_40,
        cr1_0.qty_40hq,
        cr1_0.qty_45,
        cr1_0.raw_text,
        cr1_0.teu_per_unit,
        cr1_0.weight_20,
        cr1_0.weight_40,
        cr1_0.weight_40hq,
        cr1_0.weight_45 
    from
        enquiry_container_line cr1_0 
    where
        cr1_0.enquiry_id=?
2026-04-21T17:46:04.182+08:00 DEBUG 10768 --- [logitrack-backend] [.0-8080-exec-10] org.hibernate.SQL                        : 
    select
        u1_0.id,
        u1_0.created_at,
        u1_0.created_by,
        u1_0.email,
        u1_0.full_name,
        u1_0.is_active,
        u1_0.last_login_at,
        u1_0.password,
        u1_0.phone,
        u1_0.updated_at,
        u1_0.updated_by,
        u1_0.username 
    from
        user u1_0 
    where
        u1_0.username=?
Hibernate: 
    select
        u1_0.id,
        u1_0.created_at,
        u1_0.created_by,
        u1_0.email,
        u1_0.full_name,
        u1_0.is_active,
        u1_0.last_login_at,
        u1_0.password,
        u1_0.phone,
        u1_0.updated_at,
        u1_0.updated_by,
        u1_0.username 
    from
        user u1_0 
    where
        u1_0.username=?
2026-04-21T17:46:04.186+08:00 DEBUG 10768 --- [logitrack-backend] [.0-8080-exec-10] org.hibernate.SQL                        : 
    select
        r1_0.user_id,
        r1_1.id,
        r1_1.created_at,
        r1_1.description,
        r1_1.is_active,
        r1_1.permissions,
        r1_1.role_code,
        r1_1.role_name,
        r1_1.updated_at 
    from
        user_role r1_0 
    join
        role r1_1 
            on r1_1.id=r1_0.role_id 
    where
        r1_0.user_id=?
Hibernate: 
    select
        r1_0.user_id,
        r1_1.id,
        r1_1.created_at,
        r1_1.description,
        r1_1.is_active,
        r1_1.permissions,
        r1_1.role_code,
        r1_1.role_name,
        r1_1.updated_at 
    from
        user_role r1_0 
    join
        role r1_1 
            on r1_1.id=r1_0.role_id 
    where
        r1_0.user_id=?
2026-04-21T17:46:04.281+08:00 ERROR 10768 --- [logitrack-backend] [.0-8080-exec-10] c.l.backend.controller.AuthController    : 登录失败: 密码错误
2026-04-21T17:46:08.604+08:00 DEBUG 10768 --- [logitrack-backend] [0.0-8080-exec-1] org.hibernate.SQL                        : 
    select
        u1_0.id,
        u1_0.created_at,
        u1_0.created_by,
        u1_0.email,
        u1_0.full_name,
        u1_0.is_active,
        u1_0.last_login_at,
        u1_0.password,
        u1_0.phone,
        u1_0.updated_at,
        u1_0.updated_by,
        u1_0.username 
    from
        user u1_0 
    where
        u1_0.username=?
Hibernate: 
    select
        u1_0.id,
        u1_0.created_at,
        u1_0.created_by,
        u1_0.email,
        u1_0.full_name,
        u1_0.is_active,
        u1_0.last_login_at,
        u1_0.password,
        u1_0.phone,
        u1_0.updated_at,
        u1_0.updated_by,
        u1_0.username 
    from
        user u1_0 
    where
        u1_0.username=?
2026-04-21T17:46:08.614+08:00 DEBUG 10768 --- [logitrack-backend] [0.0-8080-exec-1] org.hibernate.SQL                        : 
    select
        r1_0.user_id,
        r1_1.id,
        r1_1.created_at,
        r1_1.description,
        r1_1.is_active,
        r1_1.permissions,
        r1_1.role_code,
        r1_1.role_name,
        r1_1.updated_at 
    from
        user_role r1_0 
    join
        role r1_1 
            on r1_1.id=r1_0.role_id 
    where
        r1_0.user_id=?
Hibernate: 
    select
        r1_0.user_id,
        r1_1.id,
        r1_1.created_at,
        r1_1.description,
        r1_1.is_active,
        r1_1.permissions,
        r1_1.role_code,
        r1_1.role_name,
        r1_1.updated_at 
    from
        user_role r1_0 
    join
        role r1_1 
            on r1_1.id=r1_0.role_id 
    where
        r1_0.user_id=?
2026-04-21T17:46:08.708+08:00 DEBUG 10768 --- [logitrack-backend] [0.0-8080-exec-1] org.hibernate.SQL                        : 
    update
        user 
    set
        created_by=?,
        email=?,
        full_name=?,
        is_active=?,
        last_login_at=?,
        password=?,
        phone=?,
        updated_at=?,
        updated_by=?,
        username=? 
    where
        id=?
Hibernate: 
    update
        user 
    set
        created_by=?,
        email=?,
        full_name=?,
        is_active=?,
        last_login_at=?,
        password=?,
        phone=?,
        updated_at=?,
        updated_by=?,
        username=? 
    where
        id=?
2026-04-21T17:46:09.579+08:00  INFO 10768 --- [logitrack-backend] [0.0-8080-exec-2] c.l.b.controller.EnquiryController       : GET /api/enquiries - page=0, size=10, keyword=null, status=null, product=null, cargo=null
2026-04-21T17:46:09.584+08:00 DEBUG 10768 --- [logitrack-backend] [0.0-8080-exec-2] org.hibernate.SQL                        : 
    select
        e1_0.id,
        e1_0.assigned_cn_office,
        e1_0.cancelled_reason,
        e1_0.cancelled_reason_text,
        e1_0.cargo_ready_date,
        e1_0.cargo_ready_date_details,
        e1_0.cargo_type_code,
        e1_0.category,
        e1_0.commodity,
        e1_0.core_non_core,
        e1_0.created_at,
        e1_0.created_by,
        e1_0.enquiry_created_date,
        e1_0.enquiry_received_date,
        e1_0.exw_location,
        e1_0.has_specific_cargo_ready_date,
        e1_0.hazardous_special_equipment,
        e1_0.is_oversize_cargo,
        e1_0.lost_reason,
        e1_0.lost_reason_text,
        e1_0.monthly_sequence,
        e1_0.offer_type,
        e1_0.pod_country,
        e1_0.pol_country,
        e1_0.product_abbr,
        e1_0.product_code,
        e1_0.quantity,
        e1_0.ref_number,
        e1_0.reference_month,
        e1_0.remark,
        e1_0.sales_country_code,
        e1_0.sales_office_id,
        e1_0.sales_pic_id,
        e1_0.serial_number,
        e1_0.status,
        e1_0.uom,
        e1_0.updated_at,
        e1_0.updated_by,
        e1_0.volume_cbm 
    from
        enquiry e1_0 
    order by
        e1_0.updated_at desc 
    limit
        ?, ?
Hibernate: 
    select
        e1_0.id,
        e1_0.assigned_cn_office,
        e1_0.cancelled_reason,
        e1_0.cancelled_reason_text,
        e1_0.cargo_ready_date,
        e1_0.cargo_ready_date_details,
        e1_0.cargo_type_code,
        e1_0.category,
        e1_0.commodity,
        e1_0.core_non_core,
        e1_0.created_at,
        e1_0.created_by,
        e1_0.enquiry_created_date,
        e1_0.enquiry_received_date,
        e1_0.exw_location,
        e1_0.has_specific_cargo_ready_date,
        e1_0.hazardous_special_equipment,
        e1_0.is_oversize_cargo,
        e1_0.lost_reason,
        e1_0.lost_reason_text,
        e1_0.monthly_sequence,
        e1_0.offer_type,
        e1_0.pod_country,
        e1_0.pol_country,
        e1_0.product_abbr,
        e1_0.product_code,
        e1_0.quantity,
        e1_0.ref_number,
        e1_0.reference_month,
        e1_0.remark,
        e1_0.sales_country_code,
        e1_0.sales_office_id,
        e1_0.sales_pic_id,
        e1_0.serial_number,
        e1_0.status,
        e1_0.uom,
        e1_0.updated_at,
        e1_0.updated_by,
        e1_0.volume_cbm 
    from
        enquiry e1_0 
    order by
        e1_0.updated_at desc 
    limit
        ?, ?
2026-04-21T17:46:09.636+08:00 DEBUG 10768 --- [logitrack-backend] [0.0-8080-exec-2] org.hibernate.SQL                        : 
    select
        count(e1_0.id) 
    from
        enquiry e1_0
Hibernate: 
    select
        count(e1_0.id) 
    from
        enquiry e1_0
2026-04-21T17:46:09.643+08:00 DEBUG 10768 --- [logitrack-backend] [0.0-8080-exec-2] org.hibernate.SQL                        : 
    select
        ep1_0.id,
        ep1_0.enquiry_id,
        ep1_0.port_id 
    from
        enquiry_pol ep1_0 
    where
        ep1_0.enquiry_id=?
Hibernate: 
    select
        ep1_0.id,
        ep1_0.enquiry_id,
        ep1_0.port_id 
    from
        enquiry_pol ep1_0 
    where
        ep1_0.enquiry_id=?
2026-04-21T17:46:09.646+08:00 DEBUG 10768 --- [logitrack-backend] [0.0-8080-exec-2] org.hibernate.SQL                        : 
    select
        ep1_0.id,
        ep1_0.enquiry_id,
        ep1_0.port_id 
    from
        enquiry_pod ep1_0 
    where
        ep1_0.enquiry_id=?
Hibernate: 
    select
        ep1_0.id,
        ep1_0.enquiry_id,
        ep1_0.port_id 
    from
        enquiry_pod ep1_0 
    where
        ep1_0.enquiry_id=?
2026-04-21T17:46:09.648+08:00 DEBUG 10768 --- [logitrack-backend] [0.0-8080-exec-2] org.hibernate.SQL                        : 
    select
        erg1_0.id,
        erg1_0.enquiry_id,
        erg1_0.group_index,
        erg1_0.sub_mode 
    from
        enquiry_route_group erg1_0 
    where
        erg1_0.enquiry_id=? 
    order by
        erg1_0.group_index
Hibernate: 
    select
        erg1_0.id,
        erg1_0.enquiry_id,
        erg1_0.group_index,
        erg1_0.sub_mode 
    from
        enquiry_route_group erg1_0 
    where
        erg1_0.enquiry_id=? 
    order by
        erg1_0.group_index
2026-04-21T17:46:09.651+08:00 DEBUG 10768 --- [logitrack-backend] [0.0-8080-exec-2] org.hibernate.SQL                        : 
    select
        ep1_0.id,
        ep1_0.enquiry_id,
        ep1_0.port_id 
    from
        enquiry_pol ep1_0 
    where
        ep1_0.enquiry_id=?
Hibernate: 
    select
        ep1_0.id,
        ep1_0.enquiry_id,
        ep1_0.port_id 
    from
        enquiry_pol ep1_0 
    where
        ep1_0.enquiry_id=?
2026-04-21T17:46:09.653+08:00 DEBUG 10768 --- [logitrack-backend] [0.0-8080-exec-2] org.hibernate.SQL                        : 
    select
        ep1_0.id,
        ep1_0.enquiry_id,
        ep1_0.port_id 
    from
        enquiry_pod ep1_0 
    where
        ep1_0.enquiry_id=?
Hibernate: 
    select
        ep1_0.id,
        ep1_0.enquiry_id,
        ep1_0.port_id 
    from
        enquiry_pod ep1_0 
    where
        ep1_0.enquiry_id=?
2026-04-21T17:46:09.656+08:00 DEBUG 10768 --- [logitrack-backend] [0.0-8080-exec-2] org.hibernate.SQL                        : 
    select
        erg1_0.id,
        erg1_0.enquiry_id,
        erg1_0.group_index,
        erg1_0.sub_mode 
    from
        enquiry_route_group erg1_0 
    where
        erg1_0.enquiry_id=? 
    order by
        erg1_0.group_index
Hibernate: 
    select
        erg1_0.id,
        erg1_0.enquiry_id,
        erg1_0.group_index,
        erg1_0.sub_mode 
    from
        enquiry_route_group erg1_0 
    where
        erg1_0.enquiry_id=? 
    order by
        erg1_0.group_index
2026-04-21T17:46:09.659+08:00 DEBUG 10768 --- [logitrack-backend] [0.0-8080-exec-2] org.hibernate.SQL                        : 
    select
        ep1_0.id,
        ep1_0.enquiry_id,
        ep1_0.port_id 
    from
        enquiry_pol ep1_0 
    where
        ep1_0.enquiry_id=?
Hibernate: 
    select
        ep1_0.id,
        ep1_0.enquiry_id,
        ep1_0.port_id 
    from
        enquiry_pol ep1_0 
    where
        ep1_0.enquiry_id=?
2026-04-21T17:46:09.662+08:00 DEBUG 10768 --- [logitrack-backend] [0.0-8080-exec-2] org.hibernate.SQL                        : 
    select
        ep1_0.id,
        ep1_0.enquiry_id,
        ep1_0.port_id 
    from
        enquiry_pod ep1_0 
    where
        ep1_0.enquiry_id=?
Hibernate: 
    select
        ep1_0.id,
        ep1_0.enquiry_id,
        ep1_0.port_id 
    from
        enquiry_pod ep1_0 
    where
        ep1_0.enquiry_id=?
2026-04-21T17:46:09.665+08:00 DEBUG 10768 --- [logitrack-backend] [0.0-8080-exec-2] org.hibernate.SQL                        : 
    select
        erg1_0.id,
        erg1_0.enquiry_id,
        erg1_0.group_index,
        erg1_0.sub_mode 
    from
        enquiry_route_group erg1_0 
    where
        erg1_0.enquiry_id=? 
    order by
        erg1_0.group_index
Hibernate: 
    select
        erg1_0.id,
        erg1_0.enquiry_id,
        erg1_0.group_index,
        erg1_0.sub_mode 
    from
        enquiry_route_group erg1_0 
    where
        erg1_0.enquiry_id=? 
    order by
        erg1_0.group_index
2026-04-21T17:46:09.668+08:00 DEBUG 10768 --- [logitrack-backend] [0.0-8080-exec-2] org.hibernate.SQL                        : 
    select
        ep1_0.id,
        ep1_0.enquiry_id,
        ep1_0.port_id 
    from
        enquiry_pol ep1_0 
    where
        ep1_0.enquiry_id=?
Hibernate: 
    select
        ep1_0.id,
        ep1_0.enquiry_id,
        ep1_0.port_id 
    from
        enquiry_pol ep1_0 
    where
        ep1_0.enquiry_id=?
2026-04-21T17:46:09.671+08:00 DEBUG 10768 --- [logitrack-backend] [0.0-8080-exec-2] org.hibernate.SQL                        : 
    select
        ep1_0.id,
        ep1_0.enquiry_id,
        ep1_0.port_id 
    from
        enquiry_pod ep1_0 
    where
        ep1_0.enquiry_id=?
Hibernate: 
    select
        ep1_0.id,
        ep1_0.enquiry_id,
        ep1_0.port_id 
    from
        enquiry_pod ep1_0 
    where
        ep1_0.enquiry_id=?
2026-04-21T17:46:09.674+08:00 DEBUG 10768 --- [logitrack-backend] [0.0-8080-exec-2] org.hibernate.SQL                        : 
    select
        erg1_0.id,
        erg1_0.enquiry_id,
        erg1_0.group_index,
        erg1_0.sub_mode 
    from
        enquiry_route_group erg1_0 
    where
        erg1_0.enquiry_id=? 
    order by
        erg1_0.group_index
Hibernate: 
    select
        erg1_0.id,
        erg1_0.enquiry_id,
        erg1_0.group_index,
        erg1_0.sub_mode 
    from
        enquiry_route_group erg1_0 
    where
        erg1_0.enquiry_id=? 
    order by
        erg1_0.group_index
2026-04-21T17:46:09.677+08:00 DEBUG 10768 --- [logitrack-backend] [0.0-8080-exec-2] org.hibernate.SQL                        : 
    select
        ep1_0.id,
        ep1_0.enquiry_id,
        ep1_0.port_id 
    from
        enquiry_pol ep1_0 
    where
        ep1_0.enquiry_id=?
Hibernate: 
    select
        ep1_0.id,
        ep1_0.enquiry_id,
        ep1_0.port_id 
    from
        enquiry_pol ep1_0 
    where
        ep1_0.enquiry_id=?
2026-04-21T17:46:09.680+08:00 DEBUG 10768 --- [logitrack-backend] [0.0-8080-exec-2] org.hibernate.SQL                        : 
    select
        ep1_0.id,
        ep1_0.enquiry_id,
        ep1_0.port_id 
    from
        enquiry_pod ep1_0 
    where
        ep1_0.enquiry_id=?
Hibernate: 
    select
        ep1_0.id,
        ep1_0.enquiry_id,
        ep1_0.port_id 
    from
        enquiry_pod ep1_0 
    where
        ep1_0.enquiry_id=?
2026-04-21T17:46:09.683+08:00 DEBUG 10768 --- [logitrack-backend] [0.0-8080-exec-2] org.hibernate.SQL                        : 
    select
        erg1_0.id,
        erg1_0.enquiry_id,
        erg1_0.group_index,
        erg1_0.sub_mode 
    from
        enquiry_route_group erg1_0 
    where
        erg1_0.enquiry_id=? 
    order by
        erg1_0.group_index
Hibernate: 
    select
        erg1_0.id,
        erg1_0.enquiry_id,
        erg1_0.group_index,
        erg1_0.sub_mode 
    from
        enquiry_route_group erg1_0 
    where
        erg1_0.enquiry_id=? 
    order by
        erg1_0.group_index
2026-04-21T17:46:09.685+08:00 DEBUG 10768 --- [logitrack-backend] [0.0-8080-exec-2] org.hibernate.SQL                        : 
    select
        ep1_0.id,
        ep1_0.enquiry_id,
        ep1_0.port_id 
    from
        enquiry_pol ep1_0 
    where
        ep1_0.enquiry_id=?
Hibernate: 
    select
        ep1_0.id,
        ep1_0.enquiry_id,
        ep1_0.port_id 
    from
        enquiry_pol ep1_0 
    where
        ep1_0.enquiry_id=?
2026-04-21T17:46:09.688+08:00 DEBUG 10768 --- [logitrack-backend] [0.0-8080-exec-2] org.hibernate.SQL                        : 
    select
        ep1_0.id,
        ep1_0.enquiry_id,
        ep1_0.port_id 
    from
        enquiry_pod ep1_0 
    where
        ep1_0.enquiry_id=?
Hibernate: 
    select
        ep1_0.id,
        ep1_0.enquiry_id,
        ep1_0.port_id 
    from
        enquiry_pod ep1_0 
    where
        ep1_0.enquiry_id=?
2026-04-21T17:46:09.690+08:00 DEBUG 10768 --- [logitrack-backend] [0.0-8080-exec-2] org.hibernate.SQL                        : 
    select
        erg1_0.id,
        erg1_0.enquiry_id,
        erg1_0.group_index,
        erg1_0.sub_mode 
    from
        enquiry_route_group erg1_0 
    where
        erg1_0.enquiry_id=? 
    order by
        erg1_0.group_index
Hibernate: 
    select
        erg1_0.id,
        erg1_0.enquiry_id,
        erg1_0.group_index,
        erg1_0.sub_mode 
    from
        enquiry_route_group erg1_0 
    where
        erg1_0.enquiry_id=? 
    order by
        erg1_0.group_index
2026-04-21T17:46:09.692+08:00 DEBUG 10768 --- [logitrack-backend] [0.0-8080-exec-2] org.hibernate.SQL                        : 
    select
        ep1_0.id,
        ep1_0.enquiry_id,
        ep1_0.port_id 
    from
        enquiry_pol ep1_0 
    where
        ep1_0.enquiry_id=?
Hibernate: 
    select
        ep1_0.id,
        ep1_0.enquiry_id,
        ep1_0.port_id 
    from
        enquiry_pol ep1_0 
    where
        ep1_0.enquiry_id=?
2026-04-21T17:46:09.695+08:00 DEBUG 10768 --- [logitrack-backend] [0.0-8080-exec-2] org.hibernate.SQL                        : 
    select
        ep1_0.id,
        ep1_0.enquiry_id,
        ep1_0.port_id 
    from
        enquiry_pod ep1_0 
    where
        ep1_0.enquiry_id=?
Hibernate: 
    select
        ep1_0.id,
        ep1_0.enquiry_id,
        ep1_0.port_id 
    from
        enquiry_pod ep1_0 
    where
        ep1_0.enquiry_id=?
2026-04-21T17:46:09.697+08:00 DEBUG 10768 --- [logitrack-backend] [0.0-8080-exec-2] org.hibernate.SQL                        : 
    select
        erg1_0.id,
        erg1_0.enquiry_id,
        erg1_0.group_index,
        erg1_0.sub_mode 
    from
        enquiry_route_group erg1_0 
    where
        erg1_0.enquiry_id=? 
    order by
        erg1_0.group_index
Hibernate: 
    select
        erg1_0.id,
        erg1_0.enquiry_id,
        erg1_0.group_index,
        erg1_0.sub_mode 
    from
        enquiry_route_group erg1_0 
    where
        erg1_0.enquiry_id=? 
    order by
        erg1_0.group_index
2026-04-21T17:46:09.700+08:00 DEBUG 10768 --- [logitrack-backend] [0.0-8080-exec-2] org.hibernate.SQL                        : 
    select
        ep1_0.id,
        ep1_0.enquiry_id,
        ep1_0.port_id 
    from
        enquiry_pol ep1_0 
    where
        ep1_0.enquiry_id=?
Hibernate: 
    select
        ep1_0.id,
        ep1_0.enquiry_id,
        ep1_0.port_id 
    from
        enquiry_pol ep1_0 
    where
        ep1_0.enquiry_id=?
2026-04-21T17:46:09.702+08:00 DEBUG 10768 --- [logitrack-backend] [0.0-8080-exec-2] org.hibernate.SQL                        : 
    select
        ep1_0.id,
        ep1_0.enquiry_id,
        ep1_0.port_id 
    from
        enquiry_pod ep1_0 
    where
        ep1_0.enquiry_id=?
Hibernate: 
    select
        ep1_0.id,
        ep1_0.enquiry_id,
        ep1_0.port_id 
    from
        enquiry_pod ep1_0 
    where
        ep1_0.enquiry_id=?
2026-04-21T17:46:09.705+08:00 DEBUG 10768 --- [logitrack-backend] [0.0-8080-exec-2] org.hibernate.SQL                        : 
    select
        erg1_0.id,
        erg1_0.enquiry_id,
        erg1_0.group_index,
        erg1_0.sub_mode 
    from
        enquiry_route_group erg1_0 
    where
        erg1_0.enquiry_id=? 
    order by
        erg1_0.group_index
Hibernate: 
    select
        erg1_0.id,
        erg1_0.enquiry_id,
        erg1_0.group_index,
        erg1_0.sub_mode 
    from
        enquiry_route_group erg1_0 
    where
        erg1_0.enquiry_id=? 
    order by
        erg1_0.group_index
2026-04-21T17:46:09.707+08:00 DEBUG 10768 --- [logitrack-backend] [0.0-8080-exec-2] org.hibernate.SQL                        : 
    select
        ep1_0.id,
        ep1_0.enquiry_id,
        ep1_0.port_id 
    from
        enquiry_pol ep1_0 
    where
        ep1_0.enquiry_id=?
Hibernate: 
    select
        ep1_0.id,
        ep1_0.enquiry_id,
        ep1_0.port_id 
    from
        enquiry_pol ep1_0 
    where
        ep1_0.enquiry_id=?
2026-04-21T17:46:09.711+08:00 DEBUG 10768 --- [logitrack-backend] [0.0-8080-exec-2] org.hibernate.SQL                        : 
    select
        ep1_0.id,
        ep1_0.enquiry_id,
        ep1_0.port_id 
    from
        enquiry_pod ep1_0 
    where
        ep1_0.enquiry_id=?
Hibernate: 
    select
        ep1_0.id,
        ep1_0.enquiry_id,
        ep1_0.port_id 
    from
        enquiry_pod ep1_0 
    where
        ep1_0.enquiry_id=?
2026-04-21T17:46:09.713+08:00 DEBUG 10768 --- [logitrack-backend] [0.0-8080-exec-2] org.hibernate.SQL                        : 
    select
        erg1_0.id,
        erg1_0.enquiry_id,
        erg1_0.group_index,
        erg1_0.sub_mode 
    from
        enquiry_route_group erg1_0 
    where
        erg1_0.enquiry_id=? 
    order by
        erg1_0.group_index
Hibernate: 
    select
        erg1_0.id,
        erg1_0.enquiry_id,
        erg1_0.group_index,
        erg1_0.sub_mode 
    from
        enquiry_route_group erg1_0 
    where
        erg1_0.enquiry_id=? 
    order by
        erg1_0.group_index
2026-04-21T17:46:09.715+08:00 DEBUG 10768 --- [logitrack-backend] [0.0-8080-exec-2] org.hibernate.SQL                        : 
    select
        ep1_0.id,
        ep1_0.enquiry_id,
        ep1_0.port_id 
    from
        enquiry_pol ep1_0 
    where
        ep1_0.enquiry_id=?
Hibernate: 
    select
        ep1_0.id,
        ep1_0.enquiry_id,
        ep1_0.port_id 
    from
        enquiry_pol ep1_0 
    where
        ep1_0.enquiry_id=?
2026-04-21T17:46:09.718+08:00 DEBUG 10768 --- [logitrack-backend] [0.0-8080-exec-2] org.hibernate.SQL                        : 
    select
        ep1_0.id,
        ep1_0.enquiry_id,
        ep1_0.port_id 
    from
        enquiry_pod ep1_0 
    where
        ep1_0.enquiry_id=?
Hibernate: 
    select
        ep1_0.id,
        ep1_0.enquiry_id,
        ep1_0.port_id 
    from
        enquiry_pod ep1_0 
    where
        ep1_0.enquiry_id=?
2026-04-21T17:46:09.720+08:00 DEBUG 10768 --- [logitrack-backend] [0.0-8080-exec-2] org.hibernate.SQL                        : 
    select
        erg1_0.id,
        erg1_0.enquiry_id,
        erg1_0.group_index,
        erg1_0.sub_mode 
    from
        enquiry_route_group erg1_0 
    where
        erg1_0.enquiry_id=? 
    order by
        erg1_0.group_index
Hibernate: 
    select
        erg1_0.id,
        erg1_0.enquiry_id,
        erg1_0.group_index,
        erg1_0.sub_mode 
    from
        enquiry_route_group erg1_0 
    where
        erg1_0.enquiry_id=? 
    order by
        erg1_0.group_index
2026-04-21T17:46:09.722+08:00 DEBUG 10768 --- [logitrack-backend] [0.0-8080-exec-2] org.hibernate.SQL                        : 
    select
        o1_0.enquiry_id,
        o1_0.id,
        o1_0.container_currency,
        o1_0.created_at,
        o1_0.is_latest,
        o1_0.local_charge_currency,
        o1_0.offer_date,
        o1_0.offer_type,
        o1_0.remark,
        o1_0.sequence_no,
        o1_0.updated_at 
    from
        offer o1_0 
    where
        o1_0.enquiry_id=?
Hibernate: 
    select
        o1_0.enquiry_id,
        o1_0.id,
        o1_0.container_currency,
        o1_0.created_at,
        o1_0.is_latest,
        o1_0.local_charge_currency,
        o1_0.offer_date,
        o1_0.offer_type,
        o1_0.remark,
        o1_0.sequence_no,
        o1_0.updated_at 
    from
        offer o1_0 
    where
        o1_0.enquiry_id=?
2026-04-21T17:46:09.723+08:00 DEBUG 10768 --- [logitrack-backend] [0.0-8080-exec-2] org.hibernate.SQL                        : 
    select
        cr1_0.enquiry_id,
        cr1_0.id,
        cr1_0.cntr_type_code,
        cr1_0.cntr_type_id,
        cr1_0.container_code,
        cr1_0.container_qty,
        cr1_0.container_type_id,
        cr1_0.created_at,
        cr1_0.extra_container_weights,
        cr1_0.extra_containers,
        cr1_0.line_teu,
        cr1_0.qty_20,
        cr1_0.qty_40,
        cr1_0.qty_40hq,
        cr1_0.qty_45,
        cr1_0.raw_text,
        cr1_0.teu_per_unit,
        cr1_0.weight_20,
        cr1_0.weight_40,
        cr1_0.weight_40hq,
        cr1_0.weight_45 
    from
        enquiry_container_line cr1_0 
    where
        cr1_0.enquiry_id=?
Hibernate: 
    select
        cr1_0.enquiry_id,
        cr1_0.id,
        cr1_0.cntr_type_code,
        cr1_0.cntr_type_id,
        cr1_0.container_code,
        cr1_0.container_qty,
        cr1_0.container_type_id,
        cr1_0.created_at,
        cr1_0.extra_container_weights,
        cr1_0.extra_containers,
        cr1_0.line_teu,
        cr1_0.qty_20,
        cr1_0.qty_40,
        cr1_0.qty_40hq,
        cr1_0.qty_45,
        cr1_0.raw_text,
        cr1_0.teu_per_unit,
        cr1_0.weight_20,
        cr1_0.weight_40,
        cr1_0.weight_40hq,
        cr1_0.weight_45 
    from
        enquiry_container_line cr1_0 
    where
        cr1_0.enquiry_id=?
2026-04-21T17:46:09.726+08:00 DEBUG 10768 --- [logitrack-backend] [0.0-8080-exec-2] org.hibernate.SQL                        : 
    select
        o1_0.enquiry_id,
        o1_0.id,
        o1_0.container_currency,
        o1_0.created_at,
        o1_0.is_latest,
        o1_0.local_charge_currency,
        o1_0.offer_date,
        o1_0.offer_type,
        o1_0.remark,
        o1_0.sequence_no,
        o1_0.updated_at 
    from
        offer o1_0 
    where
        o1_0.enquiry_id=?
Hibernate: 
    select
        o1_0.enquiry_id,
        o1_0.id,
        o1_0.container_currency,
        o1_0.created_at,
        o1_0.is_latest,
        o1_0.local_charge_currency,
        o1_0.offer_date,
        o1_0.offer_type,
        o1_0.remark,
        o1_0.sequence_no,
        o1_0.updated_at 
    from
        offer o1_0 
    where
        o1_0.enquiry_id=?
2026-04-21T17:46:09.727+08:00 DEBUG 10768 --- [logitrack-backend] [0.0-8080-exec-2] org.hibernate.SQL                        : 
    select
        cr1_0.enquiry_id,
        cr1_0.id,
        cr1_0.cntr_type_code,
        cr1_0.cntr_type_id,
        cr1_0.container_code,
        cr1_0.container_qty,
        cr1_0.container_type_id,
        cr1_0.created_at,
        cr1_0.extra_container_weights,
        cr1_0.extra_containers,
        cr1_0.line_teu,
        cr1_0.qty_20,
        cr1_0.qty_40,
        cr1_0.qty_40hq,
        cr1_0.qty_45,
        cr1_0.raw_text,
        cr1_0.teu_per_unit,
        cr1_0.weight_20,
        cr1_0.weight_40,
        cr1_0.weight_40hq,
        cr1_0.weight_45 
    from
        enquiry_container_line cr1_0 
    where
        cr1_0.enquiry_id=?
Hibernate: 
    select
        cr1_0.enquiry_id,
        cr1_0.id,
        cr1_0.cntr_type_code,
        cr1_0.cntr_type_id,
        cr1_0.container_code,
        cr1_0.container_qty,
        cr1_0.container_type_id,
        cr1_0.created_at,
        cr1_0.extra_container_weights,
        cr1_0.extra_containers,
        cr1_0.line_teu,
        cr1_0.qty_20,
        cr1_0.qty_40,
        cr1_0.qty_40hq,
        cr1_0.qty_45,
        cr1_0.raw_text,
        cr1_0.teu_per_unit,
        cr1_0.weight_20,
        cr1_0.weight_40,
        cr1_0.weight_40hq,
        cr1_0.weight_45 
    from
        enquiry_container_line cr1_0 
    where
        cr1_0.enquiry_id=?
2026-04-21T17:46:09.730+08:00 DEBUG 10768 --- [logitrack-backend] [0.0-8080-exec-2] org.hibernate.SQL                        : 
    select
        o1_0.enquiry_id,
        o1_0.id,
        o1_0.container_currency,
        o1_0.created_at,
        o1_0.is_latest,
        o1_0.local_charge_currency,
        o1_0.offer_date,
        o1_0.offer_type,
        o1_0.remark,
        o1_0.sequence_no,
        o1_0.updated_at 
    from
        offer o1_0 
    where
        o1_0.enquiry_id=?
Hibernate: 
    select
        o1_0.enquiry_id,
        o1_0.id,
        o1_0.container_currency,
        o1_0.created_at,
        o1_0.is_latest,
        o1_0.local_charge_currency,
        o1_0.offer_date,
        o1_0.offer_type,
        o1_0.remark,
        o1_0.sequence_no,
        o1_0.updated_at 
    from
        offer o1_0 
    where
        o1_0.enquiry_id=?
2026-04-21T17:46:09.731+08:00 DEBUG 10768 --- [logitrack-backend] [0.0-8080-exec-2] org.hibernate.SQL                        : 
    select
        cr1_0.enquiry_id,
        cr1_0.id,
        cr1_0.cntr_type_code,
        cr1_0.cntr_type_id,
        cr1_0.container_code,
        cr1_0.container_qty,
        cr1_0.container_type_id,
        cr1_0.created_at,
        cr1_0.extra_container_weights,
        cr1_0.extra_containers,
        cr1_0.line_teu,
        cr1_0.qty_20,
        cr1_0.qty_40,
        cr1_0.qty_40hq,
        cr1_0.qty_45,
        cr1_0.raw_text,
        cr1_0.teu_per_unit,
        cr1_0.weight_20,
        cr1_0.weight_40,
        cr1_0.weight_40hq,
        cr1_0.weight_45 
    from
        enquiry_container_line cr1_0 
    where
        cr1_0.enquiry_id=?
Hibernate: 
    select
        cr1_0.enquiry_id,
        cr1_0.id,
        cr1_0.cntr_type_code,
        cr1_0.cntr_type_id,
        cr1_0.container_code,
        cr1_0.container_qty,
        cr1_0.container_type_id,
        cr1_0.created_at,
        cr1_0.extra_container_weights,
        cr1_0.extra_containers,
        cr1_0.line_teu,
        cr1_0.qty_20,
        cr1_0.qty_40,
        cr1_0.qty_40hq,
        cr1_0.qty_45,
        cr1_0.raw_text,
        cr1_0.teu_per_unit,
        cr1_0.weight_20,
        cr1_0.weight_40,
        cr1_0.weight_40hq,
        cr1_0.weight_45 
    from
        enquiry_container_line cr1_0 
    where
        cr1_0.enquiry_id=?
2026-04-21T17:46:09.732+08:00 DEBUG 10768 --- [logitrack-backend] [0.0-8080-exec-2] org.hibernate.SQL                        : 
    select
        o1_0.enquiry_id,
        o1_0.id,
        o1_0.container_currency,
        o1_0.created_at,
        o1_0.is_latest,
        o1_0.local_charge_currency,
        o1_0.offer_date,
        o1_0.offer_type,
        o1_0.remark,
        o1_0.sequence_no,
        o1_0.updated_at 
    from
        offer o1_0 
    where
        o1_0.enquiry_id=?
Hibernate: 
    select
        o1_0.enquiry_id,
        o1_0.id,
        o1_0.container_currency,
        o1_0.created_at,
        o1_0.is_latest,
        o1_0.local_charge_currency,
        o1_0.offer_date,
        o1_0.offer_type,
        o1_0.remark,
        o1_0.sequence_no,
        o1_0.updated_at 
    from
        offer o1_0 
    where
        o1_0.enquiry_id=?
2026-04-21T17:46:09.734+08:00 DEBUG 10768 --- [logitrack-backend] [0.0-8080-exec-2] org.hibernate.SQL                        : 
    select
        cr1_0.enquiry_id,
        cr1_0.id,
        cr1_0.cntr_type_code,
        cr1_0.cntr_type_id,
        cr1_0.container_code,
        cr1_0.container_qty,
        cr1_0.container_type_id,
        cr1_0.created_at,
        cr1_0.extra_container_weights,
        cr1_0.extra_containers,
        cr1_0.line_teu,
        cr1_0.qty_20,
        cr1_0.qty_40,
        cr1_0.qty_40hq,
        cr1_0.qty_45,
        cr1_0.raw_text,
        cr1_0.teu_per_unit,
        cr1_0.weight_20,
        cr1_0.weight_40,
        cr1_0.weight_40hq,
        cr1_0.weight_45 
    from
        enquiry_container_line cr1_0 
    where
        cr1_0.enquiry_id=?
Hibernate: 
    select
        cr1_0.enquiry_id,
        cr1_0.id,
        cr1_0.cntr_type_code,
        cr1_0.cntr_type_id,
        cr1_0.container_code,
        cr1_0.container_qty,
        cr1_0.container_type_id,
        cr1_0.created_at,
        cr1_0.extra_container_weights,
        cr1_0.extra_containers,
        cr1_0.line_teu,
        cr1_0.qty_20,
        cr1_0.qty_40,
        cr1_0.qty_40hq,
        cr1_0.qty_45,
        cr1_0.raw_text,
        cr1_0.teu_per_unit,
        cr1_0.weight_20,
        cr1_0.weight_40,
        cr1_0.weight_40hq,
        cr1_0.weight_45 
    from
        enquiry_container_line cr1_0 
    where
        cr1_0.enquiry_id=?
2026-04-21T17:46:09.736+08:00 DEBUG 10768 --- [logitrack-backend] [0.0-8080-exec-2] org.hibernate.SQL                        : 
    select
        o1_0.enquiry_id,
        o1_0.id,
        o1_0.container_currency,
        o1_0.created_at,
        o1_0.is_latest,
        o1_0.local_charge_currency,
        o1_0.offer_date,
        o1_0.offer_type,
        o1_0.remark,
        o1_0.sequence_no,
        o1_0.updated_at 
    from
        offer o1_0 
    where
        o1_0.enquiry_id=?
Hibernate: 
    select
        o1_0.enquiry_id,
        o1_0.id,
        o1_0.container_currency,
        o1_0.created_at,
        o1_0.is_latest,
        o1_0.local_charge_currency,
        o1_0.offer_date,
        o1_0.offer_type,
        o1_0.remark,
        o1_0.sequence_no,
        o1_0.updated_at 
    from
        offer o1_0 
    where
        o1_0.enquiry_id=?
2026-04-21T17:46:09.738+08:00 DEBUG 10768 --- [logitrack-backend] [0.0-8080-exec-2] org.hibernate.SQL                        : 
    select
        cr1_0.enquiry_id,
        cr1_0.id,
        cr1_0.cntr_type_code,
        cr1_0.cntr_type_id,
        cr1_0.container_code,
        cr1_0.container_qty,
        cr1_0.container_type_id,
        cr1_0.created_at,
        cr1_0.extra_container_weights,
        cr1_0.extra_containers,
        cr1_0.line_teu,
        cr1_0.qty_20,
        cr1_0.qty_40,
        cr1_0.qty_40hq,
        cr1_0.qty_45,
        cr1_0.raw_text,
        cr1_0.teu_per_unit,
        cr1_0.weight_20,
        cr1_0.weight_40,
        cr1_0.weight_40hq,
        cr1_0.weight_45 
    from
        enquiry_container_line cr1_0 
    where
        cr1_0.enquiry_id=?
Hibernate: 
    select
        cr1_0.enquiry_id,
        cr1_0.id,
        cr1_0.cntr_type_code,
        cr1_0.cntr_type_id,
        cr1_0.container_code,
        cr1_0.container_qty,
        cr1_0.container_type_id,
        cr1_0.created_at,
        cr1_0.extra_container_weights,
        cr1_0.extra_containers,
        cr1_0.line_teu,
        cr1_0.qty_20,
        cr1_0.qty_40,
        cr1_0.qty_40hq,
        cr1_0.qty_45,
        cr1_0.raw_text,
        cr1_0.teu_per_unit,
        cr1_0.weight_20,
        cr1_0.weight_40,
        cr1_0.weight_40hq,
        cr1_0.weight_45 
    from
        enquiry_container_line cr1_0 
    where
        cr1_0.enquiry_id=?
2026-04-21T17:46:09.739+08:00 DEBUG 10768 --- [logitrack-backend] [0.0-8080-exec-2] org.hibernate.SQL                        : 
    select
        o1_0.enquiry_id,
        o1_0.id,
        o1_0.container_currency,
        o1_0.created_at,
        o1_0.is_latest,
        o1_0.local_charge_currency,
        o1_0.offer_date,
        o1_0.offer_type,
        o1_0.remark,
        o1_0.sequence_no,
        o1_0.updated_at 
    from
        offer o1_0 
    where
        o1_0.enquiry_id=?
Hibernate: 
    select
        o1_0.enquiry_id,
        o1_0.id,
        o1_0.container_currency,
        o1_0.created_at,
        o1_0.is_latest,
        o1_0.local_charge_currency,
        o1_0.offer_date,
        o1_0.offer_type,
        o1_0.remark,
        o1_0.sequence_no,
        o1_0.updated_at 
    from
        offer o1_0 
    where
        o1_0.enquiry_id=?
2026-04-21T17:46:09.741+08:00 DEBUG 10768 --- [logitrack-backend] [0.0-8080-exec-2] org.hibernate.SQL                        : 
    select
        cr1_0.enquiry_id,
        cr1_0.id,
        cr1_0.cntr_type_code,
        cr1_0.cntr_type_id,
        cr1_0.container_code,
        cr1_0.container_qty,
        cr1_0.container_type_id,
        cr1_0.created_at,
        cr1_0.extra_container_weights,
        cr1_0.extra_containers,
        cr1_0.line_teu,
        cr1_0.qty_20,
        cr1_0.qty_40,
        cr1_0.qty_40hq,
        cr1_0.qty_45,
        cr1_0.raw_text,
        cr1_0.teu_per_unit,
        cr1_0.weight_20,
        cr1_0.weight_40,
        cr1_0.weight_40hq,
        cr1_0.weight_45 
    from
        enquiry_container_line cr1_0 
    where
        cr1_0.enquiry_id=?
Hibernate: 
    select
        cr1_0.enquiry_id,
        cr1_0.id,
        cr1_0.cntr_type_code,
        cr1_0.cntr_type_id,
        cr1_0.container_code,
        cr1_0.container_qty,
        cr1_0.container_type_id,
        cr1_0.created_at,
        cr1_0.extra_container_weights,
        cr1_0.extra_containers,
        cr1_0.line_teu,
        cr1_0.qty_20,
        cr1_0.qty_40,
        cr1_0.qty_40hq,
        cr1_0.qty_45,
        cr1_0.raw_text,
        cr1_0.teu_per_unit,
        cr1_0.weight_20,
        cr1_0.weight_40,
        cr1_0.weight_40hq,
        cr1_0.weight_45 
    from
        enquiry_container_line cr1_0 
    where
        cr1_0.enquiry_id=?
2026-04-21T17:46:09.744+08:00 DEBUG 10768 --- [logitrack-backend] [0.0-8080-exec-2] org.hibernate.SQL                        : 
    select
        o1_0.enquiry_id,
        o1_0.id,
        o1_0.container_currency,
        o1_0.created_at,
        o1_0.is_latest,
        o1_0.local_charge_currency,
        o1_0.offer_date,
        o1_0.offer_type,
        o1_0.remark,
        o1_0.sequence_no,
        o1_0.updated_at 
    from
        offer o1_0 
    where
        o1_0.enquiry_id=?
Hibernate: 
    select
        o1_0.enquiry_id,
        o1_0.id,
        o1_0.container_currency,
        o1_0.created_at,
        o1_0.is_latest,
        o1_0.local_charge_currency,
        o1_0.offer_date,
        o1_0.offer_type,
        o1_0.remark,
        o1_0.sequence_no,
        o1_0.updated_at 
    from
        offer o1_0 
    where
        o1_0.enquiry_id=?
2026-04-21T17:46:09.746+08:00 DEBUG 10768 --- [logitrack-backend] [0.0-8080-exec-2] org.hibernate.SQL                        : 
    select
        cr1_0.enquiry_id,
        cr1_0.id,
        cr1_0.cntr_type_code,
        cr1_0.cntr_type_id,
        cr1_0.container_code,
        cr1_0.container_qty,
        cr1_0.container_type_id,
        cr1_0.created_at,
        cr1_0.extra_container_weights,
        cr1_0.extra_containers,
        cr1_0.line_teu,
        cr1_0.qty_20,
        cr1_0.qty_40,
        cr1_0.qty_40hq,
        cr1_0.qty_45,
        cr1_0.raw_text,
        cr1_0.teu_per_unit,
        cr1_0.weight_20,
        cr1_0.weight_40,
        cr1_0.weight_40hq,
        cr1_0.weight_45 
    from
        enquiry_container_line cr1_0 
    where
        cr1_0.enquiry_id=?
Hibernate: 
    select
        cr1_0.enquiry_id,
        cr1_0.id,
        cr1_0.cntr_type_code,
        cr1_0.cntr_type_id,
        cr1_0.container_code,
        cr1_0.container_qty,
        cr1_0.container_type_id,
        cr1_0.created_at,
        cr1_0.extra_container_weights,
        cr1_0.extra_containers,
        cr1_0.line_teu,
        cr1_0.qty_20,
        cr1_0.qty_40,
        cr1_0.qty_40hq,
        cr1_0.qty_45,
        cr1_0.raw_text,
        cr1_0.teu_per_unit,
        cr1_0.weight_20,
        cr1_0.weight_40,
        cr1_0.weight_40hq,
        cr1_0.weight_45 
    from
        enquiry_container_line cr1_0 
    where
        cr1_0.enquiry_id=?
2026-04-21T17:46:09.747+08:00 DEBUG 10768 --- [logitrack-backend] [0.0-8080-exec-2] org.hibernate.SQL                        : 
    select
        o1_0.enquiry_id,
        o1_0.id,
        o1_0.container_currency,
        o1_0.created_at,
        o1_0.is_latest,
        o1_0.local_charge_currency,
        o1_0.offer_date,
        o1_0.offer_type,
        o1_0.remark,
        o1_0.sequence_no,
        o1_0.updated_at 
    from
        offer o1_0 
    where
        o1_0.enquiry_id=?
Hibernate: 
    select
        o1_0.enquiry_id,
        o1_0.id,
        o1_0.container_currency,
        o1_0.created_at,
        o1_0.is_latest,
        o1_0.local_charge_currency,
        o1_0.offer_date,
        o1_0.offer_type,
        o1_0.remark,
        o1_0.sequence_no,
        o1_0.updated_at 
    from
        offer o1_0 
    where
        o1_0.enquiry_id=?
2026-04-21T17:46:09.749+08:00 DEBUG 10768 --- [logitrack-backend] [0.0-8080-exec-2] org.hibernate.SQL                        : 
    select
        cr1_0.enquiry_id,
        cr1_0.id,
        cr1_0.cntr_type_code,
        cr1_0.cntr_type_id,
        cr1_0.container_code,
        cr1_0.container_qty,
        cr1_0.container_type_id,
        cr1_0.created_at,
        cr1_0.extra_container_weights,
        cr1_0.extra_containers,
        cr1_0.line_teu,
        cr1_0.qty_20,
        cr1_0.qty_40,
        cr1_0.qty_40hq,
        cr1_0.qty_45,
        cr1_0.raw_text,
        cr1_0.teu_per_unit,
        cr1_0.weight_20,
        cr1_0.weight_40,
        cr1_0.weight_40hq,
        cr1_0.weight_45 
    from
        enquiry_container_line cr1_0 
    where
        cr1_0.enquiry_id=?
Hibernate: 
    select
        cr1_0.enquiry_id,
        cr1_0.id,
        cr1_0.cntr_type_code,
        cr1_0.cntr_type_id,
        cr1_0.container_code,
        cr1_0.container_qty,
        cr1_0.container_type_id,
        cr1_0.created_at,
        cr1_0.extra_container_weights,
        cr1_0.extra_containers,
        cr1_0.line_teu,
        cr1_0.qty_20,
        cr1_0.qty_40,
        cr1_0.qty_40hq,
        cr1_0.qty_45,
        cr1_0.raw_text,
        cr1_0.teu_per_unit,
        cr1_0.weight_20,
        cr1_0.weight_40,
        cr1_0.weight_40hq,
        cr1_0.weight_45 
    from
        enquiry_container_line cr1_0 
    where
        cr1_0.enquiry_id=?
2026-04-21T17:46:09.750+08:00 DEBUG 10768 --- [logitrack-backend] [0.0-8080-exec-2] org.hibernate.SQL                        : 
    select
        o1_0.enquiry_id,
        o1_0.id,
        o1_0.container_currency,
        o1_0.created_at,
        o1_0.is_latest,
        o1_0.local_charge_currency,
        o1_0.offer_date,
        o1_0.offer_type,
        o1_0.remark,
        o1_0.sequence_no,
        o1_0.updated_at 
    from
        offer o1_0 
    where
        o1_0.enquiry_id=?
Hibernate: 
    select
        o1_0.enquiry_id,
        o1_0.id,
        o1_0.container_currency,
        o1_0.created_at,
        o1_0.is_latest,
        o1_0.local_charge_currency,
        o1_0.offer_date,
        o1_0.offer_type,
        o1_0.remark,
        o1_0.sequence_no,
        o1_0.updated_at 
    from
        offer o1_0 
    where
        o1_0.enquiry_id=?
2026-04-21T17:46:09.751+08:00 DEBUG 10768 --- [logitrack-backend] [0.0-8080-exec-2] org.hibernate.SQL                        : 
    select
        cr1_0.enquiry_id,
        cr1_0.id,
        cr1_0.cntr_type_code,
        cr1_0.cntr_type_id,
        cr1_0.container_code,
        cr1_0.container_qty,
        cr1_0.container_type_id,
        cr1_0.created_at,
        cr1_0.extra_container_weights,
        cr1_0.extra_containers,
        cr1_0.line_teu,
        cr1_0.qty_20,
        cr1_0.qty_40,
        cr1_0.qty_40hq,
        cr1_0.qty_45,
        cr1_0.raw_text,
        cr1_0.teu_per_unit,
        cr1_0.weight_20,
        cr1_0.weight_40,
        cr1_0.weight_40hq,
        cr1_0.weight_45 
    from
        enquiry_container_line cr1_0 
    where
        cr1_0.enquiry_id=?
Hibernate: 
    select
        cr1_0.enquiry_id,
        cr1_0.id,
        cr1_0.cntr_type_code,
        cr1_0.cntr_type_id,
        cr1_0.container_code,
        cr1_0.container_qty,
        cr1_0.container_type_id,
        cr1_0.created_at,
        cr1_0.extra_container_weights,
        cr1_0.extra_containers,
        cr1_0.line_teu,
        cr1_0.qty_20,
        cr1_0.qty_40,
        cr1_0.qty_40hq,
        cr1_0.qty_45,
        cr1_0.raw_text,
        cr1_0.teu_per_unit,
        cr1_0.weight_20,
        cr1_0.weight_40,
        cr1_0.weight_40hq,
        cr1_0.weight_45 
    from
        enquiry_container_line cr1_0 
    where
        cr1_0.enquiry_id=?
2026-04-21T17:46:09.753+08:00 DEBUG 10768 --- [logitrack-backend] [0.0-8080-exec-2] org.hibernate.SQL                        : 
    select
        o1_0.enquiry_id,
        o1_0.id,
        o1_0.container_currency,
        o1_0.created_at,
        o1_0.is_latest,
        o1_0.local_charge_currency,
        o1_0.offer_date,
        o1_0.offer_type,
        o1_0.remark,
        o1_0.sequence_no,
        o1_0.updated_at 
    from
        offer o1_0 
    where
        o1_0.enquiry_id=?
Hibernate: 
    select
        o1_0.enquiry_id,
        o1_0.id,
        o1_0.container_currency,
        o1_0.created_at,
        o1_0.is_latest,
        o1_0.local_charge_currency,
        o1_0.offer_date,
        o1_0.offer_type,
        o1_0.remark,
        o1_0.sequence_no,
        o1_0.updated_at 
    from
        offer o1_0 
    where
        o1_0.enquiry_id=?
2026-04-21T17:46:09.754+08:00 DEBUG 10768 --- [logitrack-backend] [0.0-8080-exec-2] org.hibernate.SQL                        : 
    select
        pl1_0.offer_id,
        pl1_0.id,
        pl1_0.carrier,
        pl1_0.local_charge,
        pl1_0.min_charge,
        pl1_0.per_cbm,
        pl1_0.pod_id,
        pl1_0.pol_id,
        pl1_0.price,
        pl1_0.price_text,
        pl1_0.route_group_id,
        pl1_0.sort_order,
        pl1_0.sub_mode 
    from
        offer_price_line pl1_0 
    where
        pl1_0.offer_id=?
Hibernate: 
    select
        pl1_0.offer_id,
        pl1_0.id,
        pl1_0.carrier,
        pl1_0.local_charge,
        pl1_0.min_charge,
        pl1_0.per_cbm,
        pl1_0.pod_id,
        pl1_0.pol_id,
        pl1_0.price,
        pl1_0.price_text,
        pl1_0.route_group_id,
        pl1_0.sort_order,
        pl1_0.sub_mode 
    from
        offer_price_line pl1_0 
    where
        pl1_0.offer_id=?
2026-04-21T17:46:09.756+08:00 DEBUG 10768 --- [logitrack-backend] [0.0-8080-exec-2] org.hibernate.SQL                        : 
    select
        cr1_0.enquiry_id,
        cr1_0.id,
        cr1_0.cntr_type_code,
        cr1_0.cntr_type_id,
        cr1_0.container_code,
        cr1_0.container_qty,
        cr1_0.container_type_id,
        cr1_0.created_at,
        cr1_0.extra_container_weights,
        cr1_0.extra_containers,
        cr1_0.line_teu,
        cr1_0.qty_20,
        cr1_0.qty_40,
        cr1_0.qty_40hq,
        cr1_0.qty_45,
        cr1_0.raw_text,
        cr1_0.teu_per_unit,
        cr1_0.weight_20,
        cr1_0.weight_40,
        cr1_0.weight_40hq,
        cr1_0.weight_45 
    from
        enquiry_container_line cr1_0 
    where
        cr1_0.enquiry_id=?
Hibernate: 
    select
        cr1_0.enquiry_id,
        cr1_0.id,
        cr1_0.cntr_type_code,
        cr1_0.cntr_type_id,
        cr1_0.container_code,
        cr1_0.container_qty,
        cr1_0.container_type_id,
        cr1_0.created_at,
        cr1_0.extra_container_weights,
        cr1_0.extra_containers,
        cr1_0.line_teu,
        cr1_0.qty_20,
        cr1_0.qty_40,
        cr1_0.qty_40hq,
        cr1_0.qty_45,
        cr1_0.raw_text,
        cr1_0.teu_per_unit,
        cr1_0.weight_20,
        cr1_0.weight_40,
        cr1_0.weight_40hq,
        cr1_0.weight_45 
    from
        enquiry_container_line cr1_0 
    where
        cr1_0.enquiry_id=?
2026-04-21T17:46:29.553+08:00  INFO 10768 --- [logitrack-backend] [0.0-8080-exec-7] c.l.b.controller.EnquiryController       : GET /api/enquiries - page=0, size=10, keyword=null, status=null, product=null, cargo=null
2026-04-21T17:46:29.564+08:00 DEBUG 10768 --- [logitrack-backend] [0.0-8080-exec-7] org.hibernate.SQL                        : 
    select
        e1_0.id,
        e1_0.assigned_cn_office,
        e1_0.cancelled_reason,
        e1_0.cancelled_reason_text,
        e1_0.cargo_ready_date,
        e1_0.cargo_ready_date_details,
        e1_0.cargo_type_code,
        e1_0.category,
        e1_0.commodity,
        e1_0.core_non_core,
        e1_0.created_at,
        e1_0.created_by,
        e1_0.enquiry_created_date,
        e1_0.enquiry_received_date,
        e1_0.exw_location,
        e1_0.has_specific_cargo_ready_date,
        e1_0.hazardous_special_equipment,
        e1_0.is_oversize_cargo,
        e1_0.lost_reason,
        e1_0.lost_reason_text,
        e1_0.monthly_sequence,
        e1_0.offer_type,
        e1_0.pod_country,
        e1_0.pol_country,
        e1_0.product_abbr,
        e1_0.product_code,
        e1_0.quantity,
        e1_0.ref_number,
        e1_0.reference_month,
        e1_0.remark,
        e1_0.sales_country_code,
        e1_0.sales_office_id,
        e1_0.sales_pic_id,
        e1_0.serial_number,
        e1_0.status,
        e1_0.uom,
        e1_0.updated_at,
        e1_0.updated_by,
        e1_0.volume_cbm 
    from
        enquiry e1_0 
    order by
        e1_0.id desc 
    limit
        ?, ?
Hibernate: 
    select
        e1_0.id,
        e1_0.assigned_cn_office,
        e1_0.cancelled_reason,
        e1_0.cancelled_reason_text,
        e1_0.cargo_ready_date,
        e1_0.cargo_ready_date_details,
        e1_0.cargo_type_code,
        e1_0.category,
        e1_0.commodity,
        e1_0.core_non_core,
        e1_0.created_at,
        e1_0.created_by,
        e1_0.enquiry_created_date,
        e1_0.enquiry_received_date,
        e1_0.exw_location,
        e1_0.has_specific_cargo_ready_date,
        e1_0.hazardous_special_equipment,
        e1_0.is_oversize_cargo,
        e1_0.lost_reason,
        e1_0.lost_reason_text,
        e1_0.monthly_sequence,
        e1_0.offer_type,
        e1_0.pod_country,
        e1_0.pol_country,
        e1_0.product_abbr,
        e1_0.product_code,
        e1_0.quantity,
        e1_0.ref_number,
        e1_0.reference_month,
        e1_0.remark,
        e1_0.sales_country_code,
        e1_0.sales_office_id,
        e1_0.sales_pic_id,
        e1_0.serial_number,
        e1_0.status,
        e1_0.uom,
        e1_0.updated_at,
        e1_0.updated_by,
        e1_0.volume_cbm 
    from
        enquiry e1_0 
    order by
        e1_0.id desc 
    limit
        ?, ?
2026-04-21T17:46:29.568+08:00 DEBUG 10768 --- [logitrack-backend] [0.0-8080-exec-7] org.hibernate.SQL                        : 
    select
        count(e1_0.id) 
    from
        enquiry e1_0
Hibernate: 
    select
        count(e1_0.id) 
    from
        enquiry e1_0
2026-04-21T17:46:29.575+08:00 DEBUG 10768 --- [logitrack-backend] [0.0-8080-exec-7] org.hibernate.SQL                        : 
    select
        ep1_0.id,
        ep1_0.enquiry_id,
        ep1_0.port_id 
    from
        enquiry_pol ep1_0 
    where
        ep1_0.enquiry_id=?
Hibernate: 
    select
        ep1_0.id,
        ep1_0.enquiry_id,
        ep1_0.port_id 
    from
        enquiry_pol ep1_0 
    where
        ep1_0.enquiry_id=?
2026-04-21T17:46:29.580+08:00 DEBUG 10768 --- [logitrack-backend] [0.0-8080-exec-7] org.hibernate.SQL                        : 
    select
        ep1_0.id,
        ep1_0.enquiry_id,
        ep1_0.port_id 
    from
        enquiry_pod ep1_0 
    where
        ep1_0.enquiry_id=?
Hibernate: 
    select
        ep1_0.id,
        ep1_0.enquiry_id,
        ep1_0.port_id 
    from
        enquiry_pod ep1_0 
    where
        ep1_0.enquiry_id=?
2026-04-21T17:46:29.583+08:00 DEBUG 10768 --- [logitrack-backend] [0.0-8080-exec-7] org.hibernate.SQL                        : 
    select
        erg1_0.id,
        erg1_0.enquiry_id,
        erg1_0.group_index,
        erg1_0.sub_mode 
    from
        enquiry_route_group erg1_0 
    where
        erg1_0.enquiry_id=? 
    order by
        erg1_0.group_index
Hibernate: 
    select
        erg1_0.id,
        erg1_0.enquiry_id,
        erg1_0.group_index,
        erg1_0.sub_mode 
    from
        enquiry_route_group erg1_0 
    where
        erg1_0.enquiry_id=? 
    order by
        erg1_0.group_index
2026-04-21T17:46:29.586+08:00 DEBUG 10768 --- [logitrack-backend] [0.0-8080-exec-7] org.hibernate.SQL                        : 
    select
        ep1_0.id,
        ep1_0.enquiry_id,
        ep1_0.port_id 
    from
        enquiry_pol ep1_0 
    where
        ep1_0.enquiry_id=?
Hibernate: 
    select
        ep1_0.id,
        ep1_0.enquiry_id,
        ep1_0.port_id 
    from
        enquiry_pol ep1_0 
    where
        ep1_0.enquiry_id=?
2026-04-21T17:46:29.589+08:00 DEBUG 10768 --- [logitrack-backend] [0.0-8080-exec-7] org.hibernate.SQL                        : 
    select
        ep1_0.id,
        ep1_0.enquiry_id,
        ep1_0.port_id 
    from
        enquiry_pod ep1_0 
    where
        ep1_0.enquiry_id=?
Hibernate: 
    select
        ep1_0.id,
        ep1_0.enquiry_id,
        ep1_0.port_id 
    from
        enquiry_pod ep1_0 
    where
        ep1_0.enquiry_id=?
2026-04-21T17:46:29.591+08:00 DEBUG 10768 --- [logitrack-backend] [0.0-8080-exec-7] org.hibernate.SQL                        : 
    select
        erg1_0.id,
        erg1_0.enquiry_id,
        erg1_0.group_index,
        erg1_0.sub_mode 
    from
        enquiry_route_group erg1_0 
    where
        erg1_0.enquiry_id=? 
    order by
        erg1_0.group_index
Hibernate: 
    select
        erg1_0.id,
        erg1_0.enquiry_id,
        erg1_0.group_index,
        erg1_0.sub_mode 
    from
        enquiry_route_group erg1_0 
    where
        erg1_0.enquiry_id=? 
    order by
        erg1_0.group_index
2026-04-21T17:46:29.594+08:00 DEBUG 10768 --- [logitrack-backend] [0.0-8080-exec-7] org.hibernate.SQL                        : 
    select
        ep1_0.id,
        ep1_0.enquiry_id,
        ep1_0.port_id 
    from
        enquiry_pol ep1_0 
    where
        ep1_0.enquiry_id=?
Hibernate: 
    select
        ep1_0.id,
        ep1_0.enquiry_id,
        ep1_0.port_id 
    from
        enquiry_pol ep1_0 
    where
        ep1_0.enquiry_id=?
2026-04-21T17:46:29.597+08:00 DEBUG 10768 --- [logitrack-backend] [0.0-8080-exec-7] org.hibernate.SQL                        : 
    select
        ep1_0.id,
        ep1_0.enquiry_id,
        ep1_0.port_id 
    from
        enquiry_pod ep1_0 
    where
        ep1_0.enquiry_id=?
Hibernate: 
    select
        ep1_0.id,
        ep1_0.enquiry_id,
        ep1_0.port_id 
    from
        enquiry_pod ep1_0 
    where
        ep1_0.enquiry_id=?
2026-04-21T17:46:29.599+08:00 DEBUG 10768 --- [logitrack-backend] [0.0-8080-exec-7] org.hibernate.SQL                        : 
    select
        erg1_0.id,
        erg1_0.enquiry_id,
        erg1_0.group_index,
        erg1_0.sub_mode 
    from
        enquiry_route_group erg1_0 
    where
        erg1_0.enquiry_id=? 
    order by
        erg1_0.group_index
Hibernate: 
    select
        erg1_0.id,
        erg1_0.enquiry_id,
        erg1_0.group_index,
        erg1_0.sub_mode 
    from
        enquiry_route_group erg1_0 
    where
        erg1_0.enquiry_id=? 
    order by
        erg1_0.group_index
2026-04-21T17:46:29.601+08:00 DEBUG 10768 --- [logitrack-backend] [0.0-8080-exec-7] org.hibernate.SQL                        : 
    select
        ep1_0.id,
        ep1_0.enquiry_id,
        ep1_0.port_id 
    from
        enquiry_pol ep1_0 
    where
        ep1_0.enquiry_id=?
Hibernate: 
    select
        ep1_0.id,
        ep1_0.enquiry_id,
        ep1_0.port_id 
    from
        enquiry_pol ep1_0 
    where
        ep1_0.enquiry_id=?
2026-04-21T17:46:29.604+08:00 DEBUG 10768 --- [logitrack-backend] [0.0-8080-exec-7] org.hibernate.SQL                        : 
    select
        ep1_0.id,
        ep1_0.enquiry_id,
        ep1_0.port_id 
    from
        enquiry_pod ep1_0 
    where
        ep1_0.enquiry_id=?
Hibernate: 
    select
        ep1_0.id,
        ep1_0.enquiry_id,
        ep1_0.port_id 
    from
        enquiry_pod ep1_0 
    where
        ep1_0.enquiry_id=?
2026-04-21T17:46:29.607+08:00 DEBUG 10768 --- [logitrack-backend] [0.0-8080-exec-7] org.hibernate.SQL                        : 
    select
        erg1_0.id,
        erg1_0.enquiry_id,
        erg1_0.group_index,
        erg1_0.sub_mode 
    from
        enquiry_route_group erg1_0 
    where
        erg1_0.enquiry_id=? 
    order by
        erg1_0.group_index
Hibernate: 
    select
        erg1_0.id,
        erg1_0.enquiry_id,
        erg1_0.group_index,
        erg1_0.sub_mode 
    from
        enquiry_route_group erg1_0 
    where
        erg1_0.enquiry_id=? 
    order by
        erg1_0.group_index
2026-04-21T17:46:29.610+08:00 DEBUG 10768 --- [logitrack-backend] [0.0-8080-exec-7] org.hibernate.SQL                        : 
    select
        ep1_0.id,
        ep1_0.enquiry_id,
        ep1_0.port_id 
    from
        enquiry_pol ep1_0 
    where
        ep1_0.enquiry_id=?
Hibernate: 
    select
        ep1_0.id,
        ep1_0.enquiry_id,
        ep1_0.port_id 
    from
        enquiry_pol ep1_0 
    where
        ep1_0.enquiry_id=?
2026-04-21T17:46:29.613+08:00 DEBUG 10768 --- [logitrack-backend] [0.0-8080-exec-7] org.hibernate.SQL                        : 
    select
        ep1_0.id,
        ep1_0.enquiry_id,
        ep1_0.port_id 
    from
        enquiry_pod ep1_0 
    where
        ep1_0.enquiry_id=?
Hibernate: 
    select
        ep1_0.id,
        ep1_0.enquiry_id,
        ep1_0.port_id 
    from
        enquiry_pod ep1_0 
    where
        ep1_0.enquiry_id=?
2026-04-21T17:46:29.615+08:00 DEBUG 10768 --- [logitrack-backend] [0.0-8080-exec-7] org.hibernate.SQL                        : 
    select
        erg1_0.id,
        erg1_0.enquiry_id,
        erg1_0.group_index,
        erg1_0.sub_mode 
    from
        enquiry_route_group erg1_0 
    where
        erg1_0.enquiry_id=? 
    order by
        erg1_0.group_index
Hibernate: 
    select
        erg1_0.id,
        erg1_0.enquiry_id,
        erg1_0.group_index,
        erg1_0.sub_mode 
    from
        enquiry_route_group erg1_0 
    where
        erg1_0.enquiry_id=? 
    order by
        erg1_0.group_index
2026-04-21T17:46:29.618+08:00 DEBUG 10768 --- [logitrack-backend] [0.0-8080-exec-7] org.hibernate.SQL                        : 
    select
        ep1_0.id,
        ep1_0.enquiry_id,
        ep1_0.port_id 
    from
        enquiry_pol ep1_0 
    where
        ep1_0.enquiry_id=?
Hibernate: 
    select
        ep1_0.id,
        ep1_0.enquiry_id,
        ep1_0.port_id 
    from
        enquiry_pol ep1_0 
    where
        ep1_0.enquiry_id=?
2026-04-21T17:46:29.620+08:00 DEBUG 10768 --- [logitrack-backend] [0.0-8080-exec-7] org.hibernate.SQL                        : 
    select
        ep1_0.id,
        ep1_0.enquiry_id,
        ep1_0.port_id 
    from
        enquiry_pod ep1_0 
    where
        ep1_0.enquiry_id=?
Hibernate: 
    select
        ep1_0.id,
        ep1_0.enquiry_id,
        ep1_0.port_id 
    from
        enquiry_pod ep1_0 
    where
        ep1_0.enquiry_id=?
2026-04-21T17:46:29.623+08:00 DEBUG 10768 --- [logitrack-backend] [0.0-8080-exec-7] org.hibernate.SQL                        : 
    select
        erg1_0.id,
        erg1_0.enquiry_id,
        erg1_0.group_index,
        erg1_0.sub_mode 
    from
        enquiry_route_group erg1_0 
    where
        erg1_0.enquiry_id=? 
    order by
        erg1_0.group_index
Hibernate: 
    select
        erg1_0.id,
        erg1_0.enquiry_id,
        erg1_0.group_index,
        erg1_0.sub_mode 
    from
        enquiry_route_group erg1_0 
    where
        erg1_0.enquiry_id=? 
    order by
        erg1_0.group_index
2026-04-21T17:46:29.626+08:00 DEBUG 10768 --- [logitrack-backend] [0.0-8080-exec-7] org.hibernate.SQL                        : 
    select
        ep1_0.id,
        ep1_0.enquiry_id,
        ep1_0.port_id 
    from
        enquiry_pol ep1_0 
    where
        ep1_0.enquiry_id=?
Hibernate: 
    select
        ep1_0.id,
        ep1_0.enquiry_id,
        ep1_0.port_id 
    from
        enquiry_pol ep1_0 
    where
        ep1_0.enquiry_id=?
2026-04-21T17:46:29.628+08:00 DEBUG 10768 --- [logitrack-backend] [0.0-8080-exec-7] org.hibernate.SQL                        : 
    select
        ep1_0.id,
        ep1_0.enquiry_id,
        ep1_0.port_id 
    from
        enquiry_pod ep1_0 
    where
        ep1_0.enquiry_id=?
Hibernate: 
    select
        ep1_0.id,
        ep1_0.enquiry_id,
        ep1_0.port_id 
    from
        enquiry_pod ep1_0 
    where
        ep1_0.enquiry_id=?
2026-04-21T17:46:29.630+08:00 DEBUG 10768 --- [logitrack-backend] [0.0-8080-exec-7] org.hibernate.SQL                        : 
    select
        erg1_0.id,
        erg1_0.enquiry_id,
        erg1_0.group_index,
        erg1_0.sub_mode 
    from
        enquiry_route_group erg1_0 
    where
        erg1_0.enquiry_id=? 
    order by
        erg1_0.group_index
Hibernate: 
    select
        erg1_0.id,
        erg1_0.enquiry_id,
        erg1_0.group_index,
        erg1_0.sub_mode 
    from
        enquiry_route_group erg1_0 
    where
        erg1_0.enquiry_id=? 
    order by
        erg1_0.group_index
2026-04-21T17:46:29.633+08:00 DEBUG 10768 --- [logitrack-backend] [0.0-8080-exec-7] org.hibernate.SQL                        : 
    select
        ep1_0.id,
        ep1_0.enquiry_id,
        ep1_0.port_id 
    from
        enquiry_pol ep1_0 
    where
        ep1_0.enquiry_id=?
Hibernate: 
    select
        ep1_0.id,
        ep1_0.enquiry_id,
        ep1_0.port_id 
    from
        enquiry_pol ep1_0 
    where
        ep1_0.enquiry_id=?
2026-04-21T17:46:29.636+08:00 DEBUG 10768 --- [logitrack-backend] [0.0-8080-exec-7] org.hibernate.SQL                        : 
    select
        ep1_0.id,
        ep1_0.enquiry_id,
        ep1_0.port_id 
    from
        enquiry_pod ep1_0 
    where
        ep1_0.enquiry_id=?
Hibernate: 
    select
        ep1_0.id,
        ep1_0.enquiry_id,
        ep1_0.port_id 
    from
        enquiry_pod ep1_0 
    where
        ep1_0.enquiry_id=?
2026-04-21T17:46:29.638+08:00 DEBUG 10768 --- [logitrack-backend] [0.0-8080-exec-7] org.hibernate.SQL                        : 
    select
        erg1_0.id,
        erg1_0.enquiry_id,
        erg1_0.group_index,
        erg1_0.sub_mode 
    from
        enquiry_route_group erg1_0 
    where
        erg1_0.enquiry_id=? 
    order by
        erg1_0.group_index
Hibernate: 
    select
        erg1_0.id,
        erg1_0.enquiry_id,
        erg1_0.group_index,
        erg1_0.sub_mode 
    from
        enquiry_route_group erg1_0 
    where
        erg1_0.enquiry_id=? 
    order by
        erg1_0.group_index
2026-04-21T17:46:29.641+08:00 DEBUG 10768 --- [logitrack-backend] [0.0-8080-exec-7] org.hibernate.SQL                        : 
    select
        ep1_0.id,
        ep1_0.enquiry_id,
        ep1_0.port_id 
    from
        enquiry_pol ep1_0 
    where
        ep1_0.enquiry_id=?
Hibernate: 
    select
        ep1_0.id,
        ep1_0.enquiry_id,
        ep1_0.port_id 
    from
        enquiry_pol ep1_0 
    where
        ep1_0.enquiry_id=?
2026-04-21T17:46:29.644+08:00 DEBUG 10768 --- [logitrack-backend] [0.0-8080-exec-7] org.hibernate.SQL                        : 
    select
        ep1_0.id,
        ep1_0.enquiry_id,
        ep1_0.port_id 
    from
        enquiry_pod ep1_0 
    where
        ep1_0.enquiry_id=?
Hibernate: 
    select
        ep1_0.id,
        ep1_0.enquiry_id,
        ep1_0.port_id 
    from
        enquiry_pod ep1_0 
    where
        ep1_0.enquiry_id=?
2026-04-21T17:46:29.647+08:00 DEBUG 10768 --- [logitrack-backend] [0.0-8080-exec-7] org.hibernate.SQL                        : 
    select
        erg1_0.id,
        erg1_0.enquiry_id,
        erg1_0.group_index,
        erg1_0.sub_mode 
    from
        enquiry_route_group erg1_0 
    where
        erg1_0.enquiry_id=? 
    order by
        erg1_0.group_index
Hibernate: 
    select
        erg1_0.id,
        erg1_0.enquiry_id,
        erg1_0.group_index,
        erg1_0.sub_mode 
    from
        enquiry_route_group erg1_0 
    where
        erg1_0.enquiry_id=? 
    order by
        erg1_0.group_index
2026-04-21T17:46:29.649+08:00 DEBUG 10768 --- [logitrack-backend] [0.0-8080-exec-7] org.hibernate.SQL                        : 
    select
        ep1_0.id,
        ep1_0.enquiry_id,
        ep1_0.port_id 
    from
        enquiry_pol ep1_0 
    where
        ep1_0.enquiry_id=?
Hibernate: 
    select
        ep1_0.id,
        ep1_0.enquiry_id,
        ep1_0.port_id 
    from
        enquiry_pol ep1_0 
    where
        ep1_0.enquiry_id=?
2026-04-21T17:46:29.652+08:00 DEBUG 10768 --- [logitrack-backend] [0.0-8080-exec-7] org.hibernate.SQL                        : 
    select
        ep1_0.id,
        ep1_0.enquiry_id,
        ep1_0.port_id 
    from
        enquiry_pod ep1_0 
    where
        ep1_0.enquiry_id=?
Hibernate: 
    select
        ep1_0.id,
        ep1_0.enquiry_id,
        ep1_0.port_id 
    from
        enquiry_pod ep1_0 
    where
        ep1_0.enquiry_id=?
2026-04-21T17:46:29.655+08:00 DEBUG 10768 --- [logitrack-backend] [0.0-8080-exec-7] org.hibernate.SQL                        : 
    select
        erg1_0.id,
        erg1_0.enquiry_id,
        erg1_0.group_index,
        erg1_0.sub_mode 
    from
        enquiry_route_group erg1_0 
    where
        erg1_0.enquiry_id=? 
    order by
        erg1_0.group_index
Hibernate: 
    select
        erg1_0.id,
        erg1_0.enquiry_id,
        erg1_0.group_index,
        erg1_0.sub_mode 
    from
        enquiry_route_group erg1_0 
    where
        erg1_0.enquiry_id=? 
    order by
        erg1_0.group_index
2026-04-21T17:46:29.656+08:00 DEBUG 10768 --- [logitrack-backend] [0.0-8080-exec-7] org.hibernate.SQL                        : 
    select
        o1_0.enquiry_id,
        o1_0.id,
        o1_0.container_currency,
        o1_0.created_at,
        o1_0.is_latest,
        o1_0.local_charge_currency,
        o1_0.offer_date,
        o1_0.offer_type,
        o1_0.remark,
        o1_0.sequence_no,
        o1_0.updated_at 
    from
        offer o1_0 
    where
        o1_0.enquiry_id=?
Hibernate: 
    select
        o1_0.enquiry_id,
        o1_0.id,
        o1_0.container_currency,
        o1_0.created_at,
        o1_0.is_latest,
        o1_0.local_charge_currency,
        o1_0.offer_date,
        o1_0.offer_type,
        o1_0.remark,
        o1_0.sequence_no,
        o1_0.updated_at 
    from
        offer o1_0 
    where
        o1_0.enquiry_id=?
2026-04-21T17:46:29.658+08:00 DEBUG 10768 --- [logitrack-backend] [0.0-8080-exec-7] org.hibernate.SQL                        : 
    select
        cr1_0.enquiry_id,
        cr1_0.id,
        cr1_0.cntr_type_code,
        cr1_0.cntr_type_id,
        cr1_0.container_code,
        cr1_0.container_qty,
        cr1_0.container_type_id,
        cr1_0.created_at,
        cr1_0.extra_container_weights,
        cr1_0.extra_containers,
        cr1_0.line_teu,
        cr1_0.qty_20,
        cr1_0.qty_40,
        cr1_0.qty_40hq,
        cr1_0.qty_45,
        cr1_0.raw_text,
        cr1_0.teu_per_unit,
        cr1_0.weight_20,
        cr1_0.weight_40,
        cr1_0.weight_40hq,
        cr1_0.weight_45 
    from
        enquiry_container_line cr1_0 
    where
        cr1_0.enquiry_id=?
Hibernate: 
    select
        cr1_0.enquiry_id,
        cr1_0.id,
        cr1_0.cntr_type_code,
        cr1_0.cntr_type_id,
        cr1_0.container_code,
        cr1_0.container_qty,
        cr1_0.container_type_id,
        cr1_0.created_at,
        cr1_0.extra_container_weights,
        cr1_0.extra_containers,
        cr1_0.line_teu,
        cr1_0.qty_20,
        cr1_0.qty_40,
        cr1_0.qty_40hq,
        cr1_0.qty_45,
        cr1_0.raw_text,
        cr1_0.teu_per_unit,
        cr1_0.weight_20,
        cr1_0.weight_40,
        cr1_0.weight_40hq,
        cr1_0.weight_45 
    from
        enquiry_container_line cr1_0 
    where
        cr1_0.enquiry_id=?
2026-04-21T17:46:29.660+08:00 DEBUG 10768 --- [logitrack-backend] [0.0-8080-exec-7] org.hibernate.SQL                        : 
    select
        o1_0.enquiry_id,
        o1_0.id,
        o1_0.container_currency,
        o1_0.created_at,
        o1_0.is_latest,
        o1_0.local_charge_currency,
        o1_0.offer_date,
        o1_0.offer_type,
        o1_0.remark,
        o1_0.sequence_no,
        o1_0.updated_at 
    from
        offer o1_0 
    where
        o1_0.enquiry_id=?
Hibernate: 
    select
        o1_0.enquiry_id,
        o1_0.id,
        o1_0.container_currency,
        o1_0.created_at,
        o1_0.is_latest,
        o1_0.local_charge_currency,
        o1_0.offer_date,
        o1_0.offer_type,
        o1_0.remark,
        o1_0.sequence_no,
        o1_0.updated_at 
    from
        offer o1_0 
    where
        o1_0.enquiry_id=?
2026-04-21T17:46:29.662+08:00 DEBUG 10768 --- [logitrack-backend] [0.0-8080-exec-7] org.hibernate.SQL                        : 
    select
        cr1_0.enquiry_id,
        cr1_0.id,
        cr1_0.cntr_type_code,
        cr1_0.cntr_type_id,
        cr1_0.container_code,
        cr1_0.container_qty,
        cr1_0.container_type_id,
        cr1_0.created_at,
        cr1_0.extra_container_weights,
        cr1_0.extra_containers,
        cr1_0.line_teu,
        cr1_0.qty_20,
        cr1_0.qty_40,
        cr1_0.qty_40hq,
        cr1_0.qty_45,
        cr1_0.raw_text,
        cr1_0.teu_per_unit,
        cr1_0.weight_20,
        cr1_0.weight_40,
        cr1_0.weight_40hq,
        cr1_0.weight_45 
    from
        enquiry_container_line cr1_0 
    where
        cr1_0.enquiry_id=?
Hibernate: 
    select
        cr1_0.enquiry_id,
        cr1_0.id,
        cr1_0.cntr_type_code,
        cr1_0.cntr_type_id,
        cr1_0.container_code,
        cr1_0.container_qty,
        cr1_0.container_type_id,
        cr1_0.created_at,
        cr1_0.extra_container_weights,
        cr1_0.extra_containers,
        cr1_0.line_teu,
        cr1_0.qty_20,
        cr1_0.qty_40,
        cr1_0.qty_40hq,
        cr1_0.qty_45,
        cr1_0.raw_text,
        cr1_0.teu_per_unit,
        cr1_0.weight_20,
        cr1_0.weight_40,
        cr1_0.weight_40hq,
        cr1_0.weight_45 
    from
        enquiry_container_line cr1_0 
    where
        cr1_0.enquiry_id=?
2026-04-21T17:46:29.664+08:00 DEBUG 10768 --- [logitrack-backend] [0.0-8080-exec-7] org.hibernate.SQL                        : 
    select
        o1_0.enquiry_id,
        o1_0.id,
        o1_0.container_currency,
        o1_0.created_at,
        o1_0.is_latest,
        o1_0.local_charge_currency,
        o1_0.offer_date,
        o1_0.offer_type,
        o1_0.remark,
        o1_0.sequence_no,
        o1_0.updated_at 
    from
        offer o1_0 
    where
        o1_0.enquiry_id=?
Hibernate: 
    select
        o1_0.enquiry_id,
        o1_0.id,
        o1_0.container_currency,
        o1_0.created_at,
        o1_0.is_latest,
        o1_0.local_charge_currency,
        o1_0.offer_date,
        o1_0.offer_type,
        o1_0.remark,
        o1_0.sequence_no,
        o1_0.updated_at 
    from
        offer o1_0 
    where
        o1_0.enquiry_id=?
2026-04-21T17:46:29.666+08:00 DEBUG 10768 --- [logitrack-backend] [0.0-8080-exec-7] org.hibernate.SQL                        : 
    select
        cr1_0.enquiry_id,
        cr1_0.id,
        cr1_0.cntr_type_code,
        cr1_0.cntr_type_id,
        cr1_0.container_code,
        cr1_0.container_qty,
        cr1_0.container_type_id,
        cr1_0.created_at,
        cr1_0.extra_container_weights,
        cr1_0.extra_containers,
        cr1_0.line_teu,
        cr1_0.qty_20,
        cr1_0.qty_40,
        cr1_0.qty_40hq,
        cr1_0.qty_45,
        cr1_0.raw_text,
        cr1_0.teu_per_unit,
        cr1_0.weight_20,
        cr1_0.weight_40,
        cr1_0.weight_40hq,
        cr1_0.weight_45 
    from
        enquiry_container_line cr1_0 
    where
        cr1_0.enquiry_id=?
Hibernate: 
    select
        cr1_0.enquiry_id,
        cr1_0.id,
        cr1_0.cntr_type_code,
        cr1_0.cntr_type_id,
        cr1_0.container_code,
        cr1_0.container_qty,
        cr1_0.container_type_id,
        cr1_0.created_at,
        cr1_0.extra_container_weights,
        cr1_0.extra_containers,
        cr1_0.line_teu,
        cr1_0.qty_20,
        cr1_0.qty_40,
        cr1_0.qty_40hq,
        cr1_0.qty_45,
        cr1_0.raw_text,
        cr1_0.teu_per_unit,
        cr1_0.weight_20,
        cr1_0.weight_40,
        cr1_0.weight_40hq,
        cr1_0.weight_45 
    from
        enquiry_container_line cr1_0 
    where
        cr1_0.enquiry_id=?
2026-04-21T17:46:29.668+08:00 DEBUG 10768 --- [logitrack-backend] [0.0-8080-exec-7] org.hibernate.SQL                        : 
    select
        o1_0.enquiry_id,
        o1_0.id,
        o1_0.container_currency,
        o1_0.created_at,
        o1_0.is_latest,
        o1_0.local_charge_currency,
        o1_0.offer_date,
        o1_0.offer_type,
        o1_0.remark,
        o1_0.sequence_no,
        o1_0.updated_at 
    from
        offer o1_0 
    where
        o1_0.enquiry_id=?
Hibernate: 
    select
        o1_0.enquiry_id,
        o1_0.id,
        o1_0.container_currency,
        o1_0.created_at,
        o1_0.is_latest,
        o1_0.local_charge_currency,
        o1_0.offer_date,
        o1_0.offer_type,
        o1_0.remark,
        o1_0.sequence_no,
        o1_0.updated_at 
    from
        offer o1_0 
    where
        o1_0.enquiry_id=?
2026-04-21T17:46:29.670+08:00 DEBUG 10768 --- [logitrack-backend] [0.0-8080-exec-7] org.hibernate.SQL                        : 
    select
        cr1_0.enquiry_id,
        cr1_0.id,
        cr1_0.cntr_type_code,
        cr1_0.cntr_type_id,
        cr1_0.container_code,
        cr1_0.container_qty,
        cr1_0.container_type_id,
        cr1_0.created_at,
        cr1_0.extra_container_weights,
        cr1_0.extra_containers,
        cr1_0.line_teu,
        cr1_0.qty_20,
        cr1_0.qty_40,
        cr1_0.qty_40hq,
        cr1_0.qty_45,
        cr1_0.raw_text,
        cr1_0.teu_per_unit,
        cr1_0.weight_20,
        cr1_0.weight_40,
        cr1_0.weight_40hq,
        cr1_0.weight_45 
    from
        enquiry_container_line cr1_0 
    where
        cr1_0.enquiry_id=?
Hibernate: 
    select
        cr1_0.enquiry_id,
        cr1_0.id,
        cr1_0.cntr_type_code,
        cr1_0.cntr_type_id,
        cr1_0.container_code,
        cr1_0.container_qty,
        cr1_0.container_type_id,
        cr1_0.created_at,
        cr1_0.extra_container_weights,
        cr1_0.extra_containers,
        cr1_0.line_teu,
        cr1_0.qty_20,
        cr1_0.qty_40,
        cr1_0.qty_40hq,
        cr1_0.qty_45,
        cr1_0.raw_text,
        cr1_0.teu_per_unit,
        cr1_0.weight_20,
        cr1_0.weight_40,
        cr1_0.weight_40hq,
        cr1_0.weight_45 
    from
        enquiry_container_line cr1_0 
    where
        cr1_0.enquiry_id=?
2026-04-21T17:46:29.672+08:00 DEBUG 10768 --- [logitrack-backend] [0.0-8080-exec-7] org.hibernate.SQL                        : 
    select
        o1_0.enquiry_id,
        o1_0.id,
        o1_0.container_currency,
        o1_0.created_at,
        o1_0.is_latest,
        o1_0.local_charge_currency,
        o1_0.offer_date,
        o1_0.offer_type,
        o1_0.remark,
        o1_0.sequence_no,
        o1_0.updated_at 
    from
        offer o1_0 
    where
        o1_0.enquiry_id=?
Hibernate: 
    select
        o1_0.enquiry_id,
        o1_0.id,
        o1_0.container_currency,
        o1_0.created_at,
        o1_0.is_latest,
        o1_0.local_charge_currency,
        o1_0.offer_date,
        o1_0.offer_type,
        o1_0.remark,
        o1_0.sequence_no,
        o1_0.updated_at 
    from
        offer o1_0 
    where
        o1_0.enquiry_id=?
2026-04-21T17:46:29.674+08:00 DEBUG 10768 --- [logitrack-backend] [0.0-8080-exec-7] org.hibernate.SQL                        : 
    select
        cr1_0.enquiry_id,
        cr1_0.id,
        cr1_0.cntr_type_code,
        cr1_0.cntr_type_id,
        cr1_0.container_code,
        cr1_0.container_qty,
        cr1_0.container_type_id,
        cr1_0.created_at,
        cr1_0.extra_container_weights,
        cr1_0.extra_containers,
        cr1_0.line_teu,
        cr1_0.qty_20,
        cr1_0.qty_40,
        cr1_0.qty_40hq,
        cr1_0.qty_45,
        cr1_0.raw_text,
        cr1_0.teu_per_unit,
        cr1_0.weight_20,
        cr1_0.weight_40,
        cr1_0.weight_40hq,
        cr1_0.weight_45 
    from
        enquiry_container_line cr1_0 
    where
        cr1_0.enquiry_id=?
Hibernate: 
    select
        cr1_0.enquiry_id,
        cr1_0.id,
        cr1_0.cntr_type_code,
        cr1_0.cntr_type_id,
        cr1_0.container_code,
        cr1_0.container_qty,
        cr1_0.container_type_id,
        cr1_0.created_at,
        cr1_0.extra_container_weights,
        cr1_0.extra_containers,
        cr1_0.line_teu,
        cr1_0.qty_20,
        cr1_0.qty_40,
        cr1_0.qty_40hq,
        cr1_0.qty_45,
        cr1_0.raw_text,
        cr1_0.teu_per_unit,
        cr1_0.weight_20,
        cr1_0.weight_40,
        cr1_0.weight_40hq,
        cr1_0.weight_45 
    from
        enquiry_container_line cr1_0 
    where
        cr1_0.enquiry_id=?
2026-04-21T17:46:29.675+08:00 DEBUG 10768 --- [logitrack-backend] [0.0-8080-exec-7] org.hibernate.SQL                        : 
    select
        o1_0.enquiry_id,
        o1_0.id,
        o1_0.container_currency,
        o1_0.created_at,
        o1_0.is_latest,
        o1_0.local_charge_currency,
        o1_0.offer_date,
        o1_0.offer_type,
        o1_0.remark,
        o1_0.sequence_no,
        o1_0.updated_at 
    from
        offer o1_0 
    where
        o1_0.enquiry_id=?
Hibernate: 
    select
        o1_0.enquiry_id,
        o1_0.id,
        o1_0.container_currency,
        o1_0.created_at,
        o1_0.is_latest,
        o1_0.local_charge_currency,
        o1_0.offer_date,
        o1_0.offer_type,
        o1_0.remark,
        o1_0.sequence_no,
        o1_0.updated_at 
    from
        offer o1_0 
    where
        o1_0.enquiry_id=?
2026-04-21T17:46:29.678+08:00 DEBUG 10768 --- [logitrack-backend] [0.0-8080-exec-7] org.hibernate.SQL                        : 
    select
        cr1_0.enquiry_id,
        cr1_0.id,
        cr1_0.cntr_type_code,
        cr1_0.cntr_type_id,
        cr1_0.container_code,
        cr1_0.container_qty,
        cr1_0.container_type_id,
        cr1_0.created_at,
        cr1_0.extra_container_weights,
        cr1_0.extra_containers,
        cr1_0.line_teu,
        cr1_0.qty_20,
        cr1_0.qty_40,
        cr1_0.qty_40hq,
        cr1_0.qty_45,
        cr1_0.raw_text,
        cr1_0.teu_per_unit,
        cr1_0.weight_20,
        cr1_0.weight_40,
        cr1_0.weight_40hq,
        cr1_0.weight_45 
    from
        enquiry_container_line cr1_0 
    where
        cr1_0.enquiry_id=?
Hibernate: 
    select
        cr1_0.enquiry_id,
        cr1_0.id,
        cr1_0.cntr_type_code,
        cr1_0.cntr_type_id,
        cr1_0.container_code,
        cr1_0.container_qty,
        cr1_0.container_type_id,
        cr1_0.created_at,
        cr1_0.extra_container_weights,
        cr1_0.extra_containers,
        cr1_0.line_teu,
        cr1_0.qty_20,
        cr1_0.qty_40,
        cr1_0.qty_40hq,
        cr1_0.qty_45,
        cr1_0.raw_text,
        cr1_0.teu_per_unit,
        cr1_0.weight_20,
        cr1_0.weight_40,
        cr1_0.weight_40hq,
        cr1_0.weight_45 
    from
        enquiry_container_line cr1_0 
    where
        cr1_0.enquiry_id=?
2026-04-21T17:46:29.680+08:00 DEBUG 10768 --- [logitrack-backend] [0.0-8080-exec-7] org.hibernate.SQL                        : 
    select
        o1_0.enquiry_id,
        o1_0.id,
        o1_0.container_currency,
        o1_0.created_at,
        o1_0.is_latest,
        o1_0.local_charge_currency,
        o1_0.offer_date,
        o1_0.offer_type,
        o1_0.remark,
        o1_0.sequence_no,
        o1_0.updated_at 
    from
        offer o1_0 
    where
        o1_0.enquiry_id=?
Hibernate: 
    select
        o1_0.enquiry_id,
        o1_0.id,
        o1_0.container_currency,
        o1_0.created_at,
        o1_0.is_latest,
        o1_0.local_charge_currency,
        o1_0.offer_date,
        o1_0.offer_type,
        o1_0.remark,
        o1_0.sequence_no,
        o1_0.updated_at 
    from
        offer o1_0 
    where
        o1_0.enquiry_id=?
2026-04-21T17:46:29.682+08:00 DEBUG 10768 --- [logitrack-backend] [0.0-8080-exec-7] org.hibernate.SQL                        : 
    select
        cr1_0.enquiry_id,
        cr1_0.id,
        cr1_0.cntr_type_code,
        cr1_0.cntr_type_id,
        cr1_0.container_code,
        cr1_0.container_qty,
        cr1_0.container_type_id,
        cr1_0.created_at,
        cr1_0.extra_container_weights,
        cr1_0.extra_containers,
        cr1_0.line_teu,
        cr1_0.qty_20,
        cr1_0.qty_40,
        cr1_0.qty_40hq,
        cr1_0.qty_45,
        cr1_0.raw_text,
        cr1_0.teu_per_unit,
        cr1_0.weight_20,
        cr1_0.weight_40,
        cr1_0.weight_40hq,
        cr1_0.weight_45 
    from
        enquiry_container_line cr1_0 
    where
        cr1_0.enquiry_id=?
Hibernate: 
    select
        cr1_0.enquiry_id,
        cr1_0.id,
        cr1_0.cntr_type_code,
        cr1_0.cntr_type_id,
        cr1_0.container_code,
        cr1_0.container_qty,
        cr1_0.container_type_id,
        cr1_0.created_at,
        cr1_0.extra_container_weights,
        cr1_0.extra_containers,
        cr1_0.line_teu,
        cr1_0.qty_20,
        cr1_0.qty_40,
        cr1_0.qty_40hq,
        cr1_0.qty_45,
        cr1_0.raw_text,
        cr1_0.teu_per_unit,
        cr1_0.weight_20,
        cr1_0.weight_40,
        cr1_0.weight_40hq,
        cr1_0.weight_45 
    from
        enquiry_container_line cr1_0 
    where
        cr1_0.enquiry_id=?
2026-04-21T17:46:29.684+08:00 DEBUG 10768 --- [logitrack-backend] [0.0-8080-exec-7] org.hibernate.SQL                        : 
    select
        o1_0.enquiry_id,
        o1_0.id,
        o1_0.container_currency,
        o1_0.created_at,
        o1_0.is_latest,
        o1_0.local_charge_currency,
        o1_0.offer_date,
        o1_0.offer_type,
        o1_0.remark,
        o1_0.sequence_no,
        o1_0.updated_at 
    from
        offer o1_0 
    where
        o1_0.enquiry_id=?
Hibernate: 
    select
        o1_0.enquiry_id,
        o1_0.id,
        o1_0.container_currency,
        o1_0.created_at,
        o1_0.is_latest,
        o1_0.local_charge_currency,
        o1_0.offer_date,
        o1_0.offer_type,
        o1_0.remark,
        o1_0.sequence_no,
        o1_0.updated_at 
    from
        offer o1_0 
    where
        o1_0.enquiry_id=?
2026-04-21T17:46:29.686+08:00 DEBUG 10768 --- [logitrack-backend] [0.0-8080-exec-7] org.hibernate.SQL                        : 
    select
        cr1_0.enquiry_id,
        cr1_0.id,
        cr1_0.cntr_type_code,
        cr1_0.cntr_type_id,
        cr1_0.container_code,
        cr1_0.container_qty,
        cr1_0.container_type_id,
        cr1_0.created_at,
        cr1_0.extra_container_weights,
        cr1_0.extra_containers,
        cr1_0.line_teu,
        cr1_0.qty_20,
        cr1_0.qty_40,
        cr1_0.qty_40hq,
        cr1_0.qty_45,
        cr1_0.raw_text,
        cr1_0.teu_per_unit,
        cr1_0.weight_20,
        cr1_0.weight_40,
        cr1_0.weight_40hq,
        cr1_0.weight_45 
    from
        enquiry_container_line cr1_0 
    where
        cr1_0.enquiry_id=?
Hibernate: 
    select
        cr1_0.enquiry_id,
        cr1_0.id,
        cr1_0.cntr_type_code,
        cr1_0.cntr_type_id,
        cr1_0.container_code,
        cr1_0.container_qty,
        cr1_0.container_type_id,
        cr1_0.created_at,
        cr1_0.extra_container_weights,
        cr1_0.extra_containers,
        cr1_0.line_teu,
        cr1_0.qty_20,
        cr1_0.qty_40,
        cr1_0.qty_40hq,
        cr1_0.qty_45,
        cr1_0.raw_text,
        cr1_0.teu_per_unit,
        cr1_0.weight_20,
        cr1_0.weight_40,
        cr1_0.weight_40hq,
        cr1_0.weight_45 
    from
        enquiry_container_line cr1_0 
    where
        cr1_0.enquiry_id=?
2026-04-21T17:46:29.688+08:00 DEBUG 10768 --- [logitrack-backend] [0.0-8080-exec-7] org.hibernate.SQL                        : 
    select
        o1_0.enquiry_id,
        o1_0.id,
        o1_0.container_currency,
        o1_0.created_at,
        o1_0.is_latest,
        o1_0.local_charge_currency,
        o1_0.offer_date,
        o1_0.offer_type,
        o1_0.remark,
        o1_0.sequence_no,
        o1_0.updated_at 
    from
        offer o1_0 
    where
        o1_0.enquiry_id=?
Hibernate: 
    select
        o1_0.enquiry_id,
        o1_0.id,
        o1_0.container_currency,
        o1_0.created_at,
        o1_0.is_latest,
        o1_0.local_charge_currency,
        o1_0.offer_date,
        o1_0.offer_type,
        o1_0.remark,
        o1_0.sequence_no,
        o1_0.updated_at 
    from
        offer o1_0 
    where
        o1_0.enquiry_id=?
2026-04-21T17:46:29.690+08:00 DEBUG 10768 --- [logitrack-backend] [0.0-8080-exec-7] org.hibernate.SQL                        : 
    select
        cr1_0.enquiry_id,
        cr1_0.id,
        cr1_0.cntr_type_code,
        cr1_0.cntr_type_id,
        cr1_0.container_code,
        cr1_0.container_qty,
        cr1_0.container_type_id,
        cr1_0.created_at,
        cr1_0.extra_container_weights,
        cr1_0.extra_containers,
        cr1_0.line_teu,
        cr1_0.qty_20,
        cr1_0.qty_40,
        cr1_0.qty_40hq,
        cr1_0.qty_45,
        cr1_0.raw_text,
        cr1_0.teu_per_unit,
        cr1_0.weight_20,
        cr1_0.weight_40,
        cr1_0.weight_40hq,
        cr1_0.weight_45 
    from
        enquiry_container_line cr1_0 
    where
        cr1_0.enquiry_id=?
Hibernate: 
    select
        cr1_0.enquiry_id,
        cr1_0.id,
        cr1_0.cntr_type_code,
        cr1_0.cntr_type_id,
        cr1_0.container_code,
        cr1_0.container_qty,
        cr1_0.container_type_id,
        cr1_0.created_at,
        cr1_0.extra_container_weights,
        cr1_0.extra_containers,
        cr1_0.line_teu,
        cr1_0.qty_20,
        cr1_0.qty_40,
        cr1_0.qty_40hq,
        cr1_0.qty_45,
        cr1_0.raw_text,
        cr1_0.teu_per_unit,
        cr1_0.weight_20,
        cr1_0.weight_40,
        cr1_0.weight_40hq,
        cr1_0.weight_45 
    from
        enquiry_container_line cr1_0 
    where
        cr1_0.enquiry_id=?
2026-04-21T17:46:29.692+08:00 DEBUG 10768 --- [logitrack-backend] [0.0-8080-exec-7] org.hibernate.SQL                        : 
    select
        o1_0.enquiry_id,
        o1_0.id,
        o1_0.container_currency,
        o1_0.created_at,
        o1_0.is_latest,
        o1_0.local_charge_currency,
        o1_0.offer_date,
        o1_0.offer_type,
        o1_0.remark,
        o1_0.sequence_no,
        o1_0.updated_at 
    from
        offer o1_0 
    where
        o1_0.enquiry_id=?
Hibernate: 
    select
        o1_0.enquiry_id,
        o1_0.id,
        o1_0.container_currency,
        o1_0.created_at,
        o1_0.is_latest,
        o1_0.local_charge_currency,
        o1_0.offer_date,
        o1_0.offer_type,
        o1_0.remark,
        o1_0.sequence_no,
        o1_0.updated_at 
    from
        offer o1_0 
    where
        o1_0.enquiry_id=?
2026-04-21T17:46:29.693+08:00 DEBUG 10768 --- [logitrack-backend] [0.0-8080-exec-7] org.hibernate.SQL                        : 
    select
        cr1_0.enquiry_id,
        cr1_0.id,
        cr1_0.cntr_type_code,
        cr1_0.cntr_type_id,
        cr1_0.container_code,
        cr1_0.container_qty,
        cr1_0.container_type_id,
        cr1_0.created_at,
        cr1_0.extra_container_weights,
        cr1_0.extra_containers,
        cr1_0.line_teu,
        cr1_0.qty_20,
        cr1_0.qty_40,
        cr1_0.qty_40hq,
        cr1_0.qty_45,
        cr1_0.raw_text,
        cr1_0.teu_per_unit,
        cr1_0.weight_20,
        cr1_0.weight_40,
        cr1_0.weight_40hq,
        cr1_0.weight_45 
    from
        enquiry_container_line cr1_0 
    where
        cr1_0.enquiry_id=?
Hibernate: 
    select
        cr1_0.enquiry_id,
        cr1_0.id,
        cr1_0.cntr_type_code,
        cr1_0.cntr_type_id,
        cr1_0.container_code,
        cr1_0.container_qty,
        cr1_0.container_type_id,
        cr1_0.created_at,
        cr1_0.extra_container_weights,
        cr1_0.extra_containers,
        cr1_0.line_teu,
        cr1_0.qty_20,
        cr1_0.qty_40,
        cr1_0.qty_40hq,
        cr1_0.qty_45,
        cr1_0.raw_text,
        cr1_0.teu_per_unit,
        cr1_0.weight_20,
        cr1_0.weight_40,
        cr1_0.weight_40hq,
        cr1_0.weight_45 
    from
        enquiry_container_line cr1_0 
    where
        cr1_0.enquiry_id=?
2026-04-21T17:46:30.678+08:00  INFO 10768 --- [logitrack-backend] [0.0-8080-exec-5] c.l.b.controller.EnquiryController       : GET /api/enquiries - page=0, size=10, keyword=null, status=null, product=null, cargo=null
2026-04-21T17:46:30.682+08:00 DEBUG 10768 --- [logitrack-backend] [0.0-8080-exec-5] org.hibernate.SQL                        : 
    select
        e1_0.id,
        e1_0.assigned_cn_office,
        e1_0.cancelled_reason,
        e1_0.cancelled_reason_text,
        e1_0.cargo_ready_date,
        e1_0.cargo_ready_date_details,
        e1_0.cargo_type_code,
        e1_0.category,
        e1_0.commodity,
        e1_0.core_non_core,
        e1_0.created_at,
        e1_0.created_by,
        e1_0.enquiry_created_date,
        e1_0.enquiry_received_date,
        e1_0.exw_location,
        e1_0.has_specific_cargo_ready_date,
        e1_0.hazardous_special_equipment,
        e1_0.is_oversize_cargo,
        e1_0.lost_reason,
        e1_0.lost_reason_text,
        e1_0.monthly_sequence,
        e1_0.offer_type,
        e1_0.pod_country,
        e1_0.pol_country,
        e1_0.product_abbr,
        e1_0.product_code,
        e1_0.quantity,
        e1_0.ref_number,
        e1_0.reference_month,
        e1_0.remark,
        e1_0.sales_country_code,
        e1_0.sales_office_id,
        e1_0.sales_pic_id,
        e1_0.serial_number,
        e1_0.status,
        e1_0.uom,
        e1_0.updated_at,
        e1_0.updated_by,
        e1_0.volume_cbm 
    from
        enquiry e1_0 
    order by
        e1_0.id desc 
    limit
        ?, ?
Hibernate: 
    select
        e1_0.id,
        e1_0.assigned_cn_office,
        e1_0.cancelled_reason,
        e1_0.cancelled_reason_text,
        e1_0.cargo_ready_date,
        e1_0.cargo_ready_date_details,
        e1_0.cargo_type_code,
        e1_0.category,
        e1_0.commodity,
        e1_0.core_non_core,
        e1_0.created_at,
        e1_0.created_by,
        e1_0.enquiry_created_date,
        e1_0.enquiry_received_date,
        e1_0.exw_location,
        e1_0.has_specific_cargo_ready_date,
        e1_0.hazardous_special_equipment,
        e1_0.is_oversize_cargo,
        e1_0.lost_reason,
        e1_0.lost_reason_text,
        e1_0.monthly_sequence,
        e1_0.offer_type,
        e1_0.pod_country,
        e1_0.pol_country,
        e1_0.product_abbr,
        e1_0.product_code,
        e1_0.quantity,
        e1_0.ref_number,
        e1_0.reference_month,
        e1_0.remark,
        e1_0.sales_country_code,
        e1_0.sales_office_id,
        e1_0.sales_pic_id,
        e1_0.serial_number,
        e1_0.status,
        e1_0.uom,
        e1_0.updated_at,
        e1_0.updated_by,
        e1_0.volume_cbm 
    from
        enquiry e1_0 
    order by
        e1_0.id desc 
    limit
        ?, ?
2026-04-21T17:46:30.687+08:00 DEBUG 10768 --- [logitrack-backend] [0.0-8080-exec-5] org.hibernate.SQL                        : 
    select
        count(e1_0.id) 
    from
        enquiry e1_0
Hibernate: 
    select
        count(e1_0.id) 
    from
        enquiry e1_0
2026-04-21T17:46:30.694+08:00 DEBUG 10768 --- [logitrack-backend] [0.0-8080-exec-5] org.hibernate.SQL                        : 
    select
        ep1_0.id,
        ep1_0.enquiry_id,
        ep1_0.port_id 
    from
        enquiry_pol ep1_0 
    where
        ep1_0.enquiry_id=?
Hibernate: 
    select
        ep1_0.id,
        ep1_0.enquiry_id,
        ep1_0.port_id 
    from
        enquiry_pol ep1_0 
    where
        ep1_0.enquiry_id=?
2026-04-21T17:46:30.697+08:00 DEBUG 10768 --- [logitrack-backend] [0.0-8080-exec-5] org.hibernate.SQL                        : 
    select
        ep1_0.id,
        ep1_0.enquiry_id,
        ep1_0.port_id 
    from
        enquiry_pod ep1_0 
    where
        ep1_0.enquiry_id=?
Hibernate: 
    select
        ep1_0.id,
        ep1_0.enquiry_id,
        ep1_0.port_id 
    from
        enquiry_pod ep1_0 
    where
        ep1_0.enquiry_id=?
2026-04-21T17:46:30.699+08:00 DEBUG 10768 --- [logitrack-backend] [0.0-8080-exec-5] org.hibernate.SQL                        : 
    select
        erg1_0.id,
        erg1_0.enquiry_id,
        erg1_0.group_index,
        erg1_0.sub_mode 
    from
        enquiry_route_group erg1_0 
    where
        erg1_0.enquiry_id=? 
    order by
        erg1_0.group_index
Hibernate: 
    select
        erg1_0.id,
        erg1_0.enquiry_id,
        erg1_0.group_index,
        erg1_0.sub_mode 
    from
        enquiry_route_group erg1_0 
    where
        erg1_0.enquiry_id=? 
    order by
        erg1_0.group_index
2026-04-21T17:46:30.702+08:00 DEBUG 10768 --- [logitrack-backend] [0.0-8080-exec-5] org.hibernate.SQL                        : 
    select
        ep1_0.id,
        ep1_0.enquiry_id,
        ep1_0.port_id 
    from
        enquiry_pol ep1_0 
    where
        ep1_0.enquiry_id=?
Hibernate: 
    select
        ep1_0.id,
        ep1_0.enquiry_id,
        ep1_0.port_id 
    from
        enquiry_pol ep1_0 
    where
        ep1_0.enquiry_id=?
2026-04-21T17:46:30.704+08:00 DEBUG 10768 --- [logitrack-backend] [0.0-8080-exec-5] org.hibernate.SQL                        : 
    select
        ep1_0.id,
        ep1_0.enquiry_id,
        ep1_0.port_id 
    from
        enquiry_pod ep1_0 
    where
        ep1_0.enquiry_id=?
Hibernate: 
    select
        ep1_0.id,
        ep1_0.enquiry_id,
        ep1_0.port_id 
    from
        enquiry_pod ep1_0 
    where
        ep1_0.enquiry_id=?
2026-04-21T17:46:30.707+08:00 DEBUG 10768 --- [logitrack-backend] [0.0-8080-exec-5] org.hibernate.SQL                        : 
    select
        erg1_0.id,
        erg1_0.enquiry_id,
        erg1_0.group_index,
        erg1_0.sub_mode 
    from
        enquiry_route_group erg1_0 
    where
        erg1_0.enquiry_id=? 
    order by
        erg1_0.group_index
Hibernate: 
    select
        erg1_0.id,
        erg1_0.enquiry_id,
        erg1_0.group_index,
        erg1_0.sub_mode 
    from
        enquiry_route_group erg1_0 
    where
        erg1_0.enquiry_id=? 
    order by
        erg1_0.group_index
2026-04-21T17:46:30.709+08:00 DEBUG 10768 --- [logitrack-backend] [0.0-8080-exec-5] org.hibernate.SQL                        : 
    select
        ep1_0.id,
        ep1_0.enquiry_id,
        ep1_0.port_id 
    from
        enquiry_pol ep1_0 
    where
        ep1_0.enquiry_id=?
Hibernate: 
    select
        ep1_0.id,
        ep1_0.enquiry_id,
        ep1_0.port_id 
    from
        enquiry_pol ep1_0 
    where
        ep1_0.enquiry_id=?
2026-04-21T17:46:30.712+08:00 DEBUG 10768 --- [logitrack-backend] [0.0-8080-exec-5] org.hibernate.SQL                        : 
    select
        ep1_0.id,
        ep1_0.enquiry_id,
        ep1_0.port_id 
    from
        enquiry_pod ep1_0 
    where
        ep1_0.enquiry_id=?
Hibernate: 
    select
        ep1_0.id,
        ep1_0.enquiry_id,
        ep1_0.port_id 
    from
        enquiry_pod ep1_0 
    where
        ep1_0.enquiry_id=?
2026-04-21T17:46:30.714+08:00 DEBUG 10768 --- [logitrack-backend] [0.0-8080-exec-5] org.hibernate.SQL                        : 
    select
        erg1_0.id,
        erg1_0.enquiry_id,
        erg1_0.group_index,
        erg1_0.sub_mode 
    from
        enquiry_route_group erg1_0 
    where
        erg1_0.enquiry_id=? 
    order by
        erg1_0.group_index
Hibernate: 
    select
        erg1_0.id,
        erg1_0.enquiry_id,
        erg1_0.group_index,
        erg1_0.sub_mode 
    from
        enquiry_route_group erg1_0 
    where
        erg1_0.enquiry_id=? 
    order by
        erg1_0.group_index
2026-04-21T17:46:30.717+08:00 DEBUG 10768 --- [logitrack-backend] [0.0-8080-exec-5] org.hibernate.SQL                        : 
    select
        ep1_0.id,
        ep1_0.enquiry_id,
        ep1_0.port_id 
    from
        enquiry_pol ep1_0 
    where
        ep1_0.enquiry_id=?
Hibernate: 
    select
        ep1_0.id,
        ep1_0.enquiry_id,
        ep1_0.port_id 
    from
        enquiry_pol ep1_0 
    where
        ep1_0.enquiry_id=?
2026-04-21T17:46:30.719+08:00 DEBUG 10768 --- [logitrack-backend] [0.0-8080-exec-5] org.hibernate.SQL                        : 
    select
        ep1_0.id,
        ep1_0.enquiry_id,
        ep1_0.port_id 
    from
        enquiry_pod ep1_0 
    where
        ep1_0.enquiry_id=?
Hibernate: 
    select
        ep1_0.id,
        ep1_0.enquiry_id,
        ep1_0.port_id 
    from
        enquiry_pod ep1_0 
    where
        ep1_0.enquiry_id=?
2026-04-21T17:46:30.721+08:00 DEBUG 10768 --- [logitrack-backend] [0.0-8080-exec-5] org.hibernate.SQL                        : 
    select
        erg1_0.id,
        erg1_0.enquiry_id,
        erg1_0.group_index,
        erg1_0.sub_mode 
    from
        enquiry_route_group erg1_0 
    where
        erg1_0.enquiry_id=? 
    order by
        erg1_0.group_index
Hibernate: 
    select
        erg1_0.id,
        erg1_0.enquiry_id,
        erg1_0.group_index,
        erg1_0.sub_mode 
    from
        enquiry_route_group erg1_0 
    where
        erg1_0.enquiry_id=? 
    order by
        erg1_0.group_index
2026-04-21T17:46:30.724+08:00 DEBUG 10768 --- [logitrack-backend] [0.0-8080-exec-5] org.hibernate.SQL                        : 
    select
        ep1_0.id,
        ep1_0.enquiry_id,
        ep1_0.port_id 
    from
        enquiry_pol ep1_0 
    where
        ep1_0.enquiry_id=?
Hibernate: 
    select
        ep1_0.id,
        ep1_0.enquiry_id,
        ep1_0.port_id 
    from
        enquiry_pol ep1_0 
    where
        ep1_0.enquiry_id=?
2026-04-21T17:46:30.726+08:00 DEBUG 10768 --- [logitrack-backend] [0.0-8080-exec-5] org.hibernate.SQL                        : 
    select
        ep1_0.id,
        ep1_0.enquiry_id,
        ep1_0.port_id 
    from
        enquiry_pod ep1_0 
    where
        ep1_0.enquiry_id=?
Hibernate: 
    select
        ep1_0.id,
        ep1_0.enquiry_id,
        ep1_0.port_id 
    from
        enquiry_pod ep1_0 
    where
        ep1_0.enquiry_id=?
2026-04-21T17:46:30.730+08:00 DEBUG 10768 --- [logitrack-backend] [0.0-8080-exec-5] org.hibernate.SQL                        : 
    select
        erg1_0.id,
        erg1_0.enquiry_id,
        erg1_0.group_index,
        erg1_0.sub_mode 
    from
        enquiry_route_group erg1_0 
    where
        erg1_0.enquiry_id=? 
    order by
        erg1_0.group_index
Hibernate: 
    select
        erg1_0.id,
        erg1_0.enquiry_id,
        erg1_0.group_index,
        erg1_0.sub_mode 
    from
        enquiry_route_group erg1_0 
    where
        erg1_0.enquiry_id=? 
    order by
        erg1_0.group_index
2026-04-21T17:46:30.733+08:00 DEBUG 10768 --- [logitrack-backend] [0.0-8080-exec-5] org.hibernate.SQL                        : 
    select
        ep1_0.id,
        ep1_0.enquiry_id,
        ep1_0.port_id 
    from
        enquiry_pol ep1_0 
    where
        ep1_0.enquiry_id=?
Hibernate: 
    select
        ep1_0.id,
        ep1_0.enquiry_id,
        ep1_0.port_id 
    from
        enquiry_pol ep1_0 
    where
        ep1_0.enquiry_id=?
2026-04-21T17:46:30.736+08:00 DEBUG 10768 --- [logitrack-backend] [0.0-8080-exec-5] org.hibernate.SQL                        : 
    select
        ep1_0.id,
        ep1_0.enquiry_id,
        ep1_0.port_id 
    from
        enquiry_pod ep1_0 
    where
        ep1_0.enquiry_id=?
Hibernate: 
    select
        ep1_0.id,
        ep1_0.enquiry_id,
        ep1_0.port_id 
    from
        enquiry_pod ep1_0 
    where
        ep1_0.enquiry_id=?
2026-04-21T17:46:30.739+08:00 DEBUG 10768 --- [logitrack-backend] [0.0-8080-exec-5] org.hibernate.SQL                        : 
    select
        erg1_0.id,
        erg1_0.enquiry_id,
        erg1_0.group_index,
        erg1_0.sub_mode 
    from
        enquiry_route_group erg1_0 
    where
        erg1_0.enquiry_id=? 
    order by
        erg1_0.group_index
Hibernate: 
    select
        erg1_0.id,
        erg1_0.enquiry_id,
        erg1_0.group_index,
        erg1_0.sub_mode 
    from
        enquiry_route_group erg1_0 
    where
        erg1_0.enquiry_id=? 
    order by
        erg1_0.group_index
2026-04-21T17:46:30.741+08:00 DEBUG 10768 --- [logitrack-backend] [0.0-8080-exec-5] org.hibernate.SQL                        : 
    select
        ep1_0.id,
        ep1_0.enquiry_id,
        ep1_0.port_id 
    from
        enquiry_pol ep1_0 
    where
        ep1_0.enquiry_id=?
Hibernate: 
    select
        ep1_0.id,
        ep1_0.enquiry_id,
        ep1_0.port_id 
    from
        enquiry_pol ep1_0 
    where
        ep1_0.enquiry_id=?
2026-04-21T17:46:30.744+08:00 DEBUG 10768 --- [logitrack-backend] [0.0-8080-exec-5] org.hibernate.SQL                        : 
    select
        ep1_0.id,
        ep1_0.enquiry_id,
        ep1_0.port_id 
    from
        enquiry_pod ep1_0 
    where
        ep1_0.enquiry_id=?
Hibernate: 
    select
        ep1_0.id,
        ep1_0.enquiry_id,
        ep1_0.port_id 
    from
        enquiry_pod ep1_0 
    where
        ep1_0.enquiry_id=?
2026-04-21T17:46:30.747+08:00 DEBUG 10768 --- [logitrack-backend] [0.0-8080-exec-5] org.hibernate.SQL                        : 
    select
        erg1_0.id,
        erg1_0.enquiry_id,
        erg1_0.group_index,
        erg1_0.sub_mode 
    from
        enquiry_route_group erg1_0 
    where
        erg1_0.enquiry_id=? 
    order by
        erg1_0.group_index
Hibernate: 
    select
        erg1_0.id,
        erg1_0.enquiry_id,
        erg1_0.group_index,
        erg1_0.sub_mode 
    from
        enquiry_route_group erg1_0 
    where
        erg1_0.enquiry_id=? 
    order by
        erg1_0.group_index
2026-04-21T17:46:30.749+08:00 DEBUG 10768 --- [logitrack-backend] [0.0-8080-exec-5] org.hibernate.SQL                        : 
    select
        ep1_0.id,
        ep1_0.enquiry_id,
        ep1_0.port_id 
    from
        enquiry_pol ep1_0 
    where
        ep1_0.enquiry_id=?
Hibernate: 
    select
        ep1_0.id,
        ep1_0.enquiry_id,
        ep1_0.port_id 
    from
        enquiry_pol ep1_0 
    where
        ep1_0.enquiry_id=?
2026-04-21T17:46:30.752+08:00 DEBUG 10768 --- [logitrack-backend] [0.0-8080-exec-5] org.hibernate.SQL                        : 
    select
        ep1_0.id,
        ep1_0.enquiry_id,
        ep1_0.port_id 
    from
        enquiry_pod ep1_0 
    where
        ep1_0.enquiry_id=?
Hibernate: 
    select
        ep1_0.id,
        ep1_0.enquiry_id,
        ep1_0.port_id 
    from
        enquiry_pod ep1_0 
    where
        ep1_0.enquiry_id=?
2026-04-21T17:46:30.755+08:00 DEBUG 10768 --- [logitrack-backend] [0.0-8080-exec-5] org.hibernate.SQL                        : 
    select
        erg1_0.id,
        erg1_0.enquiry_id,
        erg1_0.group_index,
        erg1_0.sub_mode 
    from
        enquiry_route_group erg1_0 
    where
        erg1_0.enquiry_id=? 
    order by
        erg1_0.group_index
Hibernate: 
    select
        erg1_0.id,
        erg1_0.enquiry_id,
        erg1_0.group_index,
        erg1_0.sub_mode 
    from
        enquiry_route_group erg1_0 
    where
        erg1_0.enquiry_id=? 
    order by
        erg1_0.group_index
2026-04-21T17:46:30.758+08:00 DEBUG 10768 --- [logitrack-backend] [0.0-8080-exec-5] org.hibernate.SQL                        : 
    select
        ep1_0.id,
        ep1_0.enquiry_id,
        ep1_0.port_id 
    from
        enquiry_pol ep1_0 
    where
        ep1_0.enquiry_id=?
Hibernate: 
    select
        ep1_0.id,
        ep1_0.enquiry_id,
        ep1_0.port_id 
    from
        enquiry_pol ep1_0 
    where
        ep1_0.enquiry_id=?
2026-04-21T17:46:30.760+08:00 DEBUG 10768 --- [logitrack-backend] [0.0-8080-exec-5] org.hibernate.SQL                        : 
    select
        ep1_0.id,
        ep1_0.enquiry_id,
        ep1_0.port_id 
    from
        enquiry_pod ep1_0 
    where
        ep1_0.enquiry_id=?
Hibernate: 
    select
        ep1_0.id,
        ep1_0.enquiry_id,
        ep1_0.port_id 
    from
        enquiry_pod ep1_0 
    where
        ep1_0.enquiry_id=?
2026-04-21T17:46:30.763+08:00 DEBUG 10768 --- [logitrack-backend] [0.0-8080-exec-5] org.hibernate.SQL                        : 
    select
        erg1_0.id,
        erg1_0.enquiry_id,
        erg1_0.group_index,
        erg1_0.sub_mode 
    from
        enquiry_route_group erg1_0 
    where
        erg1_0.enquiry_id=? 
    order by
        erg1_0.group_index
Hibernate: 
    select
        erg1_0.id,
        erg1_0.enquiry_id,
        erg1_0.group_index,
        erg1_0.sub_mode 
    from
        enquiry_route_group erg1_0 
    where
        erg1_0.enquiry_id=? 
    order by
        erg1_0.group_index
2026-04-21T17:46:30.765+08:00 DEBUG 10768 --- [logitrack-backend] [0.0-8080-exec-5] org.hibernate.SQL                        : 
    select
        ep1_0.id,
        ep1_0.enquiry_id,
        ep1_0.port_id 
    from
        enquiry_pol ep1_0 
    where
        ep1_0.enquiry_id=?
Hibernate: 
    select
        ep1_0.id,
        ep1_0.enquiry_id,
        ep1_0.port_id 
    from
        enquiry_pol ep1_0 
    where
        ep1_0.enquiry_id=?
2026-04-21T17:46:30.769+08:00 DEBUG 10768 --- [logitrack-backend] [0.0-8080-exec-5] org.hibernate.SQL                        : 
    select
        ep1_0.id,
        ep1_0.enquiry_id,
        ep1_0.port_id 
    from
        enquiry_pod ep1_0 
    where
        ep1_0.enquiry_id=?
Hibernate: 
    select
        ep1_0.id,
        ep1_0.enquiry_id,
        ep1_0.port_id 
    from
        enquiry_pod ep1_0 
    where
        ep1_0.enquiry_id=?
2026-04-21T17:46:30.771+08:00 DEBUG 10768 --- [logitrack-backend] [0.0-8080-exec-5] org.hibernate.SQL                        : 
    select
        erg1_0.id,
        erg1_0.enquiry_id,
        erg1_0.group_index,
        erg1_0.sub_mode 
    from
        enquiry_route_group erg1_0 
    where
        erg1_0.enquiry_id=? 
    order by
        erg1_0.group_index
Hibernate: 
    select
        erg1_0.id,
        erg1_0.enquiry_id,
        erg1_0.group_index,
        erg1_0.sub_mode 
    from
        enquiry_route_group erg1_0 
    where
        erg1_0.enquiry_id=? 
    order by
        erg1_0.group_index
2026-04-21T17:46:30.774+08:00 DEBUG 10768 --- [logitrack-backend] [0.0-8080-exec-5] org.hibernate.SQL                        : 
    select
        o1_0.enquiry_id,
        o1_0.id,
        o1_0.container_currency,
        o1_0.created_at,
        o1_0.is_latest,
        o1_0.local_charge_currency,
        o1_0.offer_date,
        o1_0.offer_type,
        o1_0.remark,
        o1_0.sequence_no,
        o1_0.updated_at 
    from
        offer o1_0 
    where
        o1_0.enquiry_id=?
Hibernate: 
    select
        o1_0.enquiry_id,
        o1_0.id,
        o1_0.container_currency,
        o1_0.created_at,
        o1_0.is_latest,
        o1_0.local_charge_currency,
        o1_0.offer_date,
        o1_0.offer_type,
        o1_0.remark,
        o1_0.sequence_no,
        o1_0.updated_at 
    from
        offer o1_0 
    where
        o1_0.enquiry_id=?
2026-04-21T17:46:30.776+08:00 DEBUG 10768 --- [logitrack-backend] [0.0-8080-exec-5] org.hibernate.SQL                        : 
    select
        cr1_0.enquiry_id,
        cr1_0.id,
        cr1_0.cntr_type_code,
        cr1_0.cntr_type_id,
        cr1_0.container_code,
        cr1_0.container_qty,
        cr1_0.container_type_id,
        cr1_0.created_at,
        cr1_0.extra_container_weights,
        cr1_0.extra_containers,
        cr1_0.line_teu,
        cr1_0.qty_20,
        cr1_0.qty_40,
        cr1_0.qty_40hq,
        cr1_0.qty_45,
        cr1_0.raw_text,
        cr1_0.teu_per_unit,
        cr1_0.weight_20,
        cr1_0.weight_40,
        cr1_0.weight_40hq,
        cr1_0.weight_45 
    from
        enquiry_container_line cr1_0 
    where
        cr1_0.enquiry_id=?
Hibernate: 
    select
        cr1_0.enquiry_id,
        cr1_0.id,
        cr1_0.cntr_type_code,
        cr1_0.cntr_type_id,
        cr1_0.container_code,
        cr1_0.container_qty,
        cr1_0.container_type_id,
        cr1_0.created_at,
        cr1_0.extra_container_weights,
        cr1_0.extra_containers,
        cr1_0.line_teu,
        cr1_0.qty_20,
        cr1_0.qty_40,
        cr1_0.qty_40hq,
        cr1_0.qty_45,
        cr1_0.raw_text,
        cr1_0.teu_per_unit,
        cr1_0.weight_20,
        cr1_0.weight_40,
        cr1_0.weight_40hq,
        cr1_0.weight_45 
    from
        enquiry_container_line cr1_0 
    where
        cr1_0.enquiry_id=?
2026-04-21T17:46:30.780+08:00 DEBUG 10768 --- [logitrack-backend] [0.0-8080-exec-5] org.hibernate.SQL                        : 
    select
        o1_0.enquiry_id,
        o1_0.id,
        o1_0.container_currency,
        o1_0.created_at,
        o1_0.is_latest,
        o1_0.local_charge_currency,
        o1_0.offer_date,
        o1_0.offer_type,
        o1_0.remark,
        o1_0.sequence_no,
        o1_0.updated_at 
    from
        offer o1_0 
    where
        o1_0.enquiry_id=?
Hibernate: 
    select
        o1_0.enquiry_id,
        o1_0.id,
        o1_0.container_currency,
        o1_0.created_at,
        o1_0.is_latest,
        o1_0.local_charge_currency,
        o1_0.offer_date,
        o1_0.offer_type,
        o1_0.remark,
        o1_0.sequence_no,
        o1_0.updated_at 
    from
        offer o1_0 
    where
        o1_0.enquiry_id=?
2026-04-21T17:46:30.782+08:00 DEBUG 10768 --- [logitrack-backend] [0.0-8080-exec-5] org.hibernate.SQL                        : 
    select
        cr1_0.enquiry_id,
        cr1_0.id,
        cr1_0.cntr_type_code,
        cr1_0.cntr_type_id,
        cr1_0.container_code,
        cr1_0.container_qty,
        cr1_0.container_type_id,
        cr1_0.created_at,
        cr1_0.extra_container_weights,
        cr1_0.extra_containers,
        cr1_0.line_teu,
        cr1_0.qty_20,
        cr1_0.qty_40,
        cr1_0.qty_40hq,
        cr1_0.qty_45,
        cr1_0.raw_text,
        cr1_0.teu_per_unit,
        cr1_0.weight_20,
        cr1_0.weight_40,
        cr1_0.weight_40hq,
        cr1_0.weight_45 
    from
        enquiry_container_line cr1_0 
    where
        cr1_0.enquiry_id=?
Hibernate: 
    select
        cr1_0.enquiry_id,
        cr1_0.id,
        cr1_0.cntr_type_code,
        cr1_0.cntr_type_id,
        cr1_0.container_code,
        cr1_0.container_qty,
        cr1_0.container_type_id,
        cr1_0.created_at,
        cr1_0.extra_container_weights,
        cr1_0.extra_containers,
        cr1_0.line_teu,
        cr1_0.qty_20,
        cr1_0.qty_40,
        cr1_0.qty_40hq,
        cr1_0.qty_45,
        cr1_0.raw_text,
        cr1_0.teu_per_unit,
        cr1_0.weight_20,
        cr1_0.weight_40,
        cr1_0.weight_40hq,
        cr1_0.weight_45 
    from
        enquiry_container_line cr1_0 
    where
        cr1_0.enquiry_id=?
2026-04-21T17:46:30.785+08:00 DEBUG 10768 --- [logitrack-backend] [0.0-8080-exec-5] org.hibernate.SQL                        : 
    select
        o1_0.enquiry_id,
        o1_0.id,
        o1_0.container_currency,
        o1_0.created_at,
        o1_0.is_latest,
        o1_0.local_charge_currency,
        o1_0.offer_date,
        o1_0.offer_type,
        o1_0.remark,
        o1_0.sequence_no,
        o1_0.updated_at 
    from
        offer o1_0 
    where
        o1_0.enquiry_id=?
Hibernate: 
    select
        o1_0.enquiry_id,
        o1_0.id,
        o1_0.container_currency,
        o1_0.created_at,
        o1_0.is_latest,
        o1_0.local_charge_currency,
        o1_0.offer_date,
        o1_0.offer_type,
        o1_0.remark,
        o1_0.sequence_no,
        o1_0.updated_at 
    from
        offer o1_0 
    where
        o1_0.enquiry_id=?
2026-04-21T17:46:30.787+08:00 DEBUG 10768 --- [logitrack-backend] [0.0-8080-exec-5] org.hibernate.SQL                        : 
    select
        cr1_0.enquiry_id,
        cr1_0.id,
        cr1_0.cntr_type_code,
        cr1_0.cntr_type_id,
        cr1_0.container_code,
        cr1_0.container_qty,
        cr1_0.container_type_id,
        cr1_0.created_at,
        cr1_0.extra_container_weights,
        cr1_0.extra_containers,
        cr1_0.line_teu,
        cr1_0.qty_20,
        cr1_0.qty_40,
        cr1_0.qty_40hq,
        cr1_0.qty_45,
        cr1_0.raw_text,
        cr1_0.teu_per_unit,
        cr1_0.weight_20,
        cr1_0.weight_40,
        cr1_0.weight_40hq,
        cr1_0.weight_45 
    from
        enquiry_container_line cr1_0 
    where
        cr1_0.enquiry_id=?
Hibernate: 
    select
        cr1_0.enquiry_id,
        cr1_0.id,
        cr1_0.cntr_type_code,
        cr1_0.cntr_type_id,
        cr1_0.container_code,
        cr1_0.container_qty,
        cr1_0.container_type_id,
        cr1_0.created_at,
        cr1_0.extra_container_weights,
        cr1_0.extra_containers,
        cr1_0.line_teu,
        cr1_0.qty_20,
        cr1_0.qty_40,
        cr1_0.qty_40hq,
        cr1_0.qty_45,
        cr1_0.raw_text,
        cr1_0.teu_per_unit,
        cr1_0.weight_20,
        cr1_0.weight_40,
        cr1_0.weight_40hq,
        cr1_0.weight_45 
    from
        enquiry_container_line cr1_0 
    where
        cr1_0.enquiry_id=?
2026-04-21T17:46:30.789+08:00 DEBUG 10768 --- [logitrack-backend] [0.0-8080-exec-5] org.hibernate.SQL                        : 
    select
        o1_0.enquiry_id,
        o1_0.id,
        o1_0.container_currency,
        o1_0.created_at,
        o1_0.is_latest,
        o1_0.local_charge_currency,
        o1_0.offer_date,
        o1_0.offer_type,
        o1_0.remark,
        o1_0.sequence_no,
        o1_0.updated_at 
    from
        offer o1_0 
    where
        o1_0.enquiry_id=?
Hibernate: 
    select
        o1_0.enquiry_id,
        o1_0.id,
        o1_0.container_currency,
        o1_0.created_at,
        o1_0.is_latest,
        o1_0.local_charge_currency,
        o1_0.offer_date,
        o1_0.offer_type,
        o1_0.remark,
        o1_0.sequence_no,
        o1_0.updated_at 
    from
        offer o1_0 
    where
        o1_0.enquiry_id=?
2026-04-21T17:46:30.790+08:00 DEBUG 10768 --- [logitrack-backend] [0.0-8080-exec-5] org.hibernate.SQL                        : 
    select
        cr1_0.enquiry_id,
        cr1_0.id,
        cr1_0.cntr_type_code,
        cr1_0.cntr_type_id,
        cr1_0.container_code,
        cr1_0.container_qty,
        cr1_0.container_type_id,
        cr1_0.created_at,
        cr1_0.extra_container_weights,
        cr1_0.extra_containers,
        cr1_0.line_teu,
        cr1_0.qty_20,
        cr1_0.qty_40,
        cr1_0.qty_40hq,
        cr1_0.qty_45,
        cr1_0.raw_text,
        cr1_0.teu_per_unit,
        cr1_0.weight_20,
        cr1_0.weight_40,
        cr1_0.weight_40hq,
        cr1_0.weight_45 
    from
        enquiry_container_line cr1_0 
    where
        cr1_0.enquiry_id=?
Hibernate: 
    select
        cr1_0.enquiry_id,
        cr1_0.id,
        cr1_0.cntr_type_code,
        cr1_0.cntr_type_id,
        cr1_0.container_code,
        cr1_0.container_qty,
        cr1_0.container_type_id,
        cr1_0.created_at,
        cr1_0.extra_container_weights,
        cr1_0.extra_containers,
        cr1_0.line_teu,
        cr1_0.qty_20,
        cr1_0.qty_40,
        cr1_0.qty_40hq,
        cr1_0.qty_45,
        cr1_0.raw_text,
        cr1_0.teu_per_unit,
        cr1_0.weight_20,
        cr1_0.weight_40,
        cr1_0.weight_40hq,
        cr1_0.weight_45 
    from
        enquiry_container_line cr1_0 
    where
        cr1_0.enquiry_id=?
2026-04-21T17:46:30.792+08:00 DEBUG 10768 --- [logitrack-backend] [0.0-8080-exec-5] org.hibernate.SQL                        : 
    select
        o1_0.enquiry_id,
        o1_0.id,
        o1_0.container_currency,
        o1_0.created_at,
        o1_0.is_latest,
        o1_0.local_charge_currency,
        o1_0.offer_date,
        o1_0.offer_type,
        o1_0.remark,
        o1_0.sequence_no,
        o1_0.updated_at 
    from
        offer o1_0 
    where
        o1_0.enquiry_id=?
Hibernate: 
    select
        o1_0.enquiry_id,
        o1_0.id,
        o1_0.container_currency,
        o1_0.created_at,
        o1_0.is_latest,
        o1_0.local_charge_currency,
        o1_0.offer_date,
        o1_0.offer_type,
        o1_0.remark,
        o1_0.sequence_no,
        o1_0.updated_at 
    from
        offer o1_0 
    where
        o1_0.enquiry_id=?
2026-04-21T17:46:30.794+08:00 DEBUG 10768 --- [logitrack-backend] [0.0-8080-exec-5] org.hibernate.SQL                        : 
    select
        cr1_0.enquiry_id,
        cr1_0.id,
        cr1_0.cntr_type_code,
        cr1_0.cntr_type_id,
        cr1_0.container_code,
        cr1_0.container_qty,
        cr1_0.container_type_id,
        cr1_0.created_at,
        cr1_0.extra_container_weights,
        cr1_0.extra_containers,
        cr1_0.line_teu,
        cr1_0.qty_20,
        cr1_0.qty_40,
        cr1_0.qty_40hq,
        cr1_0.qty_45,
        cr1_0.raw_text,
        cr1_0.teu_per_unit,
        cr1_0.weight_20,
        cr1_0.weight_40,
        cr1_0.weight_40hq,
        cr1_0.weight_45 
    from
        enquiry_container_line cr1_0 
    where
        cr1_0.enquiry_id=?
Hibernate: 
    select
        cr1_0.enquiry_id,
        cr1_0.id,
        cr1_0.cntr_type_code,
        cr1_0.cntr_type_id,
        cr1_0.container_code,
        cr1_0.container_qty,
        cr1_0.container_type_id,
        cr1_0.created_at,
        cr1_0.extra_container_weights,
        cr1_0.extra_containers,
        cr1_0.line_teu,
        cr1_0.qty_20,
        cr1_0.qty_40,
        cr1_0.qty_40hq,
        cr1_0.qty_45,
        cr1_0.raw_text,
        cr1_0.teu_per_unit,
        cr1_0.weight_20,
        cr1_0.weight_40,
        cr1_0.weight_40hq,
        cr1_0.weight_45 
    from
        enquiry_container_line cr1_0 
    where
        cr1_0.enquiry_id=?
2026-04-21T17:46:30.795+08:00 DEBUG 10768 --- [logitrack-backend] [0.0-8080-exec-5] org.hibernate.SQL                        : 
    select
        o1_0.enquiry_id,
        o1_0.id,
        o1_0.container_currency,
        o1_0.created_at,
        o1_0.is_latest,
        o1_0.local_charge_currency,
        o1_0.offer_date,
        o1_0.offer_type,
        o1_0.remark,
        o1_0.sequence_no,
        o1_0.updated_at 
    from
        offer o1_0 
    where
        o1_0.enquiry_id=?
Hibernate: 
    select
        o1_0.enquiry_id,
        o1_0.id,
        o1_0.container_currency,
        o1_0.created_at,
        o1_0.is_latest,
        o1_0.local_charge_currency,
        o1_0.offer_date,
        o1_0.offer_type,
        o1_0.remark,
        o1_0.sequence_no,
        o1_0.updated_at 
    from
        offer o1_0 
    where
        o1_0.enquiry_id=?
2026-04-21T17:46:30.797+08:00 DEBUG 10768 --- [logitrack-backend] [0.0-8080-exec-5] org.hibernate.SQL                        : 
    select
        cr1_0.enquiry_id,
        cr1_0.id,
        cr1_0.cntr_type_code,
        cr1_0.cntr_type_id,
        cr1_0.container_code,
        cr1_0.container_qty,
        cr1_0.container_type_id,
        cr1_0.created_at,
        cr1_0.extra_container_weights,
        cr1_0.extra_containers,
        cr1_0.line_teu,
        cr1_0.qty_20,
        cr1_0.qty_40,
        cr1_0.qty_40hq,
        cr1_0.qty_45,
        cr1_0.raw_text,
        cr1_0.teu_per_unit,
        cr1_0.weight_20,
        cr1_0.weight_40,
        cr1_0.weight_40hq,
        cr1_0.weight_45 
    from
        enquiry_container_line cr1_0 
    where
        cr1_0.enquiry_id=?
Hibernate: 
    select
        cr1_0.enquiry_id,
        cr1_0.id,
        cr1_0.cntr_type_code,
        cr1_0.cntr_type_id,
        cr1_0.container_code,
        cr1_0.container_qty,
        cr1_0.container_type_id,
        cr1_0.created_at,
        cr1_0.extra_container_weights,
        cr1_0.extra_containers,
        cr1_0.line_teu,
        cr1_0.qty_20,
        cr1_0.qty_40,
        cr1_0.qty_40hq,
        cr1_0.qty_45,
        cr1_0.raw_text,
        cr1_0.teu_per_unit,
        cr1_0.weight_20,
        cr1_0.weight_40,
        cr1_0.weight_40hq,
        cr1_0.weight_45 
    from
        enquiry_container_line cr1_0 
    where
        cr1_0.enquiry_id=?
2026-04-21T17:46:30.798+08:00 DEBUG 10768 --- [logitrack-backend] [0.0-8080-exec-5] org.hibernate.SQL                        : 
    select
        o1_0.enquiry_id,
        o1_0.id,
        o1_0.container_currency,
        o1_0.created_at,
        o1_0.is_latest,
        o1_0.local_charge_currency,
        o1_0.offer_date,
        o1_0.offer_type,
        o1_0.remark,
        o1_0.sequence_no,
        o1_0.updated_at 
    from
        offer o1_0 
    where
        o1_0.enquiry_id=?
Hibernate: 
    select
        o1_0.enquiry_id,
        o1_0.id,
        o1_0.container_currency,
        o1_0.created_at,
        o1_0.is_latest,
        o1_0.local_charge_currency,
        o1_0.offer_date,
        o1_0.offer_type,
        o1_0.remark,
        o1_0.sequence_no,
        o1_0.updated_at 
    from
        offer o1_0 
    where
        o1_0.enquiry_id=?
2026-04-21T17:46:30.800+08:00 DEBUG 10768 --- [logitrack-backend] [0.0-8080-exec-5] org.hibernate.SQL                        : 
    select
        cr1_0.enquiry_id,
        cr1_0.id,
        cr1_0.cntr_type_code,
        cr1_0.cntr_type_id,
        cr1_0.container_code,
        cr1_0.container_qty,
        cr1_0.container_type_id,
        cr1_0.created_at,
        cr1_0.extra_container_weights,
        cr1_0.extra_containers,
        cr1_0.line_teu,
        cr1_0.qty_20,
        cr1_0.qty_40,
        cr1_0.qty_40hq,
        cr1_0.qty_45,
        cr1_0.raw_text,
        cr1_0.teu_per_unit,
        cr1_0.weight_20,
        cr1_0.weight_40,
        cr1_0.weight_40hq,
        cr1_0.weight_45 
    from
        enquiry_container_line cr1_0 
    where
        cr1_0.enquiry_id=?
Hibernate: 
    select
        cr1_0.enquiry_id,
        cr1_0.id,
        cr1_0.cntr_type_code,
        cr1_0.cntr_type_id,
        cr1_0.container_code,
        cr1_0.container_qty,
        cr1_0.container_type_id,
        cr1_0.created_at,
        cr1_0.extra_container_weights,
        cr1_0.extra_containers,
        cr1_0.line_teu,
        cr1_0.qty_20,
        cr1_0.qty_40,
        cr1_0.qty_40hq,
        cr1_0.qty_45,
        cr1_0.raw_text,
        cr1_0.teu_per_unit,
        cr1_0.weight_20,
        cr1_0.weight_40,
        cr1_0.weight_40hq,
        cr1_0.weight_45 
    from
        enquiry_container_line cr1_0 
    where
        cr1_0.enquiry_id=?
2026-04-21T17:46:30.802+08:00 DEBUG 10768 --- [logitrack-backend] [0.0-8080-exec-5] org.hibernate.SQL                        : 
    select
        o1_0.enquiry_id,
        o1_0.id,
        o1_0.container_currency,
        o1_0.created_at,
        o1_0.is_latest,
        o1_0.local_charge_currency,
        o1_0.offer_date,
        o1_0.offer_type,
        o1_0.remark,
        o1_0.sequence_no,
        o1_0.updated_at 
    from
        offer o1_0 
    where
        o1_0.enquiry_id=?
Hibernate: 
    select
        o1_0.enquiry_id,
        o1_0.id,
        o1_0.container_currency,
        o1_0.created_at,
        o1_0.is_latest,
        o1_0.local_charge_currency,
        o1_0.offer_date,
        o1_0.offer_type,
        o1_0.remark,
        o1_0.sequence_no,
        o1_0.updated_at 
    from
        offer o1_0 
    where
        o1_0.enquiry_id=?
2026-04-21T17:46:30.803+08:00 DEBUG 10768 --- [logitrack-backend] [0.0-8080-exec-5] org.hibernate.SQL                        : 
    select
        cr1_0.enquiry_id,
        cr1_0.id,
        cr1_0.cntr_type_code,
        cr1_0.cntr_type_id,
        cr1_0.container_code,
        cr1_0.container_qty,
        cr1_0.container_type_id,
        cr1_0.created_at,
        cr1_0.extra_container_weights,
        cr1_0.extra_containers,
        cr1_0.line_teu,
        cr1_0.qty_20,
        cr1_0.qty_40,
        cr1_0.qty_40hq,
        cr1_0.qty_45,
        cr1_0.raw_text,
        cr1_0.teu_per_unit,
        cr1_0.weight_20,
        cr1_0.weight_40,
        cr1_0.weight_40hq,
        cr1_0.weight_45 
    from
        enquiry_container_line cr1_0 
    where
        cr1_0.enquiry_id=?
Hibernate: 
    select
        cr1_0.enquiry_id,
        cr1_0.id,
        cr1_0.cntr_type_code,
        cr1_0.cntr_type_id,
        cr1_0.container_code,
        cr1_0.container_qty,
        cr1_0.container_type_id,
        cr1_0.created_at,
        cr1_0.extra_container_weights,
        cr1_0.extra_containers,
        cr1_0.line_teu,
        cr1_0.qty_20,
        cr1_0.qty_40,
        cr1_0.qty_40hq,
        cr1_0.qty_45,
        cr1_0.raw_text,
        cr1_0.teu_per_unit,
        cr1_0.weight_20,
        cr1_0.weight_40,
        cr1_0.weight_40hq,
        cr1_0.weight_45 
    from
        enquiry_container_line cr1_0 
    where
        cr1_0.enquiry_id=?
2026-04-21T17:46:30.805+08:00 DEBUG 10768 --- [logitrack-backend] [0.0-8080-exec-5] org.hibernate.SQL                        : 
    select
        o1_0.enquiry_id,
        o1_0.id,
        o1_0.container_currency,
        o1_0.created_at,
        o1_0.is_latest,
        o1_0.local_charge_currency,
        o1_0.offer_date,
        o1_0.offer_type,
        o1_0.remark,
        o1_0.sequence_no,
        o1_0.updated_at 
    from
        offer o1_0 
    where
        o1_0.enquiry_id=?
Hibernate: 
    select
        o1_0.enquiry_id,
        o1_0.id,
        o1_0.container_currency,
        o1_0.created_at,
        o1_0.is_latest,
        o1_0.local_charge_currency,
        o1_0.offer_date,
        o1_0.offer_type,
        o1_0.remark,
        o1_0.sequence_no,
        o1_0.updated_at 
    from
        offer o1_0 
    where
        o1_0.enquiry_id=?
2026-04-21T17:46:30.807+08:00 DEBUG 10768 --- [logitrack-backend] [0.0-8080-exec-5] org.hibernate.SQL                        : 
    select
        cr1_0.enquiry_id,
        cr1_0.id,
        cr1_0.cntr_type_code,
        cr1_0.cntr_type_id,
        cr1_0.container_code,
        cr1_0.container_qty,
        cr1_0.container_type_id,
        cr1_0.created_at,
        cr1_0.extra_container_weights,
        cr1_0.extra_containers,
        cr1_0.line_teu,
        cr1_0.qty_20,
        cr1_0.qty_40,
        cr1_0.qty_40hq,
        cr1_0.qty_45,
        cr1_0.raw_text,
        cr1_0.teu_per_unit,
        cr1_0.weight_20,
        cr1_0.weight_40,
        cr1_0.weight_40hq,
        cr1_0.weight_45 
    from
        enquiry_container_line cr1_0 
    where
        cr1_0.enquiry_id=?
Hibernate: 
    select
        cr1_0.enquiry_id,
        cr1_0.id,
        cr1_0.cntr_type_code,
        cr1_0.cntr_type_id,
        cr1_0.container_code,
        cr1_0.container_qty,
        cr1_0.container_type_id,
        cr1_0.created_at,
        cr1_0.extra_container_weights,
        cr1_0.extra_containers,
        cr1_0.line_teu,
        cr1_0.qty_20,
        cr1_0.qty_40,
        cr1_0.qty_40hq,
        cr1_0.qty_45,
        cr1_0.raw_text,
        cr1_0.teu_per_unit,
        cr1_0.weight_20,
        cr1_0.weight_40,
        cr1_0.weight_40hq,
        cr1_0.weight_45 
    from
        enquiry_container_line cr1_0 
    where
        cr1_0.enquiry_id=?
2026-04-21T17:46:30.808+08:00 DEBUG 10768 --- [logitrack-backend] [0.0-8080-exec-5] org.hibernate.SQL                        : 
    select
        o1_0.enquiry_id,
        o1_0.id,
        o1_0.container_currency,
        o1_0.created_at,
        o1_0.is_latest,
        o1_0.local_charge_currency,
        o1_0.offer_date,
        o1_0.offer_type,
        o1_0.remark,
        o1_0.sequence_no,
        o1_0.updated_at 
    from
        offer o1_0 
    where
        o1_0.enquiry_id=?
Hibernate: 
    select
        o1_0.enquiry_id,
        o1_0.id,
        o1_0.container_currency,
        o1_0.created_at,
        o1_0.is_latest,
        o1_0.local_charge_currency,
        o1_0.offer_date,
        o1_0.offer_type,
        o1_0.remark,
        o1_0.sequence_no,
        o1_0.updated_at 
    from
        offer o1_0 
    where
        o1_0.enquiry_id=?
2026-04-21T17:46:30.811+08:00 DEBUG 10768 --- [logitrack-backend] [0.0-8080-exec-5] org.hibernate.SQL                        : 
    select
        cr1_0.enquiry_id,
        cr1_0.id,
        cr1_0.cntr_type_code,
        cr1_0.cntr_type_id,
        cr1_0.container_code,
        cr1_0.container_qty,
        cr1_0.container_type_id,
        cr1_0.created_at,
        cr1_0.extra_container_weights,
        cr1_0.extra_containers,
        cr1_0.line_teu,
        cr1_0.qty_20,
        cr1_0.qty_40,
        cr1_0.qty_40hq,
        cr1_0.qty_45,
        cr1_0.raw_text,
        cr1_0.teu_per_unit,
        cr1_0.weight_20,
        cr1_0.weight_40,
        cr1_0.weight_40hq,
        cr1_0.weight_45 
    from
        enquiry_container_line cr1_0 
    where
        cr1_0.enquiry_id=?
Hibernate: 
    select
        cr1_0.enquiry_id,
        cr1_0.id,
        cr1_0.cntr_type_code,
        cr1_0.cntr_type_id,
        cr1_0.container_code,
        cr1_0.container_qty,
        cr1_0.container_type_id,
        cr1_0.created_at,
        cr1_0.extra_container_weights,
        cr1_0.extra_containers,
        cr1_0.line_teu,
        cr1_0.qty_20,
        cr1_0.qty_40,
        cr1_0.qty_40hq,
        cr1_0.qty_45,
        cr1_0.raw_text,
        cr1_0.teu_per_unit,
        cr1_0.weight_20,
        cr1_0.weight_40,
        cr1_0.weight_40hq,
        cr1_0.weight_45 
    from
        enquiry_container_line cr1_0 
    where
        cr1_0.enquiry_id=?
2026-04-21T17:46:38.052+08:00  INFO 10768 --- [logitrack-backend] [0.0-8080-exec-8] c.l.backend.controller.DictController    : GET /api/dict/sales-countries
2026-04-21T17:46:38.056+08:00  INFO 10768 --- [logitrack-backend] [.0-8080-exec-10] c.l.b.controller.MasterDataController    : GET /api/master/countries
2026-04-21T17:46:38.055+08:00  INFO 10768 --- [logitrack-backend] [0.0-8080-exec-1] c.l.backend.controller.DictController    : GET /api/dict/cancelled-reasons
2026-04-21T17:46:38.059+08:00 DEBUG 10768 --- [logitrack-backend] [0.0-8080-exec-4] org.hibernate.SQL                        : 
    select
        ct1_0.id,
        ct1_0.container_code,
        ct1_0.container_name,
        ct1_0.created_at,
        ct1_0.description,
        ct1_0.is_active,
        ct1_0.is_special,
        ct1_0.length_feet,
        ct1_0.teu_value,
        ct1_0.updated_at 
    from
        container_types ct1_0 
    where
        ct1_0.is_active 
    order by
        ct1_0.container_code
Hibernate: 
    select
        ct1_0.id,
        ct1_0.container_code,
        ct1_0.container_name,
        ct1_0.created_at,
        ct1_0.description,
        ct1_0.is_active,
        ct1_0.is_special,
        ct1_0.length_feet,
        ct1_0.teu_value,
        ct1_0.updated_at 
    from
        container_types ct1_0 
    where
        ct1_0.is_active 
    order by
        ct1_0.container_code
2026-04-21T17:46:38.061+08:00 DEBUG 10768 --- [logitrack-backend] [0.0-8080-exec-8] org.hibernate.SQL                        : 
    select
        sc1_0.code,
        sc1_0.is_active,
        sc1_0.name,
        sc1_0.sort_order 
    from
        dict_sales_country sc1_0 
    where
        sc1_0.is_active 
    order by
        sc1_0.sort_order
Hibernate: 
    select
        sc1_0.code,
        sc1_0.is_active,
        sc1_0.name,
        sc1_0.sort_order 
    from
        dict_sales_country sc1_0 
    where
        sc1_0.is_active 
    order by
        sc1_0.sort_order
2026-04-21T17:46:38.062+08:00  INFO 10768 --- [logitrack-backend] [0.0-8080-exec-2] c.l.backend.controller.DictController    : GET /api/dict/lost-reasons
2026-04-21T17:46:38.065+08:00 DEBUG 10768 --- [logitrack-backend] [0.0-8080-exec-2] org.hibernate.SQL                        : 
    select
        lr1_0.code,
        lr1_0.label,
        lr1_0.sort_order 
    from
        dict_lost_reason lr1_0 
    order by
        lr1_0.sort_order
Hibernate: 
    select
        lr1_0.code,
        lr1_0.label,
        lr1_0.sort_order 
    from
        dict_lost_reason lr1_0 
    order by
        lr1_0.sort_order
2026-04-21T17:46:38.061+08:00 DEBUG 10768 --- [logitrack-backend] [0.0-8080-exec-1] org.hibernate.SQL                        : 
    select
        cr1_0.code,
        cr1_0.label,
        cr1_0.sort_order 
    from
        dict_cancelled_reason cr1_0 
    order by
        cr1_0.sort_order
Hibernate: 
    select
        cr1_0.code,
        cr1_0.label,
        cr1_0.sort_order 
    from
        dict_cancelled_reason cr1_0 
    order by
        cr1_0.sort_order
2026-04-21T17:46:38.063+08:00 DEBUG 10768 --- [logitrack-backend] [.0-8080-exec-10] org.hibernate.SQL                        : 
    select
        c1_0.id,
        c1_0.country_code,
        c1_0.country_name_cn,
        c1_0.country_name_en,
        c1_0.created_at,
        c1_0.is_active,
        c1_0.is_core,
        c1_0.updated_at 
    from
        country c1_0
Hibernate: 
    select
        c1_0.id,
        c1_0.country_code,
        c1_0.country_name_cn,
        c1_0.country_name_en,
        c1_0.created_at,
        c1_0.is_active,
        c1_0.is_core,
        c1_0.updated_at 
    from
        country c1_0
2026-04-21T17:46:38.854+08:00 DEBUG 10768 --- [logitrack-backend] [0.0-8080-exec-3] org.hibernate.SQL                        : 
    select
        ct1_0.id,
        ct1_0.container_code,
        ct1_0.container_name,
        ct1_0.created_at,
        ct1_0.description,
        ct1_0.is_active,
        ct1_0.is_special,
        ct1_0.length_feet,
        ct1_0.teu_value,
        ct1_0.updated_at 
    from
        container_types ct1_0 
    where
        ct1_0.is_active 
    order by
        ct1_0.container_code
Hibernate: 
    select
        ct1_0.id,
        ct1_0.container_code,
        ct1_0.container_name,
        ct1_0.created_at,
        ct1_0.description,
        ct1_0.is_active,
        ct1_0.is_special,
        ct1_0.length_feet,
        ct1_0.teu_value,
        ct1_0.updated_at 
    from
        container_types ct1_0 
    where
        ct1_0.is_active 
    order by
        ct1_0.container_code
2026-04-21T17:46:38.868+08:00  INFO 10768 --- [logitrack-backend] [0.0-8080-exec-5] c.l.backend.controller.DictController    : GET /api/dict/cancelled-reasons
2026-04-21T17:46:38.869+08:00 DEBUG 10768 --- [logitrack-backend] [0.0-8080-exec-5] org.hibernate.SQL                        : 
    select
        cr1_0.code,
        cr1_0.label,
        cr1_0.sort_order 
    from
        dict_cancelled_reason cr1_0 
    order by
        cr1_0.sort_order
Hibernate: 
    select
        cr1_0.code,
        cr1_0.label,
        cr1_0.sort_order 
    from
        dict_cancelled_reason cr1_0 
    order by
        cr1_0.sort_order
2026-04-21T17:46:38.871+08:00  INFO 10768 --- [logitrack-backend] [0.0-8080-exec-9] c.l.backend.controller.DictController    : GET /api/dict/sales-countries
2026-04-21T17:46:38.872+08:00 DEBUG 10768 --- [logitrack-backend] [0.0-8080-exec-9] org.hibernate.SQL                        : 
    select
        sc1_0.code,
        sc1_0.is_active,
        sc1_0.name,
        sc1_0.sort_order 
    from
        dict_sales_country sc1_0 
    where
        sc1_0.is_active 
    order by
        sc1_0.sort_order
Hibernate: 
    select
        sc1_0.code,
        sc1_0.is_active,
        sc1_0.name,
        sc1_0.sort_order 
    from
        dict_sales_country sc1_0 
    where
        sc1_0.is_active 
    order by
        sc1_0.sort_order
2026-04-21T17:46:38.888+08:00 DEBUG 10768 --- [logitrack-backend] [0.0-8080-exec-6] org.hibernate.SQL                        : 
    select
        p1_0.code,
        p1_0.abbr,
        p1_0.is_active,
        p1_0.is_mixed,
        p1_0.name,
        p1_0.sort_order 
    from
        dict_product p1_0 
    where
        p1_0.code=?
Hibernate: 
    select
        p1_0.code,
        p1_0.abbr,
        p1_0.is_active,
        p1_0.is_mixed,
        p1_0.name,
        p1_0.sort_order 
    from
        dict_product p1_0 
    where
        p1_0.code=?
2026-04-21T17:46:38.928+08:00 DEBUG 10768 --- [logitrack-backend] [0.0-8080-exec-6] org.hibernate.SQL                        : 
    select
        coalesce(max(e1_0.monthly_sequence), 0) 
    from
        enquiry e1_0 
    where
        e1_0.reference_month=?
Hibernate: 
    select
        coalesce(max(e1_0.monthly_sequence), 0) 
    from
        enquiry e1_0 
    where
        e1_0.reference_month=?
2026-04-21T17:46:39.149+08:00  INFO 10768 --- [logitrack-backend] [0.0-8080-exec-1] c.l.backend.controller.DictController    : GET /api/dict/lost-reasons
2026-04-21T17:46:39.150+08:00 DEBUG 10768 --- [logitrack-backend] [0.0-8080-exec-1] org.hibernate.SQL                        : 
    select
        lr1_0.code,
        lr1_0.label,
        lr1_0.sort_order 
    from
        dict_lost_reason lr1_0 
    order by
        lr1_0.sort_order
Hibernate: 
    select
        lr1_0.code,
        lr1_0.label,
        lr1_0.sort_order 
    from
        dict_lost_reason lr1_0 
    order by
        lr1_0.sort_order
2026-04-21T17:46:39.653+08:00  INFO 10768 --- [logitrack-backend] [0.0-8080-exec-4] c.l.b.controller.MasterDataController    : GET /api/master/carriers/active
2026-04-21T17:46:39.653+08:00  INFO 10768 --- [logitrack-backend] [0.0-8080-exec-8] c.l.b.controller.MasterDataController    : GET /api/master/countries
2026-04-21T17:46:39.657+08:00 DEBUG 10768 --- [logitrack-backend] [0.0-8080-exec-4] org.hibernate.SQL                        : 
    select
        c1_0.id,
        c1_0.carrier_code,
        c1_0.carrier_name,
        c1_0.created_at,
        c1_0.is_active,
        c1_0.sort_order,
        c1_0.updated_at 
    from
        dict_carrier c1_0 
    where
        c1_0.is_active 
    order by
        c1_0.sort_order,
        c1_0.carrier_name
Hibernate: 
    select
        c1_0.id,
        c1_0.carrier_code,
        c1_0.carrier_name,
        c1_0.created_at,
        c1_0.is_active,
        c1_0.sort_order,
        c1_0.updated_at 
    from
        dict_carrier c1_0 
    where
        c1_0.is_active 
    order by
        c1_0.sort_order,
        c1_0.carrier_name
2026-04-21T17:46:39.659+08:00 DEBUG 10768 --- [logitrack-backend] [0.0-8080-exec-8] org.hibernate.SQL                        : 
    select
        c1_0.id,
        c1_0.country_code,
        c1_0.country_name_cn,
        c1_0.country_name_en,
        c1_0.created_at,
        c1_0.is_active,
        c1_0.is_core,
        c1_0.updated_at 
    from
        country c1_0
Hibernate: 
    select
        c1_0.id,
        c1_0.country_code,
        c1_0.country_name_cn,
        c1_0.country_name_en,
        c1_0.created_at,
        c1_0.is_active,
        c1_0.is_core,
        c1_0.updated_at 
    from
        country c1_0
2026-04-21T17:46:40.448+08:00  INFO 10768 --- [logitrack-backend] [.0-8080-exec-10] c.l.b.controller.MasterDataController    : GET /api/master/currencies/active
2026-04-21T17:46:40.451+08:00 DEBUG 10768 --- [logitrack-backend] [.0-8080-exec-10] org.hibernate.SQL                        : 
    select
        c1_0.id,
        c1_0.created_at,
        c1_0.currency_code,
        c1_0.currency_name,
        c1_0.is_active,
        c1_0.sort_order,
        c1_0.updated_at 
    from
        dict_currency c1_0 
    where
        c1_0.is_active 
    order by
        c1_0.sort_order,
        c1_0.currency_code
Hibernate: 
    select
        c1_0.id,
        c1_0.created_at,
        c1_0.currency_code,
        c1_0.currency_name,
        c1_0.is_active,
        c1_0.sort_order,
        c1_0.updated_at 
    from
        dict_currency c1_0 
    where
        c1_0.is_active 
    order by
        c1_0.sort_order,
        c1_0.currency_code
2026-04-21T17:46:40.990+08:00  INFO 10768 --- [logitrack-backend] [0.0-8080-exec-2] c.l.b.controller.MasterDataController    : GET /api/master/carriers/active
2026-04-21T17:46:40.992+08:00 DEBUG 10768 --- [logitrack-backend] [0.0-8080-exec-2] org.hibernate.SQL                        : 
    select
        c1_0.id,
        c1_0.carrier_code,
        c1_0.carrier_name,
        c1_0.created_at,
        c1_0.is_active,
        c1_0.sort_order,
        c1_0.updated_at 
    from
        dict_carrier c1_0 
    where
        c1_0.is_active 
    order by
        c1_0.sort_order,
        c1_0.carrier_name
Hibernate: 
    select
        c1_0.id,
        c1_0.carrier_code,
        c1_0.carrier_name,
        c1_0.created_at,
        c1_0.is_active,
        c1_0.sort_order,
        c1_0.updated_at 
    from
        dict_carrier c1_0 
    where
        c1_0.is_active 
    order by
        c1_0.sort_order,
        c1_0.carrier_name
2026-04-21T17:46:41.249+08:00  INFO 10768 --- [logitrack-backend] [0.0-8080-exec-7] c.l.backend.controller.DictController    : GET /api/dict/ports?mode=SEA&query=
2026-04-21T17:46:41.249+08:00  INFO 10768 --- [logitrack-backend] [0.0-8080-exec-3] c.l.backend.controller.DictController    : GET /api/dict/ports?mode=AIR&query=
2026-04-21T17:46:41.253+08:00 DEBUG 10768 --- [logitrack-backend] [0.0-8080-exec-7] org.hibernate.SQL                        : 
    select
        p1_0.id,
        p1_0.city,
        p1_0.country_code,
        p1_0.created_at,
        p1_0.is_active,
        p1_0.port_code,
        p1_0.port_name,
        p1_0.port_type,
        p1_0.updated_at 
    from
        port p1_0
Hibernate: 
    select
        p1_0.id,
        p1_0.city,
        p1_0.country_code,
        p1_0.created_at,
        p1_0.is_active,
        p1_0.port_code,
        p1_0.port_name,
        p1_0.port_type,
        p1_0.updated_at 
    from
        port p1_0
2026-04-21T17:46:41.253+08:00 DEBUG 10768 --- [logitrack-backend] [0.0-8080-exec-3] org.hibernate.SQL                        : 
    select
        p1_0.id,
        p1_0.city,
        p1_0.country_code,
        p1_0.created_at,
        p1_0.is_active,
        p1_0.port_code,
        p1_0.port_name,
        p1_0.port_type,
        p1_0.updated_at 
    from
        port p1_0
Hibernate: 
    select
        p1_0.id,
        p1_0.city,
        p1_0.country_code,
        p1_0.created_at,
        p1_0.is_active,
        p1_0.port_code,
        p1_0.port_name,
        p1_0.port_type,
        p1_0.updated_at 
    from
        port p1_0
2026-04-21T17:46:41.760+08:00  INFO 10768 --- [logitrack-backend] [0.0-8080-exec-5] c.l.b.controller.MasterDataController    : GET /api/master/currencies/active
2026-04-21T17:46:41.764+08:00 DEBUG 10768 --- [logitrack-backend] [0.0-8080-exec-5] org.hibernate.SQL                        : 
    select
        c1_0.id,
        c1_0.created_at,
        c1_0.currency_code,
        c1_0.currency_name,
        c1_0.is_active,
        c1_0.sort_order,
        c1_0.updated_at 
    from
        dict_currency c1_0 
    where
        c1_0.is_active 
    order by
        c1_0.sort_order,
        c1_0.currency_code
Hibernate: 
    select
        c1_0.id,
        c1_0.created_at,
        c1_0.currency_code,
        c1_0.currency_name,
        c1_0.is_active,
        c1_0.sort_order,
        c1_0.updated_at 
    from
        dict_currency c1_0 
    where
        c1_0.is_active 
    order by
        c1_0.sort_order,
        c1_0.currency_code
2026-04-21T17:46:42.549+08:00  INFO 10768 --- [logitrack-backend] [0.0-8080-exec-9] c.l.backend.controller.DictController    : GET /api/dict/ports?mode=AIR&query=
2026-04-21T17:46:42.550+08:00  INFO 10768 --- [logitrack-backend] [0.0-8080-exec-6] c.l.backend.controller.DictController    : GET /api/dict/ports?mode=SEA&query=
2026-04-21T17:46:42.555+08:00 DEBUG 10768 --- [logitrack-backend] [0.0-8080-exec-9] org.hibernate.SQL                        : 
    select
        p1_0.id,
        p1_0.city,
        p1_0.country_code,
        p1_0.created_at,
        p1_0.is_active,
        p1_0.port_code,
        p1_0.port_name,
        p1_0.port_type,
        p1_0.updated_at 
    from
        port p1_0
Hibernate: 
    select
        p1_0.id,
        p1_0.city,
        p1_0.country_code,
        p1_0.created_at,
        p1_0.is_active,
        p1_0.port_code,
        p1_0.port_name,
        p1_0.port_type,
        p1_0.updated_at 
    from
        port p1_0
2026-04-21T17:46:42.555+08:00 DEBUG 10768 --- [logitrack-backend] [0.0-8080-exec-6] org.hibernate.SQL                        : 
    select
        p1_0.id,
        p1_0.city,
        p1_0.country_code,
        p1_0.created_at,
        p1_0.is_active,
        p1_0.port_code,
        p1_0.port_name,
        p1_0.port_type,
        p1_0.updated_at 
    from
        port p1_0
Hibernate: 
    select
        p1_0.id,
        p1_0.city,
        p1_0.country_code,
        p1_0.created_at,
        p1_0.is_active,
        p1_0.port_code,
        p1_0.port_name,
        p1_0.port_type,
        p1_0.updated_at 
    from
        port p1_0
2026-04-21T17:47:27.959+08:00 DEBUG 10768 --- [logitrack-backend] [0.0-8080-exec-1] org.hibernate.SQL                        : 
    select
        u1_0.id,
        u1_0.created_at,
        u1_0.created_by,
        u1_0.email,
        u1_0.full_name,
        u1_0.is_active,
        u1_0.last_login_at,
        u1_0.password,
        u1_0.phone,
        r1_0.user_id,
        r1_1.id,
        r1_1.created_at,
        r1_1.description,
        r1_1.is_active,
        r1_1.permissions,
        r1_1.role_code,
        r1_1.role_name,
        r1_1.updated_at,
        u1_0.updated_at,
        u1_0.updated_by,
        u1_0.username 
    from
        user u1_0 
    left join
        (user_role r1_0 
    join
        role r1_1 
            on r1_1.id=r1_0.role_id) 
        on u1_0.id=r1_0.user_id 
    where
        u1_0.id=?
Hibernate: 
    select
        u1_0.id,
        u1_0.created_at,
        u1_0.created_by,
        u1_0.email,
        u1_0.full_name,
        u1_0.is_active,
        u1_0.last_login_at,
        u1_0.password,
        u1_0.phone,
        r1_0.user_id,
        r1_1.id,
        r1_1.created_at,
        r1_1.description,
        r1_1.is_active,
        r1_1.permissions,
        r1_1.role_code,
        r1_1.role_name,
        r1_1.updated_at,
        u1_0.updated_at,
        u1_0.updated_by,
        u1_0.username 
    from
        user u1_0 
    left join
        (user_role r1_0 
    join
        role r1_1 
            on r1_1.id=r1_0.role_id) 
        on u1_0.id=r1_0.user_id 
    where
        u1_0.id=?
2026-04-21T17:47:27.991+08:00 DEBUG 10768 --- [logitrack-backend] [0.0-8080-exec-1] org.hibernate.SQL                        : 
    select
        al1_0.id,
        al1_0.action,
        al1_0.cn_pricing_admin,
        al1_0.created_at,
        al1_0.details,
        al1_0.duration_ms,
        al1_0.error_message,
        al1_0.ip_address,
        al1_0.new_value,
        al1_0.old_value,
        al1_0.request_method,
        al1_0.request_url,
        al1_0.resource_id,
        al1_0.resource_name,
        al1_0.resource_type,
        al1_0.status,
        al1_0.user_agent,
        al1_0.user_id,
        al1_0.user_role,
        al1_0.username 
    from
        audit_log al1_0 
    where
        (
            ? is null 
            or al1_0.user_id=?
        ) 
        and (
            ? is null 
            or al1_0.action=?
        ) 
        and (
            ? is null 
            or al1_0.resource_type=?
        ) 
        and (
            ? is null 
            or al1_0.created_at>=?
        ) 
        and (
            ? is null 
            or al1_0.created_at<=?
        ) 
    order by
        al1_0.created_at desc 
    limit
        ?, ?
Hibernate: 
    select
        al1_0.id,
        al1_0.action,
        al1_0.cn_pricing_admin,
        al1_0.created_at,
        al1_0.details,
        al1_0.duration_ms,
        al1_0.error_message,
        al1_0.ip_address,
        al1_0.new_value,
        al1_0.old_value,
        al1_0.request_method,
        al1_0.request_url,
        al1_0.resource_id,
        al1_0.resource_name,
        al1_0.resource_type,
        al1_0.status,
        al1_0.user_agent,
        al1_0.user_id,
        al1_0.user_role,
        al1_0.username 
    from
        audit_log al1_0 
    where
        (
            ? is null 
            or al1_0.user_id=?
        ) 
        and (
            ? is null 
            or al1_0.action=?
        ) 
        and (
            ? is null 
            or al1_0.resource_type=?
        ) 
        and (
            ? is null 
            or al1_0.created_at>=?
        ) 
        and (
            ? is null 
            or al1_0.created_at<=?
        ) 
    order by
        al1_0.created_at desc 
    limit
        ?, ?
2026-04-21T17:47:28.005+08:00 DEBUG 10768 --- [logitrack-backend] [0.0-8080-exec-1] org.hibernate.SQL                        : 
    select
        count(al1_0.id) 
    from
        audit_log al1_0 
    where
        (
            ? is null 
            or al1_0.user_id=?
        ) 
        and (
            ? is null 
            or al1_0.action=?
        ) 
        and (
            ? is null 
            or al1_0.resource_type=?
        ) 
        and (
            ? is null 
            or al1_0.created_at>=?
        ) 
        and (
            ? is null 
            or al1_0.created_at<=?
        )
Hibernate: 
    select
        count(al1_0.id) 
    from
        audit_log al1_0 
    where
        (
            ? is null 
            or al1_0.user_id=?
        ) 
        and (
            ? is null 
            or al1_0.action=?
        ) 
        and (
            ? is null 
            or al1_0.resource_type=?
        ) 
        and (
            ? is null 
            or al1_0.created_at>=?
        ) 
        and (
            ? is null 
            or al1_0.created_at<=?
        )
2026-04-21T17:47:28.854+08:00 DEBUG 10768 --- [logitrack-backend] [0.0-8080-exec-4] org.hibernate.SQL                        : 
    select
        u1_0.id,
        u1_0.created_at,
        u1_0.created_by,
        u1_0.email,
        u1_0.full_name,
        u1_0.is_active,
        u1_0.last_login_at,
        u1_0.password,
        u1_0.phone,
        r1_0.user_id,
        r1_1.id,
        r1_1.created_at,
        r1_1.description,
        r1_1.is_active,
        r1_1.permissions,
        r1_1.role_code,
        r1_1.role_name,
        r1_1.updated_at,
        u1_0.updated_at,
        u1_0.updated_by,
        u1_0.username 
    from
        user u1_0 
    left join
        (user_role r1_0 
    join
        role r1_1 
            on r1_1.id=r1_0.role_id) 
        on u1_0.id=r1_0.user_id 
    where
        u1_0.id=?
Hibernate: 
    select
        u1_0.id,
        u1_0.created_at,
        u1_0.created_by,
        u1_0.email,
        u1_0.full_name,
        u1_0.is_active,
        u1_0.last_login_at,
        u1_0.password,
        u1_0.phone,
        r1_0.user_id,
        r1_1.id,
        r1_1.created_at,
        r1_1.description,
        r1_1.is_active,
        r1_1.permissions,
        r1_1.role_code,
        r1_1.role_name,
        r1_1.updated_at,
        u1_0.updated_at,
        u1_0.updated_by,
        u1_0.username 
    from
        user u1_0 
    left join
        (user_role r1_0 
    join
        role r1_1 
            on r1_1.id=r1_0.role_id) 
        on u1_0.id=r1_0.user_id 
    where
        u1_0.id=?
2026-04-21T17:47:28.867+08:00 DEBUG 10768 --- [logitrack-backend] [0.0-8080-exec-4] org.hibernate.SQL                        : 
    select
        al1_0.id,
        al1_0.action,
        al1_0.cn_pricing_admin,
        al1_0.created_at,
        al1_0.details,
        al1_0.duration_ms,
        al1_0.error_message,
        al1_0.ip_address,
        al1_0.new_value,
        al1_0.old_value,
        al1_0.request_method,
        al1_0.request_url,
        al1_0.resource_id,
        al1_0.resource_name,
        al1_0.resource_type,
        al1_0.status,
        al1_0.user_agent,
        al1_0.user_id,
        al1_0.user_role,
        al1_0.username 
    from
        audit_log al1_0 
    where
        (
            ? is null 
            or al1_0.user_id=?
        ) 
        and (
            ? is null 
            or al1_0.action=?
        ) 
        and (
            ? is null 
            or al1_0.resource_type=?
        ) 
        and (
            ? is null 
            or al1_0.created_at>=?
        ) 
        and (
            ? is null 
            or al1_0.created_at<=?
        ) 
    order by
        al1_0.created_at desc 
    limit
        ?, ?
Hibernate: 
    select
        al1_0.id,
        al1_0.action,
        al1_0.cn_pricing_admin,
        al1_0.created_at,
        al1_0.details,
        al1_0.duration_ms,
        al1_0.error_message,
        al1_0.ip_address,
        al1_0.new_value,
        al1_0.old_value,
        al1_0.request_method,
        al1_0.request_url,
        al1_0.resource_id,
        al1_0.resource_name,
        al1_0.resource_type,
        al1_0.status,
        al1_0.user_agent,
        al1_0.user_id,
        al1_0.user_role,
        al1_0.username 
    from
        audit_log al1_0 
    where
        (
            ? is null 
            or al1_0.user_id=?
        ) 
        and (
            ? is null 
            or al1_0.action=?
        ) 
        and (
            ? is null 
            or al1_0.resource_type=?
        ) 
        and (
            ? is null 
            or al1_0.created_at>=?
        ) 
        and (
            ? is null 
            or al1_0.created_at<=?
        ) 
    order by
        al1_0.created_at desc 
    limit
        ?, ?
2026-04-21T17:47:28.874+08:00 DEBUG 10768 --- [logitrack-backend] [0.0-8080-exec-4] org.hibernate.SQL                        : 
    select
        count(al1_0.id) 
    from
        audit_log al1_0 
    where
        (
            ? is null 
            or al1_0.user_id=?
        ) 
        and (
            ? is null 
            or al1_0.action=?
        ) 
        and (
            ? is null 
            or al1_0.resource_type=?
        ) 
        and (
            ? is null 
            or al1_0.created_at>=?
        ) 
        and (
            ? is null 
            or al1_0.created_at<=?
        )
Hibernate: 
    select
        count(al1_0.id) 
    from
        audit_log al1_0 
    where
        (
            ? is null 
            or al1_0.user_id=?
        ) 
        and (
            ? is null 
            or al1_0.action=?
        ) 
        and (
            ? is null 
            or al1_0.resource_type=?
        ) 
        and (
            ? is null 
            or al1_0.created_at>=?
        ) 
        and (
            ? is null 
            or al1_0.created_at<=?
        )
2026-04-21T17:47:29.955+08:00 DEBUG 10768 --- [logitrack-backend] [.0-8080-exec-10] org.hibernate.SQL                        : 
    select
        u1_0.id,
        u1_0.created_at,
        u1_0.created_by,
        u1_0.email,
        u1_0.full_name,
        u1_0.is_active,
        u1_0.last_login_at,
        u1_0.password,
        u1_0.phone,
        r1_0.user_id,
        r1_1.id,
        r1_1.created_at,
        r1_1.description,
        r1_1.is_active,
        r1_1.permissions,
        r1_1.role_code,
        r1_1.role_name,
        r1_1.updated_at,
        u1_0.updated_at,
        u1_0.updated_by,
        u1_0.username 
    from
        user u1_0 
    left join
        (user_role r1_0 
    join
        role r1_1 
            on r1_1.id=r1_0.role_id) 
        on u1_0.id=r1_0.user_id 
    where
        u1_0.id=?
Hibernate: 
    select
        u1_0.id,
        u1_0.created_at,
        u1_0.created_by,
        u1_0.email,
        u1_0.full_name,
        u1_0.is_active,
        u1_0.last_login_at,
        u1_0.password,
        u1_0.phone,
        r1_0.user_id,
        r1_1.id,
        r1_1.created_at,
        r1_1.description,
        r1_1.is_active,
        r1_1.permissions,
        r1_1.role_code,
        r1_1.role_name,
        r1_1.updated_at,
        u1_0.updated_at,
        u1_0.updated_by,
        u1_0.username 
    from
        user u1_0 
    left join
        (user_role r1_0 
    join
        role r1_1 
            on r1_1.id=r1_0.role_id) 
        on u1_0.id=r1_0.user_id 
    where
        u1_0.id=?
2026-04-21T17:47:29.956+08:00 DEBUG 10768 --- [logitrack-backend] [0.0-8080-exec-8] org.hibernate.SQL                        : 
    select
        u1_0.id,
        u1_0.created_at,
        u1_0.created_by,
        u1_0.email,
        u1_0.full_name,
        u1_0.is_active,
        u1_0.last_login_at,
        u1_0.password,
        u1_0.phone,
        r1_0.user_id,
        r1_1.id,
        r1_1.created_at,
        r1_1.description,
        r1_1.is_active,
        r1_1.permissions,
        r1_1.role_code,
        r1_1.role_name,
        r1_1.updated_at,
        u1_0.updated_at,
        u1_0.updated_by,
        u1_0.username 
    from
        user u1_0 
    left join
        (user_role r1_0 
    join
        role r1_1 
            on r1_1.id=r1_0.role_id) 
        on u1_0.id=r1_0.user_id 
    where
        u1_0.id=?
Hibernate: 
    select
        u1_0.id,
        u1_0.created_at,
        u1_0.created_by,
        u1_0.email,
        u1_0.full_name,
        u1_0.is_active,
        u1_0.last_login_at,
        u1_0.password,
        u1_0.phone,
        r1_0.user_id,
        r1_1.id,
        r1_1.created_at,
        r1_1.description,
        r1_1.is_active,
        r1_1.permissions,
        r1_1.role_code,
        r1_1.role_name,
        r1_1.updated_at,
        u1_0.updated_at,
        u1_0.updated_by,
        u1_0.username 
    from
        user u1_0 
    left join
        (user_role r1_0 
    join
        role r1_1 
            on r1_1.id=r1_0.role_id) 
        on u1_0.id=r1_0.user_id 
    where
        u1_0.id=?
2026-04-21T17:47:29.964+08:00 DEBUG 10768 --- [logitrack-backend] [.0-8080-exec-10] org.hibernate.SQL                        : 
    select
        r1_0.id,
        r1_0.created_at,
        r1_0.description,
        r1_0.is_active,
        r1_0.permissions,
        r1_0.role_code,
        r1_0.role_name,
        r1_0.updated_at 
    from
        role r1_0
Hibernate: 
    select
        r1_0.id,
        r1_0.created_at,
        r1_0.description,
        r1_0.is_active,
        r1_0.permissions,
        r1_0.role_code,
        r1_0.role_name,
        r1_0.updated_at 
    from
        role r1_0
2026-04-21T17:47:29.964+08:00 DEBUG 10768 --- [logitrack-backend] [0.0-8080-exec-8] org.hibernate.SQL                        : 
    select
        u1_0.id,
        u1_0.created_at,
        u1_0.created_by,
        u1_0.email,
        u1_0.full_name,
        u1_0.is_active,
        u1_0.last_login_at,
        u1_0.password,
        u1_0.phone,
        u1_0.updated_at,
        u1_0.updated_by,
        u1_0.username 
    from
        user u1_0 
    where
        u1_0.is_active=?
Hibernate: 
    select
        u1_0.id,
        u1_0.created_at,
        u1_0.created_by,
        u1_0.email,
        u1_0.full_name,
        u1_0.is_active,
        u1_0.last_login_at,
        u1_0.password,
        u1_0.phone,
        u1_0.updated_at,
        u1_0.updated_by,
        u1_0.username 
    from
        user u1_0 
    where
        u1_0.is_active=?
2026-04-21T17:47:29.967+08:00 DEBUG 10768 --- [logitrack-backend] [0.0-8080-exec-8] org.hibernate.SQL                        : 
    select
        r1_0.user_id,
        r1_1.id,
        r1_1.created_at,
        r1_1.description,
        r1_1.is_active,
        r1_1.permissions,
        r1_1.role_code,
        r1_1.role_name,
        r1_1.updated_at 
    from
        user_role r1_0 
    join
        role r1_1 
            on r1_1.id=r1_0.role_id 
    where
        r1_0.user_id=?
Hibernate: 
    select
        r1_0.user_id,
        r1_1.id,
        r1_1.created_at,
        r1_1.description,
        r1_1.is_active,
        r1_1.permissions,
        r1_1.role_code,
        r1_1.role_name,
        r1_1.updated_at 
    from
        user_role r1_0 
    join
        role r1_1 
            on r1_1.id=r1_0.role_id 
    where
        r1_0.user_id=?
2026-04-21T17:47:29.969+08:00 DEBUG 10768 --- [logitrack-backend] [0.0-8080-exec-8] org.hibernate.SQL                        : 
    select
        r1_0.user_id,
        r1_1.id,
        r1_1.created_at,
        r1_1.description,
        r1_1.is_active,
        r1_1.permissions,
        r1_1.role_code,
        r1_1.role_name,
        r1_1.updated_at 
    from
        user_role r1_0 
    join
        role r1_1 
            on r1_1.id=r1_0.role_id 
    where
        r1_0.user_id=?
Hibernate: 
    select
        r1_0.user_id,
        r1_1.id,
        r1_1.created_at,
        r1_1.description,
        r1_1.is_active,
        r1_1.permissions,
        r1_1.role_code,
        r1_1.role_name,
        r1_1.updated_at 
    from
        user_role r1_0 
    join
        role r1_1 
            on r1_1.id=r1_0.role_id 
    where
        r1_0.user_id=?
2026-04-21T17:47:29.971+08:00 DEBUG 10768 --- [logitrack-backend] [0.0-8080-exec-8] org.hibernate.SQL                        : 
    select
        r1_0.user_id,
        r1_1.id,
        r1_1.created_at,
        r1_1.description,
        r1_1.is_active,
        r1_1.permissions,
        r1_1.role_code,
        r1_1.role_name,
        r1_1.updated_at 
    from
        user_role r1_0 
    join
        role r1_1 
            on r1_1.id=r1_0.role_id 
    where
        r1_0.user_id=?
Hibernate: 
    select
        r1_0.user_id,
        r1_1.id,
        r1_1.created_at,
        r1_1.description,
        r1_1.is_active,
        r1_1.permissions,
        r1_1.role_code,
        r1_1.role_name,
        r1_1.updated_at 
    from
        user_role r1_0 
    join
        role r1_1 
            on r1_1.id=r1_0.role_id 
    where
        r1_0.user_id=?
2026-04-21T17:47:29.973+08:00 DEBUG 10768 --- [logitrack-backend] [0.0-8080-exec-8] org.hibernate.SQL                        : 
    select
        r1_0.user_id,
        r1_1.id,
        r1_1.created_at,
        r1_1.description,
        r1_1.is_active,
        r1_1.permissions,
        r1_1.role_code,
        r1_1.role_name,
        r1_1.updated_at 
    from
        user_role r1_0 
    join
        role r1_1 
            on r1_1.id=r1_0.role_id 
    where
        r1_0.user_id=?
Hibernate: 
    select
        r1_0.user_id,
        r1_1.id,
        r1_1.created_at,
        r1_1.description,
        r1_1.is_active,
        r1_1.permissions,
        r1_1.role_code,
        r1_1.role_name,
        r1_1.updated_at 
    from
        user_role r1_0 
    join
        role r1_1 
            on r1_1.id=r1_0.role_id 
    where
        r1_0.user_id=?
2026-04-21T17:47:29.975+08:00 DEBUG 10768 --- [logitrack-backend] [0.0-8080-exec-8] org.hibernate.SQL                        : 
    select
        r1_0.user_id,
        r1_1.id,
        r1_1.created_at,
        r1_1.description,
        r1_1.is_active,
        r1_1.permissions,
        r1_1.role_code,
        r1_1.role_name,
        r1_1.updated_at 
    from
        user_role r1_0 
    join
        role r1_1 
            on r1_1.id=r1_0.role_id 
    where
        r1_0.user_id=?
Hibernate: 
    select
        r1_0.user_id,
        r1_1.id,
        r1_1.created_at,
        r1_1.description,
        r1_1.is_active,
        r1_1.permissions,
        r1_1.role_code,
        r1_1.role_name,
        r1_1.updated_at 
    from
        user_role r1_0 
    join
        role r1_1 
            on r1_1.id=r1_0.role_id 
    where
        r1_0.user_id=?
2026-04-21T17:47:30.750+08:00 DEBUG 10768 --- [logitrack-backend] [0.0-8080-exec-2] org.hibernate.SQL                        : 
    select
        u1_0.id,
        u1_0.created_at,
        u1_0.created_by,
        u1_0.email,
        u1_0.full_name,
        u1_0.is_active,
        u1_0.last_login_at,
        u1_0.password,
        u1_0.phone,
        r1_0.user_id,
        r1_1.id,
        r1_1.created_at,
        r1_1.description,
        r1_1.is_active,
        r1_1.permissions,
        r1_1.role_code,
        r1_1.role_name,
        r1_1.updated_at,
        u1_0.updated_at,
        u1_0.updated_by,
        u1_0.username 
    from
        user u1_0 
    left join
        (user_role r1_0 
    join
        role r1_1 
            on r1_1.id=r1_0.role_id) 
        on u1_0.id=r1_0.user_id 
    where
        u1_0.id=?
Hibernate: 
    select
        u1_0.id,
        u1_0.created_at,
        u1_0.created_by,
        u1_0.email,
        u1_0.full_name,
        u1_0.is_active,
        u1_0.last_login_at,
        u1_0.password,
        u1_0.phone,
        r1_0.user_id,
        r1_1.id,
        r1_1.created_at,
        r1_1.description,
        r1_1.is_active,
        r1_1.permissions,
        r1_1.role_code,
        r1_1.role_name,
        r1_1.updated_at,
        u1_0.updated_at,
        u1_0.updated_by,
        u1_0.username 
    from
        user u1_0 
    left join
        (user_role r1_0 
    join
        role r1_1 
            on r1_1.id=r1_0.role_id) 
        on u1_0.id=r1_0.user_id 
    where
        u1_0.id=?
2026-04-21T17:47:30.758+08:00 DEBUG 10768 --- [logitrack-backend] [0.0-8080-exec-2] org.hibernate.SQL                        : 
    select
        r1_0.id,
        r1_0.created_at,
        r1_0.description,
        r1_0.is_active,
        r1_0.permissions,
        r1_0.role_code,
        r1_0.role_name,
        r1_0.updated_at 
    from
        role r1_0
Hibernate: 
    select
        r1_0.id,
        r1_0.created_at,
        r1_0.description,
        r1_0.is_active,
        r1_0.permissions,
        r1_0.role_code,
        r1_0.role_name,
        r1_0.updated_at 
    from
        role r1_0
2026-04-21T17:47:30.956+08:00 DEBUG 10768 --- [logitrack-backend] [0.0-8080-exec-3] org.hibernate.SQL                        : 
    select
        u1_0.id,
        u1_0.created_at,
        u1_0.created_by,
        u1_0.email,
        u1_0.full_name,
        u1_0.is_active,
        u1_0.last_login_at,
        u1_0.password,
        u1_0.phone,
        r1_0.user_id,
        r1_1.id,
        r1_1.created_at,
        r1_1.description,
        r1_1.is_active,
        r1_1.permissions,
        r1_1.role_code,
        r1_1.role_name,
        r1_1.updated_at,
        u1_0.updated_at,
        u1_0.updated_by,
        u1_0.username 
    from
        user u1_0 
    left join
        (user_role r1_0 
    join
        role r1_1 
            on r1_1.id=r1_0.role_id) 
        on u1_0.id=r1_0.user_id 
    where
        u1_0.id=?
Hibernate: 
    select
        u1_0.id,
        u1_0.created_at,
        u1_0.created_by,
        u1_0.email,
        u1_0.full_name,
        u1_0.is_active,
        u1_0.last_login_at,
        u1_0.password,
        u1_0.phone,
        r1_0.user_id,
        r1_1.id,
        r1_1.created_at,
        r1_1.description,
        r1_1.is_active,
        r1_1.permissions,
        r1_1.role_code,
        r1_1.role_name,
        r1_1.updated_at,
        u1_0.updated_at,
        u1_0.updated_by,
        u1_0.username 
    from
        user u1_0 
    left join
        (user_role r1_0 
    join
        role r1_1 
            on r1_1.id=r1_0.role_id) 
        on u1_0.id=r1_0.user_id 
    where
        u1_0.id=?
2026-04-21T17:47:30.964+08:00 DEBUG 10768 --- [logitrack-backend] [0.0-8080-exec-3] org.hibernate.SQL                        : 
    select
        u1_0.id,
        u1_0.created_at,
        u1_0.created_by,
        u1_0.email,
        u1_0.full_name,
        u1_0.is_active,
        u1_0.last_login_at,
        u1_0.password,
        u1_0.phone,
        u1_0.updated_at,
        u1_0.updated_by,
        u1_0.username 
    from
        user u1_0 
    where
        u1_0.is_active=?
Hibernate: 
    select
        u1_0.id,
        u1_0.created_at,
        u1_0.created_by,
        u1_0.email,
        u1_0.full_name,
        u1_0.is_active,
        u1_0.last_login_at,
        u1_0.password,
        u1_0.phone,
        u1_0.updated_at,
        u1_0.updated_by,
        u1_0.username 
    from
        user u1_0 
    where
        u1_0.is_active=?
2026-04-21T17:47:30.967+08:00 DEBUG 10768 --- [logitrack-backend] [0.0-8080-exec-3] org.hibernate.SQL                        : 
    select
        r1_0.user_id,
        r1_1.id,
        r1_1.created_at,
        r1_1.description,
        r1_1.is_active,
        r1_1.permissions,
        r1_1.role_code,
        r1_1.role_name,
        r1_1.updated_at 
    from
        user_role r1_0 
    join
        role r1_1 
            on r1_1.id=r1_0.role_id 
    where
        r1_0.user_id=?
Hibernate: 
    select
        r1_0.user_id,
        r1_1.id,
        r1_1.created_at,
        r1_1.description,
        r1_1.is_active,
        r1_1.permissions,
        r1_1.role_code,
        r1_1.role_name,
        r1_1.updated_at 
    from
        user_role r1_0 
    join
        role r1_1 
            on r1_1.id=r1_0.role_id 
    where
        r1_0.user_id=?
2026-04-21T17:47:30.969+08:00 DEBUG 10768 --- [logitrack-backend] [0.0-8080-exec-3] org.hibernate.SQL                        : 
    select
        r1_0.user_id,
        r1_1.id,
        r1_1.created_at,
        r1_1.description,
        r1_1.is_active,
        r1_1.permissions,
        r1_1.role_code,
        r1_1.role_name,
        r1_1.updated_at 
    from
        user_role r1_0 
    join
        role r1_1 
            on r1_1.id=r1_0.role_id 
    where
        r1_0.user_id=?
Hibernate: 
    select
        r1_0.user_id,
        r1_1.id,
        r1_1.created_at,
        r1_1.description,
        r1_1.is_active,
        r1_1.permissions,
        r1_1.role_code,
        r1_1.role_name,
        r1_1.updated_at 
    from
        user_role r1_0 
    join
        role r1_1 
            on r1_1.id=r1_0.role_id 
    where
        r1_0.user_id=?
2026-04-21T17:47:30.971+08:00 DEBUG 10768 --- [logitrack-backend] [0.0-8080-exec-3] org.hibernate.SQL                        : 
    select
        r1_0.user_id,
        r1_1.id,
        r1_1.created_at,
        r1_1.description,
        r1_1.is_active,
        r1_1.permissions,
        r1_1.role_code,
        r1_1.role_name,
        r1_1.updated_at 
    from
        user_role r1_0 
    join
        role r1_1 
            on r1_1.id=r1_0.role_id 
    where
        r1_0.user_id=?
Hibernate: 
    select
        r1_0.user_id,
        r1_1.id,
        r1_1.created_at,
        r1_1.description,
        r1_1.is_active,
        r1_1.permissions,
        r1_1.role_code,
        r1_1.role_name,
        r1_1.updated_at 
    from
        user_role r1_0 
    join
        role r1_1 
            on r1_1.id=r1_0.role_id 
    where
        r1_0.user_id=?
2026-04-21T17:47:30.973+08:00 DEBUG 10768 --- [logitrack-backend] [0.0-8080-exec-3] org.hibernate.SQL                        : 
    select
        r1_0.user_id,
        r1_1.id,
        r1_1.created_at,
        r1_1.description,
        r1_1.is_active,
        r1_1.permissions,
        r1_1.role_code,
        r1_1.role_name,
        r1_1.updated_at 
    from
        user_role r1_0 
    join
        role r1_1 
            on r1_1.id=r1_0.role_id 
    where
        r1_0.user_id=?
Hibernate: 
    select
        r1_0.user_id,
        r1_1.id,
        r1_1.created_at,
        r1_1.description,
        r1_1.is_active,
        r1_1.permissions,
        r1_1.role_code,
        r1_1.role_name,
        r1_1.updated_at 
    from
        user_role r1_0 
    join
        role r1_1 
            on r1_1.id=r1_0.role_id 
    where
        r1_0.user_id=?
2026-04-21T17:47:30.975+08:00 DEBUG 10768 --- [logitrack-backend] [0.0-8080-exec-3] org.hibernate.SQL                        : 
    select
        r1_0.user_id,
        r1_1.id,
        r1_1.created_at,
        r1_1.description,
        r1_1.is_active,
        r1_1.permissions,
        r1_1.role_code,
        r1_1.role_name,
        r1_1.updated_at 
    from
        user_role r1_0 
    join
        role r1_1 
            on r1_1.id=r1_0.role_id 
    where
        r1_0.user_id=?
Hibernate: 
    select
        r1_0.user_id,
        r1_1.id,
        r1_1.created_at,
        r1_1.description,
        r1_1.is_active,
        r1_1.permissions,
        r1_1.role_code,
        r1_1.role_name,
        r1_1.updated_at 
    from
        user_role r1_0 
    join
        role r1_1 
            on r1_1.id=r1_0.role_id 
    where
        r1_0.user_id=?
2026-04-22T04:34:56.682+08:00  INFO 10768 --- [logitrack-backend] [0.0-8080-exec-7] o.apache.coyote.http11.Http11Processor   : Error parsing HTTP request header
 Note: further occurrences of HTTP request parsing errors will be logged at DEBUG level.

java.lang.IllegalArgumentException: Invalid character found in method name [0x160x030x010x00u0x010x000x00q0x030x03+g0xfd0xeb0x90h0xc20x8a-0xa6rJ0xb32-0xb90x0f0xce0xdcI0x010xa70xb40xb80xca0x950xb0v0xac0x8fZ0xc60x000x000x1a0xc0/0xc0+0xc00x110xc00x070xc00x130xc00x090xc00x140xc00x0a0x000x050x00/0x0050xc00x120x000x0a0x010x000x00.0x000x050x000x050x010x000x000x000x000x000x0a0x000x080x000x060x000x170x000x180x000x190x000x0b0x000x020x010x000x000x0d0x000x0a0x000x080x040x010x040x030x020x010x020x030xff0x010x000x010x00...]. HTTP method names must be tokens
	at org.apache.coyote.http11.Http11InputBuffer.parseRequestLine(Http11InputBuffer.java:407) ~[tomcat-embed-core-10.1.16.jar!/:na]
	at org.apache.coyote.http11.Http11Processor.service(Http11Processor.java:264) ~[tomcat-embed-core-10.1.16.jar!/:na]
	at org.apache.coyote.AbstractProcessorLight.process(AbstractProcessorLight.java:63) ~[tomcat-embed-core-10.1.16.jar!/:na]
	at org.apache.coyote.AbstractProtocol$ConnectionHandler.process(AbstractProtocol.java:896) ~[tomcat-embed-core-10.1.16.jar!/:na]
	at org.apache.tomcat.util.net.NioEndpoint$SocketProcessor.doRun(NioEndpoint.java:1744) ~[tomcat-embed-core-10.1.16.jar!/:na]
	at org.apache.tomcat.util.net.SocketProcessorBase.run(SocketProcessorBase.java:52) ~[tomcat-embed-core-10.1.16.jar!/:na]
	at org.apache.tomcat.util.threads.ThreadPoolExecutor.runWorker(ThreadPoolExecutor.java:1191) ~[tomcat-embed-core-10.1.16.jar!/:na]
	at org.apache.tomcat.util.threads.ThreadPoolExecutor$Worker.run(ThreadPoolExecutor.java:659) ~[tomcat-embed-core-10.1.16.jar!/:na]
	at org.apache.tomcat.util.threads.TaskThread$WrappingRunnable.run(TaskThread.java:61) ~[tomcat-embed-core-10.1.16.jar!/:na]
	at java.base/java.lang.Thread.run(Thread.java:1583) ~[na:na]

2026-04-22T06:38:25.804+08:00 ERROR 10768 --- [logitrack-backend] [0.0-8080-exec-3] o.a.c.c.C.[.[.[/].[dispatcherServlet]    : Servlet.service() for servlet [dispatcherServlet] in context with path [] threw exception [Request processing failed: org.springframework.web.multipart.MultipartException: Failed to parse multipart servlet request] with root cause

org.apache.tomcat.util.http.fileupload.MultipartStream$MalformedStreamException: Stream ended unexpectedly
	at org.apache.tomcat.util.http.fileupload.MultipartStream.readHeaders(MultipartStream.java:520) ~[tomcat-embed-core-10.1.16.jar!/:na]
	at org.apache.tomcat.util.http.fileupload.impl.FileItemIteratorImpl.findNextItem(FileItemIteratorImpl.java:243) ~[tomcat-embed-core-10.1.16.jar!/:na]
	at org.apache.tomcat.util.http.fileupload.impl.FileItemIteratorImpl.hasNext(FileItemIteratorImpl.java:312) ~[tomcat-embed-core-10.1.16.jar!/:na]
	at org.apache.tomcat.util.http.fileupload.FileUploadBase.parseRequest(FileUploadBase.java:280) ~[tomcat-embed-core-10.1.16.jar!/:na]
	at org.apache.catalina.connector.Request.parseParts(Request.java:2784) ~[tomcat-embed-core-10.1.16.jar!/:na]
	at org.apache.catalina.connector.Request.getParts(Request.java:2685) ~[tomcat-embed-core-10.1.16.jar!/:na]
	at org.apache.catalina.connector.RequestFacade.getParts(RequestFacade.java:773) ~[tomcat-embed-core-10.1.16.jar!/:na]
	at org.springframework.web.multipart.support.StandardMultipartHttpServletRequest.parseRequest(StandardMultipartHttpServletRequest.java:93) ~[spring-web-6.1.1.jar!/:6.1.1]
	at org.springframework.web.multipart.support.StandardMultipartHttpServletRequest.<init>(StandardMultipartHttpServletRequest.java:86) ~[spring-web-6.1.1.jar!/:6.1.1]
	at org.springframework.web.multipart.support.StandardServletMultipartResolver.resolveMultipart(StandardServletMultipartResolver.java:112) ~[spring-web-6.1.1.jar!/:6.1.1]
	at org.springframework.web.servlet.DispatcherServlet.checkMultipart(DispatcherServlet.java:1227) ~[spring-webmvc-6.1.1.jar!/:6.1.1]
	at org.springframework.web.servlet.DispatcherServlet.doDispatch(DispatcherServlet.java:1061) ~[spring-webmvc-6.1.1.jar!/:6.1.1]
	at org.springframework.web.servlet.DispatcherServlet.doService(DispatcherServlet.java:979) ~[spring-webmvc-6.1.1.jar!/:6.1.1]
	at org.springframework.web.servlet.FrameworkServlet.processRequest(FrameworkServlet.java:1014) ~[spring-webmvc-6.1.1.jar!/:6.1.1]
	at org.springframework.web.servlet.FrameworkServlet.doPost(FrameworkServlet.java:914) ~[spring-webmvc-6.1.1.jar!/:6.1.1]
	at jakarta.servlet.http.HttpServlet.service(HttpServlet.java:590) ~[tomcat-embed-core-10.1.16.jar!/:na]
	at org.springframework.web.servlet.FrameworkServlet.service(FrameworkServlet.java:885) ~[spring-webmvc-6.1.1.jar!/:6.1.1]
	at jakarta.servlet.http.HttpServlet.service(HttpServlet.java:658) ~[tomcat-embed-core-10.1.16.jar!/:na]
	at org.apache.catalina.core.ApplicationFilterChain.internalDoFilter(ApplicationFilterChain.java:205) ~[tomcat-embed-core-10.1.16.jar!/:na]
	at org.apache.catalina.core.ApplicationFilterChain.doFilter(ApplicationFilterChain.java:149) ~[tomcat-embed-core-10.1.16.jar!/:na]
	at org.apache.tomcat.websocket.server.WsFilter.doFilter(WsFilter.java:51) ~[tomcat-embed-websocket-10.1.16.jar!/:na]
	at org.apache.catalina.core.ApplicationFilterChain.internalDoFilter(ApplicationFilterChain.java:174) ~[tomcat-embed-core-10.1.16.jar!/:na]
	at org.apache.catalina.core.ApplicationFilterChain.doFilter(ApplicationFilterChain.java:149) ~[tomcat-embed-core-10.1.16.jar!/:na]
	at org.springframework.web.filter.RequestContextFilter.doFilterInternal(RequestContextFilter.java:100) ~[spring-web-6.1.1.jar!/:6.1.1]
	at org.springframework.web.filter.OncePerRequestFilter.doFilter(OncePerRequestFilter.java:116) ~[spring-web-6.1.1.jar!/:6.1.1]
	at org.apache.catalina.core.ApplicationFilterChain.internalDoFilter(ApplicationFilterChain.java:174) ~[tomcat-embed-core-10.1.16.jar!/:na]
	at org.apache.catalina.core.ApplicationFilterChain.doFilter(ApplicationFilterChain.java:149) ~[tomcat-embed-core-10.1.16.jar!/:na]
	at org.springframework.web.filter.FormContentFilter.doFilterInternal(FormContentFilter.java:93) ~[spring-web-6.1.1.jar!/:6.1.1]
	at org.springframework.web.filter.OncePerRequestFilter.doFilter(OncePerRequestFilter.java:116) ~[spring-web-6.1.1.jar!/:6.1.1]
	at org.apache.catalina.core.ApplicationFilterChain.internalDoFilter(ApplicationFilterChain.java:174) ~[tomcat-embed-core-10.1.16.jar!/:na]
	at org.apache.catalina.core.ApplicationFilterChain.doFilter(ApplicationFilterChain.java:149) ~[tomcat-embed-core-10.1.16.jar!/:na]
	at org.springframework.web.filter.CharacterEncodingFilter.doFilterInternal(CharacterEncodingFilter.java:201) ~[spring-web-6.1.1.jar!/:6.1.1]
	at org.springframework.web.filter.OncePerRequestFilter.doFilter(OncePerRequestFilter.java:116) ~[spring-web-6.1.1.jar!/:6.1.1]
	at org.apache.catalina.core.ApplicationFilterChain.internalDoFilter(ApplicationFilterChain.java:174) ~[tomcat-embed-core-10.1.16.jar!/:na]
	at org.apache.catalina.core.ApplicationFilterChain.doFilter(ApplicationFilterChain.java:149) ~[tomcat-embed-core-10.1.16.jar!/:na]
	at org.apache.catalina.core.StandardWrapperValve.invoke(StandardWrapperValve.java:167) ~[tomcat-embed-core-10.1.16.jar!/:na]
	at org.apache.catalina.core.StandardContextValve.invoke(StandardContextValve.java:90) ~[tomcat-embed-core-10.1.16.jar!/:na]
	at org.apache.catalina.authenticator.AuthenticatorBase.invoke(AuthenticatorBase.java:482) ~[tomcat-embed-core-10.1.16.jar!/:na]
	at org.apache.catalina.core.StandardHostValve.invoke(StandardHostValve.java:115) ~[tomcat-embed-core-10.1.16.jar!/:na]
	at org.apache.catalina.valves.ErrorReportValve.invoke(ErrorReportValve.java:93) ~[tomcat-embed-core-10.1.16.jar!/:na]
	at org.apache.catalina.core.StandardEngineValve.invoke(StandardEngineValve.java:74) ~[tomcat-embed-core-10.1.16.jar!/:na]
	at org.apache.catalina.connector.CoyoteAdapter.service(CoyoteAdapter.java:340) ~[tomcat-embed-core-10.1.16.jar!/:na]
	at org.apache.coyote.http11.Http11Processor.service(Http11Processor.java:391) ~[tomcat-embed-core-10.1.16.jar!/:na]
	at org.apache.coyote.AbstractProcessorLight.process(AbstractProcessorLight.java:63) ~[tomcat-embed-core-10.1.16.jar!/:na]
	at org.apache.coyote.AbstractProtocol$ConnectionHandler.process(AbstractProtocol.java:896) ~[tomcat-embed-core-10.1.16.jar!/:na]
	at org.apache.tomcat.util.net.NioEndpoint$SocketProcessor.doRun(NioEndpoint.java:1744) ~[tomcat-embed-core-10.1.16.jar!/:na]
	at org.apache.tomcat.util.net.SocketProcessorBase.run(SocketProcessorBase.java:52) ~[tomcat-embed-core-10.1.16.jar!/:na]
	at org.apache.tomcat.util.threads.ThreadPoolExecutor.runWorker(ThreadPoolExecutor.java:1191) ~[tomcat-embed-core-10.1.16.jar!/:na]
	at org.apache.tomcat.util.threads.ThreadPoolExecutor$Worker.run(ThreadPoolExecutor.java:659) ~[tomcat-embed-core-10.1.16.jar!/:na]
	at org.apache.tomcat.util.threads.TaskThread$WrappingRunnable.run(TaskThread.java:61) ~[tomcat-embed-core-10.1.16.jar!/:na]
	at java.base/java.lang.Thread.run(Thread.java:1583) ~[na:na]

2026-04-22T06:38:28.248+08:00 ERROR 10768 --- [logitrack-backend] [0.0-8080-exec-7] o.a.c.c.C.[.[.[/].[dispatcherServlet]    : Servlet.service() for servlet [dispatcherServlet] in context with path [] threw exception [Request processing failed: org.springframework.web.multipart.MultipartException: Failed to parse multipart servlet request] with root cause

org.apache.tomcat.util.http.fileupload.MultipartStream$MalformedStreamException: Stream ended unexpectedly
	at org.apache.tomcat.util.http.fileupload.MultipartStream.readHeaders(MultipartStream.java:520) ~[tomcat-embed-core-10.1.16.jar!/:na]
	at org.apache.tomcat.util.http.fileupload.impl.FileItemIteratorImpl.findNextItem(FileItemIteratorImpl.java:243) ~[tomcat-embed-core-10.1.16.jar!/:na]
	at org.apache.tomcat.util.http.fileupload.impl.FileItemIteratorImpl.hasNext(FileItemIteratorImpl.java:312) ~[tomcat-embed-core-10.1.16.jar!/:na]
	at org.apache.tomcat.util.http.fileupload.FileUploadBase.parseRequest(FileUploadBase.java:280) ~[tomcat-embed-core-10.1.16.jar!/:na]
	at org.apache.catalina.connector.Request.parseParts(Request.java:2784) ~[tomcat-embed-core-10.1.16.jar!/:na]
	at org.apache.catalina.connector.Request.getParts(Request.java:2685) ~[tomcat-embed-core-10.1.16.jar!/:na]
	at org.apache.catalina.connector.RequestFacade.getParts(RequestFacade.java:773) ~[tomcat-embed-core-10.1.16.jar!/:na]
	at org.springframework.web.multipart.support.StandardMultipartHttpServletRequest.parseRequest(StandardMultipartHttpServletRequest.java:93) ~[spring-web-6.1.1.jar!/:6.1.1]
	at org.springframework.web.multipart.support.StandardMultipartHttpServletRequest.<init>(StandardMultipartHttpServletRequest.java:86) ~[spring-web-6.1.1.jar!/:6.1.1]
	at org.springframework.web.multipart.support.StandardServletMultipartResolver.resolveMultipart(StandardServletMultipartResolver.java:112) ~[spring-web-6.1.1.jar!/:6.1.1]
	at org.springframework.web.servlet.DispatcherServlet.checkMultipart(DispatcherServlet.java:1227) ~[spring-webmvc-6.1.1.jar!/:6.1.1]
	at org.springframework.web.servlet.DispatcherServlet.doDispatch(DispatcherServlet.java:1061) ~[spring-webmvc-6.1.1.jar!/:6.1.1]
	at org.springframework.web.servlet.DispatcherServlet.doService(DispatcherServlet.java:979) ~[spring-webmvc-6.1.1.jar!/:6.1.1]
	at org.springframework.web.servlet.FrameworkServlet.processRequest(FrameworkServlet.java:1014) ~[spring-webmvc-6.1.1.jar!/:6.1.1]
	at org.springframework.web.servlet.FrameworkServlet.doPost(FrameworkServlet.java:914) ~[spring-webmvc-6.1.1.jar!/:6.1.1]
	at jakarta.servlet.http.HttpServlet.service(HttpServlet.java:590) ~[tomcat-embed-core-10.1.16.jar!/:na]
	at org.springframework.web.servlet.FrameworkServlet.service(FrameworkServlet.java:885) ~[spring-webmvc-6.1.1.jar!/:6.1.1]
	at jakarta.servlet.http.HttpServlet.service(HttpServlet.java:658) ~[tomcat-embed-core-10.1.16.jar!/:na]
	at org.apache.catalina.core.ApplicationFilterChain.internalDoFilter(ApplicationFilterChain.java:205) ~[tomcat-embed-core-10.1.16.jar!/:na]
	at org.apache.catalina.core.ApplicationFilterChain.doFilter(ApplicationFilterChain.java:149) ~[tomcat-embed-core-10.1.16.jar!/:na]
	at org.apache.tomcat.websocket.server.WsFilter.doFilter(WsFilter.java:51) ~[tomcat-embed-websocket-10.1.16.jar!/:na]
	at org.apache.catalina.core.ApplicationFilterChain.internalDoFilter(ApplicationFilterChain.java:174) ~[tomcat-embed-core-10.1.16.jar!/:na]
	at org.apache.catalina.core.ApplicationFilterChain.doFilter(ApplicationFilterChain.java:149) ~[tomcat-embed-core-10.1.16.jar!/:na]
	at org.springframework.web.filter.RequestContextFilter.doFilterInternal(RequestContextFilter.java:100) ~[spring-web-6.1.1.jar!/:6.1.1]
	at org.springframework.web.filter.OncePerRequestFilter.doFilter(OncePerRequestFilter.java:116) ~[spring-web-6.1.1.jar!/:6.1.1]
	at org.apache.catalina.core.ApplicationFilterChain.internalDoFilter(ApplicationFilterChain.java:174) ~[tomcat-embed-core-10.1.16.jar!/:na]
	at org.apache.catalina.core.ApplicationFilterChain.doFilter(ApplicationFilterChain.java:149) ~[tomcat-embed-core-10.1.16.jar!/:na]
	at org.springframework.web.filter.FormContentFilter.doFilterInternal(FormContentFilter.java:93) ~[spring-web-6.1.1.jar!/:6.1.1]
	at org.springframework.web.filter.OncePerRequestFilter.doFilter(OncePerRequestFilter.java:116) ~[spring-web-6.1.1.jar!/:6.1.1]
	at org.apache.catalina.core.ApplicationFilterChain.internalDoFilter(ApplicationFilterChain.java:174) ~[tomcat-embed-core-10.1.16.jar!/:na]
	at org.apache.catalina.core.ApplicationFilterChain.doFilter(ApplicationFilterChain.java:149) ~[tomcat-embed-core-10.1.16.jar!/:na]
	at org.springframework.web.filter.CharacterEncodingFilter.doFilterInternal(CharacterEncodingFilter.java:201) ~[spring-web-6.1.1.jar!/:6.1.1]
	at org.springframework.web.filter.OncePerRequestFilter.doFilter(OncePerRequestFilter.java:116) ~[spring-web-6.1.1.jar!/:6.1.1]
	at org.apache.catalina.core.ApplicationFilterChain.internalDoFilter(ApplicationFilterChain.java:174) ~[tomcat-embed-core-10.1.16.jar!/:na]
	at org.apache.catalina.core.ApplicationFilterChain.doFilter(ApplicationFilterChain.java:149) ~[tomcat-embed-core-10.1.16.jar!/:na]
	at org.apache.catalina.core.StandardWrapperValve.invoke(StandardWrapperValve.java:167) ~[tomcat-embed-core-10.1.16.jar!/:na]
	at org.apache.catalina.core.StandardContextValve.invoke(StandardContextValve.java:90) ~[tomcat-embed-core-10.1.16.jar!/:na]
	at org.apache.catalina.authenticator.AuthenticatorBase.invoke(AuthenticatorBase.java:482) ~[tomcat-embed-core-10.1.16.jar!/:na]
	at org.apache.catalina.core.StandardHostValve.invoke(StandardHostValve.java:115) ~[tomcat-embed-core-10.1.16.jar!/:na]
	at org.apache.catalina.valves.ErrorReportValve.invoke(ErrorReportValve.java:93) ~[tomcat-embed-core-10.1.16.jar!/:na]
	at org.apache.catalina.core.StandardEngineValve.invoke(StandardEngineValve.java:74) ~[tomcat-embed-core-10.1.16.jar!/:na]
	at org.apache.catalina.connector.CoyoteAdapter.service(CoyoteAdapter.java:340) ~[tomcat-embed-core-10.1.16.jar!/:na]
	at org.apache.coyote.http11.Http11Processor.service(Http11Processor.java:391) ~[tomcat-embed-core-10.1.16.jar!/:na]
	at org.apache.coyote.AbstractProcessorLight.process(AbstractProcessorLight.java:63) ~[tomcat-embed-core-10.1.16.jar!/:na]
	at org.apache.coyote.AbstractProtocol$ConnectionHandler.process(AbstractProtocol.java:896) ~[tomcat-embed-core-10.1.16.jar!/:na]
	at org.apache.tomcat.util.net.NioEndpoint$SocketProcessor.doRun(NioEndpoint.java:1744) ~[tomcat-embed-core-10.1.16.jar!/:na]
	at org.apache.tomcat.util.net.SocketProcessorBase.run(SocketProcessorBase.java:52) ~[tomcat-embed-core-10.1.16.jar!/:na]
	at org.apache.tomcat.util.threads.ThreadPoolExecutor.runWorker(ThreadPoolExecutor.java:1191) ~[tomcat-embed-core-10.1.16.jar!/:na]
	at org.apache.tomcat.util.threads.ThreadPoolExecutor$Worker.run(ThreadPoolExecutor.java:659) ~[tomcat-embed-core-10.1.16.jar!/:na]
	at org.apache.tomcat.util.threads.TaskThread$WrappingRunnable.run(TaskThread.java:61) ~[tomcat-embed-core-10.1.16.jar!/:na]
	at java.base/java.lang.Thread.run(Thread.java:1583) ~[na:na]

