
  .   ____          _            __ _ _
 /\\ / ___'_ __ _ _(_)_ __  __ _ \ \ \ \
( ( )\___ | '_ | '_| | '_ \/ _` | \ \ \ \
 \\/  ___)| |_)| | | | | || (_| |  ) ) ) )
  '  |____| .__|_| |_|_| |_\__, | / / / /
 =========|_|==============|___/=/_/_/_/
 :: Spring Boot ::                (v3.2.0)

2026-02-06T16:07:25.187+08:00  INFO 11568 --- [logitrack-backend] [           main] c.l.backend.LogiTrackApplication         : Starting LogiTrackApplication v1.0.0 using Java 21.0.9 with PID 11568 (C:\logitrack\LogiTrack--update-status-report-20260126023903\backend\target\logitrack-backend-1.0.0.jar started by Administrator in C:\logitrack\LogiTrack--update-status-report-20260126023903\backend)
2026-02-06T16:07:25.192+08:00  INFO 11568 --- [logitrack-backend] [           main] c.l.backend.LogiTrackApplication         : The following 1 profile is active: "mysql"
2026-02-06T16:07:27.248+08:00  INFO 11568 --- [logitrack-backend] [           main] .s.d.r.c.RepositoryConfigurationDelegate : Bootstrapping Spring Data JPA repositories in DEFAULT mode.
2026-02-06T16:07:27.386+08:00  INFO 11568 --- [logitrack-backend] [           main] .s.d.r.c.RepositoryConfigurationDelegate : Finished Spring Data repository scanning in 126 ms. Found 12 JPA repository interfaces.
2026-02-06T16:07:28.326+08:00  INFO 11568 --- [logitrack-backend] [           main] o.s.b.w.embedded.tomcat.TomcatWebServer  : Tomcat initialized with port 8888 (http)
2026-02-06T16:07:28.339+08:00  INFO 11568 --- [logitrack-backend] [           main] o.apache.catalina.core.StandardService   : Starting service [Tomcat]
2026-02-06T16:07:28.339+08:00  INFO 11568 --- [logitrack-backend] [           main] o.apache.catalina.core.StandardEngine    : Starting Servlet engine: [Apache Tomcat/10.1.16]
2026-02-06T16:07:28.420+08:00  INFO 11568 --- [logitrack-backend] [           main] o.a.c.c.C.[Tomcat].[localhost].[/]       : Initializing Spring embedded WebApplicationContext
2026-02-06T16:07:28.421+08:00  INFO 11568 --- [logitrack-backend] [           main] w.s.c.ServletWebServerApplicationContext : Root WebApplicationContext: initialization completed in 3100 ms
2026-02-06T16:07:28.682+08:00  INFO 11568 --- [logitrack-backend] [           main] o.hibernate.jpa.internal.util.LogHelper  : HHH000204: Processing PersistenceUnitInfo [name: default]
2026-02-06T16:07:28.820+08:00  INFO 11568 --- [logitrack-backend] [           main] org.hibernate.Version                    : HHH000412: Hibernate ORM core version 6.3.1.Final
2026-02-06T16:07:28.967+08:00  INFO 11568 --- [logitrack-backend] [           main] o.h.c.internal.RegionFactoryInitiator    : HHH000026: Second-level cache disabled
2026-02-06T16:07:29.463+08:00  INFO 11568 --- [logitrack-backend] [           main] o.s.o.j.p.SpringPersistenceUnitInfo      : No LoadTimeWeaver setup: ignoring JPA class transformer
2026-02-06T16:07:29.497+08:00  INFO 11568 --- [logitrack-backend] [           main] com.zaxxer.hikari.HikariDataSource       : HikariPool-1 - Starting...
2026-02-06T16:07:29.764+08:00  INFO 11568 --- [logitrack-backend] [           main] com.zaxxer.hikari.pool.HikariPool        : HikariPool-1 - Added connection com.mysql.cj.jdbc.ConnectionImpl@7fc7152e
2026-02-06T16:07:29.767+08:00  INFO 11568 --- [logitrack-backend] [           main] com.zaxxer.hikari.HikariDataSource       : HikariPool-1 - Start completed.
2026-02-06T16:07:29.828+08:00  WARN 11568 --- [logitrack-backend] [           main] org.hibernate.orm.deprecation            : HHH90000025: MySQLDialect does not need to be specified explicitly using 'hibernate.dialect' (remove the property setting and it will be selected by default)
2026-02-06T16:07:32.136+08:00  INFO 11568 --- [logitrack-backend] [           main] o.h.e.t.j.p.i.JtaPlatformInitiator       : HHH000489: No JTA platform available (set 'hibernate.transaction.jta.platform' to enable JTA platform integration)
2026-02-06T16:07:32.204+08:00  INFO 11568 --- [logitrack-backend] [           main] j.LocalContainerEntityManagerFactoryBean : Initialized JPA EntityManagerFactory for persistence unit 'default'
2026-02-06T16:07:32.971+08:00  INFO 11568 --- [logitrack-backend] [           main] o.s.d.j.r.query.QueryEnhancerFactory     : Hibernate is in classpath; If applicable, HQL parser will be used.
2026-02-06T16:07:34.938+08:00  WARN 11568 --- [logitrack-backend] [           main] JpaBaseConfiguration$JpaWebConfiguration : spring.jpa.open-in-view is enabled by default. Therefore, database queries may be performed during view rendering. Explicitly configure spring.jpa.open-in-view to disable this warning
2026-02-06T16:07:35.958+08:00  INFO 11568 --- [logitrack-backend] [           main] o.s.b.w.embedded.tomcat.TomcatWebServer  : Tomcat started on port 8888 (http) with context path ''
2026-02-06T16:07:36.030+08:00  INFO 11568 --- [logitrack-backend] [           main] c.l.backend.LogiTrackApplication         : Started LogiTrackApplication in 11.799 seconds (process running for 12.978)
2026-02-06T16:08:31.231+08:00  INFO 11568 --- [logitrack-backend] [nio-8888-exec-1] o.a.c.c.C.[Tomcat].[localhost].[/]       : Initializing Spring DispatcherServlet 'dispatcherServlet'
2026-02-06T16:08:31.231+08:00  INFO 11568 --- [logitrack-backend] [nio-8888-exec-1] o.s.web.servlet.DispatcherServlet        : Initializing Servlet 'dispatcherServlet'
2026-02-06T16:08:31.232+08:00  INFO 11568 --- [logitrack-backend] [nio-8888-exec-1] o.s.web.servlet.DispatcherServlet        : Completed initialization in 1 ms
2026-02-06T16:08:31.300+08:00  INFO 11568 --- [logitrack-backend] [nio-8888-exec-1] c.l.b.controller.EnquiryController       : GET /api/enquiries - page=0, size=10, keyword=null
2026-02-06T16:08:31.440+08:00 DEBUG 11568 --- [logitrack-backend] [nio-8888-exec-1] org.hibernate.SQL                        : 
    select
        e1_0.id,
        e1_0.actual_reason,
        e1_0.additional_requirement,
        e1_0.assigned_cn_office_code,
        e1_0.booking_confirmed,
        e1_0.cargo_ready_date,
        e1_0.cargo_ready_date_raw_text,
        e1_0.cargo_type_code,
        e1_0.category_code,
        e1_0.cn_pricing_admin,
        e1_0.commodity,
        e1_0.core_flag,
        e1_0.created_at,
        e1_0.created_by,
        e1_0.enquiry_offer_type,
        e1_0.enquiry_received_date,
        e1_0.haz_special_equipment,
        e1_0.issue_date,
        e1_0.monthly_sequence,
        e1_0.pod_country_code,
        e1_0.pod_id,
        e1_0.pol_id,
        e1_0.product_abbr,
        e1_0.product_code,
        e1_0.quantity,
        e1_0.quantity_raw_text,
        e1_0.quantity_teu,
        e1_0.quantity_teu_raw_text,
        e1_0.quantity_uom_code,
        e1_0.quantity_uom_raw_text,
        e1_0.reference_month,
        e1_0.reference_number,
        e1_0.rejected_reason,
        e1_0.remark,
        e1_0.reserve_field_1,
        e1_0.reserve_field_2,
        e1_0.reserve_field_3,
        e1_0.reserve_field_4,
        e1_0.reserve_field_5,
        e1_0.sales_country_code,
        e1_0.sales_office_id,
        e1_0.sales_pic_id,
        e1_0.serial_number,
        e1_0.status,
        e1_0.updated_at,
        e1_0.updated_by,
        e1_0.volume_cbm,
        e1_0.volume_raw_text 
    from
        enquiry e1_0 
    order by
        e1_0.id desc 
    limit
        ?, ?
Hibernate: 
    select
        e1_0.id,
        e1_0.actual_reason,
        e1_0.additional_requirement,
        e1_0.assigned_cn_office_code,
        e1_0.booking_confirmed,
        e1_0.cargo_ready_date,
        e1_0.cargo_ready_date_raw_text,
        e1_0.cargo_type_code,
        e1_0.category_code,
        e1_0.cn_pricing_admin,
        e1_0.commodity,
        e1_0.core_flag,
        e1_0.created_at,
        e1_0.created_by,
        e1_0.enquiry_offer_type,
        e1_0.enquiry_received_date,
        e1_0.haz_special_equipment,
        e1_0.issue_date,
        e1_0.monthly_sequence,
        e1_0.pod_country_code,
        e1_0.pod_id,
        e1_0.pol_id,
        e1_0.product_abbr,
        e1_0.product_code,
        e1_0.quantity,
        e1_0.quantity_raw_text,
        e1_0.quantity_teu,
        e1_0.quantity_teu_raw_text,
        e1_0.quantity_uom_code,
        e1_0.quantity_uom_raw_text,
        e1_0.reference_month,
        e1_0.reference_number,
        e1_0.rejected_reason,
        e1_0.remark,
        e1_0.reserve_field_1,
        e1_0.reserve_field_2,
        e1_0.reserve_field_3,
        e1_0.reserve_field_4,
        e1_0.reserve_field_5,
        e1_0.sales_country_code,
        e1_0.sales_office_id,
        e1_0.sales_pic_id,
        e1_0.serial_number,
        e1_0.status,
        e1_0.updated_at,
        e1_0.updated_by,
        e1_0.volume_cbm,
        e1_0.volume_raw_text 
    from
        enquiry e1_0 
    order by
        e1_0.id desc 
    limit
        ?, ?
2026-02-06T16:08:31.529+08:00 DEBUG 11568 --- [logitrack-backend] [nio-8888-exec-1] org.hibernate.SQL                        : 
    select
        count(e1_0.id) 
    from
        enquiry e1_0
Hibernate: 
    select
        count(e1_0.id) 
    from
        enquiry e1_0
2026-02-06T16:08:31.555+08:00 DEBUG 11568 --- [logitrack-backend] [nio-8888-exec-1] org.hibernate.SQL                        : 
    select
        ep1_0.id,
        ep1_0.created_at,
        ep1_0.enquiry_id,
        ep1_0.port_id,
        ep1_0.sequence 
    from
        enquiry_pol ep1_0 
    where
        ep1_0.enquiry_id=? 
    order by
        ep1_0.sequence
Hibernate: 
    select
        ep1_0.id,
        ep1_0.created_at,
        ep1_0.enquiry_id,
        ep1_0.port_id,
        ep1_0.sequence 
    from
        enquiry_pol ep1_0 
    where
        ep1_0.enquiry_id=? 
    order by
        ep1_0.sequence
2026-02-06T16:08:31.562+08:00 DEBUG 11568 --- [logitrack-backend] [nio-8888-exec-1] org.hibernate.SQL                        : 
    select
        ep1_0.id,
        ep1_0.created_at,
        ep1_0.enquiry_id,
        ep1_0.port_id,
        ep1_0.sequence 
    from
        enquiry_pod ep1_0 
    where
        ep1_0.enquiry_id=? 
    order by
        ep1_0.sequence
Hibernate: 
    select
        ep1_0.id,
        ep1_0.created_at,
        ep1_0.enquiry_id,
        ep1_0.port_id,
        ep1_0.sequence 
    from
        enquiry_pod ep1_0 
    where
        ep1_0.enquiry_id=? 
    order by
        ep1_0.sequence
2026-02-06T16:08:31.567+08:00 DEBUG 11568 --- [logitrack-backend] [nio-8888-exec-1] org.hibernate.SQL                        : 
    select
        ep1_0.id,
        ep1_0.created_at,
        ep1_0.enquiry_id,
        ep1_0.port_id,
        ep1_0.sequence 
    from
        enquiry_pol ep1_0 
    where
        ep1_0.enquiry_id=? 
    order by
        ep1_0.sequence
Hibernate: 
    select
        ep1_0.id,
        ep1_0.created_at,
        ep1_0.enquiry_id,
        ep1_0.port_id,
        ep1_0.sequence 
    from
        enquiry_pol ep1_0 
    where
        ep1_0.enquiry_id=? 
    order by
        ep1_0.sequence
2026-02-06T16:08:31.570+08:00 DEBUG 11568 --- [logitrack-backend] [nio-8888-exec-1] org.hibernate.SQL                        : 
    select
        ep1_0.id,
        ep1_0.created_at,
        ep1_0.enquiry_id,
        ep1_0.port_id,
        ep1_0.sequence 
    from
        enquiry_pod ep1_0 
    where
        ep1_0.enquiry_id=? 
    order by
        ep1_0.sequence
Hibernate: 
    select
        ep1_0.id,
        ep1_0.created_at,
        ep1_0.enquiry_id,
        ep1_0.port_id,
        ep1_0.sequence 
    from
        enquiry_pod ep1_0 
    where
        ep1_0.enquiry_id=? 
    order by
        ep1_0.sequence
2026-02-06T16:08:31.574+08:00 DEBUG 11568 --- [logitrack-backend] [nio-8888-exec-1] org.hibernate.SQL                        : 
    select
        ep1_0.id,
        ep1_0.created_at,
        ep1_0.enquiry_id,
        ep1_0.port_id,
        ep1_0.sequence 
    from
        enquiry_pol ep1_0 
    where
        ep1_0.enquiry_id=? 
    order by
        ep1_0.sequence
Hibernate: 
    select
        ep1_0.id,
        ep1_0.created_at,
        ep1_0.enquiry_id,
        ep1_0.port_id,
        ep1_0.sequence 
    from
        enquiry_pol ep1_0 
    where
        ep1_0.enquiry_id=? 
    order by
        ep1_0.sequence
2026-02-06T16:08:31.582+08:00 DEBUG 11568 --- [logitrack-backend] [nio-8888-exec-1] org.hibernate.SQL                        : 
    select
        ep1_0.id,
        ep1_0.created_at,
        ep1_0.enquiry_id,
        ep1_0.port_id,
        ep1_0.sequence 
    from
        enquiry_pod ep1_0 
    where
        ep1_0.enquiry_id=? 
    order by
        ep1_0.sequence
Hibernate: 
    select
        ep1_0.id,
        ep1_0.created_at,
        ep1_0.enquiry_id,
        ep1_0.port_id,
        ep1_0.sequence 
    from
        enquiry_pod ep1_0 
    where
        ep1_0.enquiry_id=? 
    order by
        ep1_0.sequence
2026-02-06T16:08:31.588+08:00 DEBUG 11568 --- [logitrack-backend] [nio-8888-exec-1] org.hibernate.SQL                        : 
    select
        ep1_0.id,
        ep1_0.created_at,
        ep1_0.enquiry_id,
        ep1_0.port_id,
        ep1_0.sequence 
    from
        enquiry_pol ep1_0 
    where
        ep1_0.enquiry_id=? 
    order by
        ep1_0.sequence
Hibernate: 
    select
        ep1_0.id,
        ep1_0.created_at,
        ep1_0.enquiry_id,
        ep1_0.port_id,
        ep1_0.sequence 
    from
        enquiry_pol ep1_0 
    where
        ep1_0.enquiry_id=? 
    order by
        ep1_0.sequence
2026-02-06T16:08:31.592+08:00 DEBUG 11568 --- [logitrack-backend] [nio-8888-exec-1] org.hibernate.SQL                        : 
    select
        ep1_0.id,
        ep1_0.created_at,
        ep1_0.enquiry_id,
        ep1_0.port_id,
        ep1_0.sequence 
    from
        enquiry_pod ep1_0 
    where
        ep1_0.enquiry_id=? 
    order by
        ep1_0.sequence
Hibernate: 
    select
        ep1_0.id,
        ep1_0.created_at,
        ep1_0.enquiry_id,
        ep1_0.port_id,
        ep1_0.sequence 
    from
        enquiry_pod ep1_0 
    where
        ep1_0.enquiry_id=? 
    order by
        ep1_0.sequence
2026-02-06T16:08:31.596+08:00 DEBUG 11568 --- [logitrack-backend] [nio-8888-exec-1] org.hibernate.SQL                        : 
    select
        ep1_0.id,
        ep1_0.created_at,
        ep1_0.enquiry_id,
        ep1_0.port_id,
        ep1_0.sequence 
    from
        enquiry_pol ep1_0 
    where
        ep1_0.enquiry_id=? 
    order by
        ep1_0.sequence
Hibernate: 
    select
        ep1_0.id,
        ep1_0.created_at,
        ep1_0.enquiry_id,
        ep1_0.port_id,
        ep1_0.sequence 
    from
        enquiry_pol ep1_0 
    where
        ep1_0.enquiry_id=? 
    order by
        ep1_0.sequence
2026-02-06T16:08:31.599+08:00 DEBUG 11568 --- [logitrack-backend] [nio-8888-exec-1] org.hibernate.SQL                        : 
    select
        ep1_0.id,
        ep1_0.created_at,
        ep1_0.enquiry_id,
        ep1_0.port_id,
        ep1_0.sequence 
    from
        enquiry_pod ep1_0 
    where
        ep1_0.enquiry_id=? 
    order by
        ep1_0.sequence
Hibernate: 
    select
        ep1_0.id,
        ep1_0.created_at,
        ep1_0.enquiry_id,
        ep1_0.port_id,
        ep1_0.sequence 
    from
        enquiry_pod ep1_0 
    where
        ep1_0.enquiry_id=? 
    order by
        ep1_0.sequence
2026-02-06T16:08:31.603+08:00 DEBUG 11568 --- [logitrack-backend] [nio-8888-exec-1] org.hibernate.SQL                        : 
    select
        ep1_0.id,
        ep1_0.created_at,
        ep1_0.enquiry_id,
        ep1_0.port_id,
        ep1_0.sequence 
    from
        enquiry_pol ep1_0 
    where
        ep1_0.enquiry_id=? 
    order by
        ep1_0.sequence
Hibernate: 
    select
        ep1_0.id,
        ep1_0.created_at,
        ep1_0.enquiry_id,
        ep1_0.port_id,
        ep1_0.sequence 
    from
        enquiry_pol ep1_0 
    where
        ep1_0.enquiry_id=? 
    order by
        ep1_0.sequence
2026-02-06T16:08:31.606+08:00 DEBUG 11568 --- [logitrack-backend] [nio-8888-exec-1] org.hibernate.SQL                        : 
    select
        ep1_0.id,
        ep1_0.created_at,
        ep1_0.enquiry_id,
        ep1_0.port_id,
        ep1_0.sequence 
    from
        enquiry_pod ep1_0 
    where
        ep1_0.enquiry_id=? 
    order by
        ep1_0.sequence
Hibernate: 
    select
        ep1_0.id,
        ep1_0.created_at,
        ep1_0.enquiry_id,
        ep1_0.port_id,
        ep1_0.sequence 
    from
        enquiry_pod ep1_0 
    where
        ep1_0.enquiry_id=? 
    order by
        ep1_0.sequence
2026-02-06T16:08:31.610+08:00 DEBUG 11568 --- [logitrack-backend] [nio-8888-exec-1] org.hibernate.SQL                        : 
    select
        ep1_0.id,
        ep1_0.created_at,
        ep1_0.enquiry_id,
        ep1_0.port_id,
        ep1_0.sequence 
    from
        enquiry_pol ep1_0 
    where
        ep1_0.enquiry_id=? 
    order by
        ep1_0.sequence
Hibernate: 
    select
        ep1_0.id,
        ep1_0.created_at,
        ep1_0.enquiry_id,
        ep1_0.port_id,
        ep1_0.sequence 
    from
        enquiry_pol ep1_0 
    where
        ep1_0.enquiry_id=? 
    order by
        ep1_0.sequence
2026-02-06T16:08:31.615+08:00 DEBUG 11568 --- [logitrack-backend] [nio-8888-exec-1] org.hibernate.SQL                        : 
    select
        ep1_0.id,
        ep1_0.created_at,
        ep1_0.enquiry_id,
        ep1_0.port_id,
        ep1_0.sequence 
    from
        enquiry_pod ep1_0 
    where
        ep1_0.enquiry_id=? 
    order by
        ep1_0.sequence
Hibernate: 
    select
        ep1_0.id,
        ep1_0.created_at,
        ep1_0.enquiry_id,
        ep1_0.port_id,
        ep1_0.sequence 
    from
        enquiry_pod ep1_0 
    where
        ep1_0.enquiry_id=? 
    order by
        ep1_0.sequence
2026-02-06T16:08:31.619+08:00 DEBUG 11568 --- [logitrack-backend] [nio-8888-exec-1] org.hibernate.SQL                        : 
    select
        ep1_0.id,
        ep1_0.created_at,
        ep1_0.enquiry_id,
        ep1_0.port_id,
        ep1_0.sequence 
    from
        enquiry_pol ep1_0 
    where
        ep1_0.enquiry_id=? 
    order by
        ep1_0.sequence
Hibernate: 
    select
        ep1_0.id,
        ep1_0.created_at,
        ep1_0.enquiry_id,
        ep1_0.port_id,
        ep1_0.sequence 
    from
        enquiry_pol ep1_0 
    where
        ep1_0.enquiry_id=? 
    order by
        ep1_0.sequence
2026-02-06T16:08:31.625+08:00 DEBUG 11568 --- [logitrack-backend] [nio-8888-exec-1] org.hibernate.SQL                        : 
    select
        ep1_0.id,
        ep1_0.created_at,
        ep1_0.enquiry_id,
        ep1_0.port_id,
        ep1_0.sequence 
    from
        enquiry_pod ep1_0 
    where
        ep1_0.enquiry_id=? 
    order by
        ep1_0.sequence
Hibernate: 
    select
        ep1_0.id,
        ep1_0.created_at,
        ep1_0.enquiry_id,
        ep1_0.port_id,
        ep1_0.sequence 
    from
        enquiry_pod ep1_0 
    where
        ep1_0.enquiry_id=? 
    order by
        ep1_0.sequence
2026-02-06T16:08:31.630+08:00 DEBUG 11568 --- [logitrack-backend] [nio-8888-exec-1] org.hibernate.SQL                        : 
    select
        ep1_0.id,
        ep1_0.created_at,
        ep1_0.enquiry_id,
        ep1_0.port_id,
        ep1_0.sequence 
    from
        enquiry_pol ep1_0 
    where
        ep1_0.enquiry_id=? 
    order by
        ep1_0.sequence
Hibernate: 
    select
        ep1_0.id,
        ep1_0.created_at,
        ep1_0.enquiry_id,
        ep1_0.port_id,
        ep1_0.sequence 
    from
        enquiry_pol ep1_0 
    where
        ep1_0.enquiry_id=? 
    order by
        ep1_0.sequence
2026-02-06T16:08:31.636+08:00 DEBUG 11568 --- [logitrack-backend] [nio-8888-exec-1] org.hibernate.SQL                        : 
    select
        ep1_0.id,
        ep1_0.created_at,
        ep1_0.enquiry_id,
        ep1_0.port_id,
        ep1_0.sequence 
    from
        enquiry_pod ep1_0 
    where
        ep1_0.enquiry_id=? 
    order by
        ep1_0.sequence
Hibernate: 
    select
        ep1_0.id,
        ep1_0.created_at,
        ep1_0.enquiry_id,
        ep1_0.port_id,
        ep1_0.sequence 
    from
        enquiry_pod ep1_0 
    where
        ep1_0.enquiry_id=? 
    order by
        ep1_0.sequence
2026-02-06T16:08:31.639+08:00 DEBUG 11568 --- [logitrack-backend] [nio-8888-exec-1] org.hibernate.SQL                        : 
    select
        ep1_0.id,
        ep1_0.created_at,
        ep1_0.enquiry_id,
        ep1_0.port_id,
        ep1_0.sequence 
    from
        enquiry_pol ep1_0 
    where
        ep1_0.enquiry_id=? 
    order by
        ep1_0.sequence
Hibernate: 
    select
        ep1_0.id,
        ep1_0.created_at,
        ep1_0.enquiry_id,
        ep1_0.port_id,
        ep1_0.sequence 
    from
        enquiry_pol ep1_0 
    where
        ep1_0.enquiry_id=? 
    order by
        ep1_0.sequence
2026-02-06T16:08:31.643+08:00 DEBUG 11568 --- [logitrack-backend] [nio-8888-exec-1] org.hibernate.SQL                        : 
    select
        ep1_0.id,
        ep1_0.created_at,
        ep1_0.enquiry_id,
        ep1_0.port_id,
        ep1_0.sequence 
    from
        enquiry_pod ep1_0 
    where
        ep1_0.enquiry_id=? 
    order by
        ep1_0.sequence
Hibernate: 
    select
        ep1_0.id,
        ep1_0.created_at,
        ep1_0.enquiry_id,
        ep1_0.port_id,
        ep1_0.sequence 
    from
        enquiry_pod ep1_0 
    where
        ep1_0.enquiry_id=? 
    order by
        ep1_0.sequence
2026-02-06T16:08:31.747+08:00 DEBUG 11568 --- [logitrack-backend] [nio-8888-exec-1] org.hibernate.SQL                        : 
    select
        o1_0.enquiry_id,
        o1_0.id,
        o1_0.created_at,
        o1_0.is_latest,
        o1_0.is_rejected_price,
        o1_0.offer_type,
        o1_0.price,
        o1_0.price_text,
        o1_0.sent_date,
        o1_0.sent_date_raw_text,
        o1_0.sequence_no,
        o1_0.updated_at 
    from
        offer o1_0 
    where
        o1_0.enquiry_id=?
Hibernate: 
    select
        o1_0.enquiry_id,
        o1_0.id,
        o1_0.created_at,
        o1_0.is_latest,
        o1_0.is_rejected_price,
        o1_0.offer_type,
        o1_0.price,
        o1_0.price_text,
        o1_0.sent_date,
        o1_0.sent_date_raw_text,
        o1_0.sequence_no,
        o1_0.updated_at 
    from
        offer o1_0 
    where
        o1_0.enquiry_id=?
2026-02-06T16:08:31.758+08:00 DEBUG 11568 --- [logitrack-backend] [nio-8888-exec-1] org.hibernate.SQL                        : 
    select
        cl1_0.enquiry_id,
        cl1_0.id,
        cl1_0.container_code,
        cl1_0.container_qty,
        cl1_0.container_type_id,
        cl1_0.created_at,
        cl1_0.raw_text,
        cl1_0.teu_per_unit 
    from
        enquiry_container_line cl1_0 
    where
        cl1_0.enquiry_id=?
Hibernate: 
    select
        cl1_0.enquiry_id,
        cl1_0.id,
        cl1_0.container_code,
        cl1_0.container_qty,
        cl1_0.container_type_id,
        cl1_0.created_at,
        cl1_0.raw_text,
        cl1_0.teu_per_unit 
    from
        enquiry_container_line cl1_0 
    where
        cl1_0.enquiry_id=?
2026-02-06T16:08:31.764+08:00 DEBUG 11568 --- [logitrack-backend] [nio-8888-exec-1] org.hibernate.SQL                        : 
    select
        o1_0.enquiry_id,
        o1_0.id,
        o1_0.created_at,
        o1_0.is_latest,
        o1_0.is_rejected_price,
        o1_0.offer_type,
        o1_0.price,
        o1_0.price_text,
        o1_0.sent_date,
        o1_0.sent_date_raw_text,
        o1_0.sequence_no,
        o1_0.updated_at 
    from
        offer o1_0 
    where
        o1_0.enquiry_id=?
Hibernate: 
    select
        o1_0.enquiry_id,
        o1_0.id,
        o1_0.created_at,
        o1_0.is_latest,
        o1_0.is_rejected_price,
        o1_0.offer_type,
        o1_0.price,
        o1_0.price_text,
        o1_0.sent_date,
        o1_0.sent_date_raw_text,
        o1_0.sequence_no,
        o1_0.updated_at 
    from
        offer o1_0 
    where
        o1_0.enquiry_id=?
2026-02-06T16:08:31.766+08:00 DEBUG 11568 --- [logitrack-backend] [nio-8888-exec-1] org.hibernate.SQL                        : 
    select
        cl1_0.enquiry_id,
        cl1_0.id,
        cl1_0.container_code,
        cl1_0.container_qty,
        cl1_0.container_type_id,
        cl1_0.created_at,
        cl1_0.raw_text,
        cl1_0.teu_per_unit 
    from
        enquiry_container_line cl1_0 
    where
        cl1_0.enquiry_id=?
Hibernate: 
    select
        cl1_0.enquiry_id,
        cl1_0.id,
        cl1_0.container_code,
        cl1_0.container_qty,
        cl1_0.container_type_id,
        cl1_0.created_at,
        cl1_0.raw_text,
        cl1_0.teu_per_unit 
    from
        enquiry_container_line cl1_0 
    where
        cl1_0.enquiry_id=?
2026-02-06T16:08:31.769+08:00 DEBUG 11568 --- [logitrack-backend] [nio-8888-exec-1] org.hibernate.SQL                        : 
    select
        o1_0.enquiry_id,
        o1_0.id,
        o1_0.created_at,
        o1_0.is_latest,
        o1_0.is_rejected_price,
        o1_0.offer_type,
        o1_0.price,
        o1_0.price_text,
        o1_0.sent_date,
        o1_0.sent_date_raw_text,
        o1_0.sequence_no,
        o1_0.updated_at 
    from
        offer o1_0 
    where
        o1_0.enquiry_id=?
Hibernate: 
    select
        o1_0.enquiry_id,
        o1_0.id,
        o1_0.created_at,
        o1_0.is_latest,
        o1_0.is_rejected_price,
        o1_0.offer_type,
        o1_0.price,
        o1_0.price_text,
        o1_0.sent_date,
        o1_0.sent_date_raw_text,
        o1_0.sequence_no,
        o1_0.updated_at 
    from
        offer o1_0 
    where
        o1_0.enquiry_id=?
2026-02-06T16:08:31.770+08:00 DEBUG 11568 --- [logitrack-backend] [nio-8888-exec-1] org.hibernate.SQL                        : 
    select
        cl1_0.enquiry_id,
        cl1_0.id,
        cl1_0.container_code,
        cl1_0.container_qty,
        cl1_0.container_type_id,
        cl1_0.created_at,
        cl1_0.raw_text,
        cl1_0.teu_per_unit 
    from
        enquiry_container_line cl1_0 
    where
        cl1_0.enquiry_id=?
Hibernate: 
    select
        cl1_0.enquiry_id,
        cl1_0.id,
        cl1_0.container_code,
        cl1_0.container_qty,
        cl1_0.container_type_id,
        cl1_0.created_at,
        cl1_0.raw_text,
        cl1_0.teu_per_unit 
    from
        enquiry_container_line cl1_0 
    where
        cl1_0.enquiry_id=?
2026-02-06T16:08:31.773+08:00 DEBUG 11568 --- [logitrack-backend] [nio-8888-exec-1] org.hibernate.SQL                        : 
    select
        o1_0.enquiry_id,
        o1_0.id,
        o1_0.created_at,
        o1_0.is_latest,
        o1_0.is_rejected_price,
        o1_0.offer_type,
        o1_0.price,
        o1_0.price_text,
        o1_0.sent_date,
        o1_0.sent_date_raw_text,
        o1_0.sequence_no,
        o1_0.updated_at 
    from
        offer o1_0 
    where
        o1_0.enquiry_id=?
Hibernate: 
    select
        o1_0.enquiry_id,
        o1_0.id,
        o1_0.created_at,
        o1_0.is_latest,
        o1_0.is_rejected_price,
        o1_0.offer_type,
        o1_0.price,
        o1_0.price_text,
        o1_0.sent_date,
        o1_0.sent_date_raw_text,
        o1_0.sequence_no,
        o1_0.updated_at 
    from
        offer o1_0 
    where
        o1_0.enquiry_id=?
2026-02-06T16:08:31.774+08:00 DEBUG 11568 --- [logitrack-backend] [nio-8888-exec-1] org.hibernate.SQL                        : 
    select
        cl1_0.enquiry_id,
        cl1_0.id,
        cl1_0.container_code,
        cl1_0.container_qty,
        cl1_0.container_type_id,
        cl1_0.created_at,
        cl1_0.raw_text,
        cl1_0.teu_per_unit 
    from
        enquiry_container_line cl1_0 
    where
        cl1_0.enquiry_id=?
Hibernate: 
    select
        cl1_0.enquiry_id,
        cl1_0.id,
        cl1_0.container_code,
        cl1_0.container_qty,
        cl1_0.container_type_id,
        cl1_0.created_at,
        cl1_0.raw_text,
        cl1_0.teu_per_unit 
    from
        enquiry_container_line cl1_0 
    where
        cl1_0.enquiry_id=?
2026-02-06T16:08:31.781+08:00 DEBUG 11568 --- [logitrack-backend] [nio-8888-exec-1] org.hibernate.SQL                        : 
    select
        o1_0.enquiry_id,
        o1_0.id,
        o1_0.created_at,
        o1_0.is_latest,
        o1_0.is_rejected_price,
        o1_0.offer_type,
        o1_0.price,
        o1_0.price_text,
        o1_0.sent_date,
        o1_0.sent_date_raw_text,
        o1_0.sequence_no,
        o1_0.updated_at 
    from
        offer o1_0 
    where
        o1_0.enquiry_id=?
Hibernate: 
    select
        o1_0.enquiry_id,
        o1_0.id,
        o1_0.created_at,
        o1_0.is_latest,
        o1_0.is_rejected_price,
        o1_0.offer_type,
        o1_0.price,
        o1_0.price_text,
        o1_0.sent_date,
        o1_0.sent_date_raw_text,
        o1_0.sequence_no,
        o1_0.updated_at 
    from
        offer o1_0 
    where
        o1_0.enquiry_id=?
2026-02-06T16:08:31.784+08:00 DEBUG 11568 --- [logitrack-backend] [nio-8888-exec-1] org.hibernate.SQL                        : 
    select
        cl1_0.enquiry_id,
        cl1_0.id,
        cl1_0.container_code,
        cl1_0.container_qty,
        cl1_0.container_type_id,
        cl1_0.created_at,
        cl1_0.raw_text,
        cl1_0.teu_per_unit 
    from
        enquiry_container_line cl1_0 
    where
        cl1_0.enquiry_id=?
Hibernate: 
    select
        cl1_0.enquiry_id,
        cl1_0.id,
        cl1_0.container_code,
        cl1_0.container_qty,
        cl1_0.container_type_id,
        cl1_0.created_at,
        cl1_0.raw_text,
        cl1_0.teu_per_unit 
    from
        enquiry_container_line cl1_0 
    where
        cl1_0.enquiry_id=?
2026-02-06T16:08:31.787+08:00 DEBUG 11568 --- [logitrack-backend] [nio-8888-exec-1] org.hibernate.SQL                        : 
    select
        o1_0.enquiry_id,
        o1_0.id,
        o1_0.created_at,
        o1_0.is_latest,
        o1_0.is_rejected_price,
        o1_0.offer_type,
        o1_0.price,
        o1_0.price_text,
        o1_0.sent_date,
        o1_0.sent_date_raw_text,
        o1_0.sequence_no,
        o1_0.updated_at 
    from
        offer o1_0 
    where
        o1_0.enquiry_id=?
Hibernate: 
    select
        o1_0.enquiry_id,
        o1_0.id,
        o1_0.created_at,
        o1_0.is_latest,
        o1_0.is_rejected_price,
        o1_0.offer_type,
        o1_0.price,
        o1_0.price_text,
        o1_0.sent_date,
        o1_0.sent_date_raw_text,
        o1_0.sequence_no,
        o1_0.updated_at 
    from
        offer o1_0 
    where
        o1_0.enquiry_id=?
2026-02-06T16:08:31.789+08:00 DEBUG 11568 --- [logitrack-backend] [nio-8888-exec-1] org.hibernate.SQL                        : 
    select
        cl1_0.enquiry_id,
        cl1_0.id,
        cl1_0.container_code,
        cl1_0.container_qty,
        cl1_0.container_type_id,
        cl1_0.created_at,
        cl1_0.raw_text,
        cl1_0.teu_per_unit 
    from
        enquiry_container_line cl1_0 
    where
        cl1_0.enquiry_id=?
Hibernate: 
    select
        cl1_0.enquiry_id,
        cl1_0.id,
        cl1_0.container_code,
        cl1_0.container_qty,
        cl1_0.container_type_id,
        cl1_0.created_at,
        cl1_0.raw_text,
        cl1_0.teu_per_unit 
    from
        enquiry_container_line cl1_0 
    where
        cl1_0.enquiry_id=?
2026-02-06T16:08:31.791+08:00 DEBUG 11568 --- [logitrack-backend] [nio-8888-exec-1] org.hibernate.SQL                        : 
    select
        o1_0.enquiry_id,
        o1_0.id,
        o1_0.created_at,
        o1_0.is_latest,
        o1_0.is_rejected_price,
        o1_0.offer_type,
        o1_0.price,
        o1_0.price_text,
        o1_0.sent_date,
        o1_0.sent_date_raw_text,
        o1_0.sequence_no,
        o1_0.updated_at 
    from
        offer o1_0 
    where
        o1_0.enquiry_id=?
Hibernate: 
    select
        o1_0.enquiry_id,
        o1_0.id,
        o1_0.created_at,
        o1_0.is_latest,
        o1_0.is_rejected_price,
        o1_0.offer_type,
        o1_0.price,
        o1_0.price_text,
        o1_0.sent_date,
        o1_0.sent_date_raw_text,
        o1_0.sequence_no,
        o1_0.updated_at 
    from
        offer o1_0 
    where
        o1_0.enquiry_id=?
2026-02-06T16:08:31.793+08:00 DEBUG 11568 --- [logitrack-backend] [nio-8888-exec-1] org.hibernate.SQL                        : 
    select
        cl1_0.enquiry_id,
        cl1_0.id,
        cl1_0.container_code,
        cl1_0.container_qty,
        cl1_0.container_type_id,
        cl1_0.created_at,
        cl1_0.raw_text,
        cl1_0.teu_per_unit 
    from
        enquiry_container_line cl1_0 
    where
        cl1_0.enquiry_id=?
Hibernate: 
    select
        cl1_0.enquiry_id,
        cl1_0.id,
        cl1_0.container_code,
        cl1_0.container_qty,
        cl1_0.container_type_id,
        cl1_0.created_at,
        cl1_0.raw_text,
        cl1_0.teu_per_unit 
    from
        enquiry_container_line cl1_0 
    where
        cl1_0.enquiry_id=?
2026-02-06T16:08:31.796+08:00 DEBUG 11568 --- [logitrack-backend] [nio-8888-exec-1] org.hibernate.SQL                        : 
    select
        o1_0.enquiry_id,
        o1_0.id,
        o1_0.created_at,
        o1_0.is_latest,
        o1_0.is_rejected_price,
        o1_0.offer_type,
        o1_0.price,
        o1_0.price_text,
        o1_0.sent_date,
        o1_0.sent_date_raw_text,
        o1_0.sequence_no,
        o1_0.updated_at 
    from
        offer o1_0 
    where
        o1_0.enquiry_id=?
Hibernate: 
    select
        o1_0.enquiry_id,
        o1_0.id,
        o1_0.created_at,
        o1_0.is_latest,
        o1_0.is_rejected_price,
        o1_0.offer_type,
        o1_0.price,
        o1_0.price_text,
        o1_0.sent_date,
        o1_0.sent_date_raw_text,
        o1_0.sequence_no,
        o1_0.updated_at 
    from
        offer o1_0 
    where
        o1_0.enquiry_id=?
2026-02-06T16:08:31.798+08:00 DEBUG 11568 --- [logitrack-backend] [nio-8888-exec-1] org.hibernate.SQL                        : 
    select
        cl1_0.enquiry_id,
        cl1_0.id,
        cl1_0.container_code,
        cl1_0.container_qty,
        cl1_0.container_type_id,
        cl1_0.created_at,
        cl1_0.raw_text,
        cl1_0.teu_per_unit 
    from
        enquiry_container_line cl1_0 
    where
        cl1_0.enquiry_id=?
Hibernate: 
    select
        cl1_0.enquiry_id,
        cl1_0.id,
        cl1_0.container_code,
        cl1_0.container_qty,
        cl1_0.container_type_id,
        cl1_0.created_at,
        cl1_0.raw_text,
        cl1_0.teu_per_unit 
    from
        enquiry_container_line cl1_0 
    where
        cl1_0.enquiry_id=?
2026-02-06T16:08:31.800+08:00 DEBUG 11568 --- [logitrack-backend] [nio-8888-exec-1] org.hibernate.SQL                        : 
    select
        o1_0.enquiry_id,
        o1_0.id,
        o1_0.created_at,
        o1_0.is_latest,
        o1_0.is_rejected_price,
        o1_0.offer_type,
        o1_0.price,
        o1_0.price_text,
        o1_0.sent_date,
        o1_0.sent_date_raw_text,
        o1_0.sequence_no,
        o1_0.updated_at 
    from
        offer o1_0 
    where
        o1_0.enquiry_id=?
Hibernate: 
    select
        o1_0.enquiry_id,
        o1_0.id,
        o1_0.created_at,
        o1_0.is_latest,
        o1_0.is_rejected_price,
        o1_0.offer_type,
        o1_0.price,
        o1_0.price_text,
        o1_0.sent_date,
        o1_0.sent_date_raw_text,
        o1_0.sequence_no,
        o1_0.updated_at 
    from
        offer o1_0 
    where
        o1_0.enquiry_id=?
2026-02-06T16:08:31.802+08:00 DEBUG 11568 --- [logitrack-backend] [nio-8888-exec-1] org.hibernate.SQL                        : 
    select
        cl1_0.enquiry_id,
        cl1_0.id,
        cl1_0.container_code,
        cl1_0.container_qty,
        cl1_0.container_type_id,
        cl1_0.created_at,
        cl1_0.raw_text,
        cl1_0.teu_per_unit 
    from
        enquiry_container_line cl1_0 
    where
        cl1_0.enquiry_id=?
Hibernate: 
    select
        cl1_0.enquiry_id,
        cl1_0.id,
        cl1_0.container_code,
        cl1_0.container_qty,
        cl1_0.container_type_id,
        cl1_0.created_at,
        cl1_0.raw_text,
        cl1_0.teu_per_unit 
    from
        enquiry_container_line cl1_0 
    where
        cl1_0.enquiry_id=?
2026-02-06T16:08:31.803+08:00 DEBUG 11568 --- [logitrack-backend] [nio-8888-exec-1] org.hibernate.SQL                        : 
    select
        o1_0.enquiry_id,
        o1_0.id,
        o1_0.created_at,
        o1_0.is_latest,
        o1_0.is_rejected_price,
        o1_0.offer_type,
        o1_0.price,
        o1_0.price_text,
        o1_0.sent_date,
        o1_0.sent_date_raw_text,
        o1_0.sequence_no,
        o1_0.updated_at 
    from
        offer o1_0 
    where
        o1_0.enquiry_id=?
Hibernate: 
    select
        o1_0.enquiry_id,
        o1_0.id,
        o1_0.created_at,
        o1_0.is_latest,
        o1_0.is_rejected_price,
        o1_0.offer_type,
        o1_0.price,
        o1_0.price_text,
        o1_0.sent_date,
        o1_0.sent_date_raw_text,
        o1_0.sequence_no,
        o1_0.updated_at 
    from
        offer o1_0 
    where
        o1_0.enquiry_id=?
2026-02-06T16:08:31.805+08:00 DEBUG 11568 --- [logitrack-backend] [nio-8888-exec-1] org.hibernate.SQL                        : 
    select
        cl1_0.enquiry_id,
        cl1_0.id,
        cl1_0.container_code,
        cl1_0.container_qty,
        cl1_0.container_type_id,
        cl1_0.created_at,
        cl1_0.raw_text,
        cl1_0.teu_per_unit 
    from
        enquiry_container_line cl1_0 
    where
        cl1_0.enquiry_id=?
Hibernate: 
    select
        cl1_0.enquiry_id,
        cl1_0.id,
        cl1_0.container_code,
        cl1_0.container_qty,
        cl1_0.container_type_id,
        cl1_0.created_at,
        cl1_0.raw_text,
        cl1_0.teu_per_unit 
    from
        enquiry_container_line cl1_0 
    where
        cl1_0.enquiry_id=?
2026-02-06T16:08:33.442+08:00  INFO 11568 --- [logitrack-backend] [nio-8888-exec-2] c.l.b.controller.EnquiryController       : GET /api/enquiries - page=0, size=10, keyword=null
2026-02-06T16:08:33.446+08:00 DEBUG 11568 --- [logitrack-backend] [nio-8888-exec-2] org.hibernate.SQL                        : 
    select
        e1_0.id,
        e1_0.actual_reason,
        e1_0.additional_requirement,
        e1_0.assigned_cn_office_code,
        e1_0.booking_confirmed,
        e1_0.cargo_ready_date,
        e1_0.cargo_ready_date_raw_text,
        e1_0.cargo_type_code,
        e1_0.category_code,
        e1_0.cn_pricing_admin,
        e1_0.commodity,
        e1_0.core_flag,
        e1_0.created_at,
        e1_0.created_by,
        e1_0.enquiry_offer_type,
        e1_0.enquiry_received_date,
        e1_0.haz_special_equipment,
        e1_0.issue_date,
        e1_0.monthly_sequence,
        e1_0.pod_country_code,
        e1_0.pod_id,
        e1_0.pol_id,
        e1_0.product_abbr,
        e1_0.product_code,
        e1_0.quantity,
        e1_0.quantity_raw_text,
        e1_0.quantity_teu,
        e1_0.quantity_teu_raw_text,
        e1_0.quantity_uom_code,
        e1_0.quantity_uom_raw_text,
        e1_0.reference_month,
        e1_0.reference_number,
        e1_0.rejected_reason,
        e1_0.remark,
        e1_0.reserve_field_1,
        e1_0.reserve_field_2,
        e1_0.reserve_field_3,
        e1_0.reserve_field_4,
        e1_0.reserve_field_5,
        e1_0.sales_country_code,
        e1_0.sales_office_id,
        e1_0.sales_pic_id,
        e1_0.serial_number,
        e1_0.status,
        e1_0.updated_at,
        e1_0.updated_by,
        e1_0.volume_cbm,
        e1_0.volume_raw_text 
    from
        enquiry e1_0 
    order by
        e1_0.id desc 
    limit
        ?, ?
Hibernate: 
    select
        e1_0.id,
        e1_0.actual_reason,
        e1_0.additional_requirement,
        e1_0.assigned_cn_office_code,
        e1_0.booking_confirmed,
        e1_0.cargo_ready_date,
        e1_0.cargo_ready_date_raw_text,
        e1_0.cargo_type_code,
        e1_0.category_code,
        e1_0.cn_pricing_admin,
        e1_0.commodity,
        e1_0.core_flag,
        e1_0.created_at,
        e1_0.created_by,
        e1_0.enquiry_offer_type,
        e1_0.enquiry_received_date,
        e1_0.haz_special_equipment,
        e1_0.issue_date,
        e1_0.monthly_sequence,
        e1_0.pod_country_code,
        e1_0.pod_id,
        e1_0.pol_id,
        e1_0.product_abbr,
        e1_0.product_code,
        e1_0.quantity,
        e1_0.quantity_raw_text,
        e1_0.quantity_teu,
        e1_0.quantity_teu_raw_text,
        e1_0.quantity_uom_code,
        e1_0.quantity_uom_raw_text,
        e1_0.reference_month,
        e1_0.reference_number,
        e1_0.rejected_reason,
        e1_0.remark,
        e1_0.reserve_field_1,
        e1_0.reserve_field_2,
        e1_0.reserve_field_3,
        e1_0.reserve_field_4,
        e1_0.reserve_field_5,
        e1_0.sales_country_code,
        e1_0.sales_office_id,
        e1_0.sales_pic_id,
        e1_0.serial_number,
        e1_0.status,
        e1_0.updated_at,
        e1_0.updated_by,
        e1_0.volume_cbm,
        e1_0.volume_raw_text 
    from
        enquiry e1_0 
    order by
        e1_0.id desc 
    limit
        ?, ?
2026-02-06T16:08:33.458+08:00 DEBUG 11568 --- [logitrack-backend] [nio-8888-exec-2] org.hibernate.SQL                        : 
    select
        count(e1_0.id) 
    from
        enquiry e1_0
Hibernate: 
    select
        count(e1_0.id) 
    from
        enquiry e1_0
2026-02-06T16:08:33.463+08:00 DEBUG 11568 --- [logitrack-backend] [nio-8888-exec-2] org.hibernate.SQL                        : 
    select
        ep1_0.id,
        ep1_0.created_at,
        ep1_0.enquiry_id,
        ep1_0.port_id,
        ep1_0.sequence 
    from
        enquiry_pol ep1_0 
    where
        ep1_0.enquiry_id=? 
    order by
        ep1_0.sequence
Hibernate: 
    select
        ep1_0.id,
        ep1_0.created_at,
        ep1_0.enquiry_id,
        ep1_0.port_id,
        ep1_0.sequence 
    from
        enquiry_pol ep1_0 
    where
        ep1_0.enquiry_id=? 
    order by
        ep1_0.sequence
2026-02-06T16:08:33.466+08:00 DEBUG 11568 --- [logitrack-backend] [nio-8888-exec-2] org.hibernate.SQL                        : 
    select
        ep1_0.id,
        ep1_0.created_at,
        ep1_0.enquiry_id,
        ep1_0.port_id,
        ep1_0.sequence 
    from
        enquiry_pod ep1_0 
    where
        ep1_0.enquiry_id=? 
    order by
        ep1_0.sequence
Hibernate: 
    select
        ep1_0.id,
        ep1_0.created_at,
        ep1_0.enquiry_id,
        ep1_0.port_id,
        ep1_0.sequence 
    from
        enquiry_pod ep1_0 
    where
        ep1_0.enquiry_id=? 
    order by
        ep1_0.sequence
2026-02-06T16:08:33.470+08:00 DEBUG 11568 --- [logitrack-backend] [nio-8888-exec-2] org.hibernate.SQL                        : 
    select
        ep1_0.id,
        ep1_0.created_at,
        ep1_0.enquiry_id,
        ep1_0.port_id,
        ep1_0.sequence 
    from
        enquiry_pol ep1_0 
    where
        ep1_0.enquiry_id=? 
    order by
        ep1_0.sequence
Hibernate: 
    select
        ep1_0.id,
        ep1_0.created_at,
        ep1_0.enquiry_id,
        ep1_0.port_id,
        ep1_0.sequence 
    from
        enquiry_pol ep1_0 
    where
        ep1_0.enquiry_id=? 
    order by
        ep1_0.sequence
2026-02-06T16:08:33.474+08:00 DEBUG 11568 --- [logitrack-backend] [nio-8888-exec-2] org.hibernate.SQL                        : 
    select
        ep1_0.id,
        ep1_0.created_at,
        ep1_0.enquiry_id,
        ep1_0.port_id,
        ep1_0.sequence 
    from
        enquiry_pod ep1_0 
    where
        ep1_0.enquiry_id=? 
    order by
        ep1_0.sequence
Hibernate: 
    select
        ep1_0.id,
        ep1_0.created_at,
        ep1_0.enquiry_id,
        ep1_0.port_id,
        ep1_0.sequence 
    from
        enquiry_pod ep1_0 
    where
        ep1_0.enquiry_id=? 
    order by
        ep1_0.sequence
2026-02-06T16:08:33.484+08:00 DEBUG 11568 --- [logitrack-backend] [nio-8888-exec-2] org.hibernate.SQL                        : 
    select
        ep1_0.id,
        ep1_0.created_at,
        ep1_0.enquiry_id,
        ep1_0.port_id,
        ep1_0.sequence 
    from
        enquiry_pol ep1_0 
    where
        ep1_0.enquiry_id=? 
    order by
        ep1_0.sequence
Hibernate: 
    select
        ep1_0.id,
        ep1_0.created_at,
        ep1_0.enquiry_id,
        ep1_0.port_id,
        ep1_0.sequence 
    from
        enquiry_pol ep1_0 
    where
        ep1_0.enquiry_id=? 
    order by
        ep1_0.sequence
2026-02-06T16:08:33.490+08:00 DEBUG 11568 --- [logitrack-backend] [nio-8888-exec-2] org.hibernate.SQL                        : 
    select
        ep1_0.id,
        ep1_0.created_at,
        ep1_0.enquiry_id,
        ep1_0.port_id,
        ep1_0.sequence 
    from
        enquiry_pod ep1_0 
    where
        ep1_0.enquiry_id=? 
    order by
        ep1_0.sequence
Hibernate: 
    select
        ep1_0.id,
        ep1_0.created_at,
        ep1_0.enquiry_id,
        ep1_0.port_id,
        ep1_0.sequence 
    from
        enquiry_pod ep1_0 
    where
        ep1_0.enquiry_id=? 
    order by
        ep1_0.sequence
2026-02-06T16:08:33.495+08:00 DEBUG 11568 --- [logitrack-backend] [nio-8888-exec-2] org.hibernate.SQL                        : 
    select
        ep1_0.id,
        ep1_0.created_at,
        ep1_0.enquiry_id,
        ep1_0.port_id,
        ep1_0.sequence 
    from
        enquiry_pol ep1_0 
    where
        ep1_0.enquiry_id=? 
    order by
        ep1_0.sequence
Hibernate: 
    select
        ep1_0.id,
        ep1_0.created_at,
        ep1_0.enquiry_id,
        ep1_0.port_id,
        ep1_0.sequence 
    from
        enquiry_pol ep1_0 
    where
        ep1_0.enquiry_id=? 
    order by
        ep1_0.sequence
2026-02-06T16:08:33.498+08:00 DEBUG 11568 --- [logitrack-backend] [nio-8888-exec-2] org.hibernate.SQL                        : 
    select
        ep1_0.id,
        ep1_0.created_at,
        ep1_0.enquiry_id,
        ep1_0.port_id,
        ep1_0.sequence 
    from
        enquiry_pod ep1_0 
    where
        ep1_0.enquiry_id=? 
    order by
        ep1_0.sequence
Hibernate: 
    select
        ep1_0.id,
        ep1_0.created_at,
        ep1_0.enquiry_id,
        ep1_0.port_id,
        ep1_0.sequence 
    from
        enquiry_pod ep1_0 
    where
        ep1_0.enquiry_id=? 
    order by
        ep1_0.sequence
2026-02-06T16:08:33.501+08:00 DEBUG 11568 --- [logitrack-backend] [nio-8888-exec-2] org.hibernate.SQL                        : 
    select
        ep1_0.id,
        ep1_0.created_at,
        ep1_0.enquiry_id,
        ep1_0.port_id,
        ep1_0.sequence 
    from
        enquiry_pol ep1_0 
    where
        ep1_0.enquiry_id=? 
    order by
        ep1_0.sequence
Hibernate: 
    select
        ep1_0.id,
        ep1_0.created_at,
        ep1_0.enquiry_id,
        ep1_0.port_id,
        ep1_0.sequence 
    from
        enquiry_pol ep1_0 
    where
        ep1_0.enquiry_id=? 
    order by
        ep1_0.sequence
2026-02-06T16:08:33.505+08:00 DEBUG 11568 --- [logitrack-backend] [nio-8888-exec-2] org.hibernate.SQL                        : 
    select
        ep1_0.id,
        ep1_0.created_at,
        ep1_0.enquiry_id,
        ep1_0.port_id,
        ep1_0.sequence 
    from
        enquiry_pod ep1_0 
    where
        ep1_0.enquiry_id=? 
    order by
        ep1_0.sequence
Hibernate: 
    select
        ep1_0.id,
        ep1_0.created_at,
        ep1_0.enquiry_id,
        ep1_0.port_id,
        ep1_0.sequence 
    from
        enquiry_pod ep1_0 
    where
        ep1_0.enquiry_id=? 
    order by
        ep1_0.sequence
2026-02-06T16:08:33.508+08:00 DEBUG 11568 --- [logitrack-backend] [nio-8888-exec-2] org.hibernate.SQL                        : 
    select
        ep1_0.id,
        ep1_0.created_at,
        ep1_0.enquiry_id,
        ep1_0.port_id,
        ep1_0.sequence 
    from
        enquiry_pol ep1_0 
    where
        ep1_0.enquiry_id=? 
    order by
        ep1_0.sequence
Hibernate: 
    select
        ep1_0.id,
        ep1_0.created_at,
        ep1_0.enquiry_id,
        ep1_0.port_id,
        ep1_0.sequence 
    from
        enquiry_pol ep1_0 
    where
        ep1_0.enquiry_id=? 
    order by
        ep1_0.sequence
2026-02-06T16:08:33.517+08:00 DEBUG 11568 --- [logitrack-backend] [nio-8888-exec-2] org.hibernate.SQL                        : 
    select
        ep1_0.id,
        ep1_0.created_at,
        ep1_0.enquiry_id,
        ep1_0.port_id,
        ep1_0.sequence 
    from
        enquiry_pod ep1_0 
    where
        ep1_0.enquiry_id=? 
    order by
        ep1_0.sequence
Hibernate: 
    select
        ep1_0.id,
        ep1_0.created_at,
        ep1_0.enquiry_id,
        ep1_0.port_id,
        ep1_0.sequence 
    from
        enquiry_pod ep1_0 
    where
        ep1_0.enquiry_id=? 
    order by
        ep1_0.sequence
2026-02-06T16:08:33.521+08:00 DEBUG 11568 --- [logitrack-backend] [nio-8888-exec-2] org.hibernate.SQL                        : 
    select
        ep1_0.id,
        ep1_0.created_at,
        ep1_0.enquiry_id,
        ep1_0.port_id,
        ep1_0.sequence 
    from
        enquiry_pol ep1_0 
    where
        ep1_0.enquiry_id=? 
    order by
        ep1_0.sequence
Hibernate: 
    select
        ep1_0.id,
        ep1_0.created_at,
        ep1_0.enquiry_id,
        ep1_0.port_id,
        ep1_0.sequence 
    from
        enquiry_pol ep1_0 
    where
        ep1_0.enquiry_id=? 
    order by
        ep1_0.sequence
2026-02-06T16:08:33.524+08:00 DEBUG 11568 --- [logitrack-backend] [nio-8888-exec-2] org.hibernate.SQL                        : 
    select
        ep1_0.id,
        ep1_0.created_at,
        ep1_0.enquiry_id,
        ep1_0.port_id,
        ep1_0.sequence 
    from
        enquiry_pod ep1_0 
    where
        ep1_0.enquiry_id=? 
    order by
        ep1_0.sequence
Hibernate: 
    select
        ep1_0.id,
        ep1_0.created_at,
        ep1_0.enquiry_id,
        ep1_0.port_id,
        ep1_0.sequence 
    from
        enquiry_pod ep1_0 
    where
        ep1_0.enquiry_id=? 
    order by
        ep1_0.sequence
2026-02-06T16:08:33.527+08:00 DEBUG 11568 --- [logitrack-backend] [nio-8888-exec-2] org.hibernate.SQL                        : 
    select
        ep1_0.id,
        ep1_0.created_at,
        ep1_0.enquiry_id,
        ep1_0.port_id,
        ep1_0.sequence 
    from
        enquiry_pol ep1_0 
    where
        ep1_0.enquiry_id=? 
    order by
        ep1_0.sequence
Hibernate: 
    select
        ep1_0.id,
        ep1_0.created_at,
        ep1_0.enquiry_id,
        ep1_0.port_id,
        ep1_0.sequence 
    from
        enquiry_pol ep1_0 
    where
        ep1_0.enquiry_id=? 
    order by
        ep1_0.sequence
2026-02-06T16:08:33.531+08:00 DEBUG 11568 --- [logitrack-backend] [nio-8888-exec-2] org.hibernate.SQL                        : 
    select
        ep1_0.id,
        ep1_0.created_at,
        ep1_0.enquiry_id,
        ep1_0.port_id,
        ep1_0.sequence 
    from
        enquiry_pod ep1_0 
    where
        ep1_0.enquiry_id=? 
    order by
        ep1_0.sequence
Hibernate: 
    select
        ep1_0.id,
        ep1_0.created_at,
        ep1_0.enquiry_id,
        ep1_0.port_id,
        ep1_0.sequence 
    from
        enquiry_pod ep1_0 
    where
        ep1_0.enquiry_id=? 
    order by
        ep1_0.sequence
2026-02-06T16:08:33.534+08:00 DEBUG 11568 --- [logitrack-backend] [nio-8888-exec-2] org.hibernate.SQL                        : 
    select
        ep1_0.id,
        ep1_0.created_at,
        ep1_0.enquiry_id,
        ep1_0.port_id,
        ep1_0.sequence 
    from
        enquiry_pol ep1_0 
    where
        ep1_0.enquiry_id=? 
    order by
        ep1_0.sequence
Hibernate: 
    select
        ep1_0.id,
        ep1_0.created_at,
        ep1_0.enquiry_id,
        ep1_0.port_id,
        ep1_0.sequence 
    from
        enquiry_pol ep1_0 
    where
        ep1_0.enquiry_id=? 
    order by
        ep1_0.sequence
2026-02-06T16:08:33.537+08:00 DEBUG 11568 --- [logitrack-backend] [nio-8888-exec-2] org.hibernate.SQL                        : 
    select
        ep1_0.id,
        ep1_0.created_at,
        ep1_0.enquiry_id,
        ep1_0.port_id,
        ep1_0.sequence 
    from
        enquiry_pod ep1_0 
    where
        ep1_0.enquiry_id=? 
    order by
        ep1_0.sequence
Hibernate: 
    select
        ep1_0.id,
        ep1_0.created_at,
        ep1_0.enquiry_id,
        ep1_0.port_id,
        ep1_0.sequence 
    from
        enquiry_pod ep1_0 
    where
        ep1_0.enquiry_id=? 
    order by
        ep1_0.sequence
2026-02-06T16:08:33.540+08:00 DEBUG 11568 --- [logitrack-backend] [nio-8888-exec-2] org.hibernate.SQL                        : 
    select
        ep1_0.id,
        ep1_0.created_at,
        ep1_0.enquiry_id,
        ep1_0.port_id,
        ep1_0.sequence 
    from
        enquiry_pol ep1_0 
    where
        ep1_0.enquiry_id=? 
    order by
        ep1_0.sequence
Hibernate: 
    select
        ep1_0.id,
        ep1_0.created_at,
        ep1_0.enquiry_id,
        ep1_0.port_id,
        ep1_0.sequence 
    from
        enquiry_pol ep1_0 
    where
        ep1_0.enquiry_id=? 
    order by
        ep1_0.sequence
2026-02-06T16:08:33.546+08:00 DEBUG 11568 --- [logitrack-backend] [nio-8888-exec-2] org.hibernate.SQL                        : 
    select
        ep1_0.id,
        ep1_0.created_at,
        ep1_0.enquiry_id,
        ep1_0.port_id,
        ep1_0.sequence 
    from
        enquiry_pod ep1_0 
    where
        ep1_0.enquiry_id=? 
    order by
        ep1_0.sequence
Hibernate: 
    select
        ep1_0.id,
        ep1_0.created_at,
        ep1_0.enquiry_id,
        ep1_0.port_id,
        ep1_0.sequence 
    from
        enquiry_pod ep1_0 
    where
        ep1_0.enquiry_id=? 
    order by
        ep1_0.sequence
2026-02-06T16:08:33.550+08:00 DEBUG 11568 --- [logitrack-backend] [nio-8888-exec-2] org.hibernate.SQL                        : 
    select
        o1_0.enquiry_id,
        o1_0.id,
        o1_0.created_at,
        o1_0.is_latest,
        o1_0.is_rejected_price,
        o1_0.offer_type,
        o1_0.price,
        o1_0.price_text,
        o1_0.sent_date,
        o1_0.sent_date_raw_text,
        o1_0.sequence_no,
        o1_0.updated_at 
    from
        offer o1_0 
    where
        o1_0.enquiry_id=?
Hibernate: 
    select
        o1_0.enquiry_id,
        o1_0.id,
        o1_0.created_at,
        o1_0.is_latest,
        o1_0.is_rejected_price,
        o1_0.offer_type,
        o1_0.price,
        o1_0.price_text,
        o1_0.sent_date,
        o1_0.sent_date_raw_text,
        o1_0.sequence_no,
        o1_0.updated_at 
    from
        offer o1_0 
    where
        o1_0.enquiry_id=?
2026-02-06T16:08:33.553+08:00 DEBUG 11568 --- [logitrack-backend] [nio-8888-exec-2] org.hibernate.SQL                        : 
    select
        cl1_0.enquiry_id,
        cl1_0.id,
        cl1_0.container_code,
        cl1_0.container_qty,
        cl1_0.container_type_id,
        cl1_0.created_at,
        cl1_0.raw_text,
        cl1_0.teu_per_unit 
    from
        enquiry_container_line cl1_0 
    where
        cl1_0.enquiry_id=?
Hibernate: 
    select
        cl1_0.enquiry_id,
        cl1_0.id,
        cl1_0.container_code,
        cl1_0.container_qty,
        cl1_0.container_type_id,
        cl1_0.created_at,
        cl1_0.raw_text,
        cl1_0.teu_per_unit 
    from
        enquiry_container_line cl1_0 
    where
        cl1_0.enquiry_id=?
2026-02-06T16:08:33.556+08:00 DEBUG 11568 --- [logitrack-backend] [nio-8888-exec-2] org.hibernate.SQL                        : 
    select
        o1_0.enquiry_id,
        o1_0.id,
        o1_0.created_at,
        o1_0.is_latest,
        o1_0.is_rejected_price,
        o1_0.offer_type,
        o1_0.price,
        o1_0.price_text,
        o1_0.sent_date,
        o1_0.sent_date_raw_text,
        o1_0.sequence_no,
        o1_0.updated_at 
    from
        offer o1_0 
    where
        o1_0.enquiry_id=?
Hibernate: 
    select
        o1_0.enquiry_id,
        o1_0.id,
        o1_0.created_at,
        o1_0.is_latest,
        o1_0.is_rejected_price,
        o1_0.offer_type,
        o1_0.price,
        o1_0.price_text,
        o1_0.sent_date,
        o1_0.sent_date_raw_text,
        o1_0.sequence_no,
        o1_0.updated_at 
    from
        offer o1_0 
    where
        o1_0.enquiry_id=?
2026-02-06T16:08:33.558+08:00 DEBUG 11568 --- [logitrack-backend] [nio-8888-exec-2] org.hibernate.SQL                        : 
    select
        cl1_0.enquiry_id,
        cl1_0.id,
        cl1_0.container_code,
        cl1_0.container_qty,
        cl1_0.container_type_id,
        cl1_0.created_at,
        cl1_0.raw_text,
        cl1_0.teu_per_unit 
    from
        enquiry_container_line cl1_0 
    where
        cl1_0.enquiry_id=?
Hibernate: 
    select
        cl1_0.enquiry_id,
        cl1_0.id,
        cl1_0.container_code,
        cl1_0.container_qty,
        cl1_0.container_type_id,
        cl1_0.created_at,
        cl1_0.raw_text,
        cl1_0.teu_per_unit 
    from
        enquiry_container_line cl1_0 
    where
        cl1_0.enquiry_id=?
2026-02-06T16:08:33.564+08:00 DEBUG 11568 --- [logitrack-backend] [nio-8888-exec-2] org.hibernate.SQL                        : 
    select
        o1_0.enquiry_id,
        o1_0.id,
        o1_0.created_at,
        o1_0.is_latest,
        o1_0.is_rejected_price,
        o1_0.offer_type,
        o1_0.price,
        o1_0.price_text,
        o1_0.sent_date,
        o1_0.sent_date_raw_text,
        o1_0.sequence_no,
        o1_0.updated_at 
    from
        offer o1_0 
    where
        o1_0.enquiry_id=?
Hibernate: 
    select
        o1_0.enquiry_id,
        o1_0.id,
        o1_0.created_at,
        o1_0.is_latest,
        o1_0.is_rejected_price,
        o1_0.offer_type,
        o1_0.price,
        o1_0.price_text,
        o1_0.sent_date,
        o1_0.sent_date_raw_text,
        o1_0.sequence_no,
        o1_0.updated_at 
    from
        offer o1_0 
    where
        o1_0.enquiry_id=?
2026-02-06T16:08:33.566+08:00 DEBUG 11568 --- [logitrack-backend] [nio-8888-exec-2] org.hibernate.SQL                        : 
    select
        cl1_0.enquiry_id,
        cl1_0.id,
        cl1_0.container_code,
        cl1_0.container_qty,
        cl1_0.container_type_id,
        cl1_0.created_at,
        cl1_0.raw_text,
        cl1_0.teu_per_unit 
    from
        enquiry_container_line cl1_0 
    where
        cl1_0.enquiry_id=?
Hibernate: 
    select
        cl1_0.enquiry_id,
        cl1_0.id,
        cl1_0.container_code,
        cl1_0.container_qty,
        cl1_0.container_type_id,
        cl1_0.created_at,
        cl1_0.raw_text,
        cl1_0.teu_per_unit 
    from
        enquiry_container_line cl1_0 
    where
        cl1_0.enquiry_id=?
2026-02-06T16:08:33.570+08:00 DEBUG 11568 --- [logitrack-backend] [nio-8888-exec-2] org.hibernate.SQL                        : 
    select
        o1_0.enquiry_id,
        o1_0.id,
        o1_0.created_at,
        o1_0.is_latest,
        o1_0.is_rejected_price,
        o1_0.offer_type,
        o1_0.price,
        o1_0.price_text,
        o1_0.sent_date,
        o1_0.sent_date_raw_text,
        o1_0.sequence_no,
        o1_0.updated_at 
    from
        offer o1_0 
    where
        o1_0.enquiry_id=?
Hibernate: 
    select
        o1_0.enquiry_id,
        o1_0.id,
        o1_0.created_at,
        o1_0.is_latest,
        o1_0.is_rejected_price,
        o1_0.offer_type,
        o1_0.price,
        o1_0.price_text,
        o1_0.sent_date,
        o1_0.sent_date_raw_text,
        o1_0.sequence_no,
        o1_0.updated_at 
    from
        offer o1_0 
    where
        o1_0.enquiry_id=?
2026-02-06T16:08:33.572+08:00 DEBUG 11568 --- [logitrack-backend] [nio-8888-exec-2] org.hibernate.SQL                        : 
    select
        cl1_0.enquiry_id,
        cl1_0.id,
        cl1_0.container_code,
        cl1_0.container_qty,
        cl1_0.container_type_id,
        cl1_0.created_at,
        cl1_0.raw_text,
        cl1_0.teu_per_unit 
    from
        enquiry_container_line cl1_0 
    where
        cl1_0.enquiry_id=?
Hibernate: 
    select
        cl1_0.enquiry_id,
        cl1_0.id,
        cl1_0.container_code,
        cl1_0.container_qty,
        cl1_0.container_type_id,
        cl1_0.created_at,
        cl1_0.raw_text,
        cl1_0.teu_per_unit 
    from
        enquiry_container_line cl1_0 
    where
        cl1_0.enquiry_id=?
2026-02-06T16:08:33.575+08:00 DEBUG 11568 --- [logitrack-backend] [nio-8888-exec-2] org.hibernate.SQL                        : 
    select
        o1_0.enquiry_id,
        o1_0.id,
        o1_0.created_at,
        o1_0.is_latest,
        o1_0.is_rejected_price,
        o1_0.offer_type,
        o1_0.price,
        o1_0.price_text,
        o1_0.sent_date,
        o1_0.sent_date_raw_text,
        o1_0.sequence_no,
        o1_0.updated_at 
    from
        offer o1_0 
    where
        o1_0.enquiry_id=?
Hibernate: 
    select
        o1_0.enquiry_id,
        o1_0.id,
        o1_0.created_at,
        o1_0.is_latest,
        o1_0.is_rejected_price,
        o1_0.offer_type,
        o1_0.price,
        o1_0.price_text,
        o1_0.sent_date,
        o1_0.sent_date_raw_text,
        o1_0.sequence_no,
        o1_0.updated_at 
    from
        offer o1_0 
    where
        o1_0.enquiry_id=?
2026-02-06T16:08:33.582+08:00 DEBUG 11568 --- [logitrack-backend] [nio-8888-exec-2] org.hibernate.SQL                        : 
    select
        cl1_0.enquiry_id,
        cl1_0.id,
        cl1_0.container_code,
        cl1_0.container_qty,
        cl1_0.container_type_id,
        cl1_0.created_at,
        cl1_0.raw_text,
        cl1_0.teu_per_unit 
    from
        enquiry_container_line cl1_0 
    where
        cl1_0.enquiry_id=?
Hibernate: 
    select
        cl1_0.enquiry_id,
        cl1_0.id,
        cl1_0.container_code,
        cl1_0.container_qty,
        cl1_0.container_type_id,
        cl1_0.created_at,
        cl1_0.raw_text,
        cl1_0.teu_per_unit 
    from
        enquiry_container_line cl1_0 
    where
        cl1_0.enquiry_id=?
2026-02-06T16:08:33.585+08:00 DEBUG 11568 --- [logitrack-backend] [nio-8888-exec-2] org.hibernate.SQL                        : 
    select
        o1_0.enquiry_id,
        o1_0.id,
        o1_0.created_at,
        o1_0.is_latest,
        o1_0.is_rejected_price,
        o1_0.offer_type,
        o1_0.price,
        o1_0.price_text,
        o1_0.sent_date,
        o1_0.sent_date_raw_text,
        o1_0.sequence_no,
        o1_0.updated_at 
    from
        offer o1_0 
    where
        o1_0.enquiry_id=?
Hibernate: 
    select
        o1_0.enquiry_id,
        o1_0.id,
        o1_0.created_at,
        o1_0.is_latest,
        o1_0.is_rejected_price,
        o1_0.offer_type,
        o1_0.price,
        o1_0.price_text,
        o1_0.sent_date,
        o1_0.sent_date_raw_text,
        o1_0.sequence_no,
        o1_0.updated_at 
    from
        offer o1_0 
    where
        o1_0.enquiry_id=?
2026-02-06T16:08:33.588+08:00 DEBUG 11568 --- [logitrack-backend] [nio-8888-exec-2] org.hibernate.SQL                        : 
    select
        cl1_0.enquiry_id,
        cl1_0.id,
        cl1_0.container_code,
        cl1_0.container_qty,
        cl1_0.container_type_id,
        cl1_0.created_at,
        cl1_0.raw_text,
        cl1_0.teu_per_unit 
    from
        enquiry_container_line cl1_0 
    where
        cl1_0.enquiry_id=?
Hibernate: 
    select
        cl1_0.enquiry_id,
        cl1_0.id,
        cl1_0.container_code,
        cl1_0.container_qty,
        cl1_0.container_type_id,
        cl1_0.created_at,
        cl1_0.raw_text,
        cl1_0.teu_per_unit 
    from
        enquiry_container_line cl1_0 
    where
        cl1_0.enquiry_id=?
2026-02-06T16:08:33.591+08:00 DEBUG 11568 --- [logitrack-backend] [nio-8888-exec-2] org.hibernate.SQL                        : 
    select
        o1_0.enquiry_id,
        o1_0.id,
        o1_0.created_at,
        o1_0.is_latest,
        o1_0.is_rejected_price,
        o1_0.offer_type,
        o1_0.price,
        o1_0.price_text,
        o1_0.sent_date,
        o1_0.sent_date_raw_text,
        o1_0.sequence_no,
        o1_0.updated_at 
    from
        offer o1_0 
    where
        o1_0.enquiry_id=?
Hibernate: 
    select
        o1_0.enquiry_id,
        o1_0.id,
        o1_0.created_at,
        o1_0.is_latest,
        o1_0.is_rejected_price,
        o1_0.offer_type,
        o1_0.price,
        o1_0.price_text,
        o1_0.sent_date,
        o1_0.sent_date_raw_text,
        o1_0.sequence_no,
        o1_0.updated_at 
    from
        offer o1_0 
    where
        o1_0.enquiry_id=?
2026-02-06T16:08:33.592+08:00 DEBUG 11568 --- [logitrack-backend] [nio-8888-exec-2] org.hibernate.SQL                        : 
    select
        cl1_0.enquiry_id,
        cl1_0.id,
        cl1_0.container_code,
        cl1_0.container_qty,
        cl1_0.container_type_id,
        cl1_0.created_at,
        cl1_0.raw_text,
        cl1_0.teu_per_unit 
    from
        enquiry_container_line cl1_0 
    where
        cl1_0.enquiry_id=?
Hibernate: 
    select
        cl1_0.enquiry_id,
        cl1_0.id,
        cl1_0.container_code,
        cl1_0.container_qty,
        cl1_0.container_type_id,
        cl1_0.created_at,
        cl1_0.raw_text,
        cl1_0.teu_per_unit 
    from
        enquiry_container_line cl1_0 
    where
        cl1_0.enquiry_id=?
2026-02-06T16:08:33.596+08:00 DEBUG 11568 --- [logitrack-backend] [nio-8888-exec-2] org.hibernate.SQL                        : 
    select
        o1_0.enquiry_id,
        o1_0.id,
        o1_0.created_at,
        o1_0.is_latest,
        o1_0.is_rejected_price,
        o1_0.offer_type,
        o1_0.price,
        o1_0.price_text,
        o1_0.sent_date,
        o1_0.sent_date_raw_text,
        o1_0.sequence_no,
        o1_0.updated_at 
    from
        offer o1_0 
    where
        o1_0.enquiry_id=?
Hibernate: 
    select
        o1_0.enquiry_id,
        o1_0.id,
        o1_0.created_at,
        o1_0.is_latest,
        o1_0.is_rejected_price,
        o1_0.offer_type,
        o1_0.price,
        o1_0.price_text,
        o1_0.sent_date,
        o1_0.sent_date_raw_text,
        o1_0.sequence_no,
        o1_0.updated_at 
    from
        offer o1_0 
    where
        o1_0.enquiry_id=?
2026-02-06T16:08:33.598+08:00 DEBUG 11568 --- [logitrack-backend] [nio-8888-exec-2] org.hibernate.SQL                        : 
    select
        cl1_0.enquiry_id,
        cl1_0.id,
        cl1_0.container_code,
        cl1_0.container_qty,
        cl1_0.container_type_id,
        cl1_0.created_at,
        cl1_0.raw_text,
        cl1_0.teu_per_unit 
    from
        enquiry_container_line cl1_0 
    where
        cl1_0.enquiry_id=?
Hibernate: 
    select
        cl1_0.enquiry_id,
        cl1_0.id,
        cl1_0.container_code,
        cl1_0.container_qty,
        cl1_0.container_type_id,
        cl1_0.created_at,
        cl1_0.raw_text,
        cl1_0.teu_per_unit 
    from
        enquiry_container_line cl1_0 
    where
        cl1_0.enquiry_id=?
2026-02-06T16:08:33.603+08:00 DEBUG 11568 --- [logitrack-backend] [nio-8888-exec-2] org.hibernate.SQL                        : 
    select
        o1_0.enquiry_id,
        o1_0.id,
        o1_0.created_at,
        o1_0.is_latest,
        o1_0.is_rejected_price,
        o1_0.offer_type,
        o1_0.price,
        o1_0.price_text,
        o1_0.sent_date,
        o1_0.sent_date_raw_text,
        o1_0.sequence_no,
        o1_0.updated_at 
    from
        offer o1_0 
    where
        o1_0.enquiry_id=?
Hibernate: 
    select
        o1_0.enquiry_id,
        o1_0.id,
        o1_0.created_at,
        o1_0.is_latest,
        o1_0.is_rejected_price,
        o1_0.offer_type,
        o1_0.price,
        o1_0.price_text,
        o1_0.sent_date,
        o1_0.sent_date_raw_text,
        o1_0.sequence_no,
        o1_0.updated_at 
    from
        offer o1_0 
    where
        o1_0.enquiry_id=?
2026-02-06T16:08:33.604+08:00 DEBUG 11568 --- [logitrack-backend] [nio-8888-exec-2] org.hibernate.SQL                        : 
    select
        cl1_0.enquiry_id,
        cl1_0.id,
        cl1_0.container_code,
        cl1_0.container_qty,
        cl1_0.container_type_id,
        cl1_0.created_at,
        cl1_0.raw_text,
        cl1_0.teu_per_unit 
    from
        enquiry_container_line cl1_0 
    where
        cl1_0.enquiry_id=?
Hibernate: 
    select
        cl1_0.enquiry_id,
        cl1_0.id,
        cl1_0.container_code,
        cl1_0.container_qty,
        cl1_0.container_type_id,
        cl1_0.created_at,
        cl1_0.raw_text,
        cl1_0.teu_per_unit 
    from
        enquiry_container_line cl1_0 
    where
        cl1_0.enquiry_id=?
2026-02-06T16:08:33.606+08:00 DEBUG 11568 --- [logitrack-backend] [nio-8888-exec-2] org.hibernate.SQL                        : 
    select
        o1_0.enquiry_id,
        o1_0.id,
        o1_0.created_at,
        o1_0.is_latest,
        o1_0.is_rejected_price,
        o1_0.offer_type,
        o1_0.price,
        o1_0.price_text,
        o1_0.sent_date,
        o1_0.sent_date_raw_text,
        o1_0.sequence_no,
        o1_0.updated_at 
    from
        offer o1_0 
    where
        o1_0.enquiry_id=?
Hibernate: 
    select
        o1_0.enquiry_id,
        o1_0.id,
        o1_0.created_at,
        o1_0.is_latest,
        o1_0.is_rejected_price,
        o1_0.offer_type,
        o1_0.price,
        o1_0.price_text,
        o1_0.sent_date,
        o1_0.sent_date_raw_text,
        o1_0.sequence_no,
        o1_0.updated_at 
    from
        offer o1_0 
    where
        o1_0.enquiry_id=?
2026-02-06T16:08:33.608+08:00 DEBUG 11568 --- [logitrack-backend] [nio-8888-exec-2] org.hibernate.SQL                        : 
    select
        cl1_0.enquiry_id,
        cl1_0.id,
        cl1_0.container_code,
        cl1_0.container_qty,
        cl1_0.container_type_id,
        cl1_0.created_at,
        cl1_0.raw_text,
        cl1_0.teu_per_unit 
    from
        enquiry_container_line cl1_0 
    where
        cl1_0.enquiry_id=?
Hibernate: 
    select
        cl1_0.enquiry_id,
        cl1_0.id,
        cl1_0.container_code,
        cl1_0.container_qty,
        cl1_0.container_type_id,
        cl1_0.created_at,
        cl1_0.raw_text,
        cl1_0.teu_per_unit 
    from
        enquiry_container_line cl1_0 
    where
        cl1_0.enquiry_id=?
2026-02-06T16:08:33.929+08:00  INFO 11568 --- [logitrack-backend] [nio-8888-exec-3] c.l.b.controller.EnquiryController       : GET /api/enquiries - page=0, size=10, keyword=null
2026-02-06T16:08:33.933+08:00 DEBUG 11568 --- [logitrack-backend] [nio-8888-exec-3] org.hibernate.SQL                        : 
    select
        e1_0.id,
        e1_0.actual_reason,
        e1_0.additional_requirement,
        e1_0.assigned_cn_office_code,
        e1_0.booking_confirmed,
        e1_0.cargo_ready_date,
        e1_0.cargo_ready_date_raw_text,
        e1_0.cargo_type_code,
        e1_0.category_code,
        e1_0.cn_pricing_admin,
        e1_0.commodity,
        e1_0.core_flag,
        e1_0.created_at,
        e1_0.created_by,
        e1_0.enquiry_offer_type,
        e1_0.enquiry_received_date,
        e1_0.haz_special_equipment,
        e1_0.issue_date,
        e1_0.monthly_sequence,
        e1_0.pod_country_code,
        e1_0.pod_id,
        e1_0.pol_id,
        e1_0.product_abbr,
        e1_0.product_code,
        e1_0.quantity,
        e1_0.quantity_raw_text,
        e1_0.quantity_teu,
        e1_0.quantity_teu_raw_text,
        e1_0.quantity_uom_code,
        e1_0.quantity_uom_raw_text,
        e1_0.reference_month,
        e1_0.reference_number,
        e1_0.rejected_reason,
        e1_0.remark,
        e1_0.reserve_field_1,
        e1_0.reserve_field_2,
        e1_0.reserve_field_3,
        e1_0.reserve_field_4,
        e1_0.reserve_field_5,
        e1_0.sales_country_code,
        e1_0.sales_office_id,
        e1_0.sales_pic_id,
        e1_0.serial_number,
        e1_0.status,
        e1_0.updated_at,
        e1_0.updated_by,
        e1_0.volume_cbm,
        e1_0.volume_raw_text 
    from
        enquiry e1_0 
    order by
        e1_0.id desc 
    limit
        ?, ?
Hibernate: 
    select
        e1_0.id,
        e1_0.actual_reason,
        e1_0.additional_requirement,
        e1_0.assigned_cn_office_code,
        e1_0.booking_confirmed,
        e1_0.cargo_ready_date,
        e1_0.cargo_ready_date_raw_text,
        e1_0.cargo_type_code,
        e1_0.category_code,
        e1_0.cn_pricing_admin,
        e1_0.commodity,
        e1_0.core_flag,
        e1_0.created_at,
        e1_0.created_by,
        e1_0.enquiry_offer_type,
        e1_0.enquiry_received_date,
        e1_0.haz_special_equipment,
        e1_0.issue_date,
        e1_0.monthly_sequence,
        e1_0.pod_country_code,
        e1_0.pod_id,
        e1_0.pol_id,
        e1_0.product_abbr,
        e1_0.product_code,
        e1_0.quantity,
        e1_0.quantity_raw_text,
        e1_0.quantity_teu,
        e1_0.quantity_teu_raw_text,
        e1_0.quantity_uom_code,
        e1_0.quantity_uom_raw_text,
        e1_0.reference_month,
        e1_0.reference_number,
        e1_0.rejected_reason,
        e1_0.remark,
        e1_0.reserve_field_1,
        e1_0.reserve_field_2,
        e1_0.reserve_field_3,
        e1_0.reserve_field_4,
        e1_0.reserve_field_5,
        e1_0.sales_country_code,
        e1_0.sales_office_id,
        e1_0.sales_pic_id,
        e1_0.serial_number,
        e1_0.status,
        e1_0.updated_at,
        e1_0.updated_by,
        e1_0.volume_cbm,
        e1_0.volume_raw_text 
    from
        enquiry e1_0 
    order by
        e1_0.id desc 
    limit
        ?, ?
2026-02-06T16:08:33.938+08:00 DEBUG 11568 --- [logitrack-backend] [nio-8888-exec-3] org.hibernate.SQL                        : 
    select
        count(e1_0.id) 
    from
        enquiry e1_0
Hibernate: 
    select
        count(e1_0.id) 
    from
        enquiry e1_0
2026-02-06T16:08:33.942+08:00 DEBUG 11568 --- [logitrack-backend] [nio-8888-exec-3] org.hibernate.SQL                        : 
    select
        ep1_0.id,
        ep1_0.created_at,
        ep1_0.enquiry_id,
        ep1_0.port_id,
        ep1_0.sequence 
    from
        enquiry_pol ep1_0 
    where
        ep1_0.enquiry_id=? 
    order by
        ep1_0.sequence
Hibernate: 
    select
        ep1_0.id,
        ep1_0.created_at,
        ep1_0.enquiry_id,
        ep1_0.port_id,
        ep1_0.sequence 
    from
        enquiry_pol ep1_0 
    where
        ep1_0.enquiry_id=? 
    order by
        ep1_0.sequence
2026-02-06T16:08:33.945+08:00 DEBUG 11568 --- [logitrack-backend] [nio-8888-exec-3] org.hibernate.SQL                        : 
    select
        ep1_0.id,
        ep1_0.created_at,
        ep1_0.enquiry_id,
        ep1_0.port_id,
        ep1_0.sequence 
    from
        enquiry_pod ep1_0 
    where
        ep1_0.enquiry_id=? 
    order by
        ep1_0.sequence
Hibernate: 
    select
        ep1_0.id,
        ep1_0.created_at,
        ep1_0.enquiry_id,
        ep1_0.port_id,
        ep1_0.sequence 
    from
        enquiry_pod ep1_0 
    where
        ep1_0.enquiry_id=? 
    order by
        ep1_0.sequence
2026-02-06T16:08:33.951+08:00 DEBUG 11568 --- [logitrack-backend] [nio-8888-exec-3] org.hibernate.SQL                        : 
    select
        ep1_0.id,
        ep1_0.created_at,
        ep1_0.enquiry_id,
        ep1_0.port_id,
        ep1_0.sequence 
    from
        enquiry_pol ep1_0 
    where
        ep1_0.enquiry_id=? 
    order by
        ep1_0.sequence
Hibernate: 
    select
        ep1_0.id,
        ep1_0.created_at,
        ep1_0.enquiry_id,
        ep1_0.port_id,
        ep1_0.sequence 
    from
        enquiry_pol ep1_0 
    where
        ep1_0.enquiry_id=? 
    order by
        ep1_0.sequence
2026-02-06T16:08:33.954+08:00 DEBUG 11568 --- [logitrack-backend] [nio-8888-exec-3] org.hibernate.SQL                        : 
    select
        ep1_0.id,
        ep1_0.created_at,
        ep1_0.enquiry_id,
        ep1_0.port_id,
        ep1_0.sequence 
    from
        enquiry_pod ep1_0 
    where
        ep1_0.enquiry_id=? 
    order by
        ep1_0.sequence
Hibernate: 
    select
        ep1_0.id,
        ep1_0.created_at,
        ep1_0.enquiry_id,
        ep1_0.port_id,
        ep1_0.sequence 
    from
        enquiry_pod ep1_0 
    where
        ep1_0.enquiry_id=? 
    order by
        ep1_0.sequence
2026-02-06T16:08:33.957+08:00 DEBUG 11568 --- [logitrack-backend] [nio-8888-exec-3] org.hibernate.SQL                        : 
    select
        ep1_0.id,
        ep1_0.created_at,
        ep1_0.enquiry_id,
        ep1_0.port_id,
        ep1_0.sequence 
    from
        enquiry_pol ep1_0 
    where
        ep1_0.enquiry_id=? 
    order by
        ep1_0.sequence
Hibernate: 
    select
        ep1_0.id,
        ep1_0.created_at,
        ep1_0.enquiry_id,
        ep1_0.port_id,
        ep1_0.sequence 
    from
        enquiry_pol ep1_0 
    where
        ep1_0.enquiry_id=? 
    order by
        ep1_0.sequence
2026-02-06T16:08:33.960+08:00 DEBUG 11568 --- [logitrack-backend] [nio-8888-exec-3] org.hibernate.SQL                        : 
    select
        ep1_0.id,
        ep1_0.created_at,
        ep1_0.enquiry_id,
        ep1_0.port_id,
        ep1_0.sequence 
    from
        enquiry_pod ep1_0 
    where
        ep1_0.enquiry_id=? 
    order by
        ep1_0.sequence
Hibernate: 
    select
        ep1_0.id,
        ep1_0.created_at,
        ep1_0.enquiry_id,
        ep1_0.port_id,
        ep1_0.sequence 
    from
        enquiry_pod ep1_0 
    where
        ep1_0.enquiry_id=? 
    order by
        ep1_0.sequence
2026-02-06T16:08:33.963+08:00 DEBUG 11568 --- [logitrack-backend] [nio-8888-exec-3] org.hibernate.SQL                        : 
    select
        ep1_0.id,
        ep1_0.created_at,
        ep1_0.enquiry_id,
        ep1_0.port_id,
        ep1_0.sequence 
    from
        enquiry_pol ep1_0 
    where
        ep1_0.enquiry_id=? 
    order by
        ep1_0.sequence
Hibernate: 
    select
        ep1_0.id,
        ep1_0.created_at,
        ep1_0.enquiry_id,
        ep1_0.port_id,
        ep1_0.sequence 
    from
        enquiry_pol ep1_0 
    where
        ep1_0.enquiry_id=? 
    order by
        ep1_0.sequence
2026-02-06T16:08:33.966+08:00 DEBUG 11568 --- [logitrack-backend] [nio-8888-exec-3] org.hibernate.SQL                        : 
    select
        ep1_0.id,
        ep1_0.created_at,
        ep1_0.enquiry_id,
        ep1_0.port_id,
        ep1_0.sequence 
    from
        enquiry_pod ep1_0 
    where
        ep1_0.enquiry_id=? 
    order by
        ep1_0.sequence
Hibernate: 
    select
        ep1_0.id,
        ep1_0.created_at,
        ep1_0.enquiry_id,
        ep1_0.port_id,
        ep1_0.sequence 
    from
        enquiry_pod ep1_0 
    where
        ep1_0.enquiry_id=? 
    order by
        ep1_0.sequence
2026-02-06T16:08:33.968+08:00 DEBUG 11568 --- [logitrack-backend] [nio-8888-exec-3] org.hibernate.SQL                        : 
    select
        ep1_0.id,
        ep1_0.created_at,
        ep1_0.enquiry_id,
        ep1_0.port_id,
        ep1_0.sequence 
    from
        enquiry_pol ep1_0 
    where
        ep1_0.enquiry_id=? 
    order by
        ep1_0.sequence
Hibernate: 
    select
        ep1_0.id,
        ep1_0.created_at,
        ep1_0.enquiry_id,
        ep1_0.port_id,
        ep1_0.sequence 
    from
        enquiry_pol ep1_0 
    where
        ep1_0.enquiry_id=? 
    order by
        ep1_0.sequence
2026-02-06T16:08:33.971+08:00 DEBUG 11568 --- [logitrack-backend] [nio-8888-exec-3] org.hibernate.SQL                        : 
    select
        ep1_0.id,
        ep1_0.created_at,
        ep1_0.enquiry_id,
        ep1_0.port_id,
        ep1_0.sequence 
    from
        enquiry_pod ep1_0 
    where
        ep1_0.enquiry_id=? 
    order by
        ep1_0.sequence
Hibernate: 
    select
        ep1_0.id,
        ep1_0.created_at,
        ep1_0.enquiry_id,
        ep1_0.port_id,
        ep1_0.sequence 
    from
        enquiry_pod ep1_0 
    where
        ep1_0.enquiry_id=? 
    order by
        ep1_0.sequence
2026-02-06T16:08:33.974+08:00 DEBUG 11568 --- [logitrack-backend] [nio-8888-exec-3] org.hibernate.SQL                        : 
    select
        ep1_0.id,
        ep1_0.created_at,
        ep1_0.enquiry_id,
        ep1_0.port_id,
        ep1_0.sequence 
    from
        enquiry_pol ep1_0 
    where
        ep1_0.enquiry_id=? 
    order by
        ep1_0.sequence
Hibernate: 
    select
        ep1_0.id,
        ep1_0.created_at,
        ep1_0.enquiry_id,
        ep1_0.port_id,
        ep1_0.sequence 
    from
        enquiry_pol ep1_0 
    where
        ep1_0.enquiry_id=? 
    order by
        ep1_0.sequence
2026-02-06T16:08:33.976+08:00 DEBUG 11568 --- [logitrack-backend] [nio-8888-exec-3] org.hibernate.SQL                        : 
    select
        ep1_0.id,
        ep1_0.created_at,
        ep1_0.enquiry_id,
        ep1_0.port_id,
        ep1_0.sequence 
    from
        enquiry_pod ep1_0 
    where
        ep1_0.enquiry_id=? 
    order by
        ep1_0.sequence
Hibernate: 
    select
        ep1_0.id,
        ep1_0.created_at,
        ep1_0.enquiry_id,
        ep1_0.port_id,
        ep1_0.sequence 
    from
        enquiry_pod ep1_0 
    where
        ep1_0.enquiry_id=? 
    order by
        ep1_0.sequence
2026-02-06T16:08:33.978+08:00 DEBUG 11568 --- [logitrack-backend] [nio-8888-exec-3] org.hibernate.SQL                        : 
    select
        ep1_0.id,
        ep1_0.created_at,
        ep1_0.enquiry_id,
        ep1_0.port_id,
        ep1_0.sequence 
    from
        enquiry_pol ep1_0 
    where
        ep1_0.enquiry_id=? 
    order by
        ep1_0.sequence
Hibernate: 
    select
        ep1_0.id,
        ep1_0.created_at,
        ep1_0.enquiry_id,
        ep1_0.port_id,
        ep1_0.sequence 
    from
        enquiry_pol ep1_0 
    where
        ep1_0.enquiry_id=? 
    order by
        ep1_0.sequence
2026-02-06T16:08:33.982+08:00 DEBUG 11568 --- [logitrack-backend] [nio-8888-exec-3] org.hibernate.SQL                        : 
    select
        ep1_0.id,
        ep1_0.created_at,
        ep1_0.enquiry_id,
        ep1_0.port_id,
        ep1_0.sequence 
    from
        enquiry_pod ep1_0 
    where
        ep1_0.enquiry_id=? 
    order by
        ep1_0.sequence
Hibernate: 
    select
        ep1_0.id,
        ep1_0.created_at,
        ep1_0.enquiry_id,
        ep1_0.port_id,
        ep1_0.sequence 
    from
        enquiry_pod ep1_0 
    where
        ep1_0.enquiry_id=? 
    order by
        ep1_0.sequence
2026-02-06T16:08:33.985+08:00 DEBUG 11568 --- [logitrack-backend] [nio-8888-exec-3] org.hibernate.SQL                        : 
    select
        ep1_0.id,
        ep1_0.created_at,
        ep1_0.enquiry_id,
        ep1_0.port_id,
        ep1_0.sequence 
    from
        enquiry_pol ep1_0 
    where
        ep1_0.enquiry_id=? 
    order by
        ep1_0.sequence
Hibernate: 
    select
        ep1_0.id,
        ep1_0.created_at,
        ep1_0.enquiry_id,
        ep1_0.port_id,
        ep1_0.sequence 
    from
        enquiry_pol ep1_0 
    where
        ep1_0.enquiry_id=? 
    order by
        ep1_0.sequence
2026-02-06T16:08:33.989+08:00 DEBUG 11568 --- [logitrack-backend] [nio-8888-exec-3] org.hibernate.SQL                        : 
    select
        ep1_0.id,
        ep1_0.created_at,
        ep1_0.enquiry_id,
        ep1_0.port_id,
        ep1_0.sequence 
    from
        enquiry_pod ep1_0 
    where
        ep1_0.enquiry_id=? 
    order by
        ep1_0.sequence
Hibernate: 
    select
        ep1_0.id,
        ep1_0.created_at,
        ep1_0.enquiry_id,
        ep1_0.port_id,
        ep1_0.sequence 
    from
        enquiry_pod ep1_0 
    where
        ep1_0.enquiry_id=? 
    order by
        ep1_0.sequence
2026-02-06T16:08:33.991+08:00 DEBUG 11568 --- [logitrack-backend] [nio-8888-exec-3] org.hibernate.SQL                        : 
    select
        ep1_0.id,
        ep1_0.created_at,
        ep1_0.enquiry_id,
        ep1_0.port_id,
        ep1_0.sequence 
    from
        enquiry_pol ep1_0 
    where
        ep1_0.enquiry_id=? 
    order by
        ep1_0.sequence
Hibernate: 
    select
        ep1_0.id,
        ep1_0.created_at,
        ep1_0.enquiry_id,
        ep1_0.port_id,
        ep1_0.sequence 
    from
        enquiry_pol ep1_0 
    where
        ep1_0.enquiry_id=? 
    order by
        ep1_0.sequence
2026-02-06T16:08:33.994+08:00 DEBUG 11568 --- [logitrack-backend] [nio-8888-exec-3] org.hibernate.SQL                        : 
    select
        ep1_0.id,
        ep1_0.created_at,
        ep1_0.enquiry_id,
        ep1_0.port_id,
        ep1_0.sequence 
    from
        enquiry_pod ep1_0 
    where
        ep1_0.enquiry_id=? 
    order by
        ep1_0.sequence
Hibernate: 
    select
        ep1_0.id,
        ep1_0.created_at,
        ep1_0.enquiry_id,
        ep1_0.port_id,
        ep1_0.sequence 
    from
        enquiry_pod ep1_0 
    where
        ep1_0.enquiry_id=? 
    order by
        ep1_0.sequence
2026-02-06T16:08:33.997+08:00 DEBUG 11568 --- [logitrack-backend] [nio-8888-exec-3] org.hibernate.SQL                        : 
    select
        ep1_0.id,
        ep1_0.created_at,
        ep1_0.enquiry_id,
        ep1_0.port_id,
        ep1_0.sequence 
    from
        enquiry_pol ep1_0 
    where
        ep1_0.enquiry_id=? 
    order by
        ep1_0.sequence
Hibernate: 
    select
        ep1_0.id,
        ep1_0.created_at,
        ep1_0.enquiry_id,
        ep1_0.port_id,
        ep1_0.sequence 
    from
        enquiry_pol ep1_0 
    where
        ep1_0.enquiry_id=? 
    order by
        ep1_0.sequence
2026-02-06T16:08:33.999+08:00 DEBUG 11568 --- [logitrack-backend] [nio-8888-exec-3] org.hibernate.SQL                        : 
    select
        ep1_0.id,
        ep1_0.created_at,
        ep1_0.enquiry_id,
        ep1_0.port_id,
        ep1_0.sequence 
    from
        enquiry_pod ep1_0 
    where
        ep1_0.enquiry_id=? 
    order by
        ep1_0.sequence
Hibernate: 
    select
        ep1_0.id,
        ep1_0.created_at,
        ep1_0.enquiry_id,
        ep1_0.port_id,
        ep1_0.sequence 
    from
        enquiry_pod ep1_0 
    where
        ep1_0.enquiry_id=? 
    order by
        ep1_0.sequence
2026-02-06T16:08:34.002+08:00 DEBUG 11568 --- [logitrack-backend] [nio-8888-exec-3] org.hibernate.SQL                        : 
    select
        o1_0.enquiry_id,
        o1_0.id,
        o1_0.created_at,
        o1_0.is_latest,
        o1_0.is_rejected_price,
        o1_0.offer_type,
        o1_0.price,
        o1_0.price_text,
        o1_0.sent_date,
        o1_0.sent_date_raw_text,
        o1_0.sequence_no,
        o1_0.updated_at 
    from
        offer o1_0 
    where
        o1_0.enquiry_id=?
Hibernate: 
    select
        o1_0.enquiry_id,
        o1_0.id,
        o1_0.created_at,
        o1_0.is_latest,
        o1_0.is_rejected_price,
        o1_0.offer_type,
        o1_0.price,
        o1_0.price_text,
        o1_0.sent_date,
        o1_0.sent_date_raw_text,
        o1_0.sequence_no,
        o1_0.updated_at 
    from
        offer o1_0 
    where
        o1_0.enquiry_id=?
2026-02-06T16:08:34.004+08:00 DEBUG 11568 --- [logitrack-backend] [nio-8888-exec-3] org.hibernate.SQL                        : 
    select
        cl1_0.enquiry_id,
        cl1_0.id,
        cl1_0.container_code,
        cl1_0.container_qty,
        cl1_0.container_type_id,
        cl1_0.created_at,
        cl1_0.raw_text,
        cl1_0.teu_per_unit 
    from
        enquiry_container_line cl1_0 
    where
        cl1_0.enquiry_id=?
Hibernate: 
    select
        cl1_0.enquiry_id,
        cl1_0.id,
        cl1_0.container_code,
        cl1_0.container_qty,
        cl1_0.container_type_id,
        cl1_0.created_at,
        cl1_0.raw_text,
        cl1_0.teu_per_unit 
    from
        enquiry_container_line cl1_0 
    where
        cl1_0.enquiry_id=?
2026-02-06T16:08:34.007+08:00 DEBUG 11568 --- [logitrack-backend] [nio-8888-exec-3] org.hibernate.SQL                        : 
    select
        o1_0.enquiry_id,
        o1_0.id,
        o1_0.created_at,
        o1_0.is_latest,
        o1_0.is_rejected_price,
        o1_0.offer_type,
        o1_0.price,
        o1_0.price_text,
        o1_0.sent_date,
        o1_0.sent_date_raw_text,
        o1_0.sequence_no,
        o1_0.updated_at 
    from
        offer o1_0 
    where
        o1_0.enquiry_id=?
Hibernate: 
    select
        o1_0.enquiry_id,
        o1_0.id,
        o1_0.created_at,
        o1_0.is_latest,
        o1_0.is_rejected_price,
        o1_0.offer_type,
        o1_0.price,
        o1_0.price_text,
        o1_0.sent_date,
        o1_0.sent_date_raw_text,
        o1_0.sequence_no,
        o1_0.updated_at 
    from
        offer o1_0 
    where
        o1_0.enquiry_id=?
2026-02-06T16:08:34.009+08:00 DEBUG 11568 --- [logitrack-backend] [nio-8888-exec-3] org.hibernate.SQL                        : 
    select
        cl1_0.enquiry_id,
        cl1_0.id,
        cl1_0.container_code,
        cl1_0.container_qty,
        cl1_0.container_type_id,
        cl1_0.created_at,
        cl1_0.raw_text,
        cl1_0.teu_per_unit 
    from
        enquiry_container_line cl1_0 
    where
        cl1_0.enquiry_id=?
Hibernate: 
    select
        cl1_0.enquiry_id,
        cl1_0.id,
        cl1_0.container_code,
        cl1_0.container_qty,
        cl1_0.container_type_id,
        cl1_0.created_at,
        cl1_0.raw_text,
        cl1_0.teu_per_unit 
    from
        enquiry_container_line cl1_0 
    where
        cl1_0.enquiry_id=?
2026-02-06T16:08:34.012+08:00 DEBUG 11568 --- [logitrack-backend] [nio-8888-exec-3] org.hibernate.SQL                        : 
    select
        o1_0.enquiry_id,
        o1_0.id,
        o1_0.created_at,
        o1_0.is_latest,
        o1_0.is_rejected_price,
        o1_0.offer_type,
        o1_0.price,
        o1_0.price_text,
        o1_0.sent_date,
        o1_0.sent_date_raw_text,
        o1_0.sequence_no,
        o1_0.updated_at 
    from
        offer o1_0 
    where
        o1_0.enquiry_id=?
Hibernate: 
    select
        o1_0.enquiry_id,
        o1_0.id,
        o1_0.created_at,
        o1_0.is_latest,
        o1_0.is_rejected_price,
        o1_0.offer_type,
        o1_0.price,
        o1_0.price_text,
        o1_0.sent_date,
        o1_0.sent_date_raw_text,
        o1_0.sequence_no,
        o1_0.updated_at 
    from
        offer o1_0 
    where
        o1_0.enquiry_id=?
2026-02-06T16:08:34.013+08:00 DEBUG 11568 --- [logitrack-backend] [nio-8888-exec-3] org.hibernate.SQL                        : 
    select
        cl1_0.enquiry_id,
        cl1_0.id,
        cl1_0.container_code,
        cl1_0.container_qty,
        cl1_0.container_type_id,
        cl1_0.created_at,
        cl1_0.raw_text,
        cl1_0.teu_per_unit 
    from
        enquiry_container_line cl1_0 
    where
        cl1_0.enquiry_id=?
Hibernate: 
    select
        cl1_0.enquiry_id,
        cl1_0.id,
        cl1_0.container_code,
        cl1_0.container_qty,
        cl1_0.container_type_id,
        cl1_0.created_at,
        cl1_0.raw_text,
        cl1_0.teu_per_unit 
    from
        enquiry_container_line cl1_0 
    where
        cl1_0.enquiry_id=?
2026-02-06T16:08:34.017+08:00 DEBUG 11568 --- [logitrack-backend] [nio-8888-exec-3] org.hibernate.SQL                        : 
    select
        o1_0.enquiry_id,
        o1_0.id,
        o1_0.created_at,
        o1_0.is_latest,
        o1_0.is_rejected_price,
        o1_0.offer_type,
        o1_0.price,
        o1_0.price_text,
        o1_0.sent_date,
        o1_0.sent_date_raw_text,
        o1_0.sequence_no,
        o1_0.updated_at 
    from
        offer o1_0 
    where
        o1_0.enquiry_id=?
Hibernate: 
    select
        o1_0.enquiry_id,
        o1_0.id,
        o1_0.created_at,
        o1_0.is_latest,
        o1_0.is_rejected_price,
        o1_0.offer_type,
        o1_0.price,
        o1_0.price_text,
        o1_0.sent_date,
        o1_0.sent_date_raw_text,
        o1_0.sequence_no,
        o1_0.updated_at 
    from
        offer o1_0 
    where
        o1_0.enquiry_id=?
2026-02-06T16:08:34.019+08:00 DEBUG 11568 --- [logitrack-backend] [nio-8888-exec-3] org.hibernate.SQL                        : 
    select
        cl1_0.enquiry_id,
        cl1_0.id,
        cl1_0.container_code,
        cl1_0.container_qty,
        cl1_0.container_type_id,
        cl1_0.created_at,
        cl1_0.raw_text,
        cl1_0.teu_per_unit 
    from
        enquiry_container_line cl1_0 
    where
        cl1_0.enquiry_id=?
Hibernate: 
    select
        cl1_0.enquiry_id,
        cl1_0.id,
        cl1_0.container_code,
        cl1_0.container_qty,
        cl1_0.container_type_id,
        cl1_0.created_at,
        cl1_0.raw_text,
        cl1_0.teu_per_unit 
    from
        enquiry_container_line cl1_0 
    where
        cl1_0.enquiry_id=?
2026-02-06T16:08:34.022+08:00 DEBUG 11568 --- [logitrack-backend] [nio-8888-exec-3] org.hibernate.SQL                        : 
    select
        o1_0.enquiry_id,
        o1_0.id,
        o1_0.created_at,
        o1_0.is_latest,
        o1_0.is_rejected_price,
        o1_0.offer_type,
        o1_0.price,
        o1_0.price_text,
        o1_0.sent_date,
        o1_0.sent_date_raw_text,
        o1_0.sequence_no,
        o1_0.updated_at 
    from
        offer o1_0 
    where
        o1_0.enquiry_id=?
Hibernate: 
    select
        o1_0.enquiry_id,
        o1_0.id,
        o1_0.created_at,
        o1_0.is_latest,
        o1_0.is_rejected_price,
        o1_0.offer_type,
        o1_0.price,
        o1_0.price_text,
        o1_0.sent_date,
        o1_0.sent_date_raw_text,
        o1_0.sequence_no,
        o1_0.updated_at 
    from
        offer o1_0 
    where
        o1_0.enquiry_id=?
2026-02-06T16:08:34.023+08:00 DEBUG 11568 --- [logitrack-backend] [nio-8888-exec-3] org.hibernate.SQL                        : 
    select
        cl1_0.enquiry_id,
        cl1_0.id,
        cl1_0.container_code,
        cl1_0.container_qty,
        cl1_0.container_type_id,
        cl1_0.created_at,
        cl1_0.raw_text,
        cl1_0.teu_per_unit 
    from
        enquiry_container_line cl1_0 
    where
        cl1_0.enquiry_id=?
Hibernate: 
    select
        cl1_0.enquiry_id,
        cl1_0.id,
        cl1_0.container_code,
        cl1_0.container_qty,
        cl1_0.container_type_id,
        cl1_0.created_at,
        cl1_0.raw_text,
        cl1_0.teu_per_unit 
    from
        enquiry_container_line cl1_0 
    where
        cl1_0.enquiry_id=?
2026-02-06T16:08:34.025+08:00 DEBUG 11568 --- [logitrack-backend] [nio-8888-exec-3] org.hibernate.SQL                        : 
    select
        o1_0.enquiry_id,
        o1_0.id,
        o1_0.created_at,
        o1_0.is_latest,
        o1_0.is_rejected_price,
        o1_0.offer_type,
        o1_0.price,
        o1_0.price_text,
        o1_0.sent_date,
        o1_0.sent_date_raw_text,
        o1_0.sequence_no,
        o1_0.updated_at 
    from
        offer o1_0 
    where
        o1_0.enquiry_id=?
Hibernate: 
    select
        o1_0.enquiry_id,
        o1_0.id,
        o1_0.created_at,
        o1_0.is_latest,
        o1_0.is_rejected_price,
        o1_0.offer_type,
        o1_0.price,
        o1_0.price_text,
        o1_0.sent_date,
        o1_0.sent_date_raw_text,
        o1_0.sequence_no,
        o1_0.updated_at 
    from
        offer o1_0 
    where
        o1_0.enquiry_id=?
2026-02-06T16:08:34.027+08:00 DEBUG 11568 --- [logitrack-backend] [nio-8888-exec-3] org.hibernate.SQL                        : 
    select
        cl1_0.enquiry_id,
        cl1_0.id,
        cl1_0.container_code,
        cl1_0.container_qty,
        cl1_0.container_type_id,
        cl1_0.created_at,
        cl1_0.raw_text,
        cl1_0.teu_per_unit 
    from
        enquiry_container_line cl1_0 
    where
        cl1_0.enquiry_id=?
Hibernate: 
    select
        cl1_0.enquiry_id,
        cl1_0.id,
        cl1_0.container_code,
        cl1_0.container_qty,
        cl1_0.container_type_id,
        cl1_0.created_at,
        cl1_0.raw_text,
        cl1_0.teu_per_unit 
    from
        enquiry_container_line cl1_0 
    where
        cl1_0.enquiry_id=?
2026-02-06T16:08:34.029+08:00 DEBUG 11568 --- [logitrack-backend] [nio-8888-exec-3] org.hibernate.SQL                        : 
    select
        o1_0.enquiry_id,
        o1_0.id,
        o1_0.created_at,
        o1_0.is_latest,
        o1_0.is_rejected_price,
        o1_0.offer_type,
        o1_0.price,
        o1_0.price_text,
        o1_0.sent_date,
        o1_0.sent_date_raw_text,
        o1_0.sequence_no,
        o1_0.updated_at 
    from
        offer o1_0 
    where
        o1_0.enquiry_id=?
Hibernate: 
    select
        o1_0.enquiry_id,
        o1_0.id,
        o1_0.created_at,
        o1_0.is_latest,
        o1_0.is_rejected_price,
        o1_0.offer_type,
        o1_0.price,
        o1_0.price_text,
        o1_0.sent_date,
        o1_0.sent_date_raw_text,
        o1_0.sequence_no,
        o1_0.updated_at 
    from
        offer o1_0 
    where
        o1_0.enquiry_id=?
2026-02-06T16:08:34.031+08:00 DEBUG 11568 --- [logitrack-backend] [nio-8888-exec-3] org.hibernate.SQL                        : 
    select
        cl1_0.enquiry_id,
        cl1_0.id,
        cl1_0.container_code,
        cl1_0.container_qty,
        cl1_0.container_type_id,
        cl1_0.created_at,
        cl1_0.raw_text,
        cl1_0.teu_per_unit 
    from
        enquiry_container_line cl1_0 
    where
        cl1_0.enquiry_id=?
Hibernate: 
    select
        cl1_0.enquiry_id,
        cl1_0.id,
        cl1_0.container_code,
        cl1_0.container_qty,
        cl1_0.container_type_id,
        cl1_0.created_at,
        cl1_0.raw_text,
        cl1_0.teu_per_unit 
    from
        enquiry_container_line cl1_0 
    where
        cl1_0.enquiry_id=?
2026-02-06T16:08:34.032+08:00 DEBUG 11568 --- [logitrack-backend] [nio-8888-exec-3] org.hibernate.SQL                        : 
    select
        o1_0.enquiry_id,
        o1_0.id,
        o1_0.created_at,
        o1_0.is_latest,
        o1_0.is_rejected_price,
        o1_0.offer_type,
        o1_0.price,
        o1_0.price_text,
        o1_0.sent_date,
        o1_0.sent_date_raw_text,
        o1_0.sequence_no,
        o1_0.updated_at 
    from
        offer o1_0 
    where
        o1_0.enquiry_id=?
Hibernate: 
    select
        o1_0.enquiry_id,
        o1_0.id,
        o1_0.created_at,
        o1_0.is_latest,
        o1_0.is_rejected_price,
        o1_0.offer_type,
        o1_0.price,
        o1_0.price_text,
        o1_0.sent_date,
        o1_0.sent_date_raw_text,
        o1_0.sequence_no,
        o1_0.updated_at 
    from
        offer o1_0 
    where
        o1_0.enquiry_id=?
2026-02-06T16:08:34.035+08:00 DEBUG 11568 --- [logitrack-backend] [nio-8888-exec-3] org.hibernate.SQL                        : 
    select
        cl1_0.enquiry_id,
        cl1_0.id,
        cl1_0.container_code,
        cl1_0.container_qty,
        cl1_0.container_type_id,
        cl1_0.created_at,
        cl1_0.raw_text,
        cl1_0.teu_per_unit 
    from
        enquiry_container_line cl1_0 
    where
        cl1_0.enquiry_id=?
Hibernate: 
    select
        cl1_0.enquiry_id,
        cl1_0.id,
        cl1_0.container_code,
        cl1_0.container_qty,
        cl1_0.container_type_id,
        cl1_0.created_at,
        cl1_0.raw_text,
        cl1_0.teu_per_unit 
    from
        enquiry_container_line cl1_0 
    where
        cl1_0.enquiry_id=?
2026-02-06T16:08:34.038+08:00 DEBUG 11568 --- [logitrack-backend] [nio-8888-exec-3] org.hibernate.SQL                        : 
    select
        o1_0.enquiry_id,
        o1_0.id,
        o1_0.created_at,
        o1_0.is_latest,
        o1_0.is_rejected_price,
        o1_0.offer_type,
        o1_0.price,
        o1_0.price_text,
        o1_0.sent_date,
        o1_0.sent_date_raw_text,
        o1_0.sequence_no,
        o1_0.updated_at 
    from
        offer o1_0 
    where
        o1_0.enquiry_id=?
Hibernate: 
    select
        o1_0.enquiry_id,
        o1_0.id,
        o1_0.created_at,
        o1_0.is_latest,
        o1_0.is_rejected_price,
        o1_0.offer_type,
        o1_0.price,
        o1_0.price_text,
        o1_0.sent_date,
        o1_0.sent_date_raw_text,
        o1_0.sequence_no,
        o1_0.updated_at 
    from
        offer o1_0 
    where
        o1_0.enquiry_id=?
2026-02-06T16:08:34.039+08:00 DEBUG 11568 --- [logitrack-backend] [nio-8888-exec-3] org.hibernate.SQL                        : 
    select
        cl1_0.enquiry_id,
        cl1_0.id,
        cl1_0.container_code,
        cl1_0.container_qty,
        cl1_0.container_type_id,
        cl1_0.created_at,
        cl1_0.raw_text,
        cl1_0.teu_per_unit 
    from
        enquiry_container_line cl1_0 
    where
        cl1_0.enquiry_id=?
Hibernate: 
    select
        cl1_0.enquiry_id,
        cl1_0.id,
        cl1_0.container_code,
        cl1_0.container_qty,
        cl1_0.container_type_id,
        cl1_0.created_at,
        cl1_0.raw_text,
        cl1_0.teu_per_unit 
    from
        enquiry_container_line cl1_0 
    where
        cl1_0.enquiry_id=?
2026-02-06T16:08:34.041+08:00 DEBUG 11568 --- [logitrack-backend] [nio-8888-exec-3] org.hibernate.SQL                        : 
    select
        o1_0.enquiry_id,
        o1_0.id,
        o1_0.created_at,
        o1_0.is_latest,
        o1_0.is_rejected_price,
        o1_0.offer_type,
        o1_0.price,
        o1_0.price_text,
        o1_0.sent_date,
        o1_0.sent_date_raw_text,
        o1_0.sequence_no,
        o1_0.updated_at 
    from
        offer o1_0 
    where
        o1_0.enquiry_id=?
Hibernate: 
    select
        o1_0.enquiry_id,
        o1_0.id,
        o1_0.created_at,
        o1_0.is_latest,
        o1_0.is_rejected_price,
        o1_0.offer_type,
        o1_0.price,
        o1_0.price_text,
        o1_0.sent_date,
        o1_0.sent_date_raw_text,
        o1_0.sequence_no,
        o1_0.updated_at 
    from
        offer o1_0 
    where
        o1_0.enquiry_id=?
2026-02-06T16:08:34.043+08:00 DEBUG 11568 --- [logitrack-backend] [nio-8888-exec-3] org.hibernate.SQL                        : 
    select
        cl1_0.enquiry_id,
        cl1_0.id,
        cl1_0.container_code,
        cl1_0.container_qty,
        cl1_0.container_type_id,
        cl1_0.created_at,
        cl1_0.raw_text,
        cl1_0.teu_per_unit 
    from
        enquiry_container_line cl1_0 
    where
        cl1_0.enquiry_id=?
Hibernate: 
    select
        cl1_0.enquiry_id,
        cl1_0.id,
        cl1_0.container_code,
        cl1_0.container_qty,
        cl1_0.container_type_id,
        cl1_0.created_at,
        cl1_0.raw_text,
        cl1_0.teu_per_unit 
    from
        enquiry_container_line cl1_0 
    where
        cl1_0.enquiry_id=?
2026-02-06T16:09:40.204+08:00  INFO 11568 --- [logitrack-backend] [nio-8888-exec-4] c.l.b.controller.MasterDataController    : GET /api/master/countries
2026-02-06T16:09:40.208+08:00 DEBUG 11568 --- [logitrack-backend] [nio-8888-exec-4] org.hibernate.SQL                        : 
    select
        c1_0.id,
        c1_0.country_code,
        c1_0.country_name_cn,
        c1_0.country_name_en,
        c1_0.created_at,
        c1_0.is_active,
        c1_0.updated_at 
    from
        country c1_0
Hibernate: 
    select
        c1_0.id,
        c1_0.country_code,
        c1_0.country_name_cn,
        c1_0.country_name_en,
        c1_0.created_at,
        c1_0.is_active,
        c1_0.updated_at 
    from
        country c1_0
2026-02-06T16:09:40.469+08:00  INFO 11568 --- [logitrack-backend] [nio-8888-exec-5] c.l.b.controller.MasterDataController    : GET /api/master/countries
2026-02-06T16:09:40.471+08:00 DEBUG 11568 --- [logitrack-backend] [nio-8888-exec-5] org.hibernate.SQL                        : 
    select
        c1_0.id,
        c1_0.country_code,
        c1_0.country_name_cn,
        c1_0.country_name_en,
        c1_0.created_at,
        c1_0.is_active,
        c1_0.updated_at 
    from
        country c1_0
Hibernate: 
    select
        c1_0.id,
        c1_0.country_code,
        c1_0.country_name_cn,
        c1_0.country_name_en,
        c1_0.created_at,
        c1_0.is_active,
        c1_0.updated_at 
    from
        country c1_0
2026-02-06T16:09:52.185+08:00  INFO 11568 --- [logitrack-backend] [nio-8888-exec-6] c.l.b.controller.MasterDataController    : GET /api/master/ports
2026-02-06T16:09:52.189+08:00 DEBUG 11568 --- [logitrack-backend] [nio-8888-exec-6] org.hibernate.SQL                        : 
    select
        p1_0.id,
        p1_0.city,
        p1_0.country_code,
        p1_0.created_at,
        p1_0.is_active,
        p1_0.port_code,
        p1_0.port_name,
        p1_0.port_type,
        p1_0.updated_at 
    from
        port p1_0
Hibernate: 
    select
        p1_0.id,
        p1_0.city,
        p1_0.country_code,
        p1_0.created_at,
        p1_0.is_active,
        p1_0.port_code,
        p1_0.port_name,
        p1_0.port_type,
        p1_0.updated_at 
    from
        port p1_0
2026-02-06T16:09:52.490+08:00  INFO 11568 --- [logitrack-backend] [nio-8888-exec-7] c.l.b.controller.MasterDataController    : GET /api/master/countries
2026-02-06T16:09:52.496+08:00 DEBUG 11568 --- [logitrack-backend] [nio-8888-exec-7] org.hibernate.SQL                        : 
    select
        c1_0.id,
        c1_0.country_code,
        c1_0.country_name_cn,
        c1_0.country_name_en,
        c1_0.created_at,
        c1_0.is_active,
        c1_0.updated_at 
    from
        country c1_0
Hibernate: 
    select
        c1_0.id,
        c1_0.country_code,
        c1_0.country_name_cn,
        c1_0.country_name_en,
        c1_0.created_at,
        c1_0.is_active,
        c1_0.updated_at 
    from
        country c1_0
2026-02-06T16:09:53.263+08:00  INFO 11568 --- [logitrack-backend] [nio-8888-exec-8] c.l.b.controller.MasterDataController    : GET /api/master/countries
2026-02-06T16:09:53.269+08:00 DEBUG 11568 --- [logitrack-backend] [nio-8888-exec-8] org.hibernate.SQL                        : 
    select
        c1_0.id,
        c1_0.country_code,
        c1_0.country_name_cn,
        c1_0.country_name_en,
        c1_0.created_at,
        c1_0.is_active,
        c1_0.updated_at 
    from
        country c1_0
Hibernate: 
    select
        c1_0.id,
        c1_0.country_code,
        c1_0.country_name_cn,
        c1_0.country_name_en,
        c1_0.created_at,
        c1_0.is_active,
        c1_0.updated_at 
    from
        country c1_0
2026-02-06T16:09:54.306+08:00  INFO 11568 --- [logitrack-backend] [nio-8888-exec-9] c.l.b.controller.MasterDataController    : GET /api/master/ports
2026-02-06T16:09:54.312+08:00 DEBUG 11568 --- [logitrack-backend] [nio-8888-exec-9] org.hibernate.SQL                        : 
    select
        p1_0.id,
        p1_0.city,
        p1_0.country_code,
        p1_0.created_at,
        p1_0.is_active,
        p1_0.port_code,
        p1_0.port_name,
        p1_0.port_type,
        p1_0.updated_at 
    from
        port p1_0
Hibernate: 
    select
        p1_0.id,
        p1_0.city,
        p1_0.country_code,
        p1_0.created_at,
        p1_0.is_active,
        p1_0.port_code,
        p1_0.port_name,
        p1_0.port_type,
        p1_0.updated_at 
    from
        port p1_0
2026-02-06T16:09:58.656+08:00  INFO 11568 --- [logitrack-backend] [nio-8888-exec-1] c.l.b.controller.MasterDataController    : GET /api/master/countries
2026-02-06T16:09:58.656+08:00  INFO 11568 --- [logitrack-backend] [io-8888-exec-10] c.l.b.controller.MasterDataController    : GET /api/master/sales-pics
2026-02-06T16:09:58.662+08:00  INFO 11568 --- [logitrack-backend] [nio-8888-exec-2] c.l.b.controller.MasterDataController    : GET /api/master/sales-offices
2026-02-06T16:09:58.664+08:00 DEBUG 11568 --- [logitrack-backend] [io-8888-exec-10] org.hibernate.SQL                        : 
    select
        sp1_0.id,
        sp1_0.country_code,
        sp1_0.created_at,
        sp1_0.is_active,
        sp1_0.name,
        sp1_0.name_norm,
        sp1_0.sales_office_id,
        sp1_0.updated_at 
    from
        sales_pic sp1_0
Hibernate: 
    select
        sp1_0.id,
        sp1_0.country_code,
        sp1_0.created_at,
        sp1_0.is_active,
        sp1_0.name,
        sp1_0.name_norm,
        sp1_0.sales_office_id,
        sp1_0.updated_at 
    from
        sales_pic sp1_0
2026-02-06T16:09:58.667+08:00 DEBUG 11568 --- [logitrack-backend] [nio-8888-exec-1] org.hibernate.SQL                        : 
    select
        c1_0.id,
        c1_0.country_code,
        c1_0.country_name_cn,
        c1_0.country_name_en,
        c1_0.created_at,
        c1_0.is_active,
        c1_0.updated_at 
    from
        country c1_0
Hibernate: 
    select
        c1_0.id,
        c1_0.country_code,
        c1_0.country_name_cn,
        c1_0.country_name_en,
        c1_0.created_at,
        c1_0.is_active,
        c1_0.updated_at 
    from
        country c1_0
2026-02-06T16:09:58.671+08:00 DEBUG 11568 --- [logitrack-backend] [nio-8888-exec-2] org.hibernate.SQL                        : 
    select
        so1_0.id,
        so1_0.code,
        so1_0.country_code,
        so1_0.created_at,
        so1_0.is_active,
        so1_0.name,
        so1_0.name_norm,
        so1_0.remark,
        so1_0.sort_order,
        so1_0.updated_at 
    from
        dict_sales_office so1_0
Hibernate: 
    select
        so1_0.id,
        so1_0.code,
        so1_0.country_code,
        so1_0.created_at,
        so1_0.is_active,
        so1_0.name,
        so1_0.name_norm,
        so1_0.remark,
        so1_0.sort_order,
        so1_0.updated_at 
    from
        dict_sales_office so1_0
2026-02-06T16:09:58.747+08:00 DEBUG 11568 --- [logitrack-backend] [io-8888-exec-10] org.hibernate.SQL                        : 
    select
        so1_0.id,
        so1_0.code,
        so1_0.country_code,
        so1_0.created_at,
        so1_0.is_active,
        so1_0.name,
        so1_0.name_norm,
        so1_0.remark,
        so1_0.sort_order,
        so1_0.updated_at 
    from
        dict_sales_office so1_0 
    where
        so1_0.id=?
Hibernate: 
    select
        so1_0.id,
        so1_0.code,
        so1_0.country_code,
        so1_0.created_at,
        so1_0.is_active,
        so1_0.name,
        so1_0.name_norm,
        so1_0.remark,
        so1_0.sort_order,
        so1_0.updated_at 
    from
        dict_sales_office so1_0 
    where
        so1_0.id=?
2026-02-06T16:09:58.754+08:00 DEBUG 11568 --- [logitrack-backend] [io-8888-exec-10] org.hibernate.SQL                        : 
    select
        so1_0.id,
        so1_0.code,
        so1_0.country_code,
        so1_0.created_at,
        so1_0.is_active,
        so1_0.name,
        so1_0.name_norm,
        so1_0.remark,
        so1_0.sort_order,
        so1_0.updated_at 
    from
        dict_sales_office so1_0 
    where
        so1_0.id=?
Hibernate: 
    select
        so1_0.id,
        so1_0.code,
        so1_0.country_code,
        so1_0.created_at,
        so1_0.is_active,
        so1_0.name,
        so1_0.name_norm,
        so1_0.remark,
        so1_0.sort_order,
        so1_0.updated_at 
    from
        dict_sales_office so1_0 
    where
        so1_0.id=?
2026-02-06T16:09:58.764+08:00 DEBUG 11568 --- [logitrack-backend] [io-8888-exec-10] org.hibernate.SQL                        : 
    select
        so1_0.id,
        so1_0.code,
        so1_0.country_code,
        so1_0.created_at,
        so1_0.is_active,
        so1_0.name,
        so1_0.name_norm,
        so1_0.remark,
        so1_0.sort_order,
        so1_0.updated_at 
    from
        dict_sales_office so1_0 
    where
        so1_0.id=?
Hibernate: 
    select
        so1_0.id,
        so1_0.code,
        so1_0.country_code,
        so1_0.created_at,
        so1_0.is_active,
        so1_0.name,
        so1_0.name_norm,
        so1_0.remark,
        so1_0.sort_order,
        so1_0.updated_at 
    from
        dict_sales_office so1_0 
    where
        so1_0.id=?
2026-02-06T16:09:58.770+08:00 DEBUG 11568 --- [logitrack-backend] [io-8888-exec-10] org.hibernate.SQL                        : 
    select
        so1_0.id,
        so1_0.code,
        so1_0.country_code,
        so1_0.created_at,
        so1_0.is_active,
        so1_0.name,
        so1_0.name_norm,
        so1_0.remark,
        so1_0.sort_order,
        so1_0.updated_at 
    from
        dict_sales_office so1_0 
    where
        so1_0.id=?
Hibernate: 
    select
        so1_0.id,
        so1_0.code,
        so1_0.country_code,
        so1_0.created_at,
        so1_0.is_active,
        so1_0.name,
        so1_0.name_norm,
        so1_0.remark,
        so1_0.sort_order,
        so1_0.updated_at 
    from
        dict_sales_office so1_0 
    where
        so1_0.id=?
2026-02-06T16:09:58.780+08:00 DEBUG 11568 --- [logitrack-backend] [io-8888-exec-10] org.hibernate.SQL                        : 
    select
        so1_0.id,
        so1_0.code,
        so1_0.country_code,
        so1_0.created_at,
        so1_0.is_active,
        so1_0.name,
        so1_0.name_norm,
        so1_0.remark,
        so1_0.sort_order,
        so1_0.updated_at 
    from
        dict_sales_office so1_0 
    where
        so1_0.id=?
Hibernate: 
    select
        so1_0.id,
        so1_0.code,
        so1_0.country_code,
        so1_0.created_at,
        so1_0.is_active,
        so1_0.name,
        so1_0.name_norm,
        so1_0.remark,
        so1_0.sort_order,
        so1_0.updated_at 
    from
        dict_sales_office so1_0 
    where
        so1_0.id=?
2026-02-06T16:09:58.786+08:00 DEBUG 11568 --- [logitrack-backend] [io-8888-exec-10] org.hibernate.SQL                        : 
    select
        so1_0.id,
        so1_0.code,
        so1_0.country_code,
        so1_0.created_at,
        so1_0.is_active,
        so1_0.name,
        so1_0.name_norm,
        so1_0.remark,
        so1_0.sort_order,
        so1_0.updated_at 
    from
        dict_sales_office so1_0 
    where
        so1_0.id=?
Hibernate: 
    select
        so1_0.id,
        so1_0.code,
        so1_0.country_code,
        so1_0.created_at,
        so1_0.is_active,
        so1_0.name,
        so1_0.name_norm,
        so1_0.remark,
        so1_0.sort_order,
        so1_0.updated_at 
    from
        dict_sales_office so1_0 
    where
        so1_0.id=?
2026-02-06T16:09:58.800+08:00 DEBUG 11568 --- [logitrack-backend] [io-8888-exec-10] org.hibernate.SQL                        : 
    select
        so1_0.id,
        so1_0.code,
        so1_0.country_code,
        so1_0.created_at,
        so1_0.is_active,
        so1_0.name,
        so1_0.name_norm,
        so1_0.remark,
        so1_0.sort_order,
        so1_0.updated_at 
    from
        dict_sales_office so1_0 
    where
        so1_0.id=?
Hibernate: 
    select
        so1_0.id,
        so1_0.code,
        so1_0.country_code,
        so1_0.created_at,
        so1_0.is_active,
        so1_0.name,
        so1_0.name_norm,
        so1_0.remark,
        so1_0.sort_order,
        so1_0.updated_at 
    from
        dict_sales_office so1_0 
    where
        so1_0.id=?
2026-02-06T16:09:58.806+08:00 DEBUG 11568 --- [logitrack-backend] [io-8888-exec-10] org.hibernate.SQL                        : 
    select
        so1_0.id,
        so1_0.code,
        so1_0.country_code,
        so1_0.created_at,
        so1_0.is_active,
        so1_0.name,
        so1_0.name_norm,
        so1_0.remark,
        so1_0.sort_order,
        so1_0.updated_at 
    from
        dict_sales_office so1_0 
    where
        so1_0.id=?
Hibernate: 
    select
        so1_0.id,
        so1_0.code,
        so1_0.country_code,
        so1_0.created_at,
        so1_0.is_active,
        so1_0.name,
        so1_0.name_norm,
        so1_0.remark,
        so1_0.sort_order,
        so1_0.updated_at 
    from
        dict_sales_office so1_0 
    where
        so1_0.id=?
2026-02-06T16:09:58.815+08:00 DEBUG 11568 --- [logitrack-backend] [io-8888-exec-10] org.hibernate.SQL                        : 
    select
        so1_0.id,
        so1_0.code,
        so1_0.country_code,
        so1_0.created_at,
        so1_0.is_active,
        so1_0.name,
        so1_0.name_norm,
        so1_0.remark,
        so1_0.sort_order,
        so1_0.updated_at 
    from
        dict_sales_office so1_0 
    where
        so1_0.id=?
Hibernate: 
    select
        so1_0.id,
        so1_0.code,
        so1_0.country_code,
        so1_0.created_at,
        so1_0.is_active,
        so1_0.name,
        so1_0.name_norm,
        so1_0.remark,
        so1_0.sort_order,
        so1_0.updated_at 
    from
        dict_sales_office so1_0 
    where
        so1_0.id=?
2026-02-06T16:09:58.824+08:00 DEBUG 11568 --- [logitrack-backend] [io-8888-exec-10] org.hibernate.SQL                        : 
    select
        so1_0.id,
        so1_0.code,
        so1_0.country_code,
        so1_0.created_at,
        so1_0.is_active,
        so1_0.name,
        so1_0.name_norm,
        so1_0.remark,
        so1_0.sort_order,
        so1_0.updated_at 
    from
        dict_sales_office so1_0 
    where
        so1_0.id=?
Hibernate: 
    select
        so1_0.id,
        so1_0.code,
        so1_0.country_code,
        so1_0.created_at,
        so1_0.is_active,
        so1_0.name,
        so1_0.name_norm,
        so1_0.remark,
        so1_0.sort_order,
        so1_0.updated_at 
    from
        dict_sales_office so1_0 
    where
        so1_0.id=?
2026-02-06T16:09:58.833+08:00 DEBUG 11568 --- [logitrack-backend] [io-8888-exec-10] org.hibernate.SQL                        : 
    select
        so1_0.id,
        so1_0.code,
        so1_0.country_code,
        so1_0.created_at,
        so1_0.is_active,
        so1_0.name,
        so1_0.name_norm,
        so1_0.remark,
        so1_0.sort_order,
        so1_0.updated_at 
    from
        dict_sales_office so1_0 
    where
        so1_0.id=?
Hibernate: 
    select
        so1_0.id,
        so1_0.code,
        so1_0.country_code,
        so1_0.created_at,
        so1_0.is_active,
        so1_0.name,
        so1_0.name_norm,
        so1_0.remark,
        so1_0.sort_order,
        so1_0.updated_at 
    from
        dict_sales_office so1_0 
    where
        so1_0.id=?
2026-02-06T16:09:58.838+08:00 DEBUG 11568 --- [logitrack-backend] [io-8888-exec-10] org.hibernate.SQL                        : 
    select
        so1_0.id,
        so1_0.code,
        so1_0.country_code,
        so1_0.created_at,
        so1_0.is_active,
        so1_0.name,
        so1_0.name_norm,
        so1_0.remark,
        so1_0.sort_order,
        so1_0.updated_at 
    from
        dict_sales_office so1_0 
    where
        so1_0.id=?
Hibernate: 
    select
        so1_0.id,
        so1_0.code,
        so1_0.country_code,
        so1_0.created_at,
        so1_0.is_active,
        so1_0.name,
        so1_0.name_norm,
        so1_0.remark,
        so1_0.sort_order,
        so1_0.updated_at 
    from
        dict_sales_office so1_0 
    where
        so1_0.id=?
2026-02-06T16:09:58.850+08:00 DEBUG 11568 --- [logitrack-backend] [io-8888-exec-10] org.hibernate.SQL                        : 
    select
        so1_0.id,
        so1_0.code,
        so1_0.country_code,
        so1_0.created_at,
        so1_0.is_active,
        so1_0.name,
        so1_0.name_norm,
        so1_0.remark,
        so1_0.sort_order,
        so1_0.updated_at 
    from
        dict_sales_office so1_0 
    where
        so1_0.id=?
Hibernate: 
    select
        so1_0.id,
        so1_0.code,
        so1_0.country_code,
        so1_0.created_at,
        so1_0.is_active,
        so1_0.name,
        so1_0.name_norm,
        so1_0.remark,
        so1_0.sort_order,
        so1_0.updated_at 
    from
        dict_sales_office so1_0 
    where
        so1_0.id=?
2026-02-06T16:09:58.857+08:00 DEBUG 11568 --- [logitrack-backend] [io-8888-exec-10] org.hibernate.SQL                        : 
    select
        so1_0.id,
        so1_0.code,
        so1_0.country_code,
        so1_0.created_at,
        so1_0.is_active,
        so1_0.name,
        so1_0.name_norm,
        so1_0.remark,
        so1_0.sort_order,
        so1_0.updated_at 
    from
        dict_sales_office so1_0 
    where
        so1_0.id=?
Hibernate: 
    select
        so1_0.id,
        so1_0.code,
        so1_0.country_code,
        so1_0.created_at,
        so1_0.is_active,
        so1_0.name,
        so1_0.name_norm,
        so1_0.remark,
        so1_0.sort_order,
        so1_0.updated_at 
    from
        dict_sales_office so1_0 
    where
        so1_0.id=?
2026-02-06T16:09:58.862+08:00 DEBUG 11568 --- [logitrack-backend] [io-8888-exec-10] org.hibernate.SQL                        : 
    select
        so1_0.id,
        so1_0.code,
        so1_0.country_code,
        so1_0.created_at,
        so1_0.is_active,
        so1_0.name,
        so1_0.name_norm,
        so1_0.remark,
        so1_0.sort_order,
        so1_0.updated_at 
    from
        dict_sales_office so1_0 
    where
        so1_0.id=?
Hibernate: 
    select
        so1_0.id,
        so1_0.code,
        so1_0.country_code,
        so1_0.created_at,
        so1_0.is_active,
        so1_0.name,
        so1_0.name_norm,
        so1_0.remark,
        so1_0.sort_order,
        so1_0.updated_at 
    from
        dict_sales_office so1_0 
    where
        so1_0.id=?
2026-02-06T16:09:58.867+08:00 DEBUG 11568 --- [logitrack-backend] [io-8888-exec-10] org.hibernate.SQL                        : 
    select
        so1_0.id,
        so1_0.code,
        so1_0.country_code,
        so1_0.created_at,
        so1_0.is_active,
        so1_0.name,
        so1_0.name_norm,
        so1_0.remark,
        so1_0.sort_order,
        so1_0.updated_at 
    from
        dict_sales_office so1_0 
    where
        so1_0.id=?
Hibernate: 
    select
        so1_0.id,
        so1_0.code,
        so1_0.country_code,
        so1_0.created_at,
        so1_0.is_active,
        so1_0.name,
        so1_0.name_norm,
        so1_0.remark,
        so1_0.sort_order,
        so1_0.updated_at 
    from
        dict_sales_office so1_0 
    where
        so1_0.id=?
2026-02-06T16:09:58.890+08:00 DEBUG 11568 --- [logitrack-backend] [io-8888-exec-10] org.hibernate.SQL                        : 
    select
        so1_0.id,
        so1_0.code,
        so1_0.country_code,
        so1_0.created_at,
        so1_0.is_active,
        so1_0.name,
        so1_0.name_norm,
        so1_0.remark,
        so1_0.sort_order,
        so1_0.updated_at 
    from
        dict_sales_office so1_0 
    where
        so1_0.id=?
Hibernate: 
    select
        so1_0.id,
        so1_0.code,
        so1_0.country_code,
        so1_0.created_at,
        so1_0.is_active,
        so1_0.name,
        so1_0.name_norm,
        so1_0.remark,
        so1_0.sort_order,
        so1_0.updated_at 
    from
        dict_sales_office so1_0 
    where
        so1_0.id=?
2026-02-06T16:09:58.895+08:00 DEBUG 11568 --- [logitrack-backend] [io-8888-exec-10] org.hibernate.SQL                        : 
    select
        so1_0.id,
        so1_0.code,
        so1_0.country_code,
        so1_0.created_at,
        so1_0.is_active,
        so1_0.name,
        so1_0.name_norm,
        so1_0.remark,
        so1_0.sort_order,
        so1_0.updated_at 
    from
        dict_sales_office so1_0 
    where
        so1_0.id=?
Hibernate: 
    select
        so1_0.id,
        so1_0.code,
        so1_0.country_code,
        so1_0.created_at,
        so1_0.is_active,
        so1_0.name,
        so1_0.name_norm,
        so1_0.remark,
        so1_0.sort_order,
        so1_0.updated_at 
    from
        dict_sales_office so1_0 
    where
        so1_0.id=?
2026-02-06T16:09:58.905+08:00  INFO 11568 --- [logitrack-backend] [nio-8888-exec-3] c.l.b.controller.MasterDataController    : GET /api/master/sales-offices
2026-02-06T16:09:58.913+08:00 DEBUG 11568 --- [logitrack-backend] [nio-8888-exec-3] org.hibernate.SQL                        : 
    select
        so1_0.id,
        so1_0.code,
        so1_0.country_code,
        so1_0.created_at,
        so1_0.is_active,
        so1_0.name,
        so1_0.name_norm,
        so1_0.remark,
        so1_0.sort_order,
        so1_0.updated_at 
    from
        dict_sales_office so1_0
Hibernate: 
    select
        so1_0.id,
        so1_0.code,
        so1_0.country_code,
        so1_0.created_at,
        so1_0.is_active,
        so1_0.name,
        so1_0.name_norm,
        so1_0.remark,
        so1_0.sort_order,
        so1_0.updated_at 
    from
        dict_sales_office so1_0
2026-02-06T16:09:58.933+08:00 DEBUG 11568 --- [logitrack-backend] [io-8888-exec-10] org.hibernate.SQL                        : 
    select
        so1_0.id,
        so1_0.code,
        so1_0.country_code,
        so1_0.created_at,
        so1_0.is_active,
        so1_0.name,
        so1_0.name_norm,
        so1_0.remark,
        so1_0.sort_order,
        so1_0.updated_at 
    from
        dict_sales_office so1_0 
    where
        so1_0.id=?
Hibernate: 
    select
        so1_0.id,
        so1_0.code,
        so1_0.country_code,
        so1_0.created_at,
        so1_0.is_active,
        so1_0.name,
        so1_0.name_norm,
        so1_0.remark,
        so1_0.sort_order,
        so1_0.updated_at 
    from
        dict_sales_office so1_0 
    where
        so1_0.id=?
2026-02-06T16:09:58.948+08:00 DEBUG 11568 --- [logitrack-backend] [io-8888-exec-10] org.hibernate.SQL                        : 
    select
        so1_0.id,
        so1_0.code,
        so1_0.country_code,
        so1_0.created_at,
        so1_0.is_active,
        so1_0.name,
        so1_0.name_norm,
        so1_0.remark,
        so1_0.sort_order,
        so1_0.updated_at 
    from
        dict_sales_office so1_0 
    where
        so1_0.id=?
Hibernate: 
    select
        so1_0.id,
        so1_0.code,
        so1_0.country_code,
        so1_0.created_at,
        so1_0.is_active,
        so1_0.name,
        so1_0.name_norm,
        so1_0.remark,
        so1_0.sort_order,
        so1_0.updated_at 
    from
        dict_sales_office so1_0 
    where
        so1_0.id=?
2026-02-06T16:09:58.954+08:00 DEBUG 11568 --- [logitrack-backend] [io-8888-exec-10] org.hibernate.SQL                        : 
    select
        so1_0.id,
        so1_0.code,
        so1_0.country_code,
        so1_0.created_at,
        so1_0.is_active,
        so1_0.name,
        so1_0.name_norm,
        so1_0.remark,
        so1_0.sort_order,
        so1_0.updated_at 
    from
        dict_sales_office so1_0 
    where
        so1_0.id=?
Hibernate: 
    select
        so1_0.id,
        so1_0.code,
        so1_0.country_code,
        so1_0.created_at,
        so1_0.is_active,
        so1_0.name,
        so1_0.name_norm,
        so1_0.remark,
        so1_0.sort_order,
        so1_0.updated_at 
    from
        dict_sales_office so1_0 
    where
        so1_0.id=?
2026-02-06T16:09:58.961+08:00 DEBUG 11568 --- [logitrack-backend] [io-8888-exec-10] org.hibernate.SQL                        : 
    select
        so1_0.id,
        so1_0.code,
        so1_0.country_code,
        so1_0.created_at,
        so1_0.is_active,
        so1_0.name,
        so1_0.name_norm,
        so1_0.remark,
        so1_0.sort_order,
        so1_0.updated_at 
    from
        dict_sales_office so1_0 
    where
        so1_0.id=?
Hibernate: 
    select
        so1_0.id,
        so1_0.code,
        so1_0.country_code,
        so1_0.created_at,
        so1_0.is_active,
        so1_0.name,
        so1_0.name_norm,
        so1_0.remark,
        so1_0.sort_order,
        so1_0.updated_at 
    from
        dict_sales_office so1_0 
    where
        so1_0.id=?
2026-02-06T16:09:58.966+08:00 DEBUG 11568 --- [logitrack-backend] [io-8888-exec-10] org.hibernate.SQL                        : 
    select
        so1_0.id,
        so1_0.code,
        so1_0.country_code,
        so1_0.created_at,
        so1_0.is_active,
        so1_0.name,
        so1_0.name_norm,
        so1_0.remark,
        so1_0.sort_order,
        so1_0.updated_at 
    from
        dict_sales_office so1_0 
    where
        so1_0.id=?
Hibernate: 
    select
        so1_0.id,
        so1_0.code,
        so1_0.country_code,
        so1_0.created_at,
        so1_0.is_active,
        so1_0.name,
        so1_0.name_norm,
        so1_0.remark,
        so1_0.sort_order,
        so1_0.updated_at 
    from
        dict_sales_office so1_0 
    where
        so1_0.id=?
2026-02-06T16:09:58.971+08:00 DEBUG 11568 --- [logitrack-backend] [io-8888-exec-10] org.hibernate.SQL                        : 
    select
        so1_0.id,
        so1_0.code,
        so1_0.country_code,
        so1_0.created_at,
        so1_0.is_active,
        so1_0.name,
        so1_0.name_norm,
        so1_0.remark,
        so1_0.sort_order,
        so1_0.updated_at 
    from
        dict_sales_office so1_0 
    where
        so1_0.id=?
Hibernate: 
    select
        so1_0.id,
        so1_0.code,
        so1_0.country_code,
        so1_0.created_at,
        so1_0.is_active,
        so1_0.name,
        so1_0.name_norm,
        so1_0.remark,
        so1_0.sort_order,
        so1_0.updated_at 
    from
        dict_sales_office so1_0 
    where
        so1_0.id=?
2026-02-06T16:09:58.985+08:00 DEBUG 11568 --- [logitrack-backend] [io-8888-exec-10] org.hibernate.SQL                        : 
    select
        so1_0.id,
        so1_0.code,
        so1_0.country_code,
        so1_0.created_at,
        so1_0.is_active,
        so1_0.name,
        so1_0.name_norm,
        so1_0.remark,
        so1_0.sort_order,
        so1_0.updated_at 
    from
        dict_sales_office so1_0 
    where
        so1_0.id=?
Hibernate: 
    select
        so1_0.id,
        so1_0.code,
        so1_0.country_code,
        so1_0.created_at,
        so1_0.is_active,
        so1_0.name,
        so1_0.name_norm,
        so1_0.remark,
        so1_0.sort_order,
        so1_0.updated_at 
    from
        dict_sales_office so1_0 
    where
        so1_0.id=?
2026-02-06T16:09:58.997+08:00 DEBUG 11568 --- [logitrack-backend] [io-8888-exec-10] org.hibernate.SQL                        : 
    select
        so1_0.id,
        so1_0.code,
        so1_0.country_code,
        so1_0.created_at,
        so1_0.is_active,
        so1_0.name,
        so1_0.name_norm,
        so1_0.remark,
        so1_0.sort_order,
        so1_0.updated_at 
    from
        dict_sales_office so1_0 
    where
        so1_0.id=?
Hibernate: 
    select
        so1_0.id,
        so1_0.code,
        so1_0.country_code,
        so1_0.created_at,
        so1_0.is_active,
        so1_0.name,
        so1_0.name_norm,
        so1_0.remark,
        so1_0.sort_order,
        so1_0.updated_at 
    from
        dict_sales_office so1_0 
    where
        so1_0.id=?
2026-02-06T16:09:59.002+08:00 DEBUG 11568 --- [logitrack-backend] [io-8888-exec-10] org.hibernate.SQL                        : 
    select
        so1_0.id,
        so1_0.code,
        so1_0.country_code,
        so1_0.created_at,
        so1_0.is_active,
        so1_0.name,
        so1_0.name_norm,
        so1_0.remark,
        so1_0.sort_order,
        so1_0.updated_at 
    from
        dict_sales_office so1_0 
    where
        so1_0.id=?
Hibernate: 
    select
        so1_0.id,
        so1_0.code,
        so1_0.country_code,
        so1_0.created_at,
        so1_0.is_active,
        so1_0.name,
        so1_0.name_norm,
        so1_0.remark,
        so1_0.sort_order,
        so1_0.updated_at 
    from
        dict_sales_office so1_0 
    where
        so1_0.id=?
2026-02-06T16:09:59.007+08:00 DEBUG 11568 --- [logitrack-backend] [io-8888-exec-10] org.hibernate.SQL                        : 
    select
        so1_0.id,
        so1_0.code,
        so1_0.country_code,
        so1_0.created_at,
        so1_0.is_active,
        so1_0.name,
        so1_0.name_norm,
        so1_0.remark,
        so1_0.sort_order,
        so1_0.updated_at 
    from
        dict_sales_office so1_0 
    where
        so1_0.id=?
Hibernate: 
    select
        so1_0.id,
        so1_0.code,
        so1_0.country_code,
        so1_0.created_at,
        so1_0.is_active,
        so1_0.name,
        so1_0.name_norm,
        so1_0.remark,
        so1_0.sort_order,
        so1_0.updated_at 
    from
        dict_sales_office so1_0 
    where
        so1_0.id=?
2026-02-06T16:09:59.017+08:00 DEBUG 11568 --- [logitrack-backend] [io-8888-exec-10] org.hibernate.SQL                        : 
    select
        so1_0.id,
        so1_0.code,
        so1_0.country_code,
        so1_0.created_at,
        so1_0.is_active,
        so1_0.name,
        so1_0.name_norm,
        so1_0.remark,
        so1_0.sort_order,
        so1_0.updated_at 
    from
        dict_sales_office so1_0 
    where
        so1_0.id=?
Hibernate: 
    select
        so1_0.id,
        so1_0.code,
        so1_0.country_code,
        so1_0.created_at,
        so1_0.is_active,
        so1_0.name,
        so1_0.name_norm,
        so1_0.remark,
        so1_0.sort_order,
        so1_0.updated_at 
    from
        dict_sales_office so1_0 
    where
        so1_0.id=?
2026-02-06T16:09:59.051+08:00 DEBUG 11568 --- [logitrack-backend] [io-8888-exec-10] org.hibernate.SQL                        : 
    select
        so1_0.id,
        so1_0.code,
        so1_0.country_code,
        so1_0.created_at,
        so1_0.is_active,
        so1_0.name,
        so1_0.name_norm,
        so1_0.remark,
        so1_0.sort_order,
        so1_0.updated_at 
    from
        dict_sales_office so1_0 
    where
        so1_0.id=?
Hibernate: 
    select
        so1_0.id,
        so1_0.code,
        so1_0.country_code,
        so1_0.created_at,
        so1_0.is_active,
        so1_0.name,
        so1_0.name_norm,
        so1_0.remark,
        so1_0.sort_order,
        so1_0.updated_at 
    from
        dict_sales_office so1_0 
    where
        so1_0.id=?
2026-02-06T16:09:59.059+08:00 DEBUG 11568 --- [logitrack-backend] [io-8888-exec-10] org.hibernate.SQL                        : 
    select
        so1_0.id,
        so1_0.code,
        so1_0.country_code,
        so1_0.created_at,
        so1_0.is_active,
        so1_0.name,
        so1_0.name_norm,
        so1_0.remark,
        so1_0.sort_order,
        so1_0.updated_at 
    from
        dict_sales_office so1_0 
    where
        so1_0.id=?
Hibernate: 
    select
        so1_0.id,
        so1_0.code,
        so1_0.country_code,
        so1_0.created_at,
        so1_0.is_active,
        so1_0.name,
        so1_0.name_norm,
        so1_0.remark,
        so1_0.sort_order,
        so1_0.updated_at 
    from
        dict_sales_office so1_0 
    where
        so1_0.id=?
2026-02-06T16:09:59.066+08:00 DEBUG 11568 --- [logitrack-backend] [io-8888-exec-10] org.hibernate.SQL                        : 
    select
        so1_0.id,
        so1_0.code,
        so1_0.country_code,
        so1_0.created_at,
        so1_0.is_active,
        so1_0.name,
        so1_0.name_norm,
        so1_0.remark,
        so1_0.sort_order,
        so1_0.updated_at 
    from
        dict_sales_office so1_0 
    where
        so1_0.id=?
Hibernate: 
    select
        so1_0.id,
        so1_0.code,
        so1_0.country_code,
        so1_0.created_at,
        so1_0.is_active,
        so1_0.name,
        so1_0.name_norm,
        so1_0.remark,
        so1_0.sort_order,
        so1_0.updated_at 
    from
        dict_sales_office so1_0 
    where
        so1_0.id=?
2026-02-06T16:09:59.083+08:00 DEBUG 11568 --- [logitrack-backend] [io-8888-exec-10] org.hibernate.SQL                        : 
    select
        so1_0.id,
        so1_0.code,
        so1_0.country_code,
        so1_0.created_at,
        so1_0.is_active,
        so1_0.name,
        so1_0.name_norm,
        so1_0.remark,
        so1_0.sort_order,
        so1_0.updated_at 
    from
        dict_sales_office so1_0 
    where
        so1_0.id=?
Hibernate: 
    select
        so1_0.id,
        so1_0.code,
        so1_0.country_code,
        so1_0.created_at,
        so1_0.is_active,
        so1_0.name,
        so1_0.name_norm,
        so1_0.remark,
        so1_0.sort_order,
        so1_0.updated_at 
    from
        dict_sales_office so1_0 
    where
        so1_0.id=?
2026-02-06T16:09:59.088+08:00 DEBUG 11568 --- [logitrack-backend] [io-8888-exec-10] org.hibernate.SQL                        : 
    select
        so1_0.id,
        so1_0.code,
        so1_0.country_code,
        so1_0.created_at,
        so1_0.is_active,
        so1_0.name,
        so1_0.name_norm,
        so1_0.remark,
        so1_0.sort_order,
        so1_0.updated_at 
    from
        dict_sales_office so1_0 
    where
        so1_0.id=?
Hibernate: 
    select
        so1_0.id,
        so1_0.code,
        so1_0.country_code,
        so1_0.created_at,
        so1_0.is_active,
        so1_0.name,
        so1_0.name_norm,
        so1_0.remark,
        so1_0.sort_order,
        so1_0.updated_at 
    from
        dict_sales_office so1_0 
    where
        so1_0.id=?
2026-02-06T16:09:59.119+08:00 DEBUG 11568 --- [logitrack-backend] [io-8888-exec-10] org.hibernate.SQL                        : 
    select
        so1_0.id,
        so1_0.code,
        so1_0.country_code,
        so1_0.created_at,
        so1_0.is_active,
        so1_0.name,
        so1_0.name_norm,
        so1_0.remark,
        so1_0.sort_order,
        so1_0.updated_at 
    from
        dict_sales_office so1_0 
    where
        so1_0.id=?
Hibernate: 
    select
        so1_0.id,
        so1_0.code,
        so1_0.country_code,
        so1_0.created_at,
        so1_0.is_active,
        so1_0.name,
        so1_0.name_norm,
        so1_0.remark,
        so1_0.sort_order,
        so1_0.updated_at 
    from
        dict_sales_office so1_0 
    where
        so1_0.id=?
2026-02-06T16:09:59.131+08:00 DEBUG 11568 --- [logitrack-backend] [io-8888-exec-10] org.hibernate.SQL                        : 
    select
        so1_0.id,
        so1_0.code,
        so1_0.country_code,
        so1_0.created_at,
        so1_0.is_active,
        so1_0.name,
        so1_0.name_norm,
        so1_0.remark,
        so1_0.sort_order,
        so1_0.updated_at 
    from
        dict_sales_office so1_0 
    where
        so1_0.id=?
Hibernate: 
    select
        so1_0.id,
        so1_0.code,
        so1_0.country_code,
        so1_0.created_at,
        so1_0.is_active,
        so1_0.name,
        so1_0.name_norm,
        so1_0.remark,
        so1_0.sort_order,
        so1_0.updated_at 
    from
        dict_sales_office so1_0 
    where
        so1_0.id=?
2026-02-06T16:09:59.136+08:00 DEBUG 11568 --- [logitrack-backend] [io-8888-exec-10] org.hibernate.SQL                        : 
    select
        so1_0.id,
        so1_0.code,
        so1_0.country_code,
        so1_0.created_at,
        so1_0.is_active,
        so1_0.name,
        so1_0.name_norm,
        so1_0.remark,
        so1_0.sort_order,
        so1_0.updated_at 
    from
        dict_sales_office so1_0 
    where
        so1_0.id=?
Hibernate: 
    select
        so1_0.id,
        so1_0.code,
        so1_0.country_code,
        so1_0.created_at,
        so1_0.is_active,
        so1_0.name,
        so1_0.name_norm,
        so1_0.remark,
        so1_0.sort_order,
        so1_0.updated_at 
    from
        dict_sales_office so1_0 
    where
        so1_0.id=?
2026-02-06T16:09:59.140+08:00 DEBUG 11568 --- [logitrack-backend] [io-8888-exec-10] org.hibernate.SQL                        : 
    select
        so1_0.id,
        so1_0.code,
        so1_0.country_code,
        so1_0.created_at,
        so1_0.is_active,
        so1_0.name,
        so1_0.name_norm,
        so1_0.remark,
        so1_0.sort_order,
        so1_0.updated_at 
    from
        dict_sales_office so1_0 
    where
        so1_0.id=?
Hibernate: 
    select
        so1_0.id,
        so1_0.code,
        so1_0.country_code,
        so1_0.created_at,
        so1_0.is_active,
        so1_0.name,
        so1_0.name_norm,
        so1_0.remark,
        so1_0.sort_order,
        so1_0.updated_at 
    from
        dict_sales_office so1_0 
    where
        so1_0.id=?
2026-02-06T16:09:59.151+08:00 DEBUG 11568 --- [logitrack-backend] [io-8888-exec-10] org.hibernate.SQL                        : 
    select
        so1_0.id,
        so1_0.code,
        so1_0.country_code,
        so1_0.created_at,
        so1_0.is_active,
        so1_0.name,
        so1_0.name_norm,
        so1_0.remark,
        so1_0.sort_order,
        so1_0.updated_at 
    from
        dict_sales_office so1_0 
    where
        so1_0.id=?
Hibernate: 
    select
        so1_0.id,
        so1_0.code,
        so1_0.country_code,
        so1_0.created_at,
        so1_0.is_active,
        so1_0.name,
        so1_0.name_norm,
        so1_0.remark,
        so1_0.sort_order,
        so1_0.updated_at 
    from
        dict_sales_office so1_0 
    where
        so1_0.id=?
2026-02-06T16:09:59.172+08:00  INFO 11568 --- [logitrack-backend] [nio-8888-exec-4] c.l.b.controller.MasterDataController    : GET /api/master/countries
2026-02-06T16:09:59.180+08:00 DEBUG 11568 --- [logitrack-backend] [nio-8888-exec-4] org.hibernate.SQL                        : 
    select
        c1_0.id,
        c1_0.country_code,
        c1_0.country_name_cn,
        c1_0.country_name_en,
        c1_0.created_at,
        c1_0.is_active,
        c1_0.updated_at 
    from
        country c1_0
Hibernate: 
    select
        c1_0.id,
        c1_0.country_code,
        c1_0.country_name_cn,
        c1_0.country_name_en,
        c1_0.created_at,
        c1_0.is_active,
        c1_0.updated_at 
    from
        country c1_0
2026-02-06T16:09:59.189+08:00 DEBUG 11568 --- [logitrack-backend] [io-8888-exec-10] org.hibernate.SQL                        : 
    select
        so1_0.id,
        so1_0.code,
        so1_0.country_code,
        so1_0.created_at,
        so1_0.is_active,
        so1_0.name,
        so1_0.name_norm,
        so1_0.remark,
        so1_0.sort_order,
        so1_0.updated_at 
    from
        dict_sales_office so1_0 
    where
        so1_0.id=?
Hibernate: 
    select
        so1_0.id,
        so1_0.code,
        so1_0.country_code,
        so1_0.created_at,
        so1_0.is_active,
        so1_0.name,
        so1_0.name_norm,
        so1_0.remark,
        so1_0.sort_order,
        so1_0.updated_at 
    from
        dict_sales_office so1_0 
    where
        so1_0.id=?
2026-02-06T16:09:59.195+08:00 DEBUG 11568 --- [logitrack-backend] [io-8888-exec-10] org.hibernate.SQL                        : 
    select
        so1_0.id,
        so1_0.code,
        so1_0.country_code,
        so1_0.created_at,
        so1_0.is_active,
        so1_0.name,
        so1_0.name_norm,
        so1_0.remark,
        so1_0.sort_order,
        so1_0.updated_at 
    from
        dict_sales_office so1_0 
    where
        so1_0.id=?
Hibernate: 
    select
        so1_0.id,
        so1_0.code,
        so1_0.country_code,
        so1_0.created_at,
        so1_0.is_active,
        so1_0.name,
        so1_0.name_norm,
        so1_0.remark,
        so1_0.sort_order,
        so1_0.updated_at 
    from
        dict_sales_office so1_0 
    where
        so1_0.id=?
2026-02-06T16:09:59.200+08:00 DEBUG 11568 --- [logitrack-backend] [io-8888-exec-10] org.hibernate.SQL                        : 
    select
        so1_0.id,
        so1_0.code,
        so1_0.country_code,
        so1_0.created_at,
        so1_0.is_active,
        so1_0.name,
        so1_0.name_norm,
        so1_0.remark,
        so1_0.sort_order,
        so1_0.updated_at 
    from
        dict_sales_office so1_0 
    where
        so1_0.id=?
Hibernate: 
    select
        so1_0.id,
        so1_0.code,
        so1_0.country_code,
        so1_0.created_at,
        so1_0.is_active,
        so1_0.name,
        so1_0.name_norm,
        so1_0.remark,
        so1_0.sort_order,
        so1_0.updated_at 
    from
        dict_sales_office so1_0 
    where
        so1_0.id=?
2026-02-06T16:09:59.204+08:00 DEBUG 11568 --- [logitrack-backend] [io-8888-exec-10] org.hibernate.SQL                        : 
    select
        so1_0.id,
        so1_0.code,
        so1_0.country_code,
        so1_0.created_at,
        so1_0.is_active,
        so1_0.name,
        so1_0.name_norm,
        so1_0.remark,
        so1_0.sort_order,
        so1_0.updated_at 
    from
        dict_sales_office so1_0 
    where
        so1_0.id=?
Hibernate: 
    select
        so1_0.id,
        so1_0.code,
        so1_0.country_code,
        so1_0.created_at,
        so1_0.is_active,
        so1_0.name,
        so1_0.name_norm,
        so1_0.remark,
        so1_0.sort_order,
        so1_0.updated_at 
    from
        dict_sales_office so1_0 
    where
        so1_0.id=?
2026-02-06T16:09:59.223+08:00 DEBUG 11568 --- [logitrack-backend] [io-8888-exec-10] org.hibernate.SQL                        : 
    select
        so1_0.id,
        so1_0.code,
        so1_0.country_code,
        so1_0.created_at,
        so1_0.is_active,
        so1_0.name,
        so1_0.name_norm,
        so1_0.remark,
        so1_0.sort_order,
        so1_0.updated_at 
    from
        dict_sales_office so1_0 
    where
        so1_0.id=?
Hibernate: 
    select
        so1_0.id,
        so1_0.code,
        so1_0.country_code,
        so1_0.created_at,
        so1_0.is_active,
        so1_0.name,
        so1_0.name_norm,
        so1_0.remark,
        so1_0.sort_order,
        so1_0.updated_at 
    from
        dict_sales_office so1_0 
    where
        so1_0.id=?
2026-02-06T16:09:59.229+08:00 DEBUG 11568 --- [logitrack-backend] [io-8888-exec-10] org.hibernate.SQL                        : 
    select
        so1_0.id,
        so1_0.code,
        so1_0.country_code,
        so1_0.created_at,
        so1_0.is_active,
        so1_0.name,
        so1_0.name_norm,
        so1_0.remark,
        so1_0.sort_order,
        so1_0.updated_at 
    from
        dict_sales_office so1_0 
    where
        so1_0.id=?
Hibernate: 
    select
        so1_0.id,
        so1_0.code,
        so1_0.country_code,
        so1_0.created_at,
        so1_0.is_active,
        so1_0.name,
        so1_0.name_norm,
        so1_0.remark,
        so1_0.sort_order,
        so1_0.updated_at 
    from
        dict_sales_office so1_0 
    where
        so1_0.id=?
2026-02-06T16:09:59.238+08:00 DEBUG 11568 --- [logitrack-backend] [io-8888-exec-10] org.hibernate.SQL                        : 
    select
        so1_0.id,
        so1_0.code,
        so1_0.country_code,
        so1_0.created_at,
        so1_0.is_active,
        so1_0.name,
        so1_0.name_norm,
        so1_0.remark,
        so1_0.sort_order,
        so1_0.updated_at 
    from
        dict_sales_office so1_0 
    where
        so1_0.id=?
Hibernate: 
    select
        so1_0.id,
        so1_0.code,
        so1_0.country_code,
        so1_0.created_at,
        so1_0.is_active,
        so1_0.name,
        so1_0.name_norm,
        so1_0.remark,
        so1_0.sort_order,
        so1_0.updated_at 
    from
        dict_sales_office so1_0 
    where
        so1_0.id=?
2026-02-06T16:09:59.249+08:00 DEBUG 11568 --- [logitrack-backend] [io-8888-exec-10] org.hibernate.SQL                        : 
    select
        so1_0.id,
        so1_0.code,
        so1_0.country_code,
        so1_0.created_at,
        so1_0.is_active,
        so1_0.name,
        so1_0.name_norm,
        so1_0.remark,
        so1_0.sort_order,
        so1_0.updated_at 
    from
        dict_sales_office so1_0 
    where
        so1_0.id=?
Hibernate: 
    select
        so1_0.id,
        so1_0.code,
        so1_0.country_code,
        so1_0.created_at,
        so1_0.is_active,
        so1_0.name,
        so1_0.name_norm,
        so1_0.remark,
        so1_0.sort_order,
        so1_0.updated_at 
    from
        dict_sales_office so1_0 
    where
        so1_0.id=?
2026-02-06T16:09:59.283+08:00 DEBUG 11568 --- [logitrack-backend] [io-8888-exec-10] org.hibernate.SQL                        : 
    select
        so1_0.id,
        so1_0.code,
        so1_0.country_code,
        so1_0.created_at,
        so1_0.is_active,
        so1_0.name,
        so1_0.name_norm,
        so1_0.remark,
        so1_0.sort_order,
        so1_0.updated_at 
    from
        dict_sales_office so1_0 
    where
        so1_0.id=?
Hibernate: 
    select
        so1_0.id,
        so1_0.code,
        so1_0.country_code,
        so1_0.created_at,
        so1_0.is_active,
        so1_0.name,
        so1_0.name_norm,
        so1_0.remark,
        so1_0.sort_order,
        so1_0.updated_at 
    from
        dict_sales_office so1_0 
    where
        so1_0.id=?
2026-02-06T16:09:59.288+08:00 DEBUG 11568 --- [logitrack-backend] [io-8888-exec-10] org.hibernate.SQL                        : 
    select
        so1_0.id,
        so1_0.code,
        so1_0.country_code,
        so1_0.created_at,
        so1_0.is_active,
        so1_0.name,
        so1_0.name_norm,
        so1_0.remark,
        so1_0.sort_order,
        so1_0.updated_at 
    from
        dict_sales_office so1_0 
    where
        so1_0.id=?
Hibernate: 
    select
        so1_0.id,
        so1_0.code,
        so1_0.country_code,
        so1_0.created_at,
        so1_0.is_active,
        so1_0.name,
        so1_0.name_norm,
        so1_0.remark,
        so1_0.sort_order,
        so1_0.updated_at 
    from
        dict_sales_office so1_0 
    where
        so1_0.id=?
2026-02-06T16:09:59.296+08:00 DEBUG 11568 --- [logitrack-backend] [io-8888-exec-10] org.hibernate.SQL                        : 
    select
        so1_0.id,
        so1_0.code,
        so1_0.country_code,
        so1_0.created_at,
        so1_0.is_active,
        so1_0.name,
        so1_0.name_norm,
        so1_0.remark,
        so1_0.sort_order,
        so1_0.updated_at 
    from
        dict_sales_office so1_0 
    where
        so1_0.id=?
Hibernate: 
    select
        so1_0.id,
        so1_0.code,
        so1_0.country_code,
        so1_0.created_at,
        so1_0.is_active,
        so1_0.name,
        so1_0.name_norm,
        so1_0.remark,
        so1_0.sort_order,
        so1_0.updated_at 
    from
        dict_sales_office so1_0 
    where
        so1_0.id=?
2026-02-06T16:09:59.317+08:00 DEBUG 11568 --- [logitrack-backend] [io-8888-exec-10] org.hibernate.SQL                        : 
    select
        so1_0.id,
        so1_0.code,
        so1_0.country_code,
        so1_0.created_at,
        so1_0.is_active,
        so1_0.name,
        so1_0.name_norm,
        so1_0.remark,
        so1_0.sort_order,
        so1_0.updated_at 
    from
        dict_sales_office so1_0 
    where
        so1_0.id=?
Hibernate: 
    select
        so1_0.id,
        so1_0.code,
        so1_0.country_code,
        so1_0.created_at,
        so1_0.is_active,
        so1_0.name,
        so1_0.name_norm,
        so1_0.remark,
        so1_0.sort_order,
        so1_0.updated_at 
    from
        dict_sales_office so1_0 
    where
        so1_0.id=?
2026-02-06T16:09:59.322+08:00 DEBUG 11568 --- [logitrack-backend] [io-8888-exec-10] org.hibernate.SQL                        : 
    select
        so1_0.id,
        so1_0.code,
        so1_0.country_code,
        so1_0.created_at,
        so1_0.is_active,
        so1_0.name,
        so1_0.name_norm,
        so1_0.remark,
        so1_0.sort_order,
        so1_0.updated_at 
    from
        dict_sales_office so1_0 
    where
        so1_0.id=?
Hibernate: 
    select
        so1_0.id,
        so1_0.code,
        so1_0.country_code,
        so1_0.created_at,
        so1_0.is_active,
        so1_0.name,
        so1_0.name_norm,
        so1_0.remark,
        so1_0.sort_order,
        so1_0.updated_at 
    from
        dict_sales_office so1_0 
    where
        so1_0.id=?
2026-02-06T16:09:59.339+08:00 DEBUG 11568 --- [logitrack-backend] [io-8888-exec-10] org.hibernate.SQL                        : 
    select
        so1_0.id,
        so1_0.code,
        so1_0.country_code,
        so1_0.created_at,
        so1_0.is_active,
        so1_0.name,
        so1_0.name_norm,
        so1_0.remark,
        so1_0.sort_order,
        so1_0.updated_at 
    from
        dict_sales_office so1_0 
    where
        so1_0.id=?
Hibernate: 
    select
        so1_0.id,
        so1_0.code,
        so1_0.country_code,
        so1_0.created_at,
        so1_0.is_active,
        so1_0.name,
        so1_0.name_norm,
        so1_0.remark,
        so1_0.sort_order,
        so1_0.updated_at 
    from
        dict_sales_office so1_0 
    where
        so1_0.id=?
2026-02-06T16:09:59.351+08:00 DEBUG 11568 --- [logitrack-backend] [io-8888-exec-10] org.hibernate.SQL                        : 
    select
        so1_0.id,
        so1_0.code,
        so1_0.country_code,
        so1_0.created_at,
        so1_0.is_active,
        so1_0.name,
        so1_0.name_norm,
        so1_0.remark,
        so1_0.sort_order,
        so1_0.updated_at 
    from
        dict_sales_office so1_0 
    where
        so1_0.id=?
Hibernate: 
    select
        so1_0.id,
        so1_0.code,
        so1_0.country_code,
        so1_0.created_at,
        so1_0.is_active,
        so1_0.name,
        so1_0.name_norm,
        so1_0.remark,
        so1_0.sort_order,
        so1_0.updated_at 
    from
        dict_sales_office so1_0 
    where
        so1_0.id=?
2026-02-06T16:09:59.357+08:00 DEBUG 11568 --- [logitrack-backend] [io-8888-exec-10] org.hibernate.SQL                        : 
    select
        so1_0.id,
        so1_0.code,
        so1_0.country_code,
        so1_0.created_at,
        so1_0.is_active,
        so1_0.name,
        so1_0.name_norm,
        so1_0.remark,
        so1_0.sort_order,
        so1_0.updated_at 
    from
        dict_sales_office so1_0 
    where
        so1_0.id=?
Hibernate: 
    select
        so1_0.id,
        so1_0.code,
        so1_0.country_code,
        so1_0.created_at,
        so1_0.is_active,
        so1_0.name,
        so1_0.name_norm,
        so1_0.remark,
        so1_0.sort_order,
        so1_0.updated_at 
    from
        dict_sales_office so1_0 
    where
        so1_0.id=?
2026-02-06T16:09:59.363+08:00 DEBUG 11568 --- [logitrack-backend] [io-8888-exec-10] org.hibernate.SQL                        : 
    select
        so1_0.id,
        so1_0.code,
        so1_0.country_code,
        so1_0.created_at,
        so1_0.is_active,
        so1_0.name,
        so1_0.name_norm,
        so1_0.remark,
        so1_0.sort_order,
        so1_0.updated_at 
    from
        dict_sales_office so1_0 
    where
        so1_0.id=?
Hibernate: 
    select
        so1_0.id,
        so1_0.code,
        so1_0.country_code,
        so1_0.created_at,
        so1_0.is_active,
        so1_0.name,
        so1_0.name_norm,
        so1_0.remark,
        so1_0.sort_order,
        so1_0.updated_at 
    from
        dict_sales_office so1_0 
    where
        so1_0.id=?
2026-02-06T16:09:59.368+08:00 DEBUG 11568 --- [logitrack-backend] [io-8888-exec-10] org.hibernate.SQL                        : 
    select
        so1_0.id,
        so1_0.code,
        so1_0.country_code,
        so1_0.created_at,
        so1_0.is_active,
        so1_0.name,
        so1_0.name_norm,
        so1_0.remark,
        so1_0.sort_order,
        so1_0.updated_at 
    from
        dict_sales_office so1_0 
    where
        so1_0.id=?
Hibernate: 
    select
        so1_0.id,
        so1_0.code,
        so1_0.country_code,
        so1_0.created_at,
        so1_0.is_active,
        so1_0.name,
        so1_0.name_norm,
        so1_0.remark,
        so1_0.sort_order,
        so1_0.updated_at 
    from
        dict_sales_office so1_0 
    where
        so1_0.id=?
2026-02-06T16:09:59.393+08:00 DEBUG 11568 --- [logitrack-backend] [io-8888-exec-10] org.hibernate.SQL                        : 
    select
        so1_0.id,
        so1_0.code,
        so1_0.country_code,
        so1_0.created_at,
        so1_0.is_active,
        so1_0.name,
        so1_0.name_norm,
        so1_0.remark,
        so1_0.sort_order,
        so1_0.updated_at 
    from
        dict_sales_office so1_0 
    where
        so1_0.id=?
Hibernate: 
    select
        so1_0.id,
        so1_0.code,
        so1_0.country_code,
        so1_0.created_at,
        so1_0.is_active,
        so1_0.name,
        so1_0.name_norm,
        so1_0.remark,
        so1_0.sort_order,
        so1_0.updated_at 
    from
        dict_sales_office so1_0 
    where
        so1_0.id=?
2026-02-06T16:09:59.403+08:00 DEBUG 11568 --- [logitrack-backend] [io-8888-exec-10] org.hibernate.SQL                        : 
    select
        so1_0.id,
        so1_0.code,
        so1_0.country_code,
        so1_0.created_at,
        so1_0.is_active,
        so1_0.name,
        so1_0.name_norm,
        so1_0.remark,
        so1_0.sort_order,
        so1_0.updated_at 
    from
        dict_sales_office so1_0 
    where
        so1_0.id=?
Hibernate: 
    select
        so1_0.id,
        so1_0.code,
        so1_0.country_code,
        so1_0.created_at,
        so1_0.is_active,
        so1_0.name,
        so1_0.name_norm,
        so1_0.remark,
        so1_0.sort_order,
        so1_0.updated_at 
    from
        dict_sales_office so1_0 
    where
        so1_0.id=?
2026-02-06T16:09:59.407+08:00 DEBUG 11568 --- [logitrack-backend] [io-8888-exec-10] org.hibernate.SQL                        : 
    select
        so1_0.id,
        so1_0.code,
        so1_0.country_code,
        so1_0.created_at,
        so1_0.is_active,
        so1_0.name,
        so1_0.name_norm,
        so1_0.remark,
        so1_0.sort_order,
        so1_0.updated_at 
    from
        dict_sales_office so1_0 
    where
        so1_0.id=?
Hibernate: 
    select
        so1_0.id,
        so1_0.code,
        so1_0.country_code,
        so1_0.created_at,
        so1_0.is_active,
        so1_0.name,
        so1_0.name_norm,
        so1_0.remark,
        so1_0.sort_order,
        so1_0.updated_at 
    from
        dict_sales_office so1_0 
    where
        so1_0.id=?
2026-02-06T16:09:59.415+08:00 DEBUG 11568 --- [logitrack-backend] [io-8888-exec-10] org.hibernate.SQL                        : 
    select
        so1_0.id,
        so1_0.code,
        so1_0.country_code,
        so1_0.created_at,
        so1_0.is_active,
        so1_0.name,
        so1_0.name_norm,
        so1_0.remark,
        so1_0.sort_order,
        so1_0.updated_at 
    from
        dict_sales_office so1_0 
    where
        so1_0.id=?
Hibernate: 
    select
        so1_0.id,
        so1_0.code,
        so1_0.country_code,
        so1_0.created_at,
        so1_0.is_active,
        so1_0.name,
        so1_0.name_norm,
        so1_0.remark,
        so1_0.sort_order,
        so1_0.updated_at 
    from
        dict_sales_office so1_0 
    where
        so1_0.id=?
2026-02-06T16:09:59.420+08:00 DEBUG 11568 --- [logitrack-backend] [io-8888-exec-10] org.hibernate.SQL                        : 
    select
        so1_0.id,
        so1_0.code,
        so1_0.country_code,
        so1_0.created_at,
        so1_0.is_active,
        so1_0.name,
        so1_0.name_norm,
        so1_0.remark,
        so1_0.sort_order,
        so1_0.updated_at 
    from
        dict_sales_office so1_0 
    where
        so1_0.id=?
Hibernate: 
    select
        so1_0.id,
        so1_0.code,
        so1_0.country_code,
        so1_0.created_at,
        so1_0.is_active,
        so1_0.name,
        so1_0.name_norm,
        so1_0.remark,
        so1_0.sort_order,
        so1_0.updated_at 
    from
        dict_sales_office so1_0 
    where
        so1_0.id=?
2026-02-06T16:09:59.428+08:00 DEBUG 11568 --- [logitrack-backend] [io-8888-exec-10] org.hibernate.SQL                        : 
    select
        so1_0.id,
        so1_0.code,
        so1_0.country_code,
        so1_0.created_at,
        so1_0.is_active,
        so1_0.name,
        so1_0.name_norm,
        so1_0.remark,
        so1_0.sort_order,
        so1_0.updated_at 
    from
        dict_sales_office so1_0 
    where
        so1_0.id=?
Hibernate: 
    select
        so1_0.id,
        so1_0.code,
        so1_0.country_code,
        so1_0.created_at,
        so1_0.is_active,
        so1_0.name,
        so1_0.name_norm,
        so1_0.remark,
        so1_0.sort_order,
        so1_0.updated_at 
    from
        dict_sales_office so1_0 
    where
        so1_0.id=?
2026-02-06T16:09:59.448+08:00 DEBUG 11568 --- [logitrack-backend] [io-8888-exec-10] org.hibernate.SQL                        : 
    select
        so1_0.id,
        so1_0.code,
        so1_0.country_code,
        so1_0.created_at,
        so1_0.is_active,
        so1_0.name,
        so1_0.name_norm,
        so1_0.remark,
        so1_0.sort_order,
        so1_0.updated_at 
    from
        dict_sales_office so1_0 
    where
        so1_0.id=?
Hibernate: 
    select
        so1_0.id,
        so1_0.code,
        so1_0.country_code,
        so1_0.created_at,
        so1_0.is_active,
        so1_0.name,
        so1_0.name_norm,
        so1_0.remark,
        so1_0.sort_order,
        so1_0.updated_at 
    from
        dict_sales_office so1_0 
    where
        so1_0.id=?
2026-02-06T16:09:59.452+08:00 DEBUG 11568 --- [logitrack-backend] [io-8888-exec-10] org.hibernate.SQL                        : 
    select
        so1_0.id,
        so1_0.code,
        so1_0.country_code,
        so1_0.created_at,
        so1_0.is_active,
        so1_0.name,
        so1_0.name_norm,
        so1_0.remark,
        so1_0.sort_order,
        so1_0.updated_at 
    from
        dict_sales_office so1_0 
    where
        so1_0.id=?
Hibernate: 
    select
        so1_0.id,
        so1_0.code,
        so1_0.country_code,
        so1_0.created_at,
        so1_0.is_active,
        so1_0.name,
        so1_0.name_norm,
        so1_0.remark,
        so1_0.sort_order,
        so1_0.updated_at 
    from
        dict_sales_office so1_0 
    where
        so1_0.id=?
2026-02-06T16:09:59.458+08:00 DEBUG 11568 --- [logitrack-backend] [io-8888-exec-10] org.hibernate.SQL                        : 
    select
        so1_0.id,
        so1_0.code,
        so1_0.country_code,
        so1_0.created_at,
        so1_0.is_active,
        so1_0.name,
        so1_0.name_norm,
        so1_0.remark,
        so1_0.sort_order,
        so1_0.updated_at 
    from
        dict_sales_office so1_0 
    where
        so1_0.id=?
Hibernate: 
    select
        so1_0.id,
        so1_0.code,
        so1_0.country_code,
        so1_0.created_at,
        so1_0.is_active,
        so1_0.name,
        so1_0.name_norm,
        so1_0.remark,
        so1_0.sort_order,
        so1_0.updated_at 
    from
        dict_sales_office so1_0 
    where
        so1_0.id=?
2026-02-06T16:09:59.464+08:00 DEBUG 11568 --- [logitrack-backend] [io-8888-exec-10] org.hibernate.SQL                        : 
    select
        so1_0.id,
        so1_0.code,
        so1_0.country_code,
        so1_0.created_at,
        so1_0.is_active,
        so1_0.name,
        so1_0.name_norm,
        so1_0.remark,
        so1_0.sort_order,
        so1_0.updated_at 
    from
        dict_sales_office so1_0 
    where
        so1_0.id=?
Hibernate: 
    select
        so1_0.id,
        so1_0.code,
        so1_0.country_code,
        so1_0.created_at,
        so1_0.is_active,
        so1_0.name,
        so1_0.name_norm,
        so1_0.remark,
        so1_0.sort_order,
        so1_0.updated_at 
    from
        dict_sales_office so1_0 
    where
        so1_0.id=?
2026-02-06T16:09:59.469+08:00 DEBUG 11568 --- [logitrack-backend] [io-8888-exec-10] org.hibernate.SQL                        : 
    select
        so1_0.id,
        so1_0.code,
        so1_0.country_code,
        so1_0.created_at,
        so1_0.is_active,
        so1_0.name,
        so1_0.name_norm,
        so1_0.remark,
        so1_0.sort_order,
        so1_0.updated_at 
    from
        dict_sales_office so1_0 
    where
        so1_0.id=?
Hibernate: 
    select
        so1_0.id,
        so1_0.code,
        so1_0.country_code,
        so1_0.created_at,
        so1_0.is_active,
        so1_0.name,
        so1_0.name_norm,
        so1_0.remark,
        so1_0.sort_order,
        so1_0.updated_at 
    from
        dict_sales_office so1_0 
    where
        so1_0.id=?
2026-02-06T16:09:59.474+08:00 DEBUG 11568 --- [logitrack-backend] [io-8888-exec-10] org.hibernate.SQL                        : 
    select
        so1_0.id,
        so1_0.code,
        so1_0.country_code,
        so1_0.created_at,
        so1_0.is_active,
        so1_0.name,
        so1_0.name_norm,
        so1_0.remark,
        so1_0.sort_order,
        so1_0.updated_at 
    from
        dict_sales_office so1_0 
    where
        so1_0.id=?
Hibernate: 
    select
        so1_0.id,
        so1_0.code,
        so1_0.country_code,
        so1_0.created_at,
        so1_0.is_active,
        so1_0.name,
        so1_0.name_norm,
        so1_0.remark,
        so1_0.sort_order,
        so1_0.updated_at 
    from
        dict_sales_office so1_0 
    where
        so1_0.id=?
2026-02-06T16:09:59.484+08:00 DEBUG 11568 --- [logitrack-backend] [io-8888-exec-10] org.hibernate.SQL                        : 
    select
        so1_0.id,
        so1_0.code,
        so1_0.country_code,
        so1_0.created_at,
        so1_0.is_active,
        so1_0.name,
        so1_0.name_norm,
        so1_0.remark,
        so1_0.sort_order,
        so1_0.updated_at 
    from
        dict_sales_office so1_0 
    where
        so1_0.id=?
Hibernate: 
    select
        so1_0.id,
        so1_0.code,
        so1_0.country_code,
        so1_0.created_at,
        so1_0.is_active,
        so1_0.name,
        so1_0.name_norm,
        so1_0.remark,
        so1_0.sort_order,
        so1_0.updated_at 
    from
        dict_sales_office so1_0 
    where
        so1_0.id=?
2026-02-06T16:09:59.489+08:00 DEBUG 11568 --- [logitrack-backend] [io-8888-exec-10] org.hibernate.SQL                        : 
    select
        so1_0.id,
        so1_0.code,
        so1_0.country_code,
        so1_0.created_at,
        so1_0.is_active,
        so1_0.name,
        so1_0.name_norm,
        so1_0.remark,
        so1_0.sort_order,
        so1_0.updated_at 
    from
        dict_sales_office so1_0 
    where
        so1_0.id=?
Hibernate: 
    select
        so1_0.id,
        so1_0.code,
        so1_0.country_code,
        so1_0.created_at,
        so1_0.is_active,
        so1_0.name,
        so1_0.name_norm,
        so1_0.remark,
        so1_0.sort_order,
        so1_0.updated_at 
    from
        dict_sales_office so1_0 
    where
        so1_0.id=?
2026-02-06T16:09:59.504+08:00 DEBUG 11568 --- [logitrack-backend] [io-8888-exec-10] org.hibernate.SQL                        : 
    select
        so1_0.id,
        so1_0.code,
        so1_0.country_code,
        so1_0.created_at,
        so1_0.is_active,
        so1_0.name,
        so1_0.name_norm,
        so1_0.remark,
        so1_0.sort_order,
        so1_0.updated_at 
    from
        dict_sales_office so1_0 
    where
        so1_0.id=?
Hibernate: 
    select
        so1_0.id,
        so1_0.code,
        so1_0.country_code,
        so1_0.created_at,
        so1_0.is_active,
        so1_0.name,
        so1_0.name_norm,
        so1_0.remark,
        so1_0.sort_order,
        so1_0.updated_at 
    from
        dict_sales_office so1_0 
    where
        so1_0.id=?
2026-02-06T16:09:59.508+08:00 DEBUG 11568 --- [logitrack-backend] [io-8888-exec-10] org.hibernate.SQL                        : 
    select
        so1_0.id,
        so1_0.code,
        so1_0.country_code,
        so1_0.created_at,
        so1_0.is_active,
        so1_0.name,
        so1_0.name_norm,
        so1_0.remark,
        so1_0.sort_order,
        so1_0.updated_at 
    from
        dict_sales_office so1_0 
    where
        so1_0.id=?
Hibernate: 
    select
        so1_0.id,
        so1_0.code,
        so1_0.country_code,
        so1_0.created_at,
        so1_0.is_active,
        so1_0.name,
        so1_0.name_norm,
        so1_0.remark,
        so1_0.sort_order,
        so1_0.updated_at 
    from
        dict_sales_office so1_0 
    where
        so1_0.id=?
2026-02-06T16:09:59.516+08:00 DEBUG 11568 --- [logitrack-backend] [io-8888-exec-10] org.hibernate.SQL                        : 
    select
        so1_0.id,
        so1_0.code,
        so1_0.country_code,
        so1_0.created_at,
        so1_0.is_active,
        so1_0.name,
        so1_0.name_norm,
        so1_0.remark,
        so1_0.sort_order,
        so1_0.updated_at 
    from
        dict_sales_office so1_0 
    where
        so1_0.id=?
Hibernate: 
    select
        so1_0.id,
        so1_0.code,
        so1_0.country_code,
        so1_0.created_at,
        so1_0.is_active,
        so1_0.name,
        so1_0.name_norm,
        so1_0.remark,
        so1_0.sort_order,
        so1_0.updated_at 
    from
        dict_sales_office so1_0 
    where
        so1_0.id=?
2026-02-06T16:09:59.523+08:00 DEBUG 11568 --- [logitrack-backend] [io-8888-exec-10] org.hibernate.SQL                        : 
    select
        so1_0.id,
        so1_0.code,
        so1_0.country_code,
        so1_0.created_at,
        so1_0.is_active,
        so1_0.name,
        so1_0.name_norm,
        so1_0.remark,
        so1_0.sort_order,
        so1_0.updated_at 
    from
        dict_sales_office so1_0 
    where
        so1_0.id=?
Hibernate: 
    select
        so1_0.id,
        so1_0.code,
        so1_0.country_code,
        so1_0.created_at,
        so1_0.is_active,
        so1_0.name,
        so1_0.name_norm,
        so1_0.remark,
        so1_0.sort_order,
        so1_0.updated_at 
    from
        dict_sales_office so1_0 
    where
        so1_0.id=?
2026-02-06T16:09:59.530+08:00 DEBUG 11568 --- [logitrack-backend] [io-8888-exec-10] org.hibernate.SQL                        : 
    select
        so1_0.id,
        so1_0.code,
        so1_0.country_code,
        so1_0.created_at,
        so1_0.is_active,
        so1_0.name,
        so1_0.name_norm,
        so1_0.remark,
        so1_0.sort_order,
        so1_0.updated_at 
    from
        dict_sales_office so1_0 
    where
        so1_0.id=?
Hibernate: 
    select
        so1_0.id,
        so1_0.code,
        so1_0.country_code,
        so1_0.created_at,
        so1_0.is_active,
        so1_0.name,
        so1_0.name_norm,
        so1_0.remark,
        so1_0.sort_order,
        so1_0.updated_at 
    from
        dict_sales_office so1_0 
    where
        so1_0.id=?
2026-02-06T16:09:59.538+08:00 DEBUG 11568 --- [logitrack-backend] [io-8888-exec-10] org.hibernate.SQL                        : 
    select
        so1_0.id,
        so1_0.code,
        so1_0.country_code,
        so1_0.created_at,
        so1_0.is_active,
        so1_0.name,
        so1_0.name_norm,
        so1_0.remark,
        so1_0.sort_order,
        so1_0.updated_at 
    from
        dict_sales_office so1_0 
    where
        so1_0.id=?
Hibernate: 
    select
        so1_0.id,
        so1_0.code,
        so1_0.country_code,
        so1_0.created_at,
        so1_0.is_active,
        so1_0.name,
        so1_0.name_norm,
        so1_0.remark,
        so1_0.sort_order,
        so1_0.updated_at 
    from
        dict_sales_office so1_0 
    where
        so1_0.id=?
2026-02-06T16:09:59.550+08:00 DEBUG 11568 --- [logitrack-backend] [io-8888-exec-10] org.hibernate.SQL                        : 
    select
        so1_0.id,
        so1_0.code,
        so1_0.country_code,
        so1_0.created_at,
        so1_0.is_active,
        so1_0.name,
        so1_0.name_norm,
        so1_0.remark,
        so1_0.sort_order,
        so1_0.updated_at 
    from
        dict_sales_office so1_0 
    where
        so1_0.id=?
Hibernate: 
    select
        so1_0.id,
        so1_0.code,
        so1_0.country_code,
        so1_0.created_at,
        so1_0.is_active,
        so1_0.name,
        so1_0.name_norm,
        so1_0.remark,
        so1_0.sort_order,
        so1_0.updated_at 
    from
        dict_sales_office so1_0 
    where
        so1_0.id=?
2026-02-06T16:09:59.555+08:00 DEBUG 11568 --- [logitrack-backend] [io-8888-exec-10] org.hibernate.SQL                        : 
    select
        so1_0.id,
        so1_0.code,
        so1_0.country_code,
        so1_0.created_at,
        so1_0.is_active,
        so1_0.name,
        so1_0.name_norm,
        so1_0.remark,
        so1_0.sort_order,
        so1_0.updated_at 
    from
        dict_sales_office so1_0 
    where
        so1_0.id=?
Hibernate: 
    select
        so1_0.id,
        so1_0.code,
        so1_0.country_code,
        so1_0.created_at,
        so1_0.is_active,
        so1_0.name,
        so1_0.name_norm,
        so1_0.remark,
        so1_0.sort_order,
        so1_0.updated_at 
    from
        dict_sales_office so1_0 
    where
        so1_0.id=?
2026-02-06T16:09:59.564+08:00 DEBUG 11568 --- [logitrack-backend] [io-8888-exec-10] org.hibernate.SQL                        : 
    select
        so1_0.id,
        so1_0.code,
        so1_0.country_code,
        so1_0.created_at,
        so1_0.is_active,
        so1_0.name,
        so1_0.name_norm,
        so1_0.remark,
        so1_0.sort_order,
        so1_0.updated_at 
    from
        dict_sales_office so1_0 
    where
        so1_0.id=?
Hibernate: 
    select
        so1_0.id,
        so1_0.code,
        so1_0.country_code,
        so1_0.created_at,
        so1_0.is_active,
        so1_0.name,
        so1_0.name_norm,
        so1_0.remark,
        so1_0.sort_order,
        so1_0.updated_at 
    from
        dict_sales_office so1_0 
    where
        so1_0.id=?
2026-02-06T16:09:59.568+08:00 DEBUG 11568 --- [logitrack-backend] [io-8888-exec-10] org.hibernate.SQL                        : 
    select
        so1_0.id,
        so1_0.code,
        so1_0.country_code,
        so1_0.created_at,
        so1_0.is_active,
        so1_0.name,
        so1_0.name_norm,
        so1_0.remark,
        so1_0.sort_order,
        so1_0.updated_at 
    from
        dict_sales_office so1_0 
    where
        so1_0.id=?
Hibernate: 
    select
        so1_0.id,
        so1_0.code,
        so1_0.country_code,
        so1_0.created_at,
        so1_0.is_active,
        so1_0.name,
        so1_0.name_norm,
        so1_0.remark,
        so1_0.sort_order,
        so1_0.updated_at 
    from
        dict_sales_office so1_0 
    where
        so1_0.id=?
2026-02-06T16:09:59.573+08:00 DEBUG 11568 --- [logitrack-backend] [io-8888-exec-10] org.hibernate.SQL                        : 
    select
        so1_0.id,
        so1_0.code,
        so1_0.country_code,
        so1_0.created_at,
        so1_0.is_active,
        so1_0.name,
        so1_0.name_norm,
        so1_0.remark,
        so1_0.sort_order,
        so1_0.updated_at 
    from
        dict_sales_office so1_0 
    where
        so1_0.id=?
Hibernate: 
    select
        so1_0.id,
        so1_0.code,
        so1_0.country_code,
        so1_0.created_at,
        so1_0.is_active,
        so1_0.name,
        so1_0.name_norm,
        so1_0.remark,
        so1_0.sort_order,
        so1_0.updated_at 
    from
        dict_sales_office so1_0 
    where
        so1_0.id=?
2026-02-06T16:09:59.583+08:00 DEBUG 11568 --- [logitrack-backend] [io-8888-exec-10] org.hibernate.SQL                        : 
    select
        so1_0.id,
        so1_0.code,
        so1_0.country_code,
        so1_0.created_at,
        so1_0.is_active,
        so1_0.name,
        so1_0.name_norm,
        so1_0.remark,
        so1_0.sort_order,
        so1_0.updated_at 
    from
        dict_sales_office so1_0 
    where
        so1_0.id=?
Hibernate: 
    select
        so1_0.id,
        so1_0.code,
        so1_0.country_code,
        so1_0.created_at,
        so1_0.is_active,
        so1_0.name,
        so1_0.name_norm,
        so1_0.remark,
        so1_0.sort_order,
        so1_0.updated_at 
    from
        dict_sales_office so1_0 
    where
        so1_0.id=?
2026-02-06T16:09:59.588+08:00 DEBUG 11568 --- [logitrack-backend] [io-8888-exec-10] org.hibernate.SQL                        : 
    select
        so1_0.id,
        so1_0.code,
        so1_0.country_code,
        so1_0.created_at,
        so1_0.is_active,
        so1_0.name,
        so1_0.name_norm,
        so1_0.remark,
        so1_0.sort_order,
        so1_0.updated_at 
    from
        dict_sales_office so1_0 
    where
        so1_0.id=?
Hibernate: 
    select
        so1_0.id,
        so1_0.code,
        so1_0.country_code,
        so1_0.created_at,
        so1_0.is_active,
        so1_0.name,
        so1_0.name_norm,
        so1_0.remark,
        so1_0.sort_order,
        so1_0.updated_at 
    from
        dict_sales_office so1_0 
    where
        so1_0.id=?
2026-02-06T16:09:59.594+08:00 DEBUG 11568 --- [logitrack-backend] [io-8888-exec-10] org.hibernate.SQL                        : 
    select
        so1_0.id,
        so1_0.code,
        so1_0.country_code,
        so1_0.created_at,
        so1_0.is_active,
        so1_0.name,
        so1_0.name_norm,
        so1_0.remark,
        so1_0.sort_order,
        so1_0.updated_at 
    from
        dict_sales_office so1_0 
    where
        so1_0.id=?
Hibernate: 
    select
        so1_0.id,
        so1_0.code,
        so1_0.country_code,
        so1_0.created_at,
        so1_0.is_active,
        so1_0.name,
        so1_0.name_norm,
        so1_0.remark,
        so1_0.sort_order,
        so1_0.updated_at 
    from
        dict_sales_office so1_0 
    where
        so1_0.id=?
2026-02-06T16:09:59.598+08:00 DEBUG 11568 --- [logitrack-backend] [io-8888-exec-10] org.hibernate.SQL                        : 
    select
        so1_0.id,
        so1_0.code,
        so1_0.country_code,
        so1_0.created_at,
        so1_0.is_active,
        so1_0.name,
        so1_0.name_norm,
        so1_0.remark,
        so1_0.sort_order,
        so1_0.updated_at 
    from
        dict_sales_office so1_0 
    where
        so1_0.id=?
Hibernate: 
    select
        so1_0.id,
        so1_0.code,
        so1_0.country_code,
        so1_0.created_at,
        so1_0.is_active,
        so1_0.name,
        so1_0.name_norm,
        so1_0.remark,
        so1_0.sort_order,
        so1_0.updated_at 
    from
        dict_sales_office so1_0 
    where
        so1_0.id=?
2026-02-06T16:09:59.602+08:00 DEBUG 11568 --- [logitrack-backend] [io-8888-exec-10] org.hibernate.SQL                        : 
    select
        so1_0.id,
        so1_0.code,
        so1_0.country_code,
        so1_0.created_at,
        so1_0.is_active,
        so1_0.name,
        so1_0.name_norm,
        so1_0.remark,
        so1_0.sort_order,
        so1_0.updated_at 
    from
        dict_sales_office so1_0 
    where
        so1_0.id=?
Hibernate: 
    select
        so1_0.id,
        so1_0.code,
        so1_0.country_code,
        so1_0.created_at,
        so1_0.is_active,
        so1_0.name,
        so1_0.name_norm,
        so1_0.remark,
        so1_0.sort_order,
        so1_0.updated_at 
    from
        dict_sales_office so1_0 
    where
        so1_0.id=?
2026-02-06T16:09:59.616+08:00 DEBUG 11568 --- [logitrack-backend] [io-8888-exec-10] org.hibernate.SQL                        : 
    select
        so1_0.id,
        so1_0.code,
        so1_0.country_code,
        so1_0.created_at,
        so1_0.is_active,
        so1_0.name,
        so1_0.name_norm,
        so1_0.remark,
        so1_0.sort_order,
        so1_0.updated_at 
    from
        dict_sales_office so1_0 
    where
        so1_0.id=?
Hibernate: 
    select
        so1_0.id,
        so1_0.code,
        so1_0.country_code,
        so1_0.created_at,
        so1_0.is_active,
        so1_0.name,
        so1_0.name_norm,
        so1_0.remark,
        so1_0.sort_order,
        so1_0.updated_at 
    from
        dict_sales_office so1_0 
    where
        so1_0.id=?
2026-02-06T16:09:59.621+08:00 DEBUG 11568 --- [logitrack-backend] [io-8888-exec-10] org.hibernate.SQL                        : 
    select
        so1_0.id,
        so1_0.code,
        so1_0.country_code,
        so1_0.created_at,
        so1_0.is_active,
        so1_0.name,
        so1_0.name_norm,
        so1_0.remark,
        so1_0.sort_order,
        so1_0.updated_at 
    from
        dict_sales_office so1_0 
    where
        so1_0.id=?
Hibernate: 
    select
        so1_0.id,
        so1_0.code,
        so1_0.country_code,
        so1_0.created_at,
        so1_0.is_active,
        so1_0.name,
        so1_0.name_norm,
        so1_0.remark,
        so1_0.sort_order,
        so1_0.updated_at 
    from
        dict_sales_office so1_0 
    where
        so1_0.id=?
2026-02-06T16:09:59.651+08:00 DEBUG 11568 --- [logitrack-backend] [io-8888-exec-10] org.hibernate.SQL                        : 
    select
        so1_0.id,
        so1_0.code,
        so1_0.country_code,
        so1_0.created_at,
        so1_0.is_active,
        so1_0.name,
        so1_0.name_norm,
        so1_0.remark,
        so1_0.sort_order,
        so1_0.updated_at 
    from
        dict_sales_office so1_0 
    where
        so1_0.id=?
Hibernate: 
    select
        so1_0.id,
        so1_0.code,
        so1_0.country_code,
        so1_0.created_at,
        so1_0.is_active,
        so1_0.name,
        so1_0.name_norm,
        so1_0.remark,
        so1_0.sort_order,
        so1_0.updated_at 
    from
        dict_sales_office so1_0 
    where
        so1_0.id=?
2026-02-06T16:09:59.657+08:00 DEBUG 11568 --- [logitrack-backend] [io-8888-exec-10] org.hibernate.SQL                        : 
    select
        so1_0.id,
        so1_0.code,
        so1_0.country_code,
        so1_0.created_at,
        so1_0.is_active,
        so1_0.name,
        so1_0.name_norm,
        so1_0.remark,
        so1_0.sort_order,
        so1_0.updated_at 
    from
        dict_sales_office so1_0 
    where
        so1_0.id=?
Hibernate: 
    select
        so1_0.id,
        so1_0.code,
        so1_0.country_code,
        so1_0.created_at,
        so1_0.is_active,
        so1_0.name,
        so1_0.name_norm,
        so1_0.remark,
        so1_0.sort_order,
        so1_0.updated_at 
    from
        dict_sales_office so1_0 
    where
        so1_0.id=?
2026-02-06T16:09:59.661+08:00 DEBUG 11568 --- [logitrack-backend] [io-8888-exec-10] org.hibernate.SQL                        : 
    select
        so1_0.id,
        so1_0.code,
        so1_0.country_code,
        so1_0.created_at,
        so1_0.is_active,
        so1_0.name,
        so1_0.name_norm,
        so1_0.remark,
        so1_0.sort_order,
        so1_0.updated_at 
    from
        dict_sales_office so1_0 
    where
        so1_0.id=?
Hibernate: 
    select
        so1_0.id,
        so1_0.code,
        so1_0.country_code,
        so1_0.created_at,
        so1_0.is_active,
        so1_0.name,
        so1_0.name_norm,
        so1_0.remark,
        so1_0.sort_order,
        so1_0.updated_at 
    from
        dict_sales_office so1_0 
    where
        so1_0.id=?
2026-02-06T16:09:59.665+08:00 DEBUG 11568 --- [logitrack-backend] [io-8888-exec-10] org.hibernate.SQL                        : 
    select
        so1_0.id,
        so1_0.code,
        so1_0.country_code,
        so1_0.created_at,
        so1_0.is_active,
        so1_0.name,
        so1_0.name_norm,
        so1_0.remark,
        so1_0.sort_order,
        so1_0.updated_at 
    from
        dict_sales_office so1_0 
    where
        so1_0.id=?
Hibernate: 
    select
        so1_0.id,
        so1_0.code,
        so1_0.country_code,
        so1_0.created_at,
        so1_0.is_active,
        so1_0.name,
        so1_0.name_norm,
        so1_0.remark,
        so1_0.sort_order,
        so1_0.updated_at 
    from
        dict_sales_office so1_0 
    where
        so1_0.id=?
2026-02-06T16:09:59.668+08:00 DEBUG 11568 --- [logitrack-backend] [io-8888-exec-10] org.hibernate.SQL                        : 
    select
        so1_0.id,
        so1_0.code,
        so1_0.country_code,
        so1_0.created_at,
        so1_0.is_active,
        so1_0.name,
        so1_0.name_norm,
        so1_0.remark,
        so1_0.sort_order,
        so1_0.updated_at 
    from
        dict_sales_office so1_0 
    where
        so1_0.id=?
Hibernate: 
    select
        so1_0.id,
        so1_0.code,
        so1_0.country_code,
        so1_0.created_at,
        so1_0.is_active,
        so1_0.name,
        so1_0.name_norm,
        so1_0.remark,
        so1_0.sort_order,
        so1_0.updated_at 
    from
        dict_sales_office so1_0 
    where
        so1_0.id=?
2026-02-06T16:09:59.672+08:00 DEBUG 11568 --- [logitrack-backend] [io-8888-exec-10] org.hibernate.SQL                        : 
    select
        so1_0.id,
        so1_0.code,
        so1_0.country_code,
        so1_0.created_at,
        so1_0.is_active,
        so1_0.name,
        so1_0.name_norm,
        so1_0.remark,
        so1_0.sort_order,
        so1_0.updated_at 
    from
        dict_sales_office so1_0 
    where
        so1_0.id=?
Hibernate: 
    select
        so1_0.id,
        so1_0.code,
        so1_0.country_code,
        so1_0.created_at,
        so1_0.is_active,
        so1_0.name,
        so1_0.name_norm,
        so1_0.remark,
        so1_0.sort_order,
        so1_0.updated_at 
    from
        dict_sales_office so1_0 
    where
        so1_0.id=?
2026-02-06T16:09:59.686+08:00 DEBUG 11568 --- [logitrack-backend] [io-8888-exec-10] org.hibernate.SQL                        : 
    select
        so1_0.id,
        so1_0.code,
        so1_0.country_code,
        so1_0.created_at,
        so1_0.is_active,
        so1_0.name,
        so1_0.name_norm,
        so1_0.remark,
        so1_0.sort_order,
        so1_0.updated_at 
    from
        dict_sales_office so1_0 
    where
        so1_0.id=?
Hibernate: 
    select
        so1_0.id,
        so1_0.code,
        so1_0.country_code,
        so1_0.created_at,
        so1_0.is_active,
        so1_0.name,
        so1_0.name_norm,
        so1_0.remark,
        so1_0.sort_order,
        so1_0.updated_at 
    from
        dict_sales_office so1_0 
    where
        so1_0.id=?
2026-02-06T16:09:59.690+08:00 DEBUG 11568 --- [logitrack-backend] [io-8888-exec-10] org.hibernate.SQL                        : 
    select
        so1_0.id,
        so1_0.code,
        so1_0.country_code,
        so1_0.created_at,
        so1_0.is_active,
        so1_0.name,
        so1_0.name_norm,
        so1_0.remark,
        so1_0.sort_order,
        so1_0.updated_at 
    from
        dict_sales_office so1_0 
    where
        so1_0.id=?
Hibernate: 
    select
        so1_0.id,
        so1_0.code,
        so1_0.country_code,
        so1_0.created_at,
        so1_0.is_active,
        so1_0.name,
        so1_0.name_norm,
        so1_0.remark,
        so1_0.sort_order,
        so1_0.updated_at 
    from
        dict_sales_office so1_0 
    where
        so1_0.id=?
2026-02-06T16:09:59.695+08:00 DEBUG 11568 --- [logitrack-backend] [io-8888-exec-10] org.hibernate.SQL                        : 
    select
        so1_0.id,
        so1_0.code,
        so1_0.country_code,
        so1_0.created_at,
        so1_0.is_active,
        so1_0.name,
        so1_0.name_norm,
        so1_0.remark,
        so1_0.sort_order,
        so1_0.updated_at 
    from
        dict_sales_office so1_0 
    where
        so1_0.id=?
Hibernate: 
    select
        so1_0.id,
        so1_0.code,
        so1_0.country_code,
        so1_0.created_at,
        so1_0.is_active,
        so1_0.name,
        so1_0.name_norm,
        so1_0.remark,
        so1_0.sort_order,
        so1_0.updated_at 
    from
        dict_sales_office so1_0 
    where
        so1_0.id=?
2026-02-06T16:09:59.699+08:00 DEBUG 11568 --- [logitrack-backend] [io-8888-exec-10] org.hibernate.SQL                        : 
    select
        so1_0.id,
        so1_0.code,
        so1_0.country_code,
        so1_0.created_at,
        so1_0.is_active,
        so1_0.name,
        so1_0.name_norm,
        so1_0.remark,
        so1_0.sort_order,
        so1_0.updated_at 
    from
        dict_sales_office so1_0 
    where
        so1_0.id=?
Hibernate: 
    select
        so1_0.id,
        so1_0.code,
        so1_0.country_code,
        so1_0.created_at,
        so1_0.is_active,
        so1_0.name,
        so1_0.name_norm,
        so1_0.remark,
        so1_0.sort_order,
        so1_0.updated_at 
    from
        dict_sales_office so1_0 
    where
        so1_0.id=?
2026-02-06T16:09:59.704+08:00 DEBUG 11568 --- [logitrack-backend] [io-8888-exec-10] org.hibernate.SQL                        : 
    select
        so1_0.id,
        so1_0.code,
        so1_0.country_code,
        so1_0.created_at,
        so1_0.is_active,
        so1_0.name,
        so1_0.name_norm,
        so1_0.remark,
        so1_0.sort_order,
        so1_0.updated_at 
    from
        dict_sales_office so1_0 
    where
        so1_0.id=?
Hibernate: 
    select
        so1_0.id,
        so1_0.code,
        so1_0.country_code,
        so1_0.created_at,
        so1_0.is_active,
        so1_0.name,
        so1_0.name_norm,
        so1_0.remark,
        so1_0.sort_order,
        so1_0.updated_at 
    from
        dict_sales_office so1_0 
    where
        so1_0.id=?
2026-02-06T16:09:59.717+08:00 DEBUG 11568 --- [logitrack-backend] [io-8888-exec-10] org.hibernate.SQL                        : 
    select
        so1_0.id,
        so1_0.code,
        so1_0.country_code,
        so1_0.created_at,
        so1_0.is_active,
        so1_0.name,
        so1_0.name_norm,
        so1_0.remark,
        so1_0.sort_order,
        so1_0.updated_at 
    from
        dict_sales_office so1_0 
    where
        so1_0.id=?
Hibernate: 
    select
        so1_0.id,
        so1_0.code,
        so1_0.country_code,
        so1_0.created_at,
        so1_0.is_active,
        so1_0.name,
        so1_0.name_norm,
        so1_0.remark,
        so1_0.sort_order,
        so1_0.updated_at 
    from
        dict_sales_office so1_0 
    where
        so1_0.id=?
2026-02-06T16:09:59.755+08:00 DEBUG 11568 --- [logitrack-backend] [io-8888-exec-10] org.hibernate.SQL                        : 
    select
        so1_0.id,
        so1_0.code,
        so1_0.country_code,
        so1_0.created_at,
        so1_0.is_active,
        so1_0.name,
        so1_0.name_norm,
        so1_0.remark,
        so1_0.sort_order,
        so1_0.updated_at 
    from
        dict_sales_office so1_0 
    where
        so1_0.id=?
Hibernate: 
    select
        so1_0.id,
        so1_0.code,
        so1_0.country_code,
        so1_0.created_at,
        so1_0.is_active,
        so1_0.name,
        so1_0.name_norm,
        so1_0.remark,
        so1_0.sort_order,
        so1_0.updated_at 
    from
        dict_sales_office so1_0 
    where
        so1_0.id=?
2026-02-06T16:09:59.759+08:00 DEBUG 11568 --- [logitrack-backend] [io-8888-exec-10] org.hibernate.SQL                        : 
    select
        so1_0.id,
        so1_0.code,
        so1_0.country_code,
        so1_0.created_at,
        so1_0.is_active,
        so1_0.name,
        so1_0.name_norm,
        so1_0.remark,
        so1_0.sort_order,
        so1_0.updated_at 
    from
        dict_sales_office so1_0 
    where
        so1_0.id=?
Hibernate: 
    select
        so1_0.id,
        so1_0.code,
        so1_0.country_code,
        so1_0.created_at,
        so1_0.is_active,
        so1_0.name,
        so1_0.name_norm,
        so1_0.remark,
        so1_0.sort_order,
        so1_0.updated_at 
    from
        dict_sales_office so1_0 
    where
        so1_0.id=?
2026-02-06T16:09:59.764+08:00 DEBUG 11568 --- [logitrack-backend] [io-8888-exec-10] org.hibernate.SQL                        : 
    select
        so1_0.id,
        so1_0.code,
        so1_0.country_code,
        so1_0.created_at,
        so1_0.is_active,
        so1_0.name,
        so1_0.name_norm,
        so1_0.remark,
        so1_0.sort_order,
        so1_0.updated_at 
    from
        dict_sales_office so1_0 
    where
        so1_0.id=?
Hibernate: 
    select
        so1_0.id,
        so1_0.code,
        so1_0.country_code,
        so1_0.created_at,
        so1_0.is_active,
        so1_0.name,
        so1_0.name_norm,
        so1_0.remark,
        so1_0.sort_order,
        so1_0.updated_at 
    from
        dict_sales_office so1_0 
    where
        so1_0.id=?
2026-02-06T16:09:59.769+08:00 DEBUG 11568 --- [logitrack-backend] [io-8888-exec-10] org.hibernate.SQL                        : 
    select
        so1_0.id,
        so1_0.code,
        so1_0.country_code,
        so1_0.created_at,
        so1_0.is_active,
        so1_0.name,
        so1_0.name_norm,
        so1_0.remark,
        so1_0.sort_order,
        so1_0.updated_at 
    from
        dict_sales_office so1_0 
    where
        so1_0.id=?
Hibernate: 
    select
        so1_0.id,
        so1_0.code,
        so1_0.country_code,
        so1_0.created_at,
        so1_0.is_active,
        so1_0.name,
        so1_0.name_norm,
        so1_0.remark,
        so1_0.sort_order,
        so1_0.updated_at 
    from
        dict_sales_office so1_0 
    where
        so1_0.id=?
2026-02-06T16:09:59.815+08:00 DEBUG 11568 --- [logitrack-backend] [io-8888-exec-10] org.hibernate.SQL                        : 
    select
        so1_0.id,
        so1_0.code,
        so1_0.country_code,
        so1_0.created_at,
        so1_0.is_active,
        so1_0.name,
        so1_0.name_norm,
        so1_0.remark,
        so1_0.sort_order,
        so1_0.updated_at 
    from
        dict_sales_office so1_0 
    where
        so1_0.id=?
Hibernate: 
    select
        so1_0.id,
        so1_0.code,
        so1_0.country_code,
        so1_0.created_at,
        so1_0.is_active,
        so1_0.name,
        so1_0.name_norm,
        so1_0.remark,
        so1_0.sort_order,
        so1_0.updated_at 
    from
        dict_sales_office so1_0 
    where
        so1_0.id=?
2026-02-06T16:09:59.820+08:00 DEBUG 11568 --- [logitrack-backend] [io-8888-exec-10] org.hibernate.SQL                        : 
    select
        so1_0.id,
        so1_0.code,
        so1_0.country_code,
        so1_0.created_at,
        so1_0.is_active,
        so1_0.name,
        so1_0.name_norm,
        so1_0.remark,
        so1_0.sort_order,
        so1_0.updated_at 
    from
        dict_sales_office so1_0 
    where
        so1_0.id=?
Hibernate: 
    select
        so1_0.id,
        so1_0.code,
        so1_0.country_code,
        so1_0.created_at,
        so1_0.is_active,
        so1_0.name,
        so1_0.name_norm,
        so1_0.remark,
        so1_0.sort_order,
        so1_0.updated_at 
    from
        dict_sales_office so1_0 
    where
        so1_0.id=?
2026-02-06T16:09:59.825+08:00 DEBUG 11568 --- [logitrack-backend] [io-8888-exec-10] org.hibernate.SQL                        : 
    select
        so1_0.id,
        so1_0.code,
        so1_0.country_code,
        so1_0.created_at,
        so1_0.is_active,
        so1_0.name,
        so1_0.name_norm,
        so1_0.remark,
        so1_0.sort_order,
        so1_0.updated_at 
    from
        dict_sales_office so1_0 
    where
        so1_0.id=?
Hibernate: 
    select
        so1_0.id,
        so1_0.code,
        so1_0.country_code,
        so1_0.created_at,
        so1_0.is_active,
        so1_0.name,
        so1_0.name_norm,
        so1_0.remark,
        so1_0.sort_order,
        so1_0.updated_at 
    from
        dict_sales_office so1_0 
    where
        so1_0.id=?
2026-02-06T16:09:59.833+08:00 DEBUG 11568 --- [logitrack-backend] [io-8888-exec-10] org.hibernate.SQL                        : 
    select
        so1_0.id,
        so1_0.code,
        so1_0.country_code,
        so1_0.created_at,
        so1_0.is_active,
        so1_0.name,
        so1_0.name_norm,
        so1_0.remark,
        so1_0.sort_order,
        so1_0.updated_at 
    from
        dict_sales_office so1_0 
    where
        so1_0.id=?
Hibernate: 
    select
        so1_0.id,
        so1_0.code,
        so1_0.country_code,
        so1_0.created_at,
        so1_0.is_active,
        so1_0.name,
        so1_0.name_norm,
        so1_0.remark,
        so1_0.sort_order,
        so1_0.updated_at 
    from
        dict_sales_office so1_0 
    where
        so1_0.id=?
2026-02-06T16:09:59.838+08:00 DEBUG 11568 --- [logitrack-backend] [io-8888-exec-10] org.hibernate.SQL                        : 
    select
        so1_0.id,
        so1_0.code,
        so1_0.country_code,
        so1_0.created_at,
        so1_0.is_active,
        so1_0.name,
        so1_0.name_norm,
        so1_0.remark,
        so1_0.sort_order,
        so1_0.updated_at 
    from
        dict_sales_office so1_0 
    where
        so1_0.id=?
Hibernate: 
    select
        so1_0.id,
        so1_0.code,
        so1_0.country_code,
        so1_0.created_at,
        so1_0.is_active,
        so1_0.name,
        so1_0.name_norm,
        so1_0.remark,
        so1_0.sort_order,
        so1_0.updated_at 
    from
        dict_sales_office so1_0 
    where
        so1_0.id=?
2026-02-06T16:09:59.854+08:00 DEBUG 11568 --- [logitrack-backend] [io-8888-exec-10] org.hibernate.SQL                        : 
    select
        so1_0.id,
        so1_0.code,
        so1_0.country_code,
        so1_0.created_at,
        so1_0.is_active,
        so1_0.name,
        so1_0.name_norm,
        so1_0.remark,
        so1_0.sort_order,
        so1_0.updated_at 
    from
        dict_sales_office so1_0 
    where
        so1_0.id=?
Hibernate: 
    select
        so1_0.id,
        so1_0.code,
        so1_0.country_code,
        so1_0.created_at,
        so1_0.is_active,
        so1_0.name,
        so1_0.name_norm,
        so1_0.remark,
        so1_0.sort_order,
        so1_0.updated_at 
    from
        dict_sales_office so1_0 
    where
        so1_0.id=?
2026-02-06T16:09:59.858+08:00 DEBUG 11568 --- [logitrack-backend] [io-8888-exec-10] org.hibernate.SQL                        : 
    select
        so1_0.id,
        so1_0.code,
        so1_0.country_code,
        so1_0.created_at,
        so1_0.is_active,
        so1_0.name,
        so1_0.name_norm,
        so1_0.remark,
        so1_0.sort_order,
        so1_0.updated_at 
    from
        dict_sales_office so1_0 
    where
        so1_0.id=?
Hibernate: 
    select
        so1_0.id,
        so1_0.code,
        so1_0.country_code,
        so1_0.created_at,
        so1_0.is_active,
        so1_0.name,
        so1_0.name_norm,
        so1_0.remark,
        so1_0.sort_order,
        so1_0.updated_at 
    from
        dict_sales_office so1_0 
    where
        so1_0.id=?
2026-02-06T16:09:59.863+08:00 DEBUG 11568 --- [logitrack-backend] [io-8888-exec-10] org.hibernate.SQL                        : 
    select
        so1_0.id,
        so1_0.code,
        so1_0.country_code,
        so1_0.created_at,
        so1_0.is_active,
        so1_0.name,
        so1_0.name_norm,
        so1_0.remark,
        so1_0.sort_order,
        so1_0.updated_at 
    from
        dict_sales_office so1_0 
    where
        so1_0.id=?
Hibernate: 
    select
        so1_0.id,
        so1_0.code,
        so1_0.country_code,
        so1_0.created_at,
        so1_0.is_active,
        so1_0.name,
        so1_0.name_norm,
        so1_0.remark,
        so1_0.sort_order,
        so1_0.updated_at 
    from
        dict_sales_office so1_0 
    where
        so1_0.id=?
2026-02-06T16:09:59.871+08:00 DEBUG 11568 --- [logitrack-backend] [io-8888-exec-10] org.hibernate.SQL                        : 
    select
        so1_0.id,
        so1_0.code,
        so1_0.country_code,
        so1_0.created_at,
        so1_0.is_active,
        so1_0.name,
        so1_0.name_norm,
        so1_0.remark,
        so1_0.sort_order,
        so1_0.updated_at 
    from
        dict_sales_office so1_0 
    where
        so1_0.id=?
Hibernate: 
    select
        so1_0.id,
        so1_0.code,
        so1_0.country_code,
        so1_0.created_at,
        so1_0.is_active,
        so1_0.name,
        so1_0.name_norm,
        so1_0.remark,
        so1_0.sort_order,
        so1_0.updated_at 
    from
        dict_sales_office so1_0 
    where
        so1_0.id=?
2026-02-06T16:09:59.875+08:00 DEBUG 11568 --- [logitrack-backend] [io-8888-exec-10] org.hibernate.SQL                        : 
    select
        so1_0.id,
        so1_0.code,
        so1_0.country_code,
        so1_0.created_at,
        so1_0.is_active,
        so1_0.name,
        so1_0.name_norm,
        so1_0.remark,
        so1_0.sort_order,
        so1_0.updated_at 
    from
        dict_sales_office so1_0 
    where
        so1_0.id=?
Hibernate: 
    select
        so1_0.id,
        so1_0.code,
        so1_0.country_code,
        so1_0.created_at,
        so1_0.is_active,
        so1_0.name,
        so1_0.name_norm,
        so1_0.remark,
        so1_0.sort_order,
        so1_0.updated_at 
    from
        dict_sales_office so1_0 
    where
        so1_0.id=?
2026-02-06T16:09:59.883+08:00 DEBUG 11568 --- [logitrack-backend] [io-8888-exec-10] org.hibernate.SQL                        : 
    select
        so1_0.id,
        so1_0.code,
        so1_0.country_code,
        so1_0.created_at,
        so1_0.is_active,
        so1_0.name,
        so1_0.name_norm,
        so1_0.remark,
        so1_0.sort_order,
        so1_0.updated_at 
    from
        dict_sales_office so1_0 
    where
        so1_0.id=?
Hibernate: 
    select
        so1_0.id,
        so1_0.code,
        so1_0.country_code,
        so1_0.created_at,
        so1_0.is_active,
        so1_0.name,
        so1_0.name_norm,
        so1_0.remark,
        so1_0.sort_order,
        so1_0.updated_at 
    from
        dict_sales_office so1_0 
    where
        so1_0.id=?
2026-02-06T16:09:59.889+08:00 DEBUG 11568 --- [logitrack-backend] [io-8888-exec-10] org.hibernate.SQL                        : 
    select
        so1_0.id,
        so1_0.code,
        so1_0.country_code,
        so1_0.created_at,
        so1_0.is_active,
        so1_0.name,
        so1_0.name_norm,
        so1_0.remark,
        so1_0.sort_order,
        so1_0.updated_at 
    from
        dict_sales_office so1_0 
    where
        so1_0.id=?
Hibernate: 
    select
        so1_0.id,
        so1_0.code,
        so1_0.country_code,
        so1_0.created_at,
        so1_0.is_active,
        so1_0.name,
        so1_0.name_norm,
        so1_0.remark,
        so1_0.sort_order,
        so1_0.updated_at 
    from
        dict_sales_office so1_0 
    where
        so1_0.id=?
2026-02-06T16:09:59.900+08:00 DEBUG 11568 --- [logitrack-backend] [io-8888-exec-10] org.hibernate.SQL                        : 
    select
        so1_0.id,
        so1_0.code,
        so1_0.country_code,
        so1_0.created_at,
        so1_0.is_active,
        so1_0.name,
        so1_0.name_norm,
        so1_0.remark,
        so1_0.sort_order,
        so1_0.updated_at 
    from
        dict_sales_office so1_0 
    where
        so1_0.id=?
Hibernate: 
    select
        so1_0.id,
        so1_0.code,
        so1_0.country_code,
        so1_0.created_at,
        so1_0.is_active,
        so1_0.name,
        so1_0.name_norm,
        so1_0.remark,
        so1_0.sort_order,
        so1_0.updated_at 
    from
        dict_sales_office so1_0 
    where
        so1_0.id=?
2026-02-06T16:09:59.904+08:00 DEBUG 11568 --- [logitrack-backend] [io-8888-exec-10] org.hibernate.SQL                        : 
    select
        so1_0.id,
        so1_0.code,
        so1_0.country_code,
        so1_0.created_at,
        so1_0.is_active,
        so1_0.name,
        so1_0.name_norm,
        so1_0.remark,
        so1_0.sort_order,
        so1_0.updated_at 
    from
        dict_sales_office so1_0 
    where
        so1_0.id=?
Hibernate: 
    select
        so1_0.id,
        so1_0.code,
        so1_0.country_code,
        so1_0.created_at,
        so1_0.is_active,
        so1_0.name,
        so1_0.name_norm,
        so1_0.remark,
        so1_0.sort_order,
        so1_0.updated_at 
    from
        dict_sales_office so1_0 
    where
        so1_0.id=?
2026-02-06T16:09:59.913+08:00 DEBUG 11568 --- [logitrack-backend] [io-8888-exec-10] org.hibernate.SQL                        : 
    select
        so1_0.id,
        so1_0.code,
        so1_0.country_code,
        so1_0.created_at,
        so1_0.is_active,
        so1_0.name,
        so1_0.name_norm,
        so1_0.remark,
        so1_0.sort_order,
        so1_0.updated_at 
    from
        dict_sales_office so1_0 
    where
        so1_0.id=?
Hibernate: 
    select
        so1_0.id,
        so1_0.code,
        so1_0.country_code,
        so1_0.created_at,
        so1_0.is_active,
        so1_0.name,
        so1_0.name_norm,
        so1_0.remark,
        so1_0.sort_order,
        so1_0.updated_at 
    from
        dict_sales_office so1_0 
    where
        so1_0.id=?
2026-02-06T16:09:59.918+08:00 DEBUG 11568 --- [logitrack-backend] [io-8888-exec-10] org.hibernate.SQL                        : 
    select
        so1_0.id,
        so1_0.code,
        so1_0.country_code,
        so1_0.created_at,
        so1_0.is_active,
        so1_0.name,
        so1_0.name_norm,
        so1_0.remark,
        so1_0.sort_order,
        so1_0.updated_at 
    from
        dict_sales_office so1_0 
    where
        so1_0.id=?
Hibernate: 
    select
        so1_0.id,
        so1_0.code,
        so1_0.country_code,
        so1_0.created_at,
        so1_0.is_active,
        so1_0.name,
        so1_0.name_norm,
        so1_0.remark,
        so1_0.sort_order,
        so1_0.updated_at 
    from
        dict_sales_office so1_0 
    where
        so1_0.id=?
2026-02-06T16:09:59.930+08:00 DEBUG 11568 --- [logitrack-backend] [io-8888-exec-10] org.hibernate.SQL                        : 
    select
        so1_0.id,
        so1_0.code,
        so1_0.country_code,
        so1_0.created_at,
        so1_0.is_active,
        so1_0.name,
        so1_0.name_norm,
        so1_0.remark,
        so1_0.sort_order,
        so1_0.updated_at 
    from
        dict_sales_office so1_0 
    where
        so1_0.id=?
Hibernate: 
    select
        so1_0.id,
        so1_0.code,
        so1_0.country_code,
        so1_0.created_at,
        so1_0.is_active,
        so1_0.name,
        so1_0.name_norm,
        so1_0.remark,
        so1_0.sort_order,
        so1_0.updated_at 
    from
        dict_sales_office so1_0 
    where
        so1_0.id=?
2026-02-06T16:09:59.941+08:00 DEBUG 11568 --- [logitrack-backend] [io-8888-exec-10] org.hibernate.SQL                        : 
    select
        so1_0.id,
        so1_0.code,
        so1_0.country_code,
        so1_0.created_at,
        so1_0.is_active,
        so1_0.name,
        so1_0.name_norm,
        so1_0.remark,
        so1_0.sort_order,
        so1_0.updated_at 
    from
        dict_sales_office so1_0 
    where
        so1_0.id=?
Hibernate: 
    select
        so1_0.id,
        so1_0.code,
        so1_0.country_code,
        so1_0.created_at,
        so1_0.is_active,
        so1_0.name,
        so1_0.name_norm,
        so1_0.remark,
        so1_0.sort_order,
        so1_0.updated_at 
    from
        dict_sales_office so1_0 
    where
        so1_0.id=?
2026-02-06T16:09:59.949+08:00 DEBUG 11568 --- [logitrack-backend] [io-8888-exec-10] org.hibernate.SQL                        : 
    select
        so1_0.id,
        so1_0.code,
        so1_0.country_code,
        so1_0.created_at,
        so1_0.is_active,
        so1_0.name,
        so1_0.name_norm,
        so1_0.remark,
        so1_0.sort_order,
        so1_0.updated_at 
    from
        dict_sales_office so1_0 
    where
        so1_0.id=?
Hibernate: 
    select
        so1_0.id,
        so1_0.code,
        so1_0.country_code,
        so1_0.created_at,
        so1_0.is_active,
        so1_0.name,
        so1_0.name_norm,
        so1_0.remark,
        so1_0.sort_order,
        so1_0.updated_at 
    from
        dict_sales_office so1_0 
    where
        so1_0.id=?
2026-02-06T16:09:59.957+08:00 DEBUG 11568 --- [logitrack-backend] [io-8888-exec-10] org.hibernate.SQL                        : 
    select
        so1_0.id,
        so1_0.code,
        so1_0.country_code,
        so1_0.created_at,
        so1_0.is_active,
        so1_0.name,
        so1_0.name_norm,
        so1_0.remark,
        so1_0.sort_order,
        so1_0.updated_at 
    from
        dict_sales_office so1_0 
    where
        so1_0.id=?
Hibernate: 
    select
        so1_0.id,
        so1_0.code,
        so1_0.country_code,
        so1_0.created_at,
        so1_0.is_active,
        so1_0.name,
        so1_0.name_norm,
        so1_0.remark,
        so1_0.sort_order,
        so1_0.updated_at 
    from
        dict_sales_office so1_0 
    where
        so1_0.id=?
2026-02-06T16:09:59.964+08:00 DEBUG 11568 --- [logitrack-backend] [io-8888-exec-10] org.hibernate.SQL                        : 
    select
        so1_0.id,
        so1_0.code,
        so1_0.country_code,
        so1_0.created_at,
        so1_0.is_active,
        so1_0.name,
        so1_0.name_norm,
        so1_0.remark,
        so1_0.sort_order,
        so1_0.updated_at 
    from
        dict_sales_office so1_0 
    where
        so1_0.id=?
Hibernate: 
    select
        so1_0.id,
        so1_0.code,
        so1_0.country_code,
        so1_0.created_at,
        so1_0.is_active,
        so1_0.name,
        so1_0.name_norm,
        so1_0.remark,
        so1_0.sort_order,
        so1_0.updated_at 
    from
        dict_sales_office so1_0 
    where
        so1_0.id=?
2026-02-06T16:09:59.969+08:00 DEBUG 11568 --- [logitrack-backend] [io-8888-exec-10] org.hibernate.SQL                        : 
    select
        so1_0.id,
        so1_0.code,
        so1_0.country_code,
        so1_0.created_at,
        so1_0.is_active,
        so1_0.name,
        so1_0.name_norm,
        so1_0.remark,
        so1_0.sort_order,
        so1_0.updated_at 
    from
        dict_sales_office so1_0 
    where
        so1_0.id=?
Hibernate: 
    select
        so1_0.id,
        so1_0.code,
        so1_0.country_code,
        so1_0.created_at,
        so1_0.is_active,
        so1_0.name,
        so1_0.name_norm,
        so1_0.remark,
        so1_0.sort_order,
        so1_0.updated_at 
    from
        dict_sales_office so1_0 
    where
        so1_0.id=?
2026-02-06T16:09:59.973+08:00 DEBUG 11568 --- [logitrack-backend] [io-8888-exec-10] org.hibernate.SQL                        : 
    select
        so1_0.id,
        so1_0.code,
        so1_0.country_code,
        so1_0.created_at,
        so1_0.is_active,
        so1_0.name,
        so1_0.name_norm,
        so1_0.remark,
        so1_0.sort_order,
        so1_0.updated_at 
    from
        dict_sales_office so1_0 
    where
        so1_0.id=?
Hibernate: 
    select
        so1_0.id,
        so1_0.code,
        so1_0.country_code,
        so1_0.created_at,
        so1_0.is_active,
        so1_0.name,
        so1_0.name_norm,
        so1_0.remark,
        so1_0.sort_order,
        so1_0.updated_at 
    from
        dict_sales_office so1_0 
    where
        so1_0.id=?
2026-02-06T16:09:59.990+08:00 DEBUG 11568 --- [logitrack-backend] [io-8888-exec-10] org.hibernate.SQL                        : 
    select
        so1_0.id,
        so1_0.code,
        so1_0.country_code,
        so1_0.created_at,
        so1_0.is_active,
        so1_0.name,
        so1_0.name_norm,
        so1_0.remark,
        so1_0.sort_order,
        so1_0.updated_at 
    from
        dict_sales_office so1_0 
    where
        so1_0.id=?
Hibernate: 
    select
        so1_0.id,
        so1_0.code,
        so1_0.country_code,
        so1_0.created_at,
        so1_0.is_active,
        so1_0.name,
        so1_0.name_norm,
        so1_0.remark,
        so1_0.sort_order,
        so1_0.updated_at 
    from
        dict_sales_office so1_0 
    where
        so1_0.id=?
2026-02-06T16:10:00.003+08:00 DEBUG 11568 --- [logitrack-backend] [io-8888-exec-10] org.hibernate.SQL                        : 
    select
        so1_0.id,
        so1_0.code,
        so1_0.country_code,
        so1_0.created_at,
        so1_0.is_active,
        so1_0.name,
        so1_0.name_norm,
        so1_0.remark,
        so1_0.sort_order,
        so1_0.updated_at 
    from
        dict_sales_office so1_0 
    where
        so1_0.id=?
Hibernate: 
    select
        so1_0.id,
        so1_0.code,
        so1_0.country_code,
        so1_0.created_at,
        so1_0.is_active,
        so1_0.name,
        so1_0.name_norm,
        so1_0.remark,
        so1_0.sort_order,
        so1_0.updated_at 
    from
        dict_sales_office so1_0 
    where
        so1_0.id=?
2026-02-06T16:10:00.017+08:00 DEBUG 11568 --- [logitrack-backend] [io-8888-exec-10] org.hibernate.SQL                        : 
    select
        so1_0.id,
        so1_0.code,
        so1_0.country_code,
        so1_0.created_at,
        so1_0.is_active,
        so1_0.name,
        so1_0.name_norm,
        so1_0.remark,
        so1_0.sort_order,
        so1_0.updated_at 
    from
        dict_sales_office so1_0 
    where
        so1_0.id=?
Hibernate: 
    select
        so1_0.id,
        so1_0.code,
        so1_0.country_code,
        so1_0.created_at,
        so1_0.is_active,
        so1_0.name,
        so1_0.name_norm,
        so1_0.remark,
        so1_0.sort_order,
        so1_0.updated_at 
    from
        dict_sales_office so1_0 
    where
        so1_0.id=?
2026-02-06T16:10:00.028+08:00 DEBUG 11568 --- [logitrack-backend] [io-8888-exec-10] org.hibernate.SQL                        : 
    select
        so1_0.id,
        so1_0.code,
        so1_0.country_code,
        so1_0.created_at,
        so1_0.is_active,
        so1_0.name,
        so1_0.name_norm,
        so1_0.remark,
        so1_0.sort_order,
        so1_0.updated_at 
    from
        dict_sales_office so1_0 
    where
        so1_0.id=?
Hibernate: 
    select
        so1_0.id,
        so1_0.code,
        so1_0.country_code,
        so1_0.created_at,
        so1_0.is_active,
        so1_0.name,
        so1_0.name_norm,
        so1_0.remark,
        so1_0.sort_order,
        so1_0.updated_at 
    from
        dict_sales_office so1_0 
    where
        so1_0.id=?
2026-02-06T16:10:00.033+08:00 DEBUG 11568 --- [logitrack-backend] [io-8888-exec-10] org.hibernate.SQL                        : 
    select
        so1_0.id,
        so1_0.code,
        so1_0.country_code,
        so1_0.created_at,
        so1_0.is_active,
        so1_0.name,
        so1_0.name_norm,
        so1_0.remark,
        so1_0.sort_order,
        so1_0.updated_at 
    from
        dict_sales_office so1_0 
    where
        so1_0.id=?
Hibernate: 
    select
        so1_0.id,
        so1_0.code,
        so1_0.country_code,
        so1_0.created_at,
        so1_0.is_active,
        so1_0.name,
        so1_0.name_norm,
        so1_0.remark,
        so1_0.sort_order,
        so1_0.updated_at 
    from
        dict_sales_office so1_0 
    where
        so1_0.id=?
2026-02-06T16:10:00.040+08:00 DEBUG 11568 --- [logitrack-backend] [io-8888-exec-10] org.hibernate.SQL                        : 
    select
        so1_0.id,
        so1_0.code,
        so1_0.country_code,
        so1_0.created_at,
        so1_0.is_active,
        so1_0.name,
        so1_0.name_norm,
        so1_0.remark,
        so1_0.sort_order,
        so1_0.updated_at 
    from
        dict_sales_office so1_0 
    where
        so1_0.id=?
Hibernate: 
    select
        so1_0.id,
        so1_0.code,
        so1_0.country_code,
        so1_0.created_at,
        so1_0.is_active,
        so1_0.name,
        so1_0.name_norm,
        so1_0.remark,
        so1_0.sort_order,
        so1_0.updated_at 
    from
        dict_sales_office so1_0 
    where
        so1_0.id=?
2026-02-06T16:10:00.053+08:00 DEBUG 11568 --- [logitrack-backend] [io-8888-exec-10] org.hibernate.SQL                        : 
    select
        so1_0.id,
        so1_0.code,
        so1_0.country_code,
        so1_0.created_at,
        so1_0.is_active,
        so1_0.name,
        so1_0.name_norm,
        so1_0.remark,
        so1_0.sort_order,
        so1_0.updated_at 
    from
        dict_sales_office so1_0 
    where
        so1_0.id=?
Hibernate: 
    select
        so1_0.id,
        so1_0.code,
        so1_0.country_code,
        so1_0.created_at,
        so1_0.is_active,
        so1_0.name,
        so1_0.name_norm,
        so1_0.remark,
        so1_0.sort_order,
        so1_0.updated_at 
    from
        dict_sales_office so1_0 
    where
        so1_0.id=?
2026-02-06T16:10:00.057+08:00 DEBUG 11568 --- [logitrack-backend] [io-8888-exec-10] org.hibernate.SQL                        : 
    select
        so1_0.id,
        so1_0.code,
        so1_0.country_code,
        so1_0.created_at,
        so1_0.is_active,
        so1_0.name,
        so1_0.name_norm,
        so1_0.remark,
        so1_0.sort_order,
        so1_0.updated_at 
    from
        dict_sales_office so1_0 
    where
        so1_0.id=?
Hibernate: 
    select
        so1_0.id,
        so1_0.code,
        so1_0.country_code,
        so1_0.created_at,
        so1_0.is_active,
        so1_0.name,
        so1_0.name_norm,
        so1_0.remark,
        so1_0.sort_order,
        so1_0.updated_at 
    from
        dict_sales_office so1_0 
    where
        so1_0.id=?
2026-02-06T16:10:00.062+08:00 DEBUG 11568 --- [logitrack-backend] [io-8888-exec-10] org.hibernate.SQL                        : 
    select
        so1_0.id,
        so1_0.code,
        so1_0.country_code,
        so1_0.created_at,
        so1_0.is_active,
        so1_0.name,
        so1_0.name_norm,
        so1_0.remark,
        so1_0.sort_order,
        so1_0.updated_at 
    from
        dict_sales_office so1_0 
    where
        so1_0.id=?
Hibernate: 
    select
        so1_0.id,
        so1_0.code,
        so1_0.country_code,
        so1_0.created_at,
        so1_0.is_active,
        so1_0.name,
        so1_0.name_norm,
        so1_0.remark,
        so1_0.sort_order,
        so1_0.updated_at 
    from
        dict_sales_office so1_0 
    where
        so1_0.id=?
2026-02-06T16:10:00.066+08:00 DEBUG 11568 --- [logitrack-backend] [io-8888-exec-10] org.hibernate.SQL                        : 
    select
        so1_0.id,
        so1_0.code,
        so1_0.country_code,
        so1_0.created_at,
        so1_0.is_active,
        so1_0.name,
        so1_0.name_norm,
        so1_0.remark,
        so1_0.sort_order,
        so1_0.updated_at 
    from
        dict_sales_office so1_0 
    where
        so1_0.id=?
Hibernate: 
    select
        so1_0.id,
        so1_0.code,
        so1_0.country_code,
        so1_0.created_at,
        so1_0.is_active,
        so1_0.name,
        so1_0.name_norm,
        so1_0.remark,
        so1_0.sort_order,
        so1_0.updated_at 
    from
        dict_sales_office so1_0 
    where
        so1_0.id=?
2026-02-06T16:10:00.073+08:00 DEBUG 11568 --- [logitrack-backend] [io-8888-exec-10] org.hibernate.SQL                        : 
    select
        so1_0.id,
        so1_0.code,
        so1_0.country_code,
        so1_0.created_at,
        so1_0.is_active,
        so1_0.name,
        so1_0.name_norm,
        so1_0.remark,
        so1_0.sort_order,
        so1_0.updated_at 
    from
        dict_sales_office so1_0 
    where
        so1_0.id=?
Hibernate: 
    select
        so1_0.id,
        so1_0.code,
        so1_0.country_code,
        so1_0.created_at,
        so1_0.is_active,
        so1_0.name,
        so1_0.name_norm,
        so1_0.remark,
        so1_0.sort_order,
        so1_0.updated_at 
    from
        dict_sales_office so1_0 
    where
        so1_0.id=?
2026-02-06T16:10:00.085+08:00 DEBUG 11568 --- [logitrack-backend] [io-8888-exec-10] org.hibernate.SQL                        : 
    select
        so1_0.id,
        so1_0.code,
        so1_0.country_code,
        so1_0.created_at,
        so1_0.is_active,
        so1_0.name,
        so1_0.name_norm,
        so1_0.remark,
        so1_0.sort_order,
        so1_0.updated_at 
    from
        dict_sales_office so1_0 
    where
        so1_0.id=?
Hibernate: 
    select
        so1_0.id,
        so1_0.code,
        so1_0.country_code,
        so1_0.created_at,
        so1_0.is_active,
        so1_0.name,
        so1_0.name_norm,
        so1_0.remark,
        so1_0.sort_order,
        so1_0.updated_at 
    from
        dict_sales_office so1_0 
    where
        so1_0.id=?
2026-02-06T16:10:00.095+08:00 DEBUG 11568 --- [logitrack-backend] [io-8888-exec-10] org.hibernate.SQL                        : 
    select
        so1_0.id,
        so1_0.code,
        so1_0.country_code,
        so1_0.created_at,
        so1_0.is_active,
        so1_0.name,
        so1_0.name_norm,
        so1_0.remark,
        so1_0.sort_order,
        so1_0.updated_at 
    from
        dict_sales_office so1_0 
    where
        so1_0.id=?
Hibernate: 
    select
        so1_0.id,
        so1_0.code,
        so1_0.country_code,
        so1_0.created_at,
        so1_0.is_active,
        so1_0.name,
        so1_0.name_norm,
        so1_0.remark,
        so1_0.sort_order,
        so1_0.updated_at 
    from
        dict_sales_office so1_0 
    where
        so1_0.id=?
2026-02-06T16:10:00.127+08:00 DEBUG 11568 --- [logitrack-backend] [io-8888-exec-10] org.hibernate.SQL                        : 
    select
        so1_0.id,
        so1_0.code,
        so1_0.country_code,
        so1_0.created_at,
        so1_0.is_active,
        so1_0.name,
        so1_0.name_norm,
        so1_0.remark,
        so1_0.sort_order,
        so1_0.updated_at 
    from
        dict_sales_office so1_0 
    where
        so1_0.id=?
Hibernate: 
    select
        so1_0.id,
        so1_0.code,
        so1_0.country_code,
        so1_0.created_at,
        so1_0.is_active,
        so1_0.name,
        so1_0.name_norm,
        so1_0.remark,
        so1_0.sort_order,
        so1_0.updated_at 
    from
        dict_sales_office so1_0 
    where
        so1_0.id=?
2026-02-06T16:10:00.131+08:00 DEBUG 11568 --- [logitrack-backend] [io-8888-exec-10] org.hibernate.SQL                        : 
    select
        so1_0.id,
        so1_0.code,
        so1_0.country_code,
        so1_0.created_at,
        so1_0.is_active,
        so1_0.name,
        so1_0.name_norm,
        so1_0.remark,
        so1_0.sort_order,
        so1_0.updated_at 
    from
        dict_sales_office so1_0 
    where
        so1_0.id=?
Hibernate: 
    select
        so1_0.id,
        so1_0.code,
        so1_0.country_code,
        so1_0.created_at,
        so1_0.is_active,
        so1_0.name,
        so1_0.name_norm,
        so1_0.remark,
        so1_0.sort_order,
        so1_0.updated_at 
    from
        dict_sales_office so1_0 
    where
        so1_0.id=?
2026-02-06T16:10:00.136+08:00 DEBUG 11568 --- [logitrack-backend] [io-8888-exec-10] org.hibernate.SQL                        : 
    select
        so1_0.id,
        so1_0.code,
        so1_0.country_code,
        so1_0.created_at,
        so1_0.is_active,
        so1_0.name,
        so1_0.name_norm,
        so1_0.remark,
        so1_0.sort_order,
        so1_0.updated_at 
    from
        dict_sales_office so1_0 
    where
        so1_0.id=?
Hibernate: 
    select
        so1_0.id,
        so1_0.code,
        so1_0.country_code,
        so1_0.created_at,
        so1_0.is_active,
        so1_0.name,
        so1_0.name_norm,
        so1_0.remark,
        so1_0.sort_order,
        so1_0.updated_at 
    from
        dict_sales_office so1_0 
    where
        so1_0.id=?
2026-02-06T16:10:00.141+08:00 DEBUG 11568 --- [logitrack-backend] [io-8888-exec-10] org.hibernate.SQL                        : 
    select
        so1_0.id,
        so1_0.code,
        so1_0.country_code,
        so1_0.created_at,
        so1_0.is_active,
        so1_0.name,
        so1_0.name_norm,
        so1_0.remark,
        so1_0.sort_order,
        so1_0.updated_at 
    from
        dict_sales_office so1_0 
    where
        so1_0.id=?
Hibernate: 
    select
        so1_0.id,
        so1_0.code,
        so1_0.country_code,
        so1_0.created_at,
        so1_0.is_active,
        so1_0.name,
        so1_0.name_norm,
        so1_0.remark,
        so1_0.sort_order,
        so1_0.updated_at 
    from
        dict_sales_office so1_0 
    where
        so1_0.id=?
2026-02-06T16:10:00.151+08:00 DEBUG 11568 --- [logitrack-backend] [io-8888-exec-10] org.hibernate.SQL                        : 
    select
        so1_0.id,
        so1_0.code,
        so1_0.country_code,
        so1_0.created_at,
        so1_0.is_active,
        so1_0.name,
        so1_0.name_norm,
        so1_0.remark,
        so1_0.sort_order,
        so1_0.updated_at 
    from
        dict_sales_office so1_0 
    where
        so1_0.id=?
Hibernate: 
    select
        so1_0.id,
        so1_0.code,
        so1_0.country_code,
        so1_0.created_at,
        so1_0.is_active,
        so1_0.name,
        so1_0.name_norm,
        so1_0.remark,
        so1_0.sort_order,
        so1_0.updated_at 
    from
        dict_sales_office so1_0 
    where
        so1_0.id=?
2026-02-06T16:10:00.159+08:00 DEBUG 11568 --- [logitrack-backend] [io-8888-exec-10] org.hibernate.SQL                        : 
    select
        so1_0.id,
        so1_0.code,
        so1_0.country_code,
        so1_0.created_at,
        so1_0.is_active,
        so1_0.name,
        so1_0.name_norm,
        so1_0.remark,
        so1_0.sort_order,
        so1_0.updated_at 
    from
        dict_sales_office so1_0 
    where
        so1_0.id=?
Hibernate: 
    select
        so1_0.id,
        so1_0.code,
        so1_0.country_code,
        so1_0.created_at,
        so1_0.is_active,
        so1_0.name,
        so1_0.name_norm,
        so1_0.remark,
        so1_0.sort_order,
        so1_0.updated_at 
    from
        dict_sales_office so1_0 
    where
        so1_0.id=?
2026-02-06T16:10:00.164+08:00 DEBUG 11568 --- [logitrack-backend] [io-8888-exec-10] org.hibernate.SQL                        : 
    select
        so1_0.id,
        so1_0.code,
        so1_0.country_code,
        so1_0.created_at,
        so1_0.is_active,
        so1_0.name,
        so1_0.name_norm,
        so1_0.remark,
        so1_0.sort_order,
        so1_0.updated_at 
    from
        dict_sales_office so1_0 
    where
        so1_0.id=?
Hibernate: 
    select
        so1_0.id,
        so1_0.code,
        so1_0.country_code,
        so1_0.created_at,
        so1_0.is_active,
        so1_0.name,
        so1_0.name_norm,
        so1_0.remark,
        so1_0.sort_order,
        so1_0.updated_at 
    from
        dict_sales_office so1_0 
    where
        so1_0.id=?
2026-02-06T16:10:00.168+08:00 DEBUG 11568 --- [logitrack-backend] [io-8888-exec-10] org.hibernate.SQL                        : 
    select
        so1_0.id,
        so1_0.code,
        so1_0.country_code,
        so1_0.created_at,
        so1_0.is_active,
        so1_0.name,
        so1_0.name_norm,
        so1_0.remark,
        so1_0.sort_order,
        so1_0.updated_at 
    from
        dict_sales_office so1_0 
    where
        so1_0.id=?
Hibernate: 
    select
        so1_0.id,
        so1_0.code,
        so1_0.country_code,
        so1_0.created_at,
        so1_0.is_active,
        so1_0.name,
        so1_0.name_norm,
        so1_0.remark,
        so1_0.sort_order,
        so1_0.updated_at 
    from
        dict_sales_office so1_0 
    where
        so1_0.id=?
2026-02-06T16:10:00.175+08:00 DEBUG 11568 --- [logitrack-backend] [io-8888-exec-10] org.hibernate.SQL                        : 
    select
        so1_0.id,
        so1_0.code,
        so1_0.country_code,
        so1_0.created_at,
        so1_0.is_active,
        so1_0.name,
        so1_0.name_norm,
        so1_0.remark,
        so1_0.sort_order,
        so1_0.updated_at 
    from
        dict_sales_office so1_0 
    where
        so1_0.id=?
Hibernate: 
    select
        so1_0.id,
        so1_0.code,
        so1_0.country_code,
        so1_0.created_at,
        so1_0.is_active,
        so1_0.name,
        so1_0.name_norm,
        so1_0.remark,
        so1_0.sort_order,
        so1_0.updated_at 
    from
        dict_sales_office so1_0 
    where
        so1_0.id=?
2026-02-06T16:10:00.182+08:00 DEBUG 11568 --- [logitrack-backend] [io-8888-exec-10] org.hibernate.SQL                        : 
    select
        so1_0.id,
        so1_0.code,
        so1_0.country_code,
        so1_0.created_at,
        so1_0.is_active,
        so1_0.name,
        so1_0.name_norm,
        so1_0.remark,
        so1_0.sort_order,
        so1_0.updated_at 
    from
        dict_sales_office so1_0 
    where
        so1_0.id=?
Hibernate: 
    select
        so1_0.id,
        so1_0.code,
        so1_0.country_code,
        so1_0.created_at,
        so1_0.is_active,
        so1_0.name,
        so1_0.name_norm,
        so1_0.remark,
        so1_0.sort_order,
        so1_0.updated_at 
    from
        dict_sales_office so1_0 
    where
        so1_0.id=?
2026-02-06T16:10:00.187+08:00 DEBUG 11568 --- [logitrack-backend] [io-8888-exec-10] org.hibernate.SQL                        : 
    select
        so1_0.id,
        so1_0.code,
        so1_0.country_code,
        so1_0.created_at,
        so1_0.is_active,
        so1_0.name,
        so1_0.name_norm,
        so1_0.remark,
        so1_0.sort_order,
        so1_0.updated_at 
    from
        dict_sales_office so1_0 
    where
        so1_0.id=?
Hibernate: 
    select
        so1_0.id,
        so1_0.code,
        so1_0.country_code,
        so1_0.created_at,
        so1_0.is_active,
        so1_0.name,
        so1_0.name_norm,
        so1_0.remark,
        so1_0.sort_order,
        so1_0.updated_at 
    from
        dict_sales_office so1_0 
    where
        so1_0.id=?
2026-02-06T16:10:00.206+08:00 DEBUG 11568 --- [logitrack-backend] [io-8888-exec-10] org.hibernate.SQL                        : 
    select
        so1_0.id,
        so1_0.code,
        so1_0.country_code,
        so1_0.created_at,
        so1_0.is_active,
        so1_0.name,
        so1_0.name_norm,
        so1_0.remark,
        so1_0.sort_order,
        so1_0.updated_at 
    from
        dict_sales_office so1_0 
    where
        so1_0.id=?
Hibernate: 
    select
        so1_0.id,
        so1_0.code,
        so1_0.country_code,
        so1_0.created_at,
        so1_0.is_active,
        so1_0.name,
        so1_0.name_norm,
        so1_0.remark,
        so1_0.sort_order,
        so1_0.updated_at 
    from
        dict_sales_office so1_0 
    where
        so1_0.id=?
2026-02-06T16:10:00.216+08:00 DEBUG 11568 --- [logitrack-backend] [io-8888-exec-10] org.hibernate.SQL                        : 
    select
        so1_0.id,
        so1_0.code,
        so1_0.country_code,
        so1_0.created_at,
        so1_0.is_active,
        so1_0.name,
        so1_0.name_norm,
        so1_0.remark,
        so1_0.sort_order,
        so1_0.updated_at 
    from
        dict_sales_office so1_0 
    where
        so1_0.id=?
Hibernate: 
    select
        so1_0.id,
        so1_0.code,
        so1_0.country_code,
        so1_0.created_at,
        so1_0.is_active,
        so1_0.name,
        so1_0.name_norm,
        so1_0.remark,
        so1_0.sort_order,
        so1_0.updated_at 
    from
        dict_sales_office so1_0 
    where
        so1_0.id=?
2026-02-06T16:10:00.222+08:00 DEBUG 11568 --- [logitrack-backend] [io-8888-exec-10] org.hibernate.SQL                        : 
    select
        so1_0.id,
        so1_0.code,
        so1_0.country_code,
        so1_0.created_at,
        so1_0.is_active,
        so1_0.name,
        so1_0.name_norm,
        so1_0.remark,
        so1_0.sort_order,
        so1_0.updated_at 
    from
        dict_sales_office so1_0 
    where
        so1_0.id=?
Hibernate: 
    select
        so1_0.id,
        so1_0.code,
        so1_0.country_code,
        so1_0.created_at,
        so1_0.is_active,
        so1_0.name,
        so1_0.name_norm,
        so1_0.remark,
        so1_0.sort_order,
        so1_0.updated_at 
    from
        dict_sales_office so1_0 
    where
        so1_0.id=?
2026-02-06T16:10:00.226+08:00 DEBUG 11568 --- [logitrack-backend] [io-8888-exec-10] org.hibernate.SQL                        : 
    select
        so1_0.id,
        so1_0.code,
        so1_0.country_code,
        so1_0.created_at,
        so1_0.is_active,
        so1_0.name,
        so1_0.name_norm,
        so1_0.remark,
        so1_0.sort_order,
        so1_0.updated_at 
    from
        dict_sales_office so1_0 
    where
        so1_0.id=?
Hibernate: 
    select
        so1_0.id,
        so1_0.code,
        so1_0.country_code,
        so1_0.created_at,
        so1_0.is_active,
        so1_0.name,
        so1_0.name_norm,
        so1_0.remark,
        so1_0.sort_order,
        so1_0.updated_at 
    from
        dict_sales_office so1_0 
    where
        so1_0.id=?
2026-02-06T16:10:00.230+08:00 DEBUG 11568 --- [logitrack-backend] [io-8888-exec-10] org.hibernate.SQL                        : 
    select
        so1_0.id,
        so1_0.code,
        so1_0.country_code,
        so1_0.created_at,
        so1_0.is_active,
        so1_0.name,
        so1_0.name_norm,
        so1_0.remark,
        so1_0.sort_order,
        so1_0.updated_at 
    from
        dict_sales_office so1_0 
    where
        so1_0.id=?
Hibernate: 
    select
        so1_0.id,
        so1_0.code,
        so1_0.country_code,
        so1_0.created_at,
        so1_0.is_active,
        so1_0.name,
        so1_0.name_norm,
        so1_0.remark,
        so1_0.sort_order,
        so1_0.updated_at 
    from
        dict_sales_office so1_0 
    where
        so1_0.id=?
2026-02-06T16:10:00.233+08:00 DEBUG 11568 --- [logitrack-backend] [io-8888-exec-10] org.hibernate.SQL                        : 
    select
        so1_0.id,
        so1_0.code,
        so1_0.country_code,
        so1_0.created_at,
        so1_0.is_active,
        so1_0.name,
        so1_0.name_norm,
        so1_0.remark,
        so1_0.sort_order,
        so1_0.updated_at 
    from
        dict_sales_office so1_0 
    where
        so1_0.id=?
Hibernate: 
    select
        so1_0.id,
        so1_0.code,
        so1_0.country_code,
        so1_0.created_at,
        so1_0.is_active,
        so1_0.name,
        so1_0.name_norm,
        so1_0.remark,
        so1_0.sort_order,
        so1_0.updated_at 
    from
        dict_sales_office so1_0 
    where
        so1_0.id=?
2026-02-06T16:10:00.237+08:00 DEBUG 11568 --- [logitrack-backend] [io-8888-exec-10] org.hibernate.SQL                        : 
    select
        so1_0.id,
        so1_0.code,
        so1_0.country_code,
        so1_0.created_at,
        so1_0.is_active,
        so1_0.name,
        so1_0.name_norm,
        so1_0.remark,
        so1_0.sort_order,
        so1_0.updated_at 
    from
        dict_sales_office so1_0 
    where
        so1_0.id=?
Hibernate: 
    select
        so1_0.id,
        so1_0.code,
        so1_0.country_code,
        so1_0.created_at,
        so1_0.is_active,
        so1_0.name,
        so1_0.name_norm,
        so1_0.remark,
        so1_0.sort_order,
        so1_0.updated_at 
    from
        dict_sales_office so1_0 
    where
        so1_0.id=?
2026-02-06T16:10:00.242+08:00 DEBUG 11568 --- [logitrack-backend] [io-8888-exec-10] org.hibernate.SQL                        : 
    select
        so1_0.id,
        so1_0.code,
        so1_0.country_code,
        so1_0.created_at,
        so1_0.is_active,
        so1_0.name,
        so1_0.name_norm,
        so1_0.remark,
        so1_0.sort_order,
        so1_0.updated_at 
    from
        dict_sales_office so1_0 
    where
        so1_0.id=?
Hibernate: 
    select
        so1_0.id,
        so1_0.code,
        so1_0.country_code,
        so1_0.created_at,
        so1_0.is_active,
        so1_0.name,
        so1_0.name_norm,
        so1_0.remark,
        so1_0.sort_order,
        so1_0.updated_at 
    from
        dict_sales_office so1_0 
    where
        so1_0.id=?
2026-02-06T16:10:00.249+08:00 DEBUG 11568 --- [logitrack-backend] [io-8888-exec-10] org.hibernate.SQL                        : 
    select
        so1_0.id,
        so1_0.code,
        so1_0.country_code,
        so1_0.created_at,
        so1_0.is_active,
        so1_0.name,
        so1_0.name_norm,
        so1_0.remark,
        so1_0.sort_order,
        so1_0.updated_at 
    from
        dict_sales_office so1_0 
    where
        so1_0.id=?
Hibernate: 
    select
        so1_0.id,
        so1_0.code,
        so1_0.country_code,
        so1_0.created_at,
        so1_0.is_active,
        so1_0.name,
        so1_0.name_norm,
        so1_0.remark,
        so1_0.sort_order,
        so1_0.updated_at 
    from
        dict_sales_office so1_0 
    where
        so1_0.id=?
2026-02-06T16:10:00.256+08:00 DEBUG 11568 --- [logitrack-backend] [io-8888-exec-10] org.hibernate.SQL                        : 
    select
        so1_0.id,
        so1_0.code,
        so1_0.country_code,
        so1_0.created_at,
        so1_0.is_active,
        so1_0.name,
        so1_0.name_norm,
        so1_0.remark,
        so1_0.sort_order,
        so1_0.updated_at 
    from
        dict_sales_office so1_0 
    where
        so1_0.id=?
Hibernate: 
    select
        so1_0.id,
        so1_0.code,
        so1_0.country_code,
        so1_0.created_at,
        so1_0.is_active,
        so1_0.name,
        so1_0.name_norm,
        so1_0.remark,
        so1_0.sort_order,
        so1_0.updated_at 
    from
        dict_sales_office so1_0 
    where
        so1_0.id=?
2026-02-06T16:10:00.261+08:00 DEBUG 11568 --- [logitrack-backend] [io-8888-exec-10] org.hibernate.SQL                        : 
    select
        so1_0.id,
        so1_0.code,
        so1_0.country_code,
        so1_0.created_at,
        so1_0.is_active,
        so1_0.name,
        so1_0.name_norm,
        so1_0.remark,
        so1_0.sort_order,
        so1_0.updated_at 
    from
        dict_sales_office so1_0 
    where
        so1_0.id=?
Hibernate: 
    select
        so1_0.id,
        so1_0.code,
        so1_0.country_code,
        so1_0.created_at,
        so1_0.is_active,
        so1_0.name,
        so1_0.name_norm,
        so1_0.remark,
        so1_0.sort_order,
        so1_0.updated_at 
    from
        dict_sales_office so1_0 
    where
        so1_0.id=?
2026-02-06T16:10:00.268+08:00 DEBUG 11568 --- [logitrack-backend] [io-8888-exec-10] org.hibernate.SQL                        : 
    select
        so1_0.id,
        so1_0.code,
        so1_0.country_code,
        so1_0.created_at,
        so1_0.is_active,
        so1_0.name,
        so1_0.name_norm,
        so1_0.remark,
        so1_0.sort_order,
        so1_0.updated_at 
    from
        dict_sales_office so1_0 
    where
        so1_0.id=?
Hibernate: 
    select
        so1_0.id,
        so1_0.code,
        so1_0.country_code,
        so1_0.created_at,
        so1_0.is_active,
        so1_0.name,
        so1_0.name_norm,
        so1_0.remark,
        so1_0.sort_order,
        so1_0.updated_at 
    from
        dict_sales_office so1_0 
    where
        so1_0.id=?
2026-02-06T16:10:00.273+08:00 DEBUG 11568 --- [logitrack-backend] [io-8888-exec-10] org.hibernate.SQL                        : 
    select
        so1_0.id,
        so1_0.code,
        so1_0.country_code,
        so1_0.created_at,
        so1_0.is_active,
        so1_0.name,
        so1_0.name_norm,
        so1_0.remark,
        so1_0.sort_order,
        so1_0.updated_at 
    from
        dict_sales_office so1_0 
    where
        so1_0.id=?
Hibernate: 
    select
        so1_0.id,
        so1_0.code,
        so1_0.country_code,
        so1_0.created_at,
        so1_0.is_active,
        so1_0.name,
        so1_0.name_norm,
        so1_0.remark,
        so1_0.sort_order,
        so1_0.updated_at 
    from
        dict_sales_office so1_0 
    where
        so1_0.id=?
2026-02-06T16:10:00.281+08:00 DEBUG 11568 --- [logitrack-backend] [io-8888-exec-10] org.hibernate.SQL                        : 
    select
        so1_0.id,
        so1_0.code,
        so1_0.country_code,
        so1_0.created_at,
        so1_0.is_active,
        so1_0.name,
        so1_0.name_norm,
        so1_0.remark,
        so1_0.sort_order,
        so1_0.updated_at 
    from
        dict_sales_office so1_0 
    where
        so1_0.id=?
Hibernate: 
    select
        so1_0.id,
        so1_0.code,
        so1_0.country_code,
        so1_0.created_at,
        so1_0.is_active,
        so1_0.name,
        so1_0.name_norm,
        so1_0.remark,
        so1_0.sort_order,
        so1_0.updated_at 
    from
        dict_sales_office so1_0 
    where
        so1_0.id=?
2026-02-06T16:10:00.285+08:00 DEBUG 11568 --- [logitrack-backend] [io-8888-exec-10] org.hibernate.SQL                        : 
    select
        so1_0.id,
        so1_0.code,
        so1_0.country_code,
        so1_0.created_at,
        so1_0.is_active,
        so1_0.name,
        so1_0.name_norm,
        so1_0.remark,
        so1_0.sort_order,
        so1_0.updated_at 
    from
        dict_sales_office so1_0 
    where
        so1_0.id=?
Hibernate: 
    select
        so1_0.id,
        so1_0.code,
        so1_0.country_code,
        so1_0.created_at,
        so1_0.is_active,
        so1_0.name,
        so1_0.name_norm,
        so1_0.remark,
        so1_0.sort_order,
        so1_0.updated_at 
    from
        dict_sales_office so1_0 
    where
        so1_0.id=?
2026-02-06T16:10:00.289+08:00 DEBUG 11568 --- [logitrack-backend] [io-8888-exec-10] org.hibernate.SQL                        : 
    select
        so1_0.id,
        so1_0.code,
        so1_0.country_code,
        so1_0.created_at,
        so1_0.is_active,
        so1_0.name,
        so1_0.name_norm,
        so1_0.remark,
        so1_0.sort_order,
        so1_0.updated_at 
    from
        dict_sales_office so1_0 
    where
        so1_0.id=?
Hibernate: 
    select
        so1_0.id,
        so1_0.code,
        so1_0.country_code,
        so1_0.created_at,
        so1_0.is_active,
        so1_0.name,
        so1_0.name_norm,
        so1_0.remark,
        so1_0.sort_order,
        so1_0.updated_at 
    from
        dict_sales_office so1_0 
    where
        so1_0.id=?
2026-02-06T16:10:00.385+08:00 DEBUG 11568 --- [logitrack-backend] [io-8888-exec-10] org.hibernate.SQL                        : 
    select
        so1_0.id,
        so1_0.code,
        so1_0.country_code,
        so1_0.created_at,
        so1_0.is_active,
        so1_0.name,
        so1_0.name_norm,
        so1_0.remark,
        so1_0.sort_order,
        so1_0.updated_at 
    from
        dict_sales_office so1_0 
    where
        so1_0.id=?
Hibernate: 
    select
        so1_0.id,
        so1_0.code,
        so1_0.country_code,
        so1_0.created_at,
        so1_0.is_active,
        so1_0.name,
        so1_0.name_norm,
        so1_0.remark,
        so1_0.sort_order,
        so1_0.updated_at 
    from
        dict_sales_office so1_0 
    where
        so1_0.id=?
2026-02-06T16:10:00.414+08:00 DEBUG 11568 --- [logitrack-backend] [io-8888-exec-10] org.hibernate.SQL                        : 
    select
        so1_0.id,
        so1_0.code,
        so1_0.country_code,
        so1_0.created_at,
        so1_0.is_active,
        so1_0.name,
        so1_0.name_norm,
        so1_0.remark,
        so1_0.sort_order,
        so1_0.updated_at 
    from
        dict_sales_office so1_0 
    where
        so1_0.id=?
Hibernate: 
    select
        so1_0.id,
        so1_0.code,
        so1_0.country_code,
        so1_0.created_at,
        so1_0.is_active,
        so1_0.name,
        so1_0.name_norm,
        so1_0.remark,
        so1_0.sort_order,
        so1_0.updated_at 
    from
        dict_sales_office so1_0 
    where
        so1_0.id=?
2026-02-06T16:10:00.421+08:00 DEBUG 11568 --- [logitrack-backend] [io-8888-exec-10] org.hibernate.SQL                        : 
    select
        so1_0.id,
        so1_0.code,
        so1_0.country_code,
        so1_0.created_at,
        so1_0.is_active,
        so1_0.name,
        so1_0.name_norm,
        so1_0.remark,
        so1_0.sort_order,
        so1_0.updated_at 
    from
        dict_sales_office so1_0 
    where
        so1_0.id=?
Hibernate: 
    select
        so1_0.id,
        so1_0.code,
        so1_0.country_code,
        so1_0.created_at,
        so1_0.is_active,
        so1_0.name,
        so1_0.name_norm,
        so1_0.remark,
        so1_0.sort_order,
        so1_0.updated_at 
    from
        dict_sales_office so1_0 
    where
        so1_0.id=?
2026-02-06T16:10:00.428+08:00 DEBUG 11568 --- [logitrack-backend] [io-8888-exec-10] org.hibernate.SQL                        : 
    select
        so1_0.id,
        so1_0.code,
        so1_0.country_code,
        so1_0.created_at,
        so1_0.is_active,
        so1_0.name,
        so1_0.name_norm,
        so1_0.remark,
        so1_0.sort_order,
        so1_0.updated_at 
    from
        dict_sales_office so1_0 
    where
        so1_0.id=?
Hibernate: 
    select
        so1_0.id,
        so1_0.code,
        so1_0.country_code,
        so1_0.created_at,
        so1_0.is_active,
        so1_0.name,
        so1_0.name_norm,
        so1_0.remark,
        so1_0.sort_order,
        so1_0.updated_at 
    from
        dict_sales_office so1_0 
    where
        so1_0.id=?
2026-02-06T16:10:00.437+08:00 DEBUG 11568 --- [logitrack-backend] [io-8888-exec-10] org.hibernate.SQL                        : 
    select
        so1_0.id,
        so1_0.code,
        so1_0.country_code,
        so1_0.created_at,
        so1_0.is_active,
        so1_0.name,
        so1_0.name_norm,
        so1_0.remark,
        so1_0.sort_order,
        so1_0.updated_at 
    from
        dict_sales_office so1_0 
    where
        so1_0.id=?
Hibernate: 
    select
        so1_0.id,
        so1_0.code,
        so1_0.country_code,
        so1_0.created_at,
        so1_0.is_active,
        so1_0.name,
        so1_0.name_norm,
        so1_0.remark,
        so1_0.sort_order,
        so1_0.updated_at 
    from
        dict_sales_office so1_0 
    where
        so1_0.id=?
2026-02-06T16:10:00.452+08:00 DEBUG 11568 --- [logitrack-backend] [io-8888-exec-10] org.hibernate.SQL                        : 
    select
        so1_0.id,
        so1_0.code,
        so1_0.country_code,
        so1_0.created_at,
        so1_0.is_active,
        so1_0.name,
        so1_0.name_norm,
        so1_0.remark,
        so1_0.sort_order,
        so1_0.updated_at 
    from
        dict_sales_office so1_0 
    where
        so1_0.id=?
Hibernate: 
    select
        so1_0.id,
        so1_0.code,
        so1_0.country_code,
        so1_0.created_at,
        so1_0.is_active,
        so1_0.name,
        so1_0.name_norm,
        so1_0.remark,
        so1_0.sort_order,
        so1_0.updated_at 
    from
        dict_sales_office so1_0 
    where
        so1_0.id=?
2026-02-06T16:10:00.456+08:00 DEBUG 11568 --- [logitrack-backend] [io-8888-exec-10] org.hibernate.SQL                        : 
    select
        so1_0.id,
        so1_0.code,
        so1_0.country_code,
        so1_0.created_at,
        so1_0.is_active,
        so1_0.name,
        so1_0.name_norm,
        so1_0.remark,
        so1_0.sort_order,
        so1_0.updated_at 
    from
        dict_sales_office so1_0 
    where
        so1_0.id=?
Hibernate: 
    select
        so1_0.id,
        so1_0.code,
        so1_0.country_code,
        so1_0.created_at,
        so1_0.is_active,
        so1_0.name,
        so1_0.name_norm,
        so1_0.remark,
        so1_0.sort_order,
        so1_0.updated_at 
    from
        dict_sales_office so1_0 
    where
        so1_0.id=?
2026-02-06T16:10:00.461+08:00 DEBUG 11568 --- [logitrack-backend] [io-8888-exec-10] org.hibernate.SQL                        : 
    select
        so1_0.id,
        so1_0.code,
        so1_0.country_code,
        so1_0.created_at,
        so1_0.is_active,
        so1_0.name,
        so1_0.name_norm,
        so1_0.remark,
        so1_0.sort_order,
        so1_0.updated_at 
    from
        dict_sales_office so1_0 
    where
        so1_0.id=?
Hibernate: 
    select
        so1_0.id,
        so1_0.code,
        so1_0.country_code,
        so1_0.created_at,
        so1_0.is_active,
        so1_0.name,
        so1_0.name_norm,
        so1_0.remark,
        so1_0.sort_order,
        so1_0.updated_at 
    from
        dict_sales_office so1_0 
    where
        so1_0.id=?
2026-02-06T16:10:01.000+08:00 DEBUG 11568 --- [logitrack-backend] [io-8888-exec-10] org.hibernate.SQL                        : 
    select
        so1_0.id,
        so1_0.code,
        so1_0.country_code,
        so1_0.created_at,
        so1_0.is_active,
        so1_0.name,
        so1_0.name_norm,
        so1_0.remark,
        so1_0.sort_order,
        so1_0.updated_at 
    from
        dict_sales_office so1_0 
    where
        so1_0.id=?
Hibernate: 
    select
        so1_0.id,
        so1_0.code,
        so1_0.country_code,
        so1_0.created_at,
        so1_0.is_active,
        so1_0.name,
        so1_0.name_norm,
        so1_0.remark,
        so1_0.sort_order,
        so1_0.updated_at 
    from
        dict_sales_office so1_0 
    where
        so1_0.id=?
2026-02-06T16:10:01.138+08:00 DEBUG 11568 --- [logitrack-backend] [io-8888-exec-10] org.hibernate.SQL                        : 
    select
        so1_0.id,
        so1_0.code,
        so1_0.country_code,
        so1_0.created_at,
        so1_0.is_active,
        so1_0.name,
        so1_0.name_norm,
        so1_0.remark,
        so1_0.sort_order,
        so1_0.updated_at 
    from
        dict_sales_office so1_0 
    where
        so1_0.id=?
Hibernate: 
    select
        so1_0.id,
        so1_0.code,
        so1_0.country_code,
        so1_0.created_at,
        so1_0.is_active,
        so1_0.name,
        so1_0.name_norm,
        so1_0.remark,
        so1_0.sort_order,
        so1_0.updated_at 
    from
        dict_sales_office so1_0 
    where
        so1_0.id=?
2026-02-06T16:10:01.149+08:00 DEBUG 11568 --- [logitrack-backend] [io-8888-exec-10] org.hibernate.SQL                        : 
    select
        so1_0.id,
        so1_0.code,
        so1_0.country_code,
        so1_0.created_at,
        so1_0.is_active,
        so1_0.name,
        so1_0.name_norm,
        so1_0.remark,
        so1_0.sort_order,
        so1_0.updated_at 
    from
        dict_sales_office so1_0 
    where
        so1_0.id=?
Hibernate: 
    select
        so1_0.id,
        so1_0.code,
        so1_0.country_code,
        so1_0.created_at,
        so1_0.is_active,
        so1_0.name,
        so1_0.name_norm,
        so1_0.remark,
        so1_0.sort_order,
        so1_0.updated_at 
    from
        dict_sales_office so1_0 
    where
        so1_0.id=?
2026-02-06T16:10:01.180+08:00 DEBUG 11568 --- [logitrack-backend] [io-8888-exec-10] org.hibernate.SQL                        : 
    select
        so1_0.id,
        so1_0.code,
        so1_0.country_code,
        so1_0.created_at,
        so1_0.is_active,
        so1_0.name,
        so1_0.name_norm,
        so1_0.remark,
        so1_0.sort_order,
        so1_0.updated_at 
    from
        dict_sales_office so1_0 
    where
        so1_0.id=?
Hibernate: 
    select
        so1_0.id,
        so1_0.code,
        so1_0.country_code,
        so1_0.created_at,
        so1_0.is_active,
        so1_0.name,
        so1_0.name_norm,
        so1_0.remark,
        so1_0.sort_order,
        so1_0.updated_at 
    from
        dict_sales_office so1_0 
    where
        so1_0.id=?
2026-02-06T16:10:01.256+08:00 DEBUG 11568 --- [logitrack-backend] [io-8888-exec-10] org.hibernate.SQL                        : 
    select
        so1_0.id,
        so1_0.code,
        so1_0.country_code,
        so1_0.created_at,
        so1_0.is_active,
        so1_0.name,
        so1_0.name_norm,
        so1_0.remark,
        so1_0.sort_order,
        so1_0.updated_at 
    from
        dict_sales_office so1_0 
    where
        so1_0.id=?
Hibernate: 
    select
        so1_0.id,
        so1_0.code,
        so1_0.country_code,
        so1_0.created_at,
        so1_0.is_active,
        so1_0.name,
        so1_0.name_norm,
        so1_0.remark,
        so1_0.sort_order,
        so1_0.updated_at 
    from
        dict_sales_office so1_0 
    where
        so1_0.id=?
2026-02-06T16:10:01.260+08:00 DEBUG 11568 --- [logitrack-backend] [io-8888-exec-10] org.hibernate.SQL                        : 
    select
        so1_0.id,
        so1_0.code,
        so1_0.country_code,
        so1_0.created_at,
        so1_0.is_active,
        so1_0.name,
        so1_0.name_norm,
        so1_0.remark,
        so1_0.sort_order,
        so1_0.updated_at 
    from
        dict_sales_office so1_0 
    where
        so1_0.id=?
Hibernate: 
    select
        so1_0.id,
        so1_0.code,
        so1_0.country_code,
        so1_0.created_at,
        so1_0.is_active,
        so1_0.name,
        so1_0.name_norm,
        so1_0.remark,
        so1_0.sort_order,
        so1_0.updated_at 
    from
        dict_sales_office so1_0 
    where
        so1_0.id=?
2026-02-06T16:10:01.265+08:00 DEBUG 11568 --- [logitrack-backend] [io-8888-exec-10] org.hibernate.SQL                        : 
    select
        so1_0.id,
        so1_0.code,
        so1_0.country_code,
        so1_0.created_at,
        so1_0.is_active,
        so1_0.name,
        so1_0.name_norm,
        so1_0.remark,
        so1_0.sort_order,
        so1_0.updated_at 
    from
        dict_sales_office so1_0 
    where
        so1_0.id=?
Hibernate: 
    select
        so1_0.id,
        so1_0.code,
        so1_0.country_code,
        so1_0.created_at,
        so1_0.is_active,
        so1_0.name,
        so1_0.name_norm,
        so1_0.remark,
        so1_0.sort_order,
        so1_0.updated_at 
    from
        dict_sales_office so1_0 
    where
        so1_0.id=?
2026-02-06T16:10:01.270+08:00 DEBUG 11568 --- [logitrack-backend] [io-8888-exec-10] org.hibernate.SQL                        : 
    select
        so1_0.id,
        so1_0.code,
        so1_0.country_code,
        so1_0.created_at,
        so1_0.is_active,
        so1_0.name,
        so1_0.name_norm,
        so1_0.remark,
        so1_0.sort_order,
        so1_0.updated_at 
    from
        dict_sales_office so1_0 
    where
        so1_0.id=?
Hibernate: 
    select
        so1_0.id,
        so1_0.code,
        so1_0.country_code,
        so1_0.created_at,
        so1_0.is_active,
        so1_0.name,
        so1_0.name_norm,
        so1_0.remark,
        so1_0.sort_order,
        so1_0.updated_at 
    from
        dict_sales_office so1_0 
    where
        so1_0.id=?
2026-02-06T16:10:01.275+08:00 DEBUG 11568 --- [logitrack-backend] [io-8888-exec-10] org.hibernate.SQL                        : 
    select
        so1_0.id,
        so1_0.code,
        so1_0.country_code,
        so1_0.created_at,
        so1_0.is_active,
        so1_0.name,
        so1_0.name_norm,
        so1_0.remark,
        so1_0.sort_order,
        so1_0.updated_at 
    from
        dict_sales_office so1_0 
    where
        so1_0.id=?
Hibernate: 
    select
        so1_0.id,
        so1_0.code,
        so1_0.country_code,
        so1_0.created_at,
        so1_0.is_active,
        so1_0.name,
        so1_0.name_norm,
        so1_0.remark,
        so1_0.sort_order,
        so1_0.updated_at 
    from
        dict_sales_office so1_0 
    where
        so1_0.id=?
2026-02-06T16:10:01.283+08:00 DEBUG 11568 --- [logitrack-backend] [io-8888-exec-10] org.hibernate.SQL                        : 
    select
        so1_0.id,
        so1_0.code,
        so1_0.country_code,
        so1_0.created_at,
        so1_0.is_active,
        so1_0.name,
        so1_0.name_norm,
        so1_0.remark,
        so1_0.sort_order,
        so1_0.updated_at 
    from
        dict_sales_office so1_0 
    where
        so1_0.id=?
Hibernate: 
    select
        so1_0.id,
        so1_0.code,
        so1_0.country_code,
        so1_0.created_at,
        so1_0.is_active,
        so1_0.name,
        so1_0.name_norm,
        so1_0.remark,
        so1_0.sort_order,
        so1_0.updated_at 
    from
        dict_sales_office so1_0 
    where
        so1_0.id=?
2026-02-06T16:10:01.287+08:00 DEBUG 11568 --- [logitrack-backend] [io-8888-exec-10] org.hibernate.SQL                        : 
    select
        so1_0.id,
        so1_0.code,
        so1_0.country_code,
        so1_0.created_at,
        so1_0.is_active,
        so1_0.name,
        so1_0.name_norm,
        so1_0.remark,
        so1_0.sort_order,
        so1_0.updated_at 
    from
        dict_sales_office so1_0 
    where
        so1_0.id=?
Hibernate: 
    select
        so1_0.id,
        so1_0.code,
        so1_0.country_code,
        so1_0.created_at,
        so1_0.is_active,
        so1_0.name,
        so1_0.name_norm,
        so1_0.remark,
        so1_0.sort_order,
        so1_0.updated_at 
    from
        dict_sales_office so1_0 
    where
        so1_0.id=?
2026-02-06T16:10:01.292+08:00 DEBUG 11568 --- [logitrack-backend] [io-8888-exec-10] org.hibernate.SQL                        : 
    select
        so1_0.id,
        so1_0.code,
        so1_0.country_code,
        so1_0.created_at,
        so1_0.is_active,
        so1_0.name,
        so1_0.name_norm,
        so1_0.remark,
        so1_0.sort_order,
        so1_0.updated_at 
    from
        dict_sales_office so1_0 
    where
        so1_0.id=?
Hibernate: 
    select
        so1_0.id,
        so1_0.code,
        so1_0.country_code,
        so1_0.created_at,
        so1_0.is_active,
        so1_0.name,
        so1_0.name_norm,
        so1_0.remark,
        so1_0.sort_order,
        so1_0.updated_at 
    from
        dict_sales_office so1_0 
    where
        so1_0.id=?
2026-02-06T16:10:01.297+08:00 DEBUG 11568 --- [logitrack-backend] [io-8888-exec-10] org.hibernate.SQL                        : 
    select
        so1_0.id,
        so1_0.code,
        so1_0.country_code,
        so1_0.created_at,
        so1_0.is_active,
        so1_0.name,
        so1_0.name_norm,
        so1_0.remark,
        so1_0.sort_order,
        so1_0.updated_at 
    from
        dict_sales_office so1_0 
    where
        so1_0.id=?
Hibernate: 
    select
        so1_0.id,
        so1_0.code,
        so1_0.country_code,
        so1_0.created_at,
        so1_0.is_active,
        so1_0.name,
        so1_0.name_norm,
        so1_0.remark,
        so1_0.sort_order,
        so1_0.updated_at 
    from
        dict_sales_office so1_0 
    where
        so1_0.id=?
2026-02-06T16:10:01.301+08:00 DEBUG 11568 --- [logitrack-backend] [io-8888-exec-10] org.hibernate.SQL                        : 
    select
        so1_0.id,
        so1_0.code,
        so1_0.country_code,
        so1_0.created_at,
        so1_0.is_active,
        so1_0.name,
        so1_0.name_norm,
        so1_0.remark,
        so1_0.sort_order,
        so1_0.updated_at 
    from
        dict_sales_office so1_0 
    where
        so1_0.id=?
Hibernate: 
    select
        so1_0.id,
        so1_0.code,
        so1_0.country_code,
        so1_0.created_at,
        so1_0.is_active,
        so1_0.name,
        so1_0.name_norm,
        so1_0.remark,
        so1_0.sort_order,
        so1_0.updated_at 
    from
        dict_sales_office so1_0 
    where
        so1_0.id=?
2026-02-06T16:10:01.322+08:00 DEBUG 11568 --- [logitrack-backend] [io-8888-exec-10] org.hibernate.SQL                        : 
    select
        so1_0.id,
        so1_0.code,
        so1_0.country_code,
        so1_0.created_at,
        so1_0.is_active,
        so1_0.name,
        so1_0.name_norm,
        so1_0.remark,
        so1_0.sort_order,
        so1_0.updated_at 
    from
        dict_sales_office so1_0 
    where
        so1_0.id=?
Hibernate: 
    select
        so1_0.id,
        so1_0.code,
        so1_0.country_code,
        so1_0.created_at,
        so1_0.is_active,
        so1_0.name,
        so1_0.name_norm,
        so1_0.remark,
        so1_0.sort_order,
        so1_0.updated_at 
    from
        dict_sales_office so1_0 
    where
        so1_0.id=?
2026-02-06T16:10:01.392+08:00 DEBUG 11568 --- [logitrack-backend] [io-8888-exec-10] org.hibernate.SQL                        : 
    select
        so1_0.id,
        so1_0.code,
        so1_0.country_code,
        so1_0.created_at,
        so1_0.is_active,
        so1_0.name,
        so1_0.name_norm,
        so1_0.remark,
        so1_0.sort_order,
        so1_0.updated_at 
    from
        dict_sales_office so1_0 
    where
        so1_0.id=?
Hibernate: 
    select
        so1_0.id,
        so1_0.code,
        so1_0.country_code,
        so1_0.created_at,
        so1_0.is_active,
        so1_0.name,
        so1_0.name_norm,
        so1_0.remark,
        so1_0.sort_order,
        so1_0.updated_at 
    from
        dict_sales_office so1_0 
    where
        so1_0.id=?
2026-02-06T16:10:01.464+08:00 DEBUG 11568 --- [logitrack-backend] [io-8888-exec-10] org.hibernate.SQL                        : 
    select
        so1_0.id,
        so1_0.code,
        so1_0.country_code,
        so1_0.created_at,
        so1_0.is_active,
        so1_0.name,
        so1_0.name_norm,
        so1_0.remark,
        so1_0.sort_order,
        so1_0.updated_at 
    from
        dict_sales_office so1_0 
    where
        so1_0.id=?
Hibernate: 
    select
        so1_0.id,
        so1_0.code,
        so1_0.country_code,
        so1_0.created_at,
        so1_0.is_active,
        so1_0.name,
        so1_0.name_norm,
        so1_0.remark,
        so1_0.sort_order,
        so1_0.updated_at 
    from
        dict_sales_office so1_0 
    where
        so1_0.id=?
2026-02-06T16:10:01.488+08:00 DEBUG 11568 --- [logitrack-backend] [io-8888-exec-10] org.hibernate.SQL                        : 
    select
        so1_0.id,
        so1_0.code,
        so1_0.country_code,
        so1_0.created_at,
        so1_0.is_active,
        so1_0.name,
        so1_0.name_norm,
        so1_0.remark,
        so1_0.sort_order,
        so1_0.updated_at 
    from
        dict_sales_office so1_0 
    where
        so1_0.id=?
Hibernate: 
    select
        so1_0.id,
        so1_0.code,
        so1_0.country_code,
        so1_0.created_at,
        so1_0.is_active,
        so1_0.name,
        so1_0.name_norm,
        so1_0.remark,
        so1_0.sort_order,
        so1_0.updated_at 
    from
        dict_sales_office so1_0 
    where
        so1_0.id=?
2026-02-06T16:10:01.503+08:00 DEBUG 11568 --- [logitrack-backend] [io-8888-exec-10] org.hibernate.SQL                        : 
    select
        so1_0.id,
        so1_0.code,
        so1_0.country_code,
        so1_0.created_at,
        so1_0.is_active,
        so1_0.name,
        so1_0.name_norm,
        so1_0.remark,
        so1_0.sort_order,
        so1_0.updated_at 
    from
        dict_sales_office so1_0 
    where
        so1_0.id=?
Hibernate: 
    select
        so1_0.id,
        so1_0.code,
        so1_0.country_code,
        so1_0.created_at,
        so1_0.is_active,
        so1_0.name,
        so1_0.name_norm,
        so1_0.remark,
        so1_0.sort_order,
        so1_0.updated_at 
    from
        dict_sales_office so1_0 
    where
        so1_0.id=?
2026-02-06T16:10:01.514+08:00 DEBUG 11568 --- [logitrack-backend] [io-8888-exec-10] org.hibernate.SQL                        : 
    select
        so1_0.id,
        so1_0.code,
        so1_0.country_code,
        so1_0.created_at,
        so1_0.is_active,
        so1_0.name,
        so1_0.name_norm,
        so1_0.remark,
        so1_0.sort_order,
        so1_0.updated_at 
    from
        dict_sales_office so1_0 
    where
        so1_0.id=?
Hibernate: 
    select
        so1_0.id,
        so1_0.code,
        so1_0.country_code,
        so1_0.created_at,
        so1_0.is_active,
        so1_0.name,
        so1_0.name_norm,
        so1_0.remark,
        so1_0.sort_order,
        so1_0.updated_at 
    from
        dict_sales_office so1_0 
    where
        so1_0.id=?
2026-02-06T16:10:01.534+08:00 DEBUG 11568 --- [logitrack-backend] [io-8888-exec-10] org.hibernate.SQL                        : 
    select
        so1_0.id,
        so1_0.code,
        so1_0.country_code,
        so1_0.created_at,
        so1_0.is_active,
        so1_0.name,
        so1_0.name_norm,
        so1_0.remark,
        so1_0.sort_order,
        so1_0.updated_at 
    from
        dict_sales_office so1_0 
    where
        so1_0.id=?
Hibernate: 
    select
        so1_0.id,
        so1_0.code,
        so1_0.country_code,
        so1_0.created_at,
        so1_0.is_active,
        so1_0.name,
        so1_0.name_norm,
        so1_0.remark,
        so1_0.sort_order,
        so1_0.updated_at 
    from
        dict_sales_office so1_0 
    where
        so1_0.id=?
2026-02-06T16:10:01.547+08:00 DEBUG 11568 --- [logitrack-backend] [io-8888-exec-10] org.hibernate.SQL                        : 
    select
        so1_0.id,
        so1_0.code,
        so1_0.country_code,
        so1_0.created_at,
        so1_0.is_active,
        so1_0.name,
        so1_0.name_norm,
        so1_0.remark,
        so1_0.sort_order,
        so1_0.updated_at 
    from
        dict_sales_office so1_0 
    where
        so1_0.id=?
Hibernate: 
    select
        so1_0.id,
        so1_0.code,
        so1_0.country_code,
        so1_0.created_at,
        so1_0.is_active,
        so1_0.name,
        so1_0.name_norm,
        so1_0.remark,
        so1_0.sort_order,
        so1_0.updated_at 
    from
        dict_sales_office so1_0 
    where
        so1_0.id=?
2026-02-06T16:10:01.574+08:00 DEBUG 11568 --- [logitrack-backend] [io-8888-exec-10] org.hibernate.SQL                        : 
    select
        so1_0.id,
        so1_0.code,
        so1_0.country_code,
        so1_0.created_at,
        so1_0.is_active,
        so1_0.name,
        so1_0.name_norm,
        so1_0.remark,
        so1_0.sort_order,
        so1_0.updated_at 
    from
        dict_sales_office so1_0 
    where
        so1_0.id=?
Hibernate: 
    select
        so1_0.id,
        so1_0.code,
        so1_0.country_code,
        so1_0.created_at,
        so1_0.is_active,
        so1_0.name,
        so1_0.name_norm,
        so1_0.remark,
        so1_0.sort_order,
        so1_0.updated_at 
    from
        dict_sales_office so1_0 
    where
        so1_0.id=?
2026-02-06T16:10:01.587+08:00 DEBUG 11568 --- [logitrack-backend] [io-8888-exec-10] org.hibernate.SQL                        : 
    select
        so1_0.id,
        so1_0.code,
        so1_0.country_code,
        so1_0.created_at,
        so1_0.is_active,
        so1_0.name,
        so1_0.name_norm,
        so1_0.remark,
        so1_0.sort_order,
        so1_0.updated_at 
    from
        dict_sales_office so1_0 
    where
        so1_0.id=?
Hibernate: 
    select
        so1_0.id,
        so1_0.code,
        so1_0.country_code,
        so1_0.created_at,
        so1_0.is_active,
        so1_0.name,
        so1_0.name_norm,
        so1_0.remark,
        so1_0.sort_order,
        so1_0.updated_at 
    from
        dict_sales_office so1_0 
    where
        so1_0.id=?
2026-02-06T16:10:01.592+08:00 DEBUG 11568 --- [logitrack-backend] [io-8888-exec-10] org.hibernate.SQL                        : 
    select
        so1_0.id,
        so1_0.code,
        so1_0.country_code,
        so1_0.created_at,
        so1_0.is_active,
        so1_0.name,
        so1_0.name_norm,
        so1_0.remark,
        so1_0.sort_order,
        so1_0.updated_at 
    from
        dict_sales_office so1_0 
    where
        so1_0.id=?
Hibernate: 
    select
        so1_0.id,
        so1_0.code,
        so1_0.country_code,
        so1_0.created_at,
        so1_0.is_active,
        so1_0.name,
        so1_0.name_norm,
        so1_0.remark,
        so1_0.sort_order,
        so1_0.updated_at 
    from
        dict_sales_office so1_0 
    where
        so1_0.id=?
2026-02-06T16:10:01.627+08:00 DEBUG 11568 --- [logitrack-backend] [io-8888-exec-10] org.hibernate.SQL                        : 
    select
        so1_0.id,
        so1_0.code,
        so1_0.country_code,
        so1_0.created_at,
        so1_0.is_active,
        so1_0.name,
        so1_0.name_norm,
        so1_0.remark,
        so1_0.sort_order,
        so1_0.updated_at 
    from
        dict_sales_office so1_0 
    where
        so1_0.id=?
Hibernate: 
    select
        so1_0.id,
        so1_0.code,
        so1_0.country_code,
        so1_0.created_at,
        so1_0.is_active,
        so1_0.name,
        so1_0.name_norm,
        so1_0.remark,
        so1_0.sort_order,
        so1_0.updated_at 
    from
        dict_sales_office so1_0 
    where
        so1_0.id=?
2026-02-06T16:10:01.635+08:00 DEBUG 11568 --- [logitrack-backend] [io-8888-exec-10] org.hibernate.SQL                        : 
    select
        so1_0.id,
        so1_0.code,
        so1_0.country_code,
        so1_0.created_at,
        so1_0.is_active,
        so1_0.name,
        so1_0.name_norm,
        so1_0.remark,
        so1_0.sort_order,
        so1_0.updated_at 
    from
        dict_sales_office so1_0 
    where
        so1_0.id=?
Hibernate: 
    select
        so1_0.id,
        so1_0.code,
        so1_0.country_code,
        so1_0.created_at,
        so1_0.is_active,
        so1_0.name,
        so1_0.name_norm,
        so1_0.remark,
        so1_0.sort_order,
        so1_0.updated_at 
    from
        dict_sales_office so1_0 
    where
        so1_0.id=?
2026-02-06T16:10:01.658+08:00 DEBUG 11568 --- [logitrack-backend] [io-8888-exec-10] org.hibernate.SQL                        : 
    select
        so1_0.id,
        so1_0.code,
        so1_0.country_code,
        so1_0.created_at,
        so1_0.is_active,
        so1_0.name,
        so1_0.name_norm,
        so1_0.remark,
        so1_0.sort_order,
        so1_0.updated_at 
    from
        dict_sales_office so1_0 
    where
        so1_0.id=?
Hibernate: 
    select
        so1_0.id,
        so1_0.code,
        so1_0.country_code,
        so1_0.created_at,
        so1_0.is_active,
        so1_0.name,
        so1_0.name_norm,
        so1_0.remark,
        so1_0.sort_order,
        so1_0.updated_at 
    from
        dict_sales_office so1_0 
    where
        so1_0.id=?
2026-02-06T16:10:01.686+08:00 DEBUG 11568 --- [logitrack-backend] [io-8888-exec-10] org.hibernate.SQL                        : 
    select
        so1_0.id,
        so1_0.code,
        so1_0.country_code,
        so1_0.created_at,
        so1_0.is_active,
        so1_0.name,
        so1_0.name_norm,
        so1_0.remark,
        so1_0.sort_order,
        so1_0.updated_at 
    from
        dict_sales_office so1_0 
    where
        so1_0.id=?
Hibernate: 
    select
        so1_0.id,
        so1_0.code,
        so1_0.country_code,
        so1_0.created_at,
        so1_0.is_active,
        so1_0.name,
        so1_0.name_norm,
        so1_0.remark,
        so1_0.sort_order,
        so1_0.updated_at 
    from
        dict_sales_office so1_0 
    where
        so1_0.id=?
2026-02-06T16:10:01.695+08:00 DEBUG 11568 --- [logitrack-backend] [io-8888-exec-10] org.hibernate.SQL                        : 
    select
        so1_0.id,
        so1_0.code,
        so1_0.country_code,
        so1_0.created_at,
        so1_0.is_active,
        so1_0.name,
        so1_0.name_norm,
        so1_0.remark,
        so1_0.sort_order,
        so1_0.updated_at 
    from
        dict_sales_office so1_0 
    where
        so1_0.id=?
Hibernate: 
    select
        so1_0.id,
        so1_0.code,
        so1_0.country_code,
        so1_0.created_at,
        so1_0.is_active,
        so1_0.name,
        so1_0.name_norm,
        so1_0.remark,
        so1_0.sort_order,
        so1_0.updated_at 
    from
        dict_sales_office so1_0 
    where
        so1_0.id=?
2026-02-06T16:10:01.699+08:00 DEBUG 11568 --- [logitrack-backend] [io-8888-exec-10] org.hibernate.SQL                        : 
    select
        so1_0.id,
        so1_0.code,
        so1_0.country_code,
        so1_0.created_at,
        so1_0.is_active,
        so1_0.name,
        so1_0.name_norm,
        so1_0.remark,
        so1_0.sort_order,
        so1_0.updated_at 
    from
        dict_sales_office so1_0 
    where
        so1_0.id=?
Hibernate: 
    select
        so1_0.id,
        so1_0.code,
        so1_0.country_code,
        so1_0.created_at,
        so1_0.is_active,
        so1_0.name,
        so1_0.name_norm,
        so1_0.remark,
        so1_0.sort_order,
        so1_0.updated_at 
    from
        dict_sales_office so1_0 
    where
        so1_0.id=?
2026-02-06T16:10:01.731+08:00  INFO 11568 --- [logitrack-backend] [nio-8888-exec-5] c.l.b.controller.MasterDataController    : GET /api/master/sales-pics
2026-02-06T16:10:01.754+08:00 DEBUG 11568 --- [logitrack-backend] [nio-8888-exec-5] org.hibernate.SQL                        : 
    select
        sp1_0.id,
        sp1_0.country_code,
        sp1_0.created_at,
        sp1_0.is_active,
        sp1_0.name,
        sp1_0.name_norm,
        sp1_0.sales_office_id,
        sp1_0.updated_at 
    from
        sales_pic sp1_0
Hibernate: 
    select
        sp1_0.id,
        sp1_0.country_code,
        sp1_0.created_at,
        sp1_0.is_active,
        sp1_0.name,
        sp1_0.name_norm,
        sp1_0.sales_office_id,
        sp1_0.updated_at 
    from
        sales_pic sp1_0
2026-02-06T16:10:01.773+08:00 DEBUG 11568 --- [logitrack-backend] [nio-8888-exec-5] org.hibernate.SQL                        : 
    select
        so1_0.id,
        so1_0.code,
        so1_0.country_code,
        so1_0.created_at,
        so1_0.is_active,
        so1_0.name,
        so1_0.name_norm,
        so1_0.remark,
        so1_0.sort_order,
        so1_0.updated_at 
    from
        dict_sales_office so1_0 
    where
        so1_0.id=?
Hibernate: 
    select
        so1_0.id,
        so1_0.code,
        so1_0.country_code,
        so1_0.created_at,
        so1_0.is_active,
        so1_0.name,
        so1_0.name_norm,
        so1_0.remark,
        so1_0.sort_order,
        so1_0.updated_at 
    from
        dict_sales_office so1_0 
    where
        so1_0.id=?
2026-02-06T16:10:01.789+08:00 DEBUG 11568 --- [logitrack-backend] [nio-8888-exec-5] org.hibernate.SQL                        : 
    select
        so1_0.id,
        so1_0.code,
        so1_0.country_code,
        so1_0.created_at,
        so1_0.is_active,
        so1_0.name,
        so1_0.name_norm,
        so1_0.remark,
        so1_0.sort_order,
        so1_0.updated_at 
    from
        dict_sales_office so1_0 
    where
        so1_0.id=?
Hibernate: 
    select
        so1_0.id,
        so1_0.code,
        so1_0.country_code,
        so1_0.created_at,
        so1_0.is_active,
        so1_0.name,
        so1_0.name_norm,
        so1_0.remark,
        so1_0.sort_order,
        so1_0.updated_at 
    from
        dict_sales_office so1_0 
    where
        so1_0.id=?
2026-02-06T16:10:01.793+08:00 DEBUG 11568 --- [logitrack-backend] [nio-8888-exec-5] org.hibernate.SQL                        : 
    select
        so1_0.id,
        so1_0.code,
        so1_0.country_code,
        so1_0.created_at,
        so1_0.is_active,
        so1_0.name,
        so1_0.name_norm,
        so1_0.remark,
        so1_0.sort_order,
        so1_0.updated_at 
    from
        dict_sales_office so1_0 
    where
        so1_0.id=?
Hibernate: 
    select
        so1_0.id,
        so1_0.code,
        so1_0.country_code,
        so1_0.created_at,
        so1_0.is_active,
        so1_0.name,
        so1_0.name_norm,
        so1_0.remark,
        so1_0.sort_order,
        so1_0.updated_at 
    from
        dict_sales_office so1_0 
    where
        so1_0.id=?
2026-02-06T16:10:01.797+08:00 DEBUG 11568 --- [logitrack-backend] [nio-8888-exec-5] org.hibernate.SQL                        : 
    select
        so1_0.id,
        so1_0.code,
        so1_0.country_code,
        so1_0.created_at,
        so1_0.is_active,
        so1_0.name,
        so1_0.name_norm,
        so1_0.remark,
        so1_0.sort_order,
        so1_0.updated_at 
    from
        dict_sales_office so1_0 
    where
        so1_0.id=?
Hibernate: 
    select
        so1_0.id,
        so1_0.code,
        so1_0.country_code,
        so1_0.created_at,
        so1_0.is_active,
        so1_0.name,
        so1_0.name_norm,
        so1_0.remark,
        so1_0.sort_order,
        so1_0.updated_at 
    from
        dict_sales_office so1_0 
    where
        so1_0.id=?
2026-02-06T16:10:01.802+08:00 DEBUG 11568 --- [logitrack-backend] [nio-8888-exec-5] org.hibernate.SQL                        : 
    select
        so1_0.id,
        so1_0.code,
        so1_0.country_code,
        so1_0.created_at,
        so1_0.is_active,
        so1_0.name,
        so1_0.name_norm,
        so1_0.remark,
        so1_0.sort_order,
        so1_0.updated_at 
    from
        dict_sales_office so1_0 
    where
        so1_0.id=?
Hibernate: 
    select
        so1_0.id,
        so1_0.code,
        so1_0.country_code,
        so1_0.created_at,
        so1_0.is_active,
        so1_0.name,
        so1_0.name_norm,
        so1_0.remark,
        so1_0.sort_order,
        so1_0.updated_at 
    from
        dict_sales_office so1_0 
    where
        so1_0.id=?
2026-02-06T16:10:01.807+08:00 DEBUG 11568 --- [logitrack-backend] [nio-8888-exec-5] org.hibernate.SQL                        : 
    select
        so1_0.id,
        so1_0.code,
        so1_0.country_code,
        so1_0.created_at,
        so1_0.is_active,
        so1_0.name,
        so1_0.name_norm,
        so1_0.remark,
        so1_0.sort_order,
        so1_0.updated_at 
    from
        dict_sales_office so1_0 
    where
        so1_0.id=?
Hibernate: 
    select
        so1_0.id,
        so1_0.code,
        so1_0.country_code,
        so1_0.created_at,
        so1_0.is_active,
        so1_0.name,
        so1_0.name_norm,
        so1_0.remark,
        so1_0.sort_order,
        so1_0.updated_at 
    from
        dict_sales_office so1_0 
    where
        so1_0.id=?
2026-02-06T16:10:01.822+08:00 DEBUG 11568 --- [logitrack-backend] [nio-8888-exec-5] org.hibernate.SQL                        : 
    select
        so1_0.id,
        so1_0.code,
        so1_0.country_code,
        so1_0.created_at,
        so1_0.is_active,
        so1_0.name,
        so1_0.name_norm,
        so1_0.remark,
        so1_0.sort_order,
        so1_0.updated_at 
    from
        dict_sales_office so1_0 
    where
        so1_0.id=?
Hibernate: 
    select
        so1_0.id,
        so1_0.code,
        so1_0.country_code,
        so1_0.created_at,
        so1_0.is_active,
        so1_0.name,
        so1_0.name_norm,
        so1_0.remark,
        so1_0.sort_order,
        so1_0.updated_at 
    from
        dict_sales_office so1_0 
    where
        so1_0.id=?
2026-02-06T16:10:01.826+08:00 DEBUG 11568 --- [logitrack-backend] [nio-8888-exec-5] org.hibernate.SQL                        : 
    select
        so1_0.id,
        so1_0.code,
        so1_0.country_code,
        so1_0.created_at,
        so1_0.is_active,
        so1_0.name,
        so1_0.name_norm,
        so1_0.remark,
        so1_0.sort_order,
        so1_0.updated_at 
    from
        dict_sales_office so1_0 
    where
        so1_0.id=?
Hibernate: 
    select
        so1_0.id,
        so1_0.code,
        so1_0.country_code,
        so1_0.created_at,
        so1_0.is_active,
        so1_0.name,
        so1_0.name_norm,
        so1_0.remark,
        so1_0.sort_order,
        so1_0.updated_at 
    from
        dict_sales_office so1_0 
    where
        so1_0.id=?
2026-02-06T16:10:01.831+08:00 DEBUG 11568 --- [logitrack-backend] [nio-8888-exec-5] org.hibernate.SQL                        : 
    select
        so1_0.id,
        so1_0.code,
        so1_0.country_code,
        so1_0.created_at,
        so1_0.is_active,
        so1_0.name,
        so1_0.name_norm,
        so1_0.remark,
        so1_0.sort_order,
        so1_0.updated_at 
    from
        dict_sales_office so1_0 
    where
        so1_0.id=?
Hibernate: 
    select
        so1_0.id,
        so1_0.code,
        so1_0.country_code,
        so1_0.created_at,
        so1_0.is_active,
        so1_0.name,
        so1_0.name_norm,
        so1_0.remark,
        so1_0.sort_order,
        so1_0.updated_at 
    from
        dict_sales_office so1_0 
    where
        so1_0.id=?
2026-02-06T16:10:01.839+08:00 DEBUG 11568 --- [logitrack-backend] [nio-8888-exec-5] org.hibernate.SQL                        : 
    select
        so1_0.id,
        so1_0.code,
        so1_0.country_code,
        so1_0.created_at,
        so1_0.is_active,
        so1_0.name,
        so1_0.name_norm,
        so1_0.remark,
        so1_0.sort_order,
        so1_0.updated_at 
    from
        dict_sales_office so1_0 
    where
        so1_0.id=?
Hibernate: 
    select
        so1_0.id,
        so1_0.code,
        so1_0.country_code,
        so1_0.created_at,
        so1_0.is_active,
        so1_0.name,
        so1_0.name_norm,
        so1_0.remark,
        so1_0.sort_order,
        so1_0.updated_at 
    from
        dict_sales_office so1_0 
    where
        so1_0.id=?
2026-02-06T16:10:01.850+08:00 DEBUG 11568 --- [logitrack-backend] [nio-8888-exec-5] org.hibernate.SQL                        : 
    select
        so1_0.id,
        so1_0.code,
        so1_0.country_code,
        so1_0.created_at,
        so1_0.is_active,
        so1_0.name,
        so1_0.name_norm,
        so1_0.remark,
        so1_0.sort_order,
        so1_0.updated_at 
    from
        dict_sales_office so1_0 
    where
        so1_0.id=?
Hibernate: 
    select
        so1_0.id,
        so1_0.code,
        so1_0.country_code,
        so1_0.created_at,
        so1_0.is_active,
        so1_0.name,
        so1_0.name_norm,
        so1_0.remark,
        so1_0.sort_order,
        so1_0.updated_at 
    from
        dict_sales_office so1_0 
    where
        so1_0.id=?
2026-02-06T16:10:01.854+08:00 DEBUG 11568 --- [logitrack-backend] [nio-8888-exec-5] org.hibernate.SQL                        : 
    select
        so1_0.id,
        so1_0.code,
        so1_0.country_code,
        so1_0.created_at,
        so1_0.is_active,
        so1_0.name,
        so1_0.name_norm,
        so1_0.remark,
        so1_0.sort_order,
        so1_0.updated_at 
    from
        dict_sales_office so1_0 
    where
        so1_0.id=?
Hibernate: 
    select
        so1_0.id,
        so1_0.code,
        so1_0.country_code,
        so1_0.created_at,
        so1_0.is_active,
        so1_0.name,
        so1_0.name_norm,
        so1_0.remark,
        so1_0.sort_order,
        so1_0.updated_at 
    from
        dict_sales_office so1_0 
    where
        so1_0.id=?
2026-02-06T16:10:01.858+08:00 DEBUG 11568 --- [logitrack-backend] [nio-8888-exec-5] org.hibernate.SQL                        : 
    select
        so1_0.id,
        so1_0.code,
        so1_0.country_code,
        so1_0.created_at,
        so1_0.is_active,
        so1_0.name,
        so1_0.name_norm,
        so1_0.remark,
        so1_0.sort_order,
        so1_0.updated_at 
    from
        dict_sales_office so1_0 
    where
        so1_0.id=?
Hibernate: 
    select
        so1_0.id,
        so1_0.code,
        so1_0.country_code,
        so1_0.created_at,
        so1_0.is_active,
        so1_0.name,
        so1_0.name_norm,
        so1_0.remark,
        so1_0.sort_order,
        so1_0.updated_at 
    from
        dict_sales_office so1_0 
    where
        so1_0.id=?
2026-02-06T16:10:01.865+08:00 DEBUG 11568 --- [logitrack-backend] [nio-8888-exec-5] org.hibernate.SQL                        : 
    select
        so1_0.id,
        so1_0.code,
        so1_0.country_code,
        so1_0.created_at,
        so1_0.is_active,
        so1_0.name,
        so1_0.name_norm,
        so1_0.remark,
        so1_0.sort_order,
        so1_0.updated_at 
    from
        dict_sales_office so1_0 
    where
        so1_0.id=?
Hibernate: 
    select
        so1_0.id,
        so1_0.code,
        so1_0.country_code,
        so1_0.created_at,
        so1_0.is_active,
        so1_0.name,
        so1_0.name_norm,
        so1_0.remark,
        so1_0.sort_order,
        so1_0.updated_at 
    from
        dict_sales_office so1_0 
    where
        so1_0.id=?
2026-02-06T16:10:01.871+08:00 DEBUG 11568 --- [logitrack-backend] [nio-8888-exec-5] org.hibernate.SQL                        : 
    select
        so1_0.id,
        so1_0.code,
        so1_0.country_code,
        so1_0.created_at,
        so1_0.is_active,
        so1_0.name,
        so1_0.name_norm,
        so1_0.remark,
        so1_0.sort_order,
        so1_0.updated_at 
    from
        dict_sales_office so1_0 
    where
        so1_0.id=?
Hibernate: 
    select
        so1_0.id,
        so1_0.code,
        so1_0.country_code,
        so1_0.created_at,
        so1_0.is_active,
        so1_0.name,
        so1_0.name_norm,
        so1_0.remark,
        so1_0.sort_order,
        so1_0.updated_at 
    from
        dict_sales_office so1_0 
    where
        so1_0.id=?
2026-02-06T16:10:01.879+08:00 DEBUG 11568 --- [logitrack-backend] [nio-8888-exec-5] org.hibernate.SQL                        : 
    select
        so1_0.id,
        so1_0.code,
        so1_0.country_code,
        so1_0.created_at,
        so1_0.is_active,
        so1_0.name,
        so1_0.name_norm,
        so1_0.remark,
        so1_0.sort_order,
        so1_0.updated_at 
    from
        dict_sales_office so1_0 
    where
        so1_0.id=?
Hibernate: 
    select
        so1_0.id,
        so1_0.code,
        so1_0.country_code,
        so1_0.created_at,
        so1_0.is_active,
        so1_0.name,
        so1_0.name_norm,
        so1_0.remark,
        so1_0.sort_order,
        so1_0.updated_at 
    from
        dict_sales_office so1_0 
    where
        so1_0.id=?
2026-02-06T16:10:01.890+08:00 DEBUG 11568 --- [logitrack-backend] [nio-8888-exec-5] org.hibernate.SQL                        : 
    select
        so1_0.id,
        so1_0.code,
        so1_0.country_code,
        so1_0.created_at,
        so1_0.is_active,
        so1_0.name,
        so1_0.name_norm,
        so1_0.remark,
        so1_0.sort_order,
        so1_0.updated_at 
    from
        dict_sales_office so1_0 
    where
        so1_0.id=?
Hibernate: 
    select
        so1_0.id,
        so1_0.code,
        so1_0.country_code,
        so1_0.created_at,
        so1_0.is_active,
        so1_0.name,
        so1_0.name_norm,
        so1_0.remark,
        so1_0.sort_order,
        so1_0.updated_at 
    from
        dict_sales_office so1_0 
    where
        so1_0.id=?
2026-02-06T16:10:01.895+08:00 DEBUG 11568 --- [logitrack-backend] [nio-8888-exec-5] org.hibernate.SQL                        : 
    select
        so1_0.id,
        so1_0.code,
        so1_0.country_code,
        so1_0.created_at,
        so1_0.is_active,
        so1_0.name,
        so1_0.name_norm,
        so1_0.remark,
        so1_0.sort_order,
        so1_0.updated_at 
    from
        dict_sales_office so1_0 
    where
        so1_0.id=?
Hibernate: 
    select
        so1_0.id,
        so1_0.code,
        so1_0.country_code,
        so1_0.created_at,
        so1_0.is_active,
        so1_0.name,
        so1_0.name_norm,
        so1_0.remark,
        so1_0.sort_order,
        so1_0.updated_at 
    from
        dict_sales_office so1_0 
    where
        so1_0.id=?
2026-02-06T16:10:01.933+08:00 DEBUG 11568 --- [logitrack-backend] [nio-8888-exec-5] org.hibernate.SQL                        : 
    select
        so1_0.id,
        so1_0.code,
        so1_0.country_code,
        so1_0.created_at,
        so1_0.is_active,
        so1_0.name,
        so1_0.name_norm,
        so1_0.remark,
        so1_0.sort_order,
        so1_0.updated_at 
    from
        dict_sales_office so1_0 
    where
        so1_0.id=?
Hibernate: 
    select
        so1_0.id,
        so1_0.code,
        so1_0.country_code,
        so1_0.created_at,
        so1_0.is_active,
        so1_0.name,
        so1_0.name_norm,
        so1_0.remark,
        so1_0.sort_order,
        so1_0.updated_at 
    from
        dict_sales_office so1_0 
    where
        so1_0.id=?
2026-02-06T16:10:01.941+08:00 DEBUG 11568 --- [logitrack-backend] [nio-8888-exec-5] org.hibernate.SQL                        : 
    select
        so1_0.id,
        so1_0.code,
        so1_0.country_code,
        so1_0.created_at,
        so1_0.is_active,
        so1_0.name,
        so1_0.name_norm,
        so1_0.remark,
        so1_0.sort_order,
        so1_0.updated_at 
    from
        dict_sales_office so1_0 
    where
        so1_0.id=?
Hibernate: 
    select
        so1_0.id,
        so1_0.code,
        so1_0.country_code,
        so1_0.created_at,
        so1_0.is_active,
        so1_0.name,
        so1_0.name_norm,
        so1_0.remark,
        so1_0.sort_order,
        so1_0.updated_at 
    from
        dict_sales_office so1_0 
    where
        so1_0.id=?
2026-02-06T16:10:01.949+08:00 DEBUG 11568 --- [logitrack-backend] [nio-8888-exec-5] org.hibernate.SQL                        : 
    select
        so1_0.id,
        so1_0.code,
        so1_0.country_code,
        so1_0.created_at,
        so1_0.is_active,
        so1_0.name,
        so1_0.name_norm,
        so1_0.remark,
        so1_0.sort_order,
        so1_0.updated_at 
    from
        dict_sales_office so1_0 
    where
        so1_0.id=?
Hibernate: 
    select
        so1_0.id,
        so1_0.code,
        so1_0.country_code,
        so1_0.created_at,
        so1_0.is_active,
        so1_0.name,
        so1_0.name_norm,
        so1_0.remark,
        so1_0.sort_order,
        so1_0.updated_at 
    from
        dict_sales_office so1_0 
    where
        so1_0.id=?
2026-02-06T16:10:01.953+08:00 DEBUG 11568 --- [logitrack-backend] [nio-8888-exec-5] org.hibernate.SQL                        : 
    select
        so1_0.id,
        so1_0.code,
        so1_0.country_code,
        so1_0.created_at,
        so1_0.is_active,
        so1_0.name,
        so1_0.name_norm,
        so1_0.remark,
        so1_0.sort_order,
        so1_0.updated_at 
    from
        dict_sales_office so1_0 
    where
        so1_0.id=?
Hibernate: 
    select
        so1_0.id,
        so1_0.code,
        so1_0.country_code,
        so1_0.created_at,
        so1_0.is_active,
        so1_0.name,
        so1_0.name_norm,
        so1_0.remark,
        so1_0.sort_order,
        so1_0.updated_at 
    from
        dict_sales_office so1_0 
    where
        so1_0.id=?
2026-02-06T16:10:01.957+08:00 DEBUG 11568 --- [logitrack-backend] [nio-8888-exec-5] org.hibernate.SQL                        : 
    select
        so1_0.id,
        so1_0.code,
        so1_0.country_code,
        so1_0.created_at,
        so1_0.is_active,
        so1_0.name,
        so1_0.name_norm,
        so1_0.remark,
        so1_0.sort_order,
        so1_0.updated_at 
    from
        dict_sales_office so1_0 
    where
        so1_0.id=?
Hibernate: 
    select
        so1_0.id,
        so1_0.code,
        so1_0.country_code,
        so1_0.created_at,
        so1_0.is_active,
        so1_0.name,
        so1_0.name_norm,
        so1_0.remark,
        so1_0.sort_order,
        so1_0.updated_at 
    from
        dict_sales_office so1_0 
    where
        so1_0.id=?
2026-02-06T16:10:01.962+08:00 DEBUG 11568 --- [logitrack-backend] [nio-8888-exec-5] org.hibernate.SQL                        : 
    select
        so1_0.id,
        so1_0.code,
        so1_0.country_code,
        so1_0.created_at,
        so1_0.is_active,
        so1_0.name,
        so1_0.name_norm,
        so1_0.remark,
        so1_0.sort_order,
        so1_0.updated_at 
    from
        dict_sales_office so1_0 
    where
        so1_0.id=?
Hibernate: 
    select
        so1_0.id,
        so1_0.code,
        so1_0.country_code,
        so1_0.created_at,
        so1_0.is_active,
        so1_0.name,
        so1_0.name_norm,
        so1_0.remark,
        so1_0.sort_order,
        so1_0.updated_at 
    from
        dict_sales_office so1_0 
    where
        so1_0.id=?
2026-02-06T16:10:01.971+08:00 DEBUG 11568 --- [logitrack-backend] [nio-8888-exec-5] org.hibernate.SQL                        : 
    select
        so1_0.id,
        so1_0.code,
        so1_0.country_code,
        so1_0.created_at,
        so1_0.is_active,
        so1_0.name,
        so1_0.name_norm,
        so1_0.remark,
        so1_0.sort_order,
        so1_0.updated_at 
    from
        dict_sales_office so1_0 
    where
        so1_0.id=?
Hibernate: 
    select
        so1_0.id,
        so1_0.code,
        so1_0.country_code,
        so1_0.created_at,
        so1_0.is_active,
        so1_0.name,
        so1_0.name_norm,
        so1_0.remark,
        so1_0.sort_order,
        so1_0.updated_at 
    from
        dict_sales_office so1_0 
    where
        so1_0.id=?
2026-02-06T16:10:01.992+08:00 DEBUG 11568 --- [logitrack-backend] [nio-8888-exec-5] org.hibernate.SQL                        : 
    select
        so1_0.id,
        so1_0.code,
        so1_0.country_code,
        so1_0.created_at,
        so1_0.is_active,
        so1_0.name,
        so1_0.name_norm,
        so1_0.remark,
        so1_0.sort_order,
        so1_0.updated_at 
    from
        dict_sales_office so1_0 
    where
        so1_0.id=?
Hibernate: 
    select
        so1_0.id,
        so1_0.code,
        so1_0.country_code,
        so1_0.created_at,
        so1_0.is_active,
        so1_0.name,
        so1_0.name_norm,
        so1_0.remark,
        so1_0.sort_order,
        so1_0.updated_at 
    from
        dict_sales_office so1_0 
    where
        so1_0.id=?
2026-02-06T16:10:02.040+08:00 DEBUG 11568 --- [logitrack-backend] [nio-8888-exec-5] org.hibernate.SQL                        : 
    select
        so1_0.id,
        so1_0.code,
        so1_0.country_code,
        so1_0.created_at,
        so1_0.is_active,
        so1_0.name,
        so1_0.name_norm,
        so1_0.remark,
        so1_0.sort_order,
        so1_0.updated_at 
    from
        dict_sales_office so1_0 
    where
        so1_0.id=?
Hibernate: 
    select
        so1_0.id,
        so1_0.code,
        so1_0.country_code,
        so1_0.created_at,
        so1_0.is_active,
        so1_0.name,
        so1_0.name_norm,
        so1_0.remark,
        so1_0.sort_order,
        so1_0.updated_at 
    from
        dict_sales_office so1_0 
    where
        so1_0.id=?
2026-02-06T16:10:02.050+08:00 DEBUG 11568 --- [logitrack-backend] [nio-8888-exec-5] org.hibernate.SQL                        : 
    select
        so1_0.id,
        so1_0.code,
        so1_0.country_code,
        so1_0.created_at,
        so1_0.is_active,
        so1_0.name,
        so1_0.name_norm,
        so1_0.remark,
        so1_0.sort_order,
        so1_0.updated_at 
    from
        dict_sales_office so1_0 
    where
        so1_0.id=?
Hibernate: 
    select
        so1_0.id,
        so1_0.code,
        so1_0.country_code,
        so1_0.created_at,
        so1_0.is_active,
        so1_0.name,
        so1_0.name_norm,
        so1_0.remark,
        so1_0.sort_order,
        so1_0.updated_at 
    from
        dict_sales_office so1_0 
    where
        so1_0.id=?
2026-02-06T16:10:02.056+08:00 DEBUG 11568 --- [logitrack-backend] [nio-8888-exec-5] org.hibernate.SQL                        : 
    select
        so1_0.id,
        so1_0.code,
        so1_0.country_code,
        so1_0.created_at,
        so1_0.is_active,
        so1_0.name,
        so1_0.name_norm,
        so1_0.remark,
        so1_0.sort_order,
        so1_0.updated_at 
    from
        dict_sales_office so1_0 
    where
        so1_0.id=?
Hibernate: 
    select
        so1_0.id,
        so1_0.code,
        so1_0.country_code,
        so1_0.created_at,
        so1_0.is_active,
        so1_0.name,
        so1_0.name_norm,
        so1_0.remark,
        so1_0.sort_order,
        so1_0.updated_at 
    from
        dict_sales_office so1_0 
    where
        so1_0.id=?
2026-02-06T16:10:02.061+08:00 DEBUG 11568 --- [logitrack-backend] [nio-8888-exec-5] org.hibernate.SQL                        : 
    select
        so1_0.id,
        so1_0.code,
        so1_0.country_code,
        so1_0.created_at,
        so1_0.is_active,
        so1_0.name,
        so1_0.name_norm,
        so1_0.remark,
        so1_0.sort_order,
        so1_0.updated_at 
    from
        dict_sales_office so1_0 
    where
        so1_0.id=?
Hibernate: 
    select
        so1_0.id,
        so1_0.code,
        so1_0.country_code,
        so1_0.created_at,
        so1_0.is_active,
        so1_0.name,
        so1_0.name_norm,
        so1_0.remark,
        so1_0.sort_order,
        so1_0.updated_at 
    from
        dict_sales_office so1_0 
    where
        so1_0.id=?
2026-02-06T16:10:02.065+08:00 DEBUG 11568 --- [logitrack-backend] [nio-8888-exec-5] org.hibernate.SQL                        : 
    select
        so1_0.id,
        so1_0.code,
        so1_0.country_code,
        so1_0.created_at,
        so1_0.is_active,
        so1_0.name,
        so1_0.name_norm,
        so1_0.remark,
        so1_0.sort_order,
        so1_0.updated_at 
    from
        dict_sales_office so1_0 
    where
        so1_0.id=?
Hibernate: 
    select
        so1_0.id,
        so1_0.code,
        so1_0.country_code,
        so1_0.created_at,
        so1_0.is_active,
        so1_0.name,
        so1_0.name_norm,
        so1_0.remark,
        so1_0.sort_order,
        so1_0.updated_at 
    from
        dict_sales_office so1_0 
    where
        so1_0.id=?
2026-02-06T16:10:02.104+08:00 DEBUG 11568 --- [logitrack-backend] [nio-8888-exec-5] org.hibernate.SQL                        : 
    select
        so1_0.id,
        so1_0.code,
        so1_0.country_code,
        so1_0.created_at,
        so1_0.is_active,
        so1_0.name,
        so1_0.name_norm,
        so1_0.remark,
        so1_0.sort_order,
        so1_0.updated_at 
    from
        dict_sales_office so1_0 
    where
        so1_0.id=?
Hibernate: 
    select
        so1_0.id,
        so1_0.code,
        so1_0.country_code,
        so1_0.created_at,
        so1_0.is_active,
        so1_0.name,
        so1_0.name_norm,
        so1_0.remark,
        so1_0.sort_order,
        so1_0.updated_at 
    from
        dict_sales_office so1_0 
    where
        so1_0.id=?
2026-02-06T16:10:02.113+08:00 DEBUG 11568 --- [logitrack-backend] [nio-8888-exec-5] org.hibernate.SQL                        : 
    select
        so1_0.id,
        so1_0.code,
        so1_0.country_code,
        so1_0.created_at,
        so1_0.is_active,
        so1_0.name,
        so1_0.name_norm,
        so1_0.remark,
        so1_0.sort_order,
        so1_0.updated_at 
    from
        dict_sales_office so1_0 
    where
        so1_0.id=?
Hibernate: 
    select
        so1_0.id,
        so1_0.code,
        so1_0.country_code,
        so1_0.created_at,
        so1_0.is_active,
        so1_0.name,
        so1_0.name_norm,
        so1_0.remark,
        so1_0.sort_order,
        so1_0.updated_at 
    from
        dict_sales_office so1_0 
    where
        so1_0.id=?
2026-02-06T16:10:02.118+08:00 DEBUG 11568 --- [logitrack-backend] [nio-8888-exec-5] org.hibernate.SQL                        : 
    select
        so1_0.id,
        so1_0.code,
        so1_0.country_code,
        so1_0.created_at,
        so1_0.is_active,
        so1_0.name,
        so1_0.name_norm,
        so1_0.remark,
        so1_0.sort_order,
        so1_0.updated_at 
    from
        dict_sales_office so1_0 
    where
        so1_0.id=?
Hibernate: 
    select
        so1_0.id,
        so1_0.code,
        so1_0.country_code,
        so1_0.created_at,
        so1_0.is_active,
        so1_0.name,
        so1_0.name_norm,
        so1_0.remark,
        so1_0.sort_order,
        so1_0.updated_at 
    from
        dict_sales_office so1_0 
    where
        so1_0.id=?
2026-02-06T16:10:02.122+08:00 DEBUG 11568 --- [logitrack-backend] [nio-8888-exec-5] org.hibernate.SQL                        : 
    select
        so1_0.id,
        so1_0.code,
        so1_0.country_code,
        so1_0.created_at,
        so1_0.is_active,
        so1_0.name,
        so1_0.name_norm,
        so1_0.remark,
        so1_0.sort_order,
        so1_0.updated_at 
    from
        dict_sales_office so1_0 
    where
        so1_0.id=?
Hibernate: 
    select
        so1_0.id,
        so1_0.code,
        so1_0.country_code,
        so1_0.created_at,
        so1_0.is_active,
        so1_0.name,
        so1_0.name_norm,
        so1_0.remark,
        so1_0.sort_order,
        so1_0.updated_at 
    from
        dict_sales_office so1_0 
    where
        so1_0.id=?
2026-02-06T16:10:02.128+08:00 DEBUG 11568 --- [logitrack-backend] [nio-8888-exec-5] org.hibernate.SQL                        : 
    select
        so1_0.id,
        so1_0.code,
        so1_0.country_code,
        so1_0.created_at,
        so1_0.is_active,
        so1_0.name,
        so1_0.name_norm,
        so1_0.remark,
        so1_0.sort_order,
        so1_0.updated_at 
    from
        dict_sales_office so1_0 
    where
        so1_0.id=?
Hibernate: 
    select
        so1_0.id,
        so1_0.code,
        so1_0.country_code,
        so1_0.created_at,
        so1_0.is_active,
        so1_0.name,
        so1_0.name_norm,
        so1_0.remark,
        so1_0.sort_order,
        so1_0.updated_at 
    from
        dict_sales_office so1_0 
    where
        so1_0.id=?
2026-02-06T16:10:02.189+08:00 DEBUG 11568 --- [logitrack-backend] [nio-8888-exec-5] org.hibernate.SQL                        : 
    select
        so1_0.id,
        so1_0.code,
        so1_0.country_code,
        so1_0.created_at,
        so1_0.is_active,
        so1_0.name,
        so1_0.name_norm,
        so1_0.remark,
        so1_0.sort_order,
        so1_0.updated_at 
    from
        dict_sales_office so1_0 
    where
        so1_0.id=?
Hibernate: 
    select
        so1_0.id,
        so1_0.code,
        so1_0.country_code,
        so1_0.created_at,
        so1_0.is_active,
        so1_0.name,
        so1_0.name_norm,
        so1_0.remark,
        so1_0.sort_order,
        so1_0.updated_at 
    from
        dict_sales_office so1_0 
    where
        so1_0.id=?
2026-02-06T16:10:02.196+08:00 DEBUG 11568 --- [logitrack-backend] [nio-8888-exec-5] org.hibernate.SQL                        : 
    select
        so1_0.id,
        so1_0.code,
        so1_0.country_code,
        so1_0.created_at,
        so1_0.is_active,
        so1_0.name,
        so1_0.name_norm,
        so1_0.remark,
        so1_0.sort_order,
        so1_0.updated_at 
    from
        dict_sales_office so1_0 
    where
        so1_0.id=?
Hibernate: 
    select
        so1_0.id,
        so1_0.code,
        so1_0.country_code,
        so1_0.created_at,
        so1_0.is_active,
        so1_0.name,
        so1_0.name_norm,
        so1_0.remark,
        so1_0.sort_order,
        so1_0.updated_at 
    from
        dict_sales_office so1_0 
    where
        so1_0.id=?
2026-02-06T16:10:02.201+08:00 DEBUG 11568 --- [logitrack-backend] [nio-8888-exec-5] org.hibernate.SQL                        : 
    select
        so1_0.id,
        so1_0.code,
        so1_0.country_code,
        so1_0.created_at,
        so1_0.is_active,
        so1_0.name,
        so1_0.name_norm,
        so1_0.remark,
        so1_0.sort_order,
        so1_0.updated_at 
    from
        dict_sales_office so1_0 
    where
        so1_0.id=?
Hibernate: 
    select
        so1_0.id,
        so1_0.code,
        so1_0.country_code,
        so1_0.created_at,
        so1_0.is_active,
        so1_0.name,
        so1_0.name_norm,
        so1_0.remark,
        so1_0.sort_order,
        so1_0.updated_at 
    from
        dict_sales_office so1_0 
    where
        so1_0.id=?
2026-02-06T16:10:02.219+08:00 DEBUG 11568 --- [logitrack-backend] [nio-8888-exec-5] org.hibernate.SQL                        : 
    select
        so1_0.id,
        so1_0.code,
        so1_0.country_code,
        so1_0.created_at,
        so1_0.is_active,
        so1_0.name,
        so1_0.name_norm,
        so1_0.remark,
        so1_0.sort_order,
        so1_0.updated_at 
    from
        dict_sales_office so1_0 
    where
        so1_0.id=?
Hibernate: 
    select
        so1_0.id,
        so1_0.code,
        so1_0.country_code,
        so1_0.created_at,
        so1_0.is_active,
        so1_0.name,
        so1_0.name_norm,
        so1_0.remark,
        so1_0.sort_order,
        so1_0.updated_at 
    from
        dict_sales_office so1_0 
    where
        so1_0.id=?
2026-02-06T16:10:02.223+08:00 DEBUG 11568 --- [logitrack-backend] [nio-8888-exec-5] org.hibernate.SQL                        : 
    select
        so1_0.id,
        so1_0.code,
        so1_0.country_code,
        so1_0.created_at,
        so1_0.is_active,
        so1_0.name,
        so1_0.name_norm,
        so1_0.remark,
        so1_0.sort_order,
        so1_0.updated_at 
    from
        dict_sales_office so1_0 
    where
        so1_0.id=?
Hibernate: 
    select
        so1_0.id,
        so1_0.code,
        so1_0.country_code,
        so1_0.created_at,
        so1_0.is_active,
        so1_0.name,
        so1_0.name_norm,
        so1_0.remark,
        so1_0.sort_order,
        so1_0.updated_at 
    from
        dict_sales_office so1_0 
    where
        so1_0.id=?
2026-02-06T16:10:02.239+08:00 DEBUG 11568 --- [logitrack-backend] [nio-8888-exec-5] org.hibernate.SQL                        : 
    select
        so1_0.id,
        so1_0.code,
        so1_0.country_code,
        so1_0.created_at,
        so1_0.is_active,
        so1_0.name,
        so1_0.name_norm,
        so1_0.remark,
        so1_0.sort_order,
        so1_0.updated_at 
    from
        dict_sales_office so1_0 
    where
        so1_0.id=?
Hibernate: 
    select
        so1_0.id,
        so1_0.code,
        so1_0.country_code,
        so1_0.created_at,
        so1_0.is_active,
        so1_0.name,
        so1_0.name_norm,
        so1_0.remark,
        so1_0.sort_order,
        so1_0.updated_at 
    from
        dict_sales_office so1_0 
    where
        so1_0.id=?
2026-02-06T16:10:02.245+08:00 DEBUG 11568 --- [logitrack-backend] [nio-8888-exec-5] org.hibernate.SQL                        : 
    select
        so1_0.id,
        so1_0.code,
        so1_0.country_code,
        so1_0.created_at,
        so1_0.is_active,
        so1_0.name,
        so1_0.name_norm,
        so1_0.remark,
        so1_0.sort_order,
        so1_0.updated_at 
    from
        dict_sales_office so1_0 
    where
        so1_0.id=?
Hibernate: 
    select
        so1_0.id,
        so1_0.code,
        so1_0.country_code,
        so1_0.created_at,
        so1_0.is_active,
        so1_0.name,
        so1_0.name_norm,
        so1_0.remark,
        so1_0.sort_order,
        so1_0.updated_at 
    from
        dict_sales_office so1_0 
    where
        so1_0.id=?
2026-02-06T16:10:02.250+08:00 DEBUG 11568 --- [logitrack-backend] [nio-8888-exec-5] org.hibernate.SQL                        : 
    select
        so1_0.id,
        so1_0.code,
        so1_0.country_code,
        so1_0.created_at,
        so1_0.is_active,
        so1_0.name,
        so1_0.name_norm,
        so1_0.remark,
        so1_0.sort_order,
        so1_0.updated_at 
    from
        dict_sales_office so1_0 
    where
        so1_0.id=?
Hibernate: 
    select
        so1_0.id,
        so1_0.code,
        so1_0.country_code,
        so1_0.created_at,
        so1_0.is_active,
        so1_0.name,
        so1_0.name_norm,
        so1_0.remark,
        so1_0.sort_order,
        so1_0.updated_at 
    from
        dict_sales_office so1_0 
    where
        so1_0.id=?
2026-02-06T16:10:02.254+08:00 DEBUG 11568 --- [logitrack-backend] [nio-8888-exec-5] org.hibernate.SQL                        : 
    select
        so1_0.id,
        so1_0.code,
        so1_0.country_code,
        so1_0.created_at,
        so1_0.is_active,
        so1_0.name,
        so1_0.name_norm,
        so1_0.remark,
        so1_0.sort_order,
        so1_0.updated_at 
    from
        dict_sales_office so1_0 
    where
        so1_0.id=?
Hibernate: 
    select
        so1_0.id,
        so1_0.code,
        so1_0.country_code,
        so1_0.created_at,
        so1_0.is_active,
        so1_0.name,
        so1_0.name_norm,
        so1_0.remark,
        so1_0.sort_order,
        so1_0.updated_at 
    from
        dict_sales_office so1_0 
    where
        so1_0.id=?
2026-02-06T16:10:02.261+08:00 DEBUG 11568 --- [logitrack-backend] [nio-8888-exec-5] org.hibernate.SQL                        : 
    select
        so1_0.id,
        so1_0.code,
        so1_0.country_code,
        so1_0.created_at,
        so1_0.is_active,
        so1_0.name,
        so1_0.name_norm,
        so1_0.remark,
        so1_0.sort_order,
        so1_0.updated_at 
    from
        dict_sales_office so1_0 
    where
        so1_0.id=?
Hibernate: 
    select
        so1_0.id,
        so1_0.code,
        so1_0.country_code,
        so1_0.created_at,
        so1_0.is_active,
        so1_0.name,
        so1_0.name_norm,
        so1_0.remark,
        so1_0.sort_order,
        so1_0.updated_at 
    from
        dict_sales_office so1_0 
    where
        so1_0.id=?
2026-02-06T16:10:02.298+08:00 DEBUG 11568 --- [logitrack-backend] [nio-8888-exec-5] org.hibernate.SQL                        : 
    select
        so1_0.id,
        so1_0.code,
        so1_0.country_code,
        so1_0.created_at,
        so1_0.is_active,
        so1_0.name,
        so1_0.name_norm,
        so1_0.remark,
        so1_0.sort_order,
        so1_0.updated_at 
    from
        dict_sales_office so1_0 
    where
        so1_0.id=?
Hibernate: 
    select
        so1_0.id,
        so1_0.code,
        so1_0.country_code,
        so1_0.created_at,
        so1_0.is_active,
        so1_0.name,
        so1_0.name_norm,
        so1_0.remark,
        so1_0.sort_order,
        so1_0.updated_at 
    from
        dict_sales_office so1_0 
    where
        so1_0.id=?
2026-02-06T16:10:02.325+08:00 DEBUG 11568 --- [logitrack-backend] [nio-8888-exec-5] org.hibernate.SQL                        : 
    select
        so1_0.id,
        so1_0.code,
        so1_0.country_code,
        so1_0.created_at,
        so1_0.is_active,
        so1_0.name,
        so1_0.name_norm,
        so1_0.remark,
        so1_0.sort_order,
        so1_0.updated_at 
    from
        dict_sales_office so1_0 
    where
        so1_0.id=?
Hibernate: 
    select
        so1_0.id,
        so1_0.code,
        so1_0.country_code,
        so1_0.created_at,
        so1_0.is_active,
        so1_0.name,
        so1_0.name_norm,
        so1_0.remark,
        so1_0.sort_order,
        so1_0.updated_at 
    from
        dict_sales_office so1_0 
    where
        so1_0.id=?
2026-02-06T16:10:02.329+08:00 DEBUG 11568 --- [logitrack-backend] [nio-8888-exec-5] org.hibernate.SQL                        : 
    select
        so1_0.id,
        so1_0.code,
        so1_0.country_code,
        so1_0.created_at,
        so1_0.is_active,
        so1_0.name,
        so1_0.name_norm,
        so1_0.remark,
        so1_0.sort_order,
        so1_0.updated_at 
    from
        dict_sales_office so1_0 
    where
        so1_0.id=?
Hibernate: 
    select
        so1_0.id,
        so1_0.code,
        so1_0.country_code,
        so1_0.created_at,
        so1_0.is_active,
        so1_0.name,
        so1_0.name_norm,
        so1_0.remark,
        so1_0.sort_order,
        so1_0.updated_at 
    from
        dict_sales_office so1_0 
    where
        so1_0.id=?
2026-02-06T16:10:02.333+08:00 DEBUG 11568 --- [logitrack-backend] [nio-8888-exec-5] org.hibernate.SQL                        : 
    select
        so1_0.id,
        so1_0.code,
        so1_0.country_code,
        so1_0.created_at,
        so1_0.is_active,
        so1_0.name,
        so1_0.name_norm,
        so1_0.remark,
        so1_0.sort_order,
        so1_0.updated_at 
    from
        dict_sales_office so1_0 
    where
        so1_0.id=?
Hibernate: 
    select
        so1_0.id,
        so1_0.code,
        so1_0.country_code,
        so1_0.created_at,
        so1_0.is_active,
        so1_0.name,
        so1_0.name_norm,
        so1_0.remark,
        so1_0.sort_order,
        so1_0.updated_at 
    from
        dict_sales_office so1_0 
    where
        so1_0.id=?
2026-02-06T16:10:02.346+08:00 DEBUG 11568 --- [logitrack-backend] [nio-8888-exec-5] org.hibernate.SQL                        : 
    select
        so1_0.id,
        so1_0.code,
        so1_0.country_code,
        so1_0.created_at,
        so1_0.is_active,
        so1_0.name,
        so1_0.name_norm,
        so1_0.remark,
        so1_0.sort_order,
        so1_0.updated_at 
    from
        dict_sales_office so1_0 
    where
        so1_0.id=?
Hibernate: 
    select
        so1_0.id,
        so1_0.code,
        so1_0.country_code,
        so1_0.created_at,
        so1_0.is_active,
        so1_0.name,
        so1_0.name_norm,
        so1_0.remark,
        so1_0.sort_order,
        so1_0.updated_at 
    from
        dict_sales_office so1_0 
    where
        so1_0.id=?
2026-02-06T16:10:02.356+08:00 DEBUG 11568 --- [logitrack-backend] [nio-8888-exec-5] org.hibernate.SQL                        : 
    select
        so1_0.id,
        so1_0.code,
        so1_0.country_code,
        so1_0.created_at,
        so1_0.is_active,
        so1_0.name,
        so1_0.name_norm,
        so1_0.remark,
        so1_0.sort_order,
        so1_0.updated_at 
    from
        dict_sales_office so1_0 
    where
        so1_0.id=?
Hibernate: 
    select
        so1_0.id,
        so1_0.code,
        so1_0.country_code,
        so1_0.created_at,
        so1_0.is_active,
        so1_0.name,
        so1_0.name_norm,
        so1_0.remark,
        so1_0.sort_order,
        so1_0.updated_at 
    from
        dict_sales_office so1_0 
    where
        so1_0.id=?
2026-02-06T16:10:02.373+08:00 DEBUG 11568 --- [logitrack-backend] [nio-8888-exec-5] org.hibernate.SQL                        : 
    select
        so1_0.id,
        so1_0.code,
        so1_0.country_code,
        so1_0.created_at,
        so1_0.is_active,
        so1_0.name,
        so1_0.name_norm,
        so1_0.remark,
        so1_0.sort_order,
        so1_0.updated_at 
    from
        dict_sales_office so1_0 
    where
        so1_0.id=?
Hibernate: 
    select
        so1_0.id,
        so1_0.code,
        so1_0.country_code,
        so1_0.created_at,
        so1_0.is_active,
        so1_0.name,
        so1_0.name_norm,
        so1_0.remark,
        so1_0.sort_order,
        so1_0.updated_at 
    from
        dict_sales_office so1_0 
    where
        so1_0.id=?
2026-02-06T16:10:02.383+08:00 DEBUG 11568 --- [logitrack-backend] [nio-8888-exec-5] org.hibernate.SQL                        : 
    select
        so1_0.id,
        so1_0.code,
        so1_0.country_code,
        so1_0.created_at,
        so1_0.is_active,
        so1_0.name,
        so1_0.name_norm,
        so1_0.remark,
        so1_0.sort_order,
        so1_0.updated_at 
    from
        dict_sales_office so1_0 
    where
        so1_0.id=?
Hibernate: 
    select
        so1_0.id,
        so1_0.code,
        so1_0.country_code,
        so1_0.created_at,
        so1_0.is_active,
        so1_0.name,
        so1_0.name_norm,
        so1_0.remark,
        so1_0.sort_order,
        so1_0.updated_at 
    from
        dict_sales_office so1_0 
    where
        so1_0.id=?
2026-02-06T16:10:02.388+08:00 DEBUG 11568 --- [logitrack-backend] [nio-8888-exec-5] org.hibernate.SQL                        : 
    select
        so1_0.id,
        so1_0.code,
        so1_0.country_code,
        so1_0.created_at,
        so1_0.is_active,
        so1_0.name,
        so1_0.name_norm,
        so1_0.remark,
        so1_0.sort_order,
        so1_0.updated_at 
    from
        dict_sales_office so1_0 
    where
        so1_0.id=?
Hibernate: 
    select
        so1_0.id,
        so1_0.code,
        so1_0.country_code,
        so1_0.created_at,
        so1_0.is_active,
        so1_0.name,
        so1_0.name_norm,
        so1_0.remark,
        so1_0.sort_order,
        so1_0.updated_at 
    from
        dict_sales_office so1_0 
    where
        so1_0.id=?
2026-02-06T16:10:02.392+08:00 DEBUG 11568 --- [logitrack-backend] [nio-8888-exec-5] org.hibernate.SQL                        : 
    select
        so1_0.id,
        so1_0.code,
        so1_0.country_code,
        so1_0.created_at,
        so1_0.is_active,
        so1_0.name,
        so1_0.name_norm,
        so1_0.remark,
        so1_0.sort_order,
        so1_0.updated_at 
    from
        dict_sales_office so1_0 
    where
        so1_0.id=?
Hibernate: 
    select
        so1_0.id,
        so1_0.code,
        so1_0.country_code,
        so1_0.created_at,
        so1_0.is_active,
        so1_0.name,
        so1_0.name_norm,
        so1_0.remark,
        so1_0.sort_order,
        so1_0.updated_at 
    from
        dict_sales_office so1_0 
    where
        so1_0.id=?
2026-02-06T16:10:02.397+08:00 DEBUG 11568 --- [logitrack-backend] [nio-8888-exec-5] org.hibernate.SQL                        : 
    select
        so1_0.id,
        so1_0.code,
        so1_0.country_code,
        so1_0.created_at,
        so1_0.is_active,
        so1_0.name,
        so1_0.name_norm,
        so1_0.remark,
        so1_0.sort_order,
        so1_0.updated_at 
    from
        dict_sales_office so1_0 
    where
        so1_0.id=?
Hibernate: 
    select
        so1_0.id,
        so1_0.code,
        so1_0.country_code,
        so1_0.created_at,
        so1_0.is_active,
        so1_0.name,
        so1_0.name_norm,
        so1_0.remark,
        so1_0.sort_order,
        so1_0.updated_at 
    from
        dict_sales_office so1_0 
    where
        so1_0.id=?
2026-02-06T16:10:02.451+08:00 DEBUG 11568 --- [logitrack-backend] [nio-8888-exec-5] org.hibernate.SQL                        : 
    select
        so1_0.id,
        so1_0.code,
        so1_0.country_code,
        so1_0.created_at,
        so1_0.is_active,
        so1_0.name,
        so1_0.name_norm,
        so1_0.remark,
        so1_0.sort_order,
        so1_0.updated_at 
    from
        dict_sales_office so1_0 
    where
        so1_0.id=?
Hibernate: 
    select
        so1_0.id,
        so1_0.code,
        so1_0.country_code,
        so1_0.created_at,
        so1_0.is_active,
        so1_0.name,
        so1_0.name_norm,
        so1_0.remark,
        so1_0.sort_order,
        so1_0.updated_at 
    from
        dict_sales_office so1_0 
    where
        so1_0.id=?
2026-02-06T16:10:02.458+08:00 DEBUG 11568 --- [logitrack-backend] [nio-8888-exec-5] org.hibernate.SQL                        : 
    select
        so1_0.id,
        so1_0.code,
        so1_0.country_code,
        so1_0.created_at,
        so1_0.is_active,
        so1_0.name,
        so1_0.name_norm,
        so1_0.remark,
        so1_0.sort_order,
        so1_0.updated_at 
    from
        dict_sales_office so1_0 
    where
        so1_0.id=?
Hibernate: 
    select
        so1_0.id,
        so1_0.code,
        so1_0.country_code,
        so1_0.created_at,
        so1_0.is_active,
        so1_0.name,
        so1_0.name_norm,
        so1_0.remark,
        so1_0.sort_order,
        so1_0.updated_at 
    from
        dict_sales_office so1_0 
    where
        so1_0.id=?
2026-02-06T16:10:02.463+08:00 DEBUG 11568 --- [logitrack-backend] [nio-8888-exec-5] org.hibernate.SQL                        : 
    select
        so1_0.id,
        so1_0.code,
        so1_0.country_code,
        so1_0.created_at,
        so1_0.is_active,
        so1_0.name,
        so1_0.name_norm,
        so1_0.remark,
        so1_0.sort_order,
        so1_0.updated_at 
    from
        dict_sales_office so1_0 
    where
        so1_0.id=?
Hibernate: 
    select
        so1_0.id,
        so1_0.code,
        so1_0.country_code,
        so1_0.created_at,
        so1_0.is_active,
        so1_0.name,
        so1_0.name_norm,
        so1_0.remark,
        so1_0.sort_order,
        so1_0.updated_at 
    from
        dict_sales_office so1_0 
    where
        so1_0.id=?
2026-02-06T16:10:02.467+08:00 DEBUG 11568 --- [logitrack-backend] [nio-8888-exec-5] org.hibernate.SQL                        : 
    select
        so1_0.id,
        so1_0.code,
        so1_0.country_code,
        so1_0.created_at,
        so1_0.is_active,
        so1_0.name,
        so1_0.name_norm,
        so1_0.remark,
        so1_0.sort_order,
        so1_0.updated_at 
    from
        dict_sales_office so1_0 
    where
        so1_0.id=?
Hibernate: 
    select
        so1_0.id,
        so1_0.code,
        so1_0.country_code,
        so1_0.created_at,
        so1_0.is_active,
        so1_0.name,
        so1_0.name_norm,
        so1_0.remark,
        so1_0.sort_order,
        so1_0.updated_at 
    from
        dict_sales_office so1_0 
    where
        so1_0.id=?
2026-02-06T16:10:02.490+08:00 DEBUG 11568 --- [logitrack-backend] [nio-8888-exec-5] org.hibernate.SQL                        : 
    select
        so1_0.id,
        so1_0.code,
        so1_0.country_code,
        so1_0.created_at,
        so1_0.is_active,
        so1_0.name,
        so1_0.name_norm,
        so1_0.remark,
        so1_0.sort_order,
        so1_0.updated_at 
    from
        dict_sales_office so1_0 
    where
        so1_0.id=?
Hibernate: 
    select
        so1_0.id,
        so1_0.code,
        so1_0.country_code,
        so1_0.created_at,
        so1_0.is_active,
        so1_0.name,
        so1_0.name_norm,
        so1_0.remark,
        so1_0.sort_order,
        so1_0.updated_at 
    from
        dict_sales_office so1_0 
    where
        so1_0.id=?
2026-02-06T16:10:02.522+08:00 DEBUG 11568 --- [logitrack-backend] [nio-8888-exec-5] org.hibernate.SQL                        : 
    select
        so1_0.id,
        so1_0.code,
        so1_0.country_code,
        so1_0.created_at,
        so1_0.is_active,
        so1_0.name,
        so1_0.name_norm,
        so1_0.remark,
        so1_0.sort_order,
        so1_0.updated_at 
    from
        dict_sales_office so1_0 
    where
        so1_0.id=?
Hibernate: 
    select
        so1_0.id,
        so1_0.code,
        so1_0.country_code,
        so1_0.created_at,
        so1_0.is_active,
        so1_0.name,
        so1_0.name_norm,
        so1_0.remark,
        so1_0.sort_order,
        so1_0.updated_at 
    from
        dict_sales_office so1_0 
    where
        so1_0.id=?
2026-02-06T16:10:02.534+08:00 DEBUG 11568 --- [logitrack-backend] [nio-8888-exec-5] org.hibernate.SQL                        : 
    select
        so1_0.id,
        so1_0.code,
        so1_0.country_code,
        so1_0.created_at,
        so1_0.is_active,
        so1_0.name,
        so1_0.name_norm,
        so1_0.remark,
        so1_0.sort_order,
        so1_0.updated_at 
    from
        dict_sales_office so1_0 
    where
        so1_0.id=?
Hibernate: 
    select
        so1_0.id,
        so1_0.code,
        so1_0.country_code,
        so1_0.created_at,
        so1_0.is_active,
        so1_0.name,
        so1_0.name_norm,
        so1_0.remark,
        so1_0.sort_order,
        so1_0.updated_at 
    from
        dict_sales_office so1_0 
    where
        so1_0.id=?
2026-02-06T16:10:02.538+08:00 DEBUG 11568 --- [logitrack-backend] [nio-8888-exec-5] org.hibernate.SQL                        : 
    select
        so1_0.id,
        so1_0.code,
        so1_0.country_code,
        so1_0.created_at,
        so1_0.is_active,
        so1_0.name,
        so1_0.name_norm,
        so1_0.remark,
        so1_0.sort_order,
        so1_0.updated_at 
    from
        dict_sales_office so1_0 
    where
        so1_0.id=?
Hibernate: 
    select
        so1_0.id,
        so1_0.code,
        so1_0.country_code,
        so1_0.created_at,
        so1_0.is_active,
        so1_0.name,
        so1_0.name_norm,
        so1_0.remark,
        so1_0.sort_order,
        so1_0.updated_at 
    from
        dict_sales_office so1_0 
    where
        so1_0.id=?
2026-02-06T16:10:02.542+08:00 DEBUG 11568 --- [logitrack-backend] [nio-8888-exec-5] org.hibernate.SQL                        : 
    select
        so1_0.id,
        so1_0.code,
        so1_0.country_code,
        so1_0.created_at,
        so1_0.is_active,
        so1_0.name,
        so1_0.name_norm,
        so1_0.remark,
        so1_0.sort_order,
        so1_0.updated_at 
    from
        dict_sales_office so1_0 
    where
        so1_0.id=?
Hibernate: 
    select
        so1_0.id,
        so1_0.code,
        so1_0.country_code,
        so1_0.created_at,
        so1_0.is_active,
        so1_0.name,
        so1_0.name_norm,
        so1_0.remark,
        so1_0.sort_order,
        so1_0.updated_at 
    from
        dict_sales_office so1_0 
    where
        so1_0.id=?
2026-02-06T16:10:02.548+08:00 DEBUG 11568 --- [logitrack-backend] [nio-8888-exec-5] org.hibernate.SQL                        : 
    select
        so1_0.id,
        so1_0.code,
        so1_0.country_code,
        so1_0.created_at,
        so1_0.is_active,
        so1_0.name,
        so1_0.name_norm,
        so1_0.remark,
        so1_0.sort_order,
        so1_0.updated_at 
    from
        dict_sales_office so1_0 
    where
        so1_0.id=?
Hibernate: 
    select
        so1_0.id,
        so1_0.code,
        so1_0.country_code,
        so1_0.created_at,
        so1_0.is_active,
        so1_0.name,
        so1_0.name_norm,
        so1_0.remark,
        so1_0.sort_order,
        so1_0.updated_at 
    from
        dict_sales_office so1_0 
    where
        so1_0.id=?
2026-02-06T16:10:02.552+08:00 DEBUG 11568 --- [logitrack-backend] [nio-8888-exec-5] org.hibernate.SQL                        : 
    select
        so1_0.id,
        so1_0.code,
        so1_0.country_code,
        so1_0.created_at,
        so1_0.is_active,
        so1_0.name,
        so1_0.name_norm,
        so1_0.remark,
        so1_0.sort_order,
        so1_0.updated_at 
    from
        dict_sales_office so1_0 
    where
        so1_0.id=?
Hibernate: 
    select
        so1_0.id,
        so1_0.code,
        so1_0.country_code,
        so1_0.created_at,
        so1_0.is_active,
        so1_0.name,
        so1_0.name_norm,
        so1_0.remark,
        so1_0.sort_order,
        so1_0.updated_at 
    from
        dict_sales_office so1_0 
    where
        so1_0.id=?
2026-02-06T16:10:02.556+08:00 DEBUG 11568 --- [logitrack-backend] [nio-8888-exec-5] org.hibernate.SQL                        : 
    select
        so1_0.id,
        so1_0.code,
        so1_0.country_code,
        so1_0.created_at,
        so1_0.is_active,
        so1_0.name,
        so1_0.name_norm,
        so1_0.remark,
        so1_0.sort_order,
        so1_0.updated_at 
    from
        dict_sales_office so1_0 
    where
        so1_0.id=?
Hibernate: 
    select
        so1_0.id,
        so1_0.code,
        so1_0.country_code,
        so1_0.created_at,
        so1_0.is_active,
        so1_0.name,
        so1_0.name_norm,
        so1_0.remark,
        so1_0.sort_order,
        so1_0.updated_at 
    from
        dict_sales_office so1_0 
    where
        so1_0.id=?
2026-02-06T16:10:02.560+08:00 DEBUG 11568 --- [logitrack-backend] [nio-8888-exec-5] org.hibernate.SQL                        : 
    select
        so1_0.id,
        so1_0.code,
        so1_0.country_code,
        so1_0.created_at,
        so1_0.is_active,
        so1_0.name,
        so1_0.name_norm,
        so1_0.remark,
        so1_0.sort_order,
        so1_0.updated_at 
    from
        dict_sales_office so1_0 
    where
        so1_0.id=?
Hibernate: 
    select
        so1_0.id,
        so1_0.code,
        so1_0.country_code,
        so1_0.created_at,
        so1_0.is_active,
        so1_0.name,
        so1_0.name_norm,
        so1_0.remark,
        so1_0.sort_order,
        so1_0.updated_at 
    from
        dict_sales_office so1_0 
    where
        so1_0.id=?
2026-02-06T16:10:02.564+08:00 DEBUG 11568 --- [logitrack-backend] [nio-8888-exec-5] org.hibernate.SQL                        : 
    select
        so1_0.id,
        so1_0.code,
        so1_0.country_code,
        so1_0.created_at,
        so1_0.is_active,
        so1_0.name,
        so1_0.name_norm,
        so1_0.remark,
        so1_0.sort_order,
        so1_0.updated_at 
    from
        dict_sales_office so1_0 
    where
        so1_0.id=?
Hibernate: 
    select
        so1_0.id,
        so1_0.code,
        so1_0.country_code,
        so1_0.created_at,
        so1_0.is_active,
        so1_0.name,
        so1_0.name_norm,
        so1_0.remark,
        so1_0.sort_order,
        so1_0.updated_at 
    from
        dict_sales_office so1_0 
    where
        so1_0.id=?
2026-02-06T16:10:02.578+08:00 DEBUG 11568 --- [logitrack-backend] [nio-8888-exec-5] org.hibernate.SQL                        : 
    select
        so1_0.id,
        so1_0.code,
        so1_0.country_code,
        so1_0.created_at,
        so1_0.is_active,
        so1_0.name,
        so1_0.name_norm,
        so1_0.remark,
        so1_0.sort_order,
        so1_0.updated_at 
    from
        dict_sales_office so1_0 
    where
        so1_0.id=?
Hibernate: 
    select
        so1_0.id,
        so1_0.code,
        so1_0.country_code,
        so1_0.created_at,
        so1_0.is_active,
        so1_0.name,
        so1_0.name_norm,
        so1_0.remark,
        so1_0.sort_order,
        so1_0.updated_at 
    from
        dict_sales_office so1_0 
    where
        so1_0.id=?
2026-02-06T16:10:02.583+08:00 DEBUG 11568 --- [logitrack-backend] [nio-8888-exec-5] org.hibernate.SQL                        : 
    select
        so1_0.id,
        so1_0.code,
        so1_0.country_code,
        so1_0.created_at,
        so1_0.is_active,
        so1_0.name,
        so1_0.name_norm,
        so1_0.remark,
        so1_0.sort_order,
        so1_0.updated_at 
    from
        dict_sales_office so1_0 
    where
        so1_0.id=?
Hibernate: 
    select
        so1_0.id,
        so1_0.code,
        so1_0.country_code,
        so1_0.created_at,
        so1_0.is_active,
        so1_0.name,
        so1_0.name_norm,
        so1_0.remark,
        so1_0.sort_order,
        so1_0.updated_at 
    from
        dict_sales_office so1_0 
    where
        so1_0.id=?
2026-02-06T16:10:02.587+08:00 DEBUG 11568 --- [logitrack-backend] [nio-8888-exec-5] org.hibernate.SQL                        : 
    select
        so1_0.id,
        so1_0.code,
        so1_0.country_code,
        so1_0.created_at,
        so1_0.is_active,
        so1_0.name,
        so1_0.name_norm,
        so1_0.remark,
        so1_0.sort_order,
        so1_0.updated_at 
    from
        dict_sales_office so1_0 
    where
        so1_0.id=?
Hibernate: 
    select
        so1_0.id,
        so1_0.code,
        so1_0.country_code,
        so1_0.created_at,
        so1_0.is_active,
        so1_0.name,
        so1_0.name_norm,
        so1_0.remark,
        so1_0.sort_order,
        so1_0.updated_at 
    from
        dict_sales_office so1_0 
    where
        so1_0.id=?
2026-02-06T16:10:02.594+08:00 DEBUG 11568 --- [logitrack-backend] [nio-8888-exec-5] org.hibernate.SQL                        : 
    select
        so1_0.id,
        so1_0.code,
        so1_0.country_code,
        so1_0.created_at,
        so1_0.is_active,
        so1_0.name,
        so1_0.name_norm,
        so1_0.remark,
        so1_0.sort_order,
        so1_0.updated_at 
    from
        dict_sales_office so1_0 
    where
        so1_0.id=?
Hibernate: 
    select
        so1_0.id,
        so1_0.code,
        so1_0.country_code,
        so1_0.created_at,
        so1_0.is_active,
        so1_0.name,
        so1_0.name_norm,
        so1_0.remark,
        so1_0.sort_order,
        so1_0.updated_at 
    from
        dict_sales_office so1_0 
    where
        so1_0.id=?
2026-02-06T16:10:02.598+08:00 DEBUG 11568 --- [logitrack-backend] [nio-8888-exec-5] org.hibernate.SQL                        : 
    select
        so1_0.id,
        so1_0.code,
        so1_0.country_code,
        so1_0.created_at,
        so1_0.is_active,
        so1_0.name,
        so1_0.name_norm,
        so1_0.remark,
        so1_0.sort_order,
        so1_0.updated_at 
    from
        dict_sales_office so1_0 
    where
        so1_0.id=?
Hibernate: 
    select
        so1_0.id,
        so1_0.code,
        so1_0.country_code,
        so1_0.created_at,
        so1_0.is_active,
        so1_0.name,
        so1_0.name_norm,
        so1_0.remark,
        so1_0.sort_order,
        so1_0.updated_at 
    from
        dict_sales_office so1_0 
    where
        so1_0.id=?
2026-02-06T16:10:02.606+08:00 DEBUG 11568 --- [logitrack-backend] [nio-8888-exec-5] org.hibernate.SQL                        : 
    select
        so1_0.id,
        so1_0.code,
        so1_0.country_code,
        so1_0.created_at,
        so1_0.is_active,
        so1_0.name,
        so1_0.name_norm,
        so1_0.remark,
        so1_0.sort_order,
        so1_0.updated_at 
    from
        dict_sales_office so1_0 
    where
        so1_0.id=?
Hibernate: 
    select
        so1_0.id,
        so1_0.code,
        so1_0.country_code,
        so1_0.created_at,
        so1_0.is_active,
        so1_0.name,
        so1_0.name_norm,
        so1_0.remark,
        so1_0.sort_order,
        so1_0.updated_at 
    from
        dict_sales_office so1_0 
    where
        so1_0.id=?
2026-02-06T16:10:02.616+08:00 DEBUG 11568 --- [logitrack-backend] [nio-8888-exec-5] org.hibernate.SQL                        : 
    select
        so1_0.id,
        so1_0.code,
        so1_0.country_code,
        so1_0.created_at,
        so1_0.is_active,
        so1_0.name,
        so1_0.name_norm,
        so1_0.remark,
        so1_0.sort_order,
        so1_0.updated_at 
    from
        dict_sales_office so1_0 
    where
        so1_0.id=?
Hibernate: 
    select
        so1_0.id,
        so1_0.code,
        so1_0.country_code,
        so1_0.created_at,
        so1_0.is_active,
        so1_0.name,
        so1_0.name_norm,
        so1_0.remark,
        so1_0.sort_order,
        so1_0.updated_at 
    from
        dict_sales_office so1_0 
    where
        so1_0.id=?
2026-02-06T16:10:02.620+08:00 DEBUG 11568 --- [logitrack-backend] [nio-8888-exec-5] org.hibernate.SQL                        : 
    select
        so1_0.id,
        so1_0.code,
        so1_0.country_code,
        so1_0.created_at,
        so1_0.is_active,
        so1_0.name,
        so1_0.name_norm,
        so1_0.remark,
        so1_0.sort_order,
        so1_0.updated_at 
    from
        dict_sales_office so1_0 
    where
        so1_0.id=?
Hibernate: 
    select
        so1_0.id,
        so1_0.code,
        so1_0.country_code,
        so1_0.created_at,
        so1_0.is_active,
        so1_0.name,
        so1_0.name_norm,
        so1_0.remark,
        so1_0.sort_order,
        so1_0.updated_at 
    from
        dict_sales_office so1_0 
    where
        so1_0.id=?
2026-02-06T16:10:02.628+08:00 DEBUG 11568 --- [logitrack-backend] [nio-8888-exec-5] org.hibernate.SQL                        : 
    select
        so1_0.id,
        so1_0.code,
        so1_0.country_code,
        so1_0.created_at,
        so1_0.is_active,
        so1_0.name,
        so1_0.name_norm,
        so1_0.remark,
        so1_0.sort_order,
        so1_0.updated_at 
    from
        dict_sales_office so1_0 
    where
        so1_0.id=?
Hibernate: 
    select
        so1_0.id,
        so1_0.code,
        so1_0.country_code,
        so1_0.created_at,
        so1_0.is_active,
        so1_0.name,
        so1_0.name_norm,
        so1_0.remark,
        so1_0.sort_order,
        so1_0.updated_at 
    from
        dict_sales_office so1_0 
    where
        so1_0.id=?
2026-02-06T16:10:02.632+08:00 DEBUG 11568 --- [logitrack-backend] [nio-8888-exec-5] org.hibernate.SQL                        : 
    select
        so1_0.id,
        so1_0.code,
        so1_0.country_code,
        so1_0.created_at,
        so1_0.is_active,
        so1_0.name,
        so1_0.name_norm,
        so1_0.remark,
        so1_0.sort_order,
        so1_0.updated_at 
    from
        dict_sales_office so1_0 
    where
        so1_0.id=?
Hibernate: 
    select
        so1_0.id,
        so1_0.code,
        so1_0.country_code,
        so1_0.created_at,
        so1_0.is_active,
        so1_0.name,
        so1_0.name_norm,
        so1_0.remark,
        so1_0.sort_order,
        so1_0.updated_at 
    from
        dict_sales_office so1_0 
    where
        so1_0.id=?
2026-02-06T16:10:02.636+08:00 DEBUG 11568 --- [logitrack-backend] [nio-8888-exec-5] org.hibernate.SQL                        : 
    select
        so1_0.id,
        so1_0.code,
        so1_0.country_code,
        so1_0.created_at,
        so1_0.is_active,
        so1_0.name,
        so1_0.name_norm,
        so1_0.remark,
        so1_0.sort_order,
        so1_0.updated_at 
    from
        dict_sales_office so1_0 
    where
        so1_0.id=?
Hibernate: 
    select
        so1_0.id,
        so1_0.code,
        so1_0.country_code,
        so1_0.created_at,
        so1_0.is_active,
        so1_0.name,
        so1_0.name_norm,
        so1_0.remark,
        so1_0.sort_order,
        so1_0.updated_at 
    from
        dict_sales_office so1_0 
    where
        so1_0.id=?
2026-02-06T16:10:02.640+08:00 DEBUG 11568 --- [logitrack-backend] [nio-8888-exec-5] org.hibernate.SQL                        : 
    select
        so1_0.id,
        so1_0.code,
        so1_0.country_code,
        so1_0.created_at,
        so1_0.is_active,
        so1_0.name,
        so1_0.name_norm,
        so1_0.remark,
        so1_0.sort_order,
        so1_0.updated_at 
    from
        dict_sales_office so1_0 
    where
        so1_0.id=?
Hibernate: 
    select
        so1_0.id,
        so1_0.code,
        so1_0.country_code,
        so1_0.created_at,
        so1_0.is_active,
        so1_0.name,
        so1_0.name_norm,
        so1_0.remark,
        so1_0.sort_order,
        so1_0.updated_at 
    from
        dict_sales_office so1_0 
    where
        so1_0.id=?
2026-02-06T16:10:02.647+08:00 DEBUG 11568 --- [logitrack-backend] [nio-8888-exec-5] org.hibernate.SQL                        : 
    select
        so1_0.id,
        so1_0.code,
        so1_0.country_code,
        so1_0.created_at,
        so1_0.is_active,
        so1_0.name,
        so1_0.name_norm,
        so1_0.remark,
        so1_0.sort_order,
        so1_0.updated_at 
    from
        dict_sales_office so1_0 
    where
        so1_0.id=?
Hibernate: 
    select
        so1_0.id,
        so1_0.code,
        so1_0.country_code,
        so1_0.created_at,
        so1_0.is_active,
        so1_0.name,
        so1_0.name_norm,
        so1_0.remark,
        so1_0.sort_order,
        so1_0.updated_at 
    from
        dict_sales_office so1_0 
    where
        so1_0.id=?
2026-02-06T16:10:02.651+08:00 DEBUG 11568 --- [logitrack-backend] [nio-8888-exec-5] org.hibernate.SQL                        : 
    select
        so1_0.id,
        so1_0.code,
        so1_0.country_code,
        so1_0.created_at,
        so1_0.is_active,
        so1_0.name,
        so1_0.name_norm,
        so1_0.remark,
        so1_0.sort_order,
        so1_0.updated_at 
    from
        dict_sales_office so1_0 
    where
        so1_0.id=?
Hibernate: 
    select
        so1_0.id,
        so1_0.code,
        so1_0.country_code,
        so1_0.created_at,
        so1_0.is_active,
        so1_0.name,
        so1_0.name_norm,
        so1_0.remark,
        so1_0.sort_order,
        so1_0.updated_at 
    from
        dict_sales_office so1_0 
    where
        so1_0.id=?
2026-02-06T16:10:02.655+08:00 DEBUG 11568 --- [logitrack-backend] [nio-8888-exec-5] org.hibernate.SQL                        : 
    select
        so1_0.id,
        so1_0.code,
        so1_0.country_code,
        so1_0.created_at,
        so1_0.is_active,
        so1_0.name,
        so1_0.name_norm,
        so1_0.remark,
        so1_0.sort_order,
        so1_0.updated_at 
    from
        dict_sales_office so1_0 
    where
        so1_0.id=?
Hibernate: 
    select
        so1_0.id,
        so1_0.code,
        so1_0.country_code,
        so1_0.created_at,
        so1_0.is_active,
        so1_0.name,
        so1_0.name_norm,
        so1_0.remark,
        so1_0.sort_order,
        so1_0.updated_at 
    from
        dict_sales_office so1_0 
    where
        so1_0.id=?
2026-02-06T16:10:02.659+08:00 DEBUG 11568 --- [logitrack-backend] [nio-8888-exec-5] org.hibernate.SQL                        : 
    select
        so1_0.id,
        so1_0.code,
        so1_0.country_code,
        so1_0.created_at,
        so1_0.is_active,
        so1_0.name,
        so1_0.name_norm,
        so1_0.remark,
        so1_0.sort_order,
        so1_0.updated_at 
    from
        dict_sales_office so1_0 
    where
        so1_0.id=?
Hibernate: 
    select
        so1_0.id,
        so1_0.code,
        so1_0.country_code,
        so1_0.created_at,
        so1_0.is_active,
        so1_0.name,
        so1_0.name_norm,
        so1_0.remark,
        so1_0.sort_order,
        so1_0.updated_at 
    from
        dict_sales_office so1_0 
    where
        so1_0.id=?
2026-02-06T16:10:02.673+08:00 DEBUG 11568 --- [logitrack-backend] [nio-8888-exec-5] org.hibernate.SQL                        : 
    select
        so1_0.id,
        so1_0.code,
        so1_0.country_code,
        so1_0.created_at,
        so1_0.is_active,
        so1_0.name,
        so1_0.name_norm,
        so1_0.remark,
        so1_0.sort_order,
        so1_0.updated_at 
    from
        dict_sales_office so1_0 
    where
        so1_0.id=?
Hibernate: 
    select
        so1_0.id,
        so1_0.code,
        so1_0.country_code,
        so1_0.created_at,
        so1_0.is_active,
        so1_0.name,
        so1_0.name_norm,
        so1_0.remark,
        so1_0.sort_order,
        so1_0.updated_at 
    from
        dict_sales_office so1_0 
    where
        so1_0.id=?
2026-02-06T16:10:02.679+08:00 DEBUG 11568 --- [logitrack-backend] [nio-8888-exec-5] org.hibernate.SQL                        : 
    select
        so1_0.id,
        so1_0.code,
        so1_0.country_code,
        so1_0.created_at,
        so1_0.is_active,
        so1_0.name,
        so1_0.name_norm,
        so1_0.remark,
        so1_0.sort_order,
        so1_0.updated_at 
    from
        dict_sales_office so1_0 
    where
        so1_0.id=?
Hibernate: 
    select
        so1_0.id,
        so1_0.code,
        so1_0.country_code,
        so1_0.created_at,
        so1_0.is_active,
        so1_0.name,
        so1_0.name_norm,
        so1_0.remark,
        so1_0.sort_order,
        so1_0.updated_at 
    from
        dict_sales_office so1_0 
    where
        so1_0.id=?
2026-02-06T16:10:02.701+08:00 DEBUG 11568 --- [logitrack-backend] [nio-8888-exec-5] org.hibernate.SQL                        : 
    select
        so1_0.id,
        so1_0.code,
        so1_0.country_code,
        so1_0.created_at,
        so1_0.is_active,
        so1_0.name,
        so1_0.name_norm,
        so1_0.remark,
        so1_0.sort_order,
        so1_0.updated_at 
    from
        dict_sales_office so1_0 
    where
        so1_0.id=?
Hibernate: 
    select
        so1_0.id,
        so1_0.code,
        so1_0.country_code,
        so1_0.created_at,
        so1_0.is_active,
        so1_0.name,
        so1_0.name_norm,
        so1_0.remark,
        so1_0.sort_order,
        so1_0.updated_at 
    from
        dict_sales_office so1_0 
    where
        so1_0.id=?
2026-02-06T16:10:02.704+08:00 DEBUG 11568 --- [logitrack-backend] [nio-8888-exec-5] org.hibernate.SQL                        : 
    select
        so1_0.id,
        so1_0.code,
        so1_0.country_code,
        so1_0.created_at,
        so1_0.is_active,
        so1_0.name,
        so1_0.name_norm,
        so1_0.remark,
        so1_0.sort_order,
        so1_0.updated_at 
    from
        dict_sales_office so1_0 
    where
        so1_0.id=?
Hibernate: 
    select
        so1_0.id,
        so1_0.code,
        so1_0.country_code,
        so1_0.created_at,
        so1_0.is_active,
        so1_0.name,
        so1_0.name_norm,
        so1_0.remark,
        so1_0.sort_order,
        so1_0.updated_at 
    from
        dict_sales_office so1_0 
    where
        so1_0.id=?
2026-02-06T16:10:02.708+08:00 DEBUG 11568 --- [logitrack-backend] [nio-8888-exec-5] org.hibernate.SQL                        : 
    select
        so1_0.id,
        so1_0.code,
        so1_0.country_code,
        so1_0.created_at,
        so1_0.is_active,
        so1_0.name,
        so1_0.name_norm,
        so1_0.remark,
        so1_0.sort_order,
        so1_0.updated_at 
    from
        dict_sales_office so1_0 
    where
        so1_0.id=?
Hibernate: 
    select
        so1_0.id,
        so1_0.code,
        so1_0.country_code,
        so1_0.created_at,
        so1_0.is_active,
        so1_0.name,
        so1_0.name_norm,
        so1_0.remark,
        so1_0.sort_order,
        so1_0.updated_at 
    from
        dict_sales_office so1_0 
    where
        so1_0.id=?
2026-02-06T16:10:02.711+08:00 DEBUG 11568 --- [logitrack-backend] [nio-8888-exec-5] org.hibernate.SQL                        : 
    select
        so1_0.id,
        so1_0.code,
        so1_0.country_code,
        so1_0.created_at,
        so1_0.is_active,
        so1_0.name,
        so1_0.name_norm,
        so1_0.remark,
        so1_0.sort_order,
        so1_0.updated_at 
    from
        dict_sales_office so1_0 
    where
        so1_0.id=?
Hibernate: 
    select
        so1_0.id,
        so1_0.code,
        so1_0.country_code,
        so1_0.created_at,
        so1_0.is_active,
        so1_0.name,
        so1_0.name_norm,
        so1_0.remark,
        so1_0.sort_order,
        so1_0.updated_at 
    from
        dict_sales_office so1_0 
    where
        so1_0.id=?
2026-02-06T16:10:02.717+08:00 DEBUG 11568 --- [logitrack-backend] [nio-8888-exec-5] org.hibernate.SQL                        : 
    select
        so1_0.id,
        so1_0.code,
        so1_0.country_code,
        so1_0.created_at,
        so1_0.is_active,
        so1_0.name,
        so1_0.name_norm,
        so1_0.remark,
        so1_0.sort_order,
        so1_0.updated_at 
    from
        dict_sales_office so1_0 
    where
        so1_0.id=?
Hibernate: 
    select
        so1_0.id,
        so1_0.code,
        so1_0.country_code,
        so1_0.created_at,
        so1_0.is_active,
        so1_0.name,
        so1_0.name_norm,
        so1_0.remark,
        so1_0.sort_order,
        so1_0.updated_at 
    from
        dict_sales_office so1_0 
    where
        so1_0.id=?
2026-02-06T16:10:02.721+08:00 DEBUG 11568 --- [logitrack-backend] [nio-8888-exec-5] org.hibernate.SQL                        : 
    select
        so1_0.id,
        so1_0.code,
        so1_0.country_code,
        so1_0.created_at,
        so1_0.is_active,
        so1_0.name,
        so1_0.name_norm,
        so1_0.remark,
        so1_0.sort_order,
        so1_0.updated_at 
    from
        dict_sales_office so1_0 
    where
        so1_0.id=?
Hibernate: 
    select
        so1_0.id,
        so1_0.code,
        so1_0.country_code,
        so1_0.created_at,
        so1_0.is_active,
        so1_0.name,
        so1_0.name_norm,
        so1_0.remark,
        so1_0.sort_order,
        so1_0.updated_at 
    from
        dict_sales_office so1_0 
    where
        so1_0.id=?
2026-02-06T16:10:02.729+08:00 DEBUG 11568 --- [logitrack-backend] [nio-8888-exec-5] org.hibernate.SQL                        : 
    select
        so1_0.id,
        so1_0.code,
        so1_0.country_code,
        so1_0.created_at,
        so1_0.is_active,
        so1_0.name,
        so1_0.name_norm,
        so1_0.remark,
        so1_0.sort_order,
        so1_0.updated_at 
    from
        dict_sales_office so1_0 
    where
        so1_0.id=?
Hibernate: 
    select
        so1_0.id,
        so1_0.code,
        so1_0.country_code,
        so1_0.created_at,
        so1_0.is_active,
        so1_0.name,
        so1_0.name_norm,
        so1_0.remark,
        so1_0.sort_order,
        so1_0.updated_at 
    from
        dict_sales_office so1_0 
    where
        so1_0.id=?
2026-02-06T16:10:02.733+08:00 DEBUG 11568 --- [logitrack-backend] [nio-8888-exec-5] org.hibernate.SQL                        : 
    select
        so1_0.id,
        so1_0.code,
        so1_0.country_code,
        so1_0.created_at,
        so1_0.is_active,
        so1_0.name,
        so1_0.name_norm,
        so1_0.remark,
        so1_0.sort_order,
        so1_0.updated_at 
    from
        dict_sales_office so1_0 
    where
        so1_0.id=?
Hibernate: 
    select
        so1_0.id,
        so1_0.code,
        so1_0.country_code,
        so1_0.created_at,
        so1_0.is_active,
        so1_0.name,
        so1_0.name_norm,
        so1_0.remark,
        so1_0.sort_order,
        so1_0.updated_at 
    from
        dict_sales_office so1_0 
    where
        so1_0.id=?
2026-02-06T16:10:02.738+08:00 DEBUG 11568 --- [logitrack-backend] [nio-8888-exec-5] org.hibernate.SQL                        : 
    select
        so1_0.id,
        so1_0.code,
        so1_0.country_code,
        so1_0.created_at,
        so1_0.is_active,
        so1_0.name,
        so1_0.name_norm,
        so1_0.remark,
        so1_0.sort_order,
        so1_0.updated_at 
    from
        dict_sales_office so1_0 
    where
        so1_0.id=?
Hibernate: 
    select
        so1_0.id,
        so1_0.code,
        so1_0.country_code,
        so1_0.created_at,
        so1_0.is_active,
        so1_0.name,
        so1_0.name_norm,
        so1_0.remark,
        so1_0.sort_order,
        so1_0.updated_at 
    from
        dict_sales_office so1_0 
    where
        so1_0.id=?
2026-02-06T16:10:02.741+08:00 DEBUG 11568 --- [logitrack-backend] [nio-8888-exec-5] org.hibernate.SQL                        : 
    select
        so1_0.id,
        so1_0.code,
        so1_0.country_code,
        so1_0.created_at,
        so1_0.is_active,
        so1_0.name,
        so1_0.name_norm,
        so1_0.remark,
        so1_0.sort_order,
        so1_0.updated_at 
    from
        dict_sales_office so1_0 
    where
        so1_0.id=?
Hibernate: 
    select
        so1_0.id,
        so1_0.code,
        so1_0.country_code,
        so1_0.created_at,
        so1_0.is_active,
        so1_0.name,
        so1_0.name_norm,
        so1_0.remark,
        so1_0.sort_order,
        so1_0.updated_at 
    from
        dict_sales_office so1_0 
    where
        so1_0.id=?
2026-02-06T16:10:02.748+08:00 DEBUG 11568 --- [logitrack-backend] [nio-8888-exec-5] org.hibernate.SQL                        : 
    select
        so1_0.id,
        so1_0.code,
        so1_0.country_code,
        so1_0.created_at,
        so1_0.is_active,
        so1_0.name,
        so1_0.name_norm,
        so1_0.remark,
        so1_0.sort_order,
        so1_0.updated_at 
    from
        dict_sales_office so1_0 
    where
        so1_0.id=?
Hibernate: 
    select
        so1_0.id,
        so1_0.code,
        so1_0.country_code,
        so1_0.created_at,
        so1_0.is_active,
        so1_0.name,
        so1_0.name_norm,
        so1_0.remark,
        so1_0.sort_order,
        so1_0.updated_at 
    from
        dict_sales_office so1_0 
    where
        so1_0.id=?
2026-02-06T16:10:02.754+08:00 DEBUG 11568 --- [logitrack-backend] [nio-8888-exec-5] org.hibernate.SQL                        : 
    select
        so1_0.id,
        so1_0.code,
        so1_0.country_code,
        so1_0.created_at,
        so1_0.is_active,
        so1_0.name,
        so1_0.name_norm,
        so1_0.remark,
        so1_0.sort_order,
        so1_0.updated_at 
    from
        dict_sales_office so1_0 
    where
        so1_0.id=?
Hibernate: 
    select
        so1_0.id,
        so1_0.code,
        so1_0.country_code,
        so1_0.created_at,
        so1_0.is_active,
        so1_0.name,
        so1_0.name_norm,
        so1_0.remark,
        so1_0.sort_order,
        so1_0.updated_at 
    from
        dict_sales_office so1_0 
    where
        so1_0.id=?
2026-02-06T16:10:02.786+08:00 DEBUG 11568 --- [logitrack-backend] [nio-8888-exec-5] org.hibernate.SQL                        : 
    select
        so1_0.id,
        so1_0.code,
        so1_0.country_code,
        so1_0.created_at,
        so1_0.is_active,
        so1_0.name,
        so1_0.name_norm,
        so1_0.remark,
        so1_0.sort_order,
        so1_0.updated_at 
    from
        dict_sales_office so1_0 
    where
        so1_0.id=?
Hibernate: 
    select
        so1_0.id,
        so1_0.code,
        so1_0.country_code,
        so1_0.created_at,
        so1_0.is_active,
        so1_0.name,
        so1_0.name_norm,
        so1_0.remark,
        so1_0.sort_order,
        so1_0.updated_at 
    from
        dict_sales_office so1_0 
    where
        so1_0.id=?
2026-02-06T16:10:02.790+08:00 DEBUG 11568 --- [logitrack-backend] [nio-8888-exec-5] org.hibernate.SQL                        : 
    select
        so1_0.id,
        so1_0.code,
        so1_0.country_code,
        so1_0.created_at,
        so1_0.is_active,
        so1_0.name,
        so1_0.name_norm,
        so1_0.remark,
        so1_0.sort_order,
        so1_0.updated_at 
    from
        dict_sales_office so1_0 
    where
        so1_0.id=?
Hibernate: 
    select
        so1_0.id,
        so1_0.code,
        so1_0.country_code,
        so1_0.created_at,
        so1_0.is_active,
        so1_0.name,
        so1_0.name_norm,
        so1_0.remark,
        so1_0.sort_order,
        so1_0.updated_at 
    from
        dict_sales_office so1_0 
    where
        so1_0.id=?
2026-02-06T16:10:02.794+08:00 DEBUG 11568 --- [logitrack-backend] [nio-8888-exec-5] org.hibernate.SQL                        : 
    select
        so1_0.id,
        so1_0.code,
        so1_0.country_code,
        so1_0.created_at,
        so1_0.is_active,
        so1_0.name,
        so1_0.name_norm,
        so1_0.remark,
        so1_0.sort_order,
        so1_0.updated_at 
    from
        dict_sales_office so1_0 
    where
        so1_0.id=?
Hibernate: 
    select
        so1_0.id,
        so1_0.code,
        so1_0.country_code,
        so1_0.created_at,
        so1_0.is_active,
        so1_0.name,
        so1_0.name_norm,
        so1_0.remark,
        so1_0.sort_order,
        so1_0.updated_at 
    from
        dict_sales_office so1_0 
    where
        so1_0.id=?
2026-02-06T16:10:02.798+08:00 DEBUG 11568 --- [logitrack-backend] [nio-8888-exec-5] org.hibernate.SQL                        : 
    select
        so1_0.id,
        so1_0.code,
        so1_0.country_code,
        so1_0.created_at,
        so1_0.is_active,
        so1_0.name,
        so1_0.name_norm,
        so1_0.remark,
        so1_0.sort_order,
        so1_0.updated_at 
    from
        dict_sales_office so1_0 
    where
        so1_0.id=?
Hibernate: 
    select
        so1_0.id,
        so1_0.code,
        so1_0.country_code,
        so1_0.created_at,
        so1_0.is_active,
        so1_0.name,
        so1_0.name_norm,
        so1_0.remark,
        so1_0.sort_order,
        so1_0.updated_at 
    from
        dict_sales_office so1_0 
    where
        so1_0.id=?
2026-02-06T16:10:02.827+08:00 DEBUG 11568 --- [logitrack-backend] [nio-8888-exec-5] org.hibernate.SQL                        : 
    select
        so1_0.id,
        so1_0.code,
        so1_0.country_code,
        so1_0.created_at,
        so1_0.is_active,
        so1_0.name,
        so1_0.name_norm,
        so1_0.remark,
        so1_0.sort_order,
        so1_0.updated_at 
    from
        dict_sales_office so1_0 
    where
        so1_0.id=?
Hibernate: 
    select
        so1_0.id,
        so1_0.code,
        so1_0.country_code,
        so1_0.created_at,
        so1_0.is_active,
        so1_0.name,
        so1_0.name_norm,
        so1_0.remark,
        so1_0.sort_order,
        so1_0.updated_at 
    from
        dict_sales_office so1_0 
    where
        so1_0.id=?
2026-02-06T16:10:02.831+08:00 DEBUG 11568 --- [logitrack-backend] [nio-8888-exec-5] org.hibernate.SQL                        : 
    select
        so1_0.id,
        so1_0.code,
        so1_0.country_code,
        so1_0.created_at,
        so1_0.is_active,
        so1_0.name,
        so1_0.name_norm,
        so1_0.remark,
        so1_0.sort_order,
        so1_0.updated_at 
    from
        dict_sales_office so1_0 
    where
        so1_0.id=?
Hibernate: 
    select
        so1_0.id,
        so1_0.code,
        so1_0.country_code,
        so1_0.created_at,
        so1_0.is_active,
        so1_0.name,
        so1_0.name_norm,
        so1_0.remark,
        so1_0.sort_order,
        so1_0.updated_at 
    from
        dict_sales_office so1_0 
    where
        so1_0.id=?
2026-02-06T16:10:02.834+08:00 DEBUG 11568 --- [logitrack-backend] [nio-8888-exec-5] org.hibernate.SQL                        : 
    select
        so1_0.id,
        so1_0.code,
        so1_0.country_code,
        so1_0.created_at,
        so1_0.is_active,
        so1_0.name,
        so1_0.name_norm,
        so1_0.remark,
        so1_0.sort_order,
        so1_0.updated_at 
    from
        dict_sales_office so1_0 
    where
        so1_0.id=?
Hibernate: 
    select
        so1_0.id,
        so1_0.code,
        so1_0.country_code,
        so1_0.created_at,
        so1_0.is_active,
        so1_0.name,
        so1_0.name_norm,
        so1_0.remark,
        so1_0.sort_order,
        so1_0.updated_at 
    from
        dict_sales_office so1_0 
    where
        so1_0.id=?
2026-02-06T16:10:02.840+08:00 DEBUG 11568 --- [logitrack-backend] [nio-8888-exec-5] org.hibernate.SQL                        : 
    select
        so1_0.id,
        so1_0.code,
        so1_0.country_code,
        so1_0.created_at,
        so1_0.is_active,
        so1_0.name,
        so1_0.name_norm,
        so1_0.remark,
        so1_0.sort_order,
        so1_0.updated_at 
    from
        dict_sales_office so1_0 
    where
        so1_0.id=?
Hibernate: 
    select
        so1_0.id,
        so1_0.code,
        so1_0.country_code,
        so1_0.created_at,
        so1_0.is_active,
        so1_0.name,
        so1_0.name_norm,
        so1_0.remark,
        so1_0.sort_order,
        so1_0.updated_at 
    from
        dict_sales_office so1_0 
    where
        so1_0.id=?
2026-02-06T16:10:02.847+08:00 DEBUG 11568 --- [logitrack-backend] [nio-8888-exec-5] org.hibernate.SQL                        : 
    select
        so1_0.id,
        so1_0.code,
        so1_0.country_code,
        so1_0.created_at,
        so1_0.is_active,
        so1_0.name,
        so1_0.name_norm,
        so1_0.remark,
        so1_0.sort_order,
        so1_0.updated_at 
    from
        dict_sales_office so1_0 
    where
        so1_0.id=?
Hibernate: 
    select
        so1_0.id,
        so1_0.code,
        so1_0.country_code,
        so1_0.created_at,
        so1_0.is_active,
        so1_0.name,
        so1_0.name_norm,
        so1_0.remark,
        so1_0.sort_order,
        so1_0.updated_at 
    from
        dict_sales_office so1_0 
    where
        so1_0.id=?
2026-02-06T16:10:02.859+08:00 DEBUG 11568 --- [logitrack-backend] [nio-8888-exec-5] org.hibernate.SQL                        : 
    select
        so1_0.id,
        so1_0.code,
        so1_0.country_code,
        so1_0.created_at,
        so1_0.is_active,
        so1_0.name,
        so1_0.name_norm,
        so1_0.remark,
        so1_0.sort_order,
        so1_0.updated_at 
    from
        dict_sales_office so1_0 
    where
        so1_0.id=?
Hibernate: 
    select
        so1_0.id,
        so1_0.code,
        so1_0.country_code,
        so1_0.created_at,
        so1_0.is_active,
        so1_0.name,
        so1_0.name_norm,
        so1_0.remark,
        so1_0.sort_order,
        so1_0.updated_at 
    from
        dict_sales_office so1_0 
    where
        so1_0.id=?
2026-02-06T16:10:02.863+08:00 DEBUG 11568 --- [logitrack-backend] [nio-8888-exec-5] org.hibernate.SQL                        : 
    select
        so1_0.id,
        so1_0.code,
        so1_0.country_code,
        so1_0.created_at,
        so1_0.is_active,
        so1_0.name,
        so1_0.name_norm,
        so1_0.remark,
        so1_0.sort_order,
        so1_0.updated_at 
    from
        dict_sales_office so1_0 
    where
        so1_0.id=?
Hibernate: 
    select
        so1_0.id,
        so1_0.code,
        so1_0.country_code,
        so1_0.created_at,
        so1_0.is_active,
        so1_0.name,
        so1_0.name_norm,
        so1_0.remark,
        so1_0.sort_order,
        so1_0.updated_at 
    from
        dict_sales_office so1_0 
    where
        so1_0.id=?
2026-02-06T16:10:02.866+08:00 DEBUG 11568 --- [logitrack-backend] [nio-8888-exec-5] org.hibernate.SQL                        : 
    select
        so1_0.id,
        so1_0.code,
        so1_0.country_code,
        so1_0.created_at,
        so1_0.is_active,
        so1_0.name,
        so1_0.name_norm,
        so1_0.remark,
        so1_0.sort_order,
        so1_0.updated_at 
    from
        dict_sales_office so1_0 
    where
        so1_0.id=?
Hibernate: 
    select
        so1_0.id,
        so1_0.code,
        so1_0.country_code,
        so1_0.created_at,
        so1_0.is_active,
        so1_0.name,
        so1_0.name_norm,
        so1_0.remark,
        so1_0.sort_order,
        so1_0.updated_at 
    from
        dict_sales_office so1_0 
    where
        so1_0.id=?
2026-02-06T16:10:02.874+08:00 DEBUG 11568 --- [logitrack-backend] [nio-8888-exec-5] org.hibernate.SQL                        : 
    select
        so1_0.id,
        so1_0.code,
        so1_0.country_code,
        so1_0.created_at,
        so1_0.is_active,
        so1_0.name,
        so1_0.name_norm,
        so1_0.remark,
        so1_0.sort_order,
        so1_0.updated_at 
    from
        dict_sales_office so1_0 
    where
        so1_0.id=?
Hibernate: 
    select
        so1_0.id,
        so1_0.code,
        so1_0.country_code,
        so1_0.created_at,
        so1_0.is_active,
        so1_0.name,
        so1_0.name_norm,
        so1_0.remark,
        so1_0.sort_order,
        so1_0.updated_at 
    from
        dict_sales_office so1_0 
    where
        so1_0.id=?
2026-02-06T16:10:02.880+08:00 DEBUG 11568 --- [logitrack-backend] [nio-8888-exec-5] org.hibernate.SQL                        : 
    select
        so1_0.id,
        so1_0.code,
        so1_0.country_code,
        so1_0.created_at,
        so1_0.is_active,
        so1_0.name,
        so1_0.name_norm,
        so1_0.remark,
        so1_0.sort_order,
        so1_0.updated_at 
    from
        dict_sales_office so1_0 
    where
        so1_0.id=?
Hibernate: 
    select
        so1_0.id,
        so1_0.code,
        so1_0.country_code,
        so1_0.created_at,
        so1_0.is_active,
        so1_0.name,
        so1_0.name_norm,
        so1_0.remark,
        so1_0.sort_order,
        so1_0.updated_at 
    from
        dict_sales_office so1_0 
    where
        so1_0.id=?
2026-02-06T16:10:02.885+08:00 DEBUG 11568 --- [logitrack-backend] [nio-8888-exec-5] org.hibernate.SQL                        : 
    select
        so1_0.id,
        so1_0.code,
        so1_0.country_code,
        so1_0.created_at,
        so1_0.is_active,
        so1_0.name,
        so1_0.name_norm,
        so1_0.remark,
        so1_0.sort_order,
        so1_0.updated_at 
    from
        dict_sales_office so1_0 
    where
        so1_0.id=?
Hibernate: 
    select
        so1_0.id,
        so1_0.code,
        so1_0.country_code,
        so1_0.created_at,
        so1_0.is_active,
        so1_0.name,
        so1_0.name_norm,
        so1_0.remark,
        so1_0.sort_order,
        so1_0.updated_at 
    from
        dict_sales_office so1_0 
    where
        so1_0.id=?
2026-02-06T16:10:02.889+08:00 DEBUG 11568 --- [logitrack-backend] [nio-8888-exec-5] org.hibernate.SQL                        : 
    select
        so1_0.id,
        so1_0.code,
        so1_0.country_code,
        so1_0.created_at,
        so1_0.is_active,
        so1_0.name,
        so1_0.name_norm,
        so1_0.remark,
        so1_0.sort_order,
        so1_0.updated_at 
    from
        dict_sales_office so1_0 
    where
        so1_0.id=?
Hibernate: 
    select
        so1_0.id,
        so1_0.code,
        so1_0.country_code,
        so1_0.created_at,
        so1_0.is_active,
        so1_0.name,
        so1_0.name_norm,
        so1_0.remark,
        so1_0.sort_order,
        so1_0.updated_at 
    from
        dict_sales_office so1_0 
    where
        so1_0.id=?
2026-02-06T16:10:02.898+08:00 DEBUG 11568 --- [logitrack-backend] [nio-8888-exec-5] org.hibernate.SQL                        : 
    select
        so1_0.id,
        so1_0.code,
        so1_0.country_code,
        so1_0.created_at,
        so1_0.is_active,
        so1_0.name,
        so1_0.name_norm,
        so1_0.remark,
        so1_0.sort_order,
        so1_0.updated_at 
    from
        dict_sales_office so1_0 
    where
        so1_0.id=?
Hibernate: 
    select
        so1_0.id,
        so1_0.code,
        so1_0.country_code,
        so1_0.created_at,
        so1_0.is_active,
        so1_0.name,
        so1_0.name_norm,
        so1_0.remark,
        so1_0.sort_order,
        so1_0.updated_at 
    from
        dict_sales_office so1_0 
    where
        so1_0.id=?
2026-02-06T16:10:02.902+08:00 DEBUG 11568 --- [logitrack-backend] [nio-8888-exec-5] org.hibernate.SQL                        : 
    select
        so1_0.id,
        so1_0.code,
        so1_0.country_code,
        so1_0.created_at,
        so1_0.is_active,
        so1_0.name,
        so1_0.name_norm,
        so1_0.remark,
        so1_0.sort_order,
        so1_0.updated_at 
    from
        dict_sales_office so1_0 
    where
        so1_0.id=?
Hibernate: 
    select
        so1_0.id,
        so1_0.code,
        so1_0.country_code,
        so1_0.created_at,
        so1_0.is_active,
        so1_0.name,
        so1_0.name_norm,
        so1_0.remark,
        so1_0.sort_order,
        so1_0.updated_at 
    from
        dict_sales_office so1_0 
    where
        so1_0.id=?
2026-02-06T16:10:02.906+08:00 DEBUG 11568 --- [logitrack-backend] [nio-8888-exec-5] org.hibernate.SQL                        : 
    select
        so1_0.id,
        so1_0.code,
        so1_0.country_code,
        so1_0.created_at,
        so1_0.is_active,
        so1_0.name,
        so1_0.name_norm,
        so1_0.remark,
        so1_0.sort_order,
        so1_0.updated_at 
    from
        dict_sales_office so1_0 
    where
        so1_0.id=?
Hibernate: 
    select
        so1_0.id,
        so1_0.code,
        so1_0.country_code,
        so1_0.created_at,
        so1_0.is_active,
        so1_0.name,
        so1_0.name_norm,
        so1_0.remark,
        so1_0.sort_order,
        so1_0.updated_at 
    from
        dict_sales_office so1_0 
    where
        so1_0.id=?
2026-02-06T16:10:02.910+08:00 DEBUG 11568 --- [logitrack-backend] [nio-8888-exec-5] org.hibernate.SQL                        : 
    select
        so1_0.id,
        so1_0.code,
        so1_0.country_code,
        so1_0.created_at,
        so1_0.is_active,
        so1_0.name,
        so1_0.name_norm,
        so1_0.remark,
        so1_0.sort_order,
        so1_0.updated_at 
    from
        dict_sales_office so1_0 
    where
        so1_0.id=?
Hibernate: 
    select
        so1_0.id,
        so1_0.code,
        so1_0.country_code,
        so1_0.created_at,
        so1_0.is_active,
        so1_0.name,
        so1_0.name_norm,
        so1_0.remark,
        so1_0.sort_order,
        so1_0.updated_at 
    from
        dict_sales_office so1_0 
    where
        so1_0.id=?
2026-02-06T16:10:02.924+08:00 DEBUG 11568 --- [logitrack-backend] [nio-8888-exec-5] org.hibernate.SQL                        : 
    select
        so1_0.id,
        so1_0.code,
        so1_0.country_code,
        so1_0.created_at,
        so1_0.is_active,
        so1_0.name,
        so1_0.name_norm,
        so1_0.remark,
        so1_0.sort_order,
        so1_0.updated_at 
    from
        dict_sales_office so1_0 
    where
        so1_0.id=?
Hibernate: 
    select
        so1_0.id,
        so1_0.code,
        so1_0.country_code,
        so1_0.created_at,
        so1_0.is_active,
        so1_0.name,
        so1_0.name_norm,
        so1_0.remark,
        so1_0.sort_order,
        so1_0.updated_at 
    from
        dict_sales_office so1_0 
    where
        so1_0.id=?
2026-02-06T16:10:02.932+08:00 DEBUG 11568 --- [logitrack-backend] [nio-8888-exec-5] org.hibernate.SQL                        : 
    select
        so1_0.id,
        so1_0.code,
        so1_0.country_code,
        so1_0.created_at,
        so1_0.is_active,
        so1_0.name,
        so1_0.name_norm,
        so1_0.remark,
        so1_0.sort_order,
        so1_0.updated_at 
    from
        dict_sales_office so1_0 
    where
        so1_0.id=?
Hibernate: 
    select
        so1_0.id,
        so1_0.code,
        so1_0.country_code,
        so1_0.created_at,
        so1_0.is_active,
        so1_0.name,
        so1_0.name_norm,
        so1_0.remark,
        so1_0.sort_order,
        so1_0.updated_at 
    from
        dict_sales_office so1_0 
    where
        so1_0.id=?
2026-02-06T16:10:02.936+08:00 DEBUG 11568 --- [logitrack-backend] [nio-8888-exec-5] org.hibernate.SQL                        : 
    select
        so1_0.id,
        so1_0.code,
        so1_0.country_code,
        so1_0.created_at,
        so1_0.is_active,
        so1_0.name,
        so1_0.name_norm,
        so1_0.remark,
        so1_0.sort_order,
        so1_0.updated_at 
    from
        dict_sales_office so1_0 
    where
        so1_0.id=?
Hibernate: 
    select
        so1_0.id,
        so1_0.code,
        so1_0.country_code,
        so1_0.created_at,
        so1_0.is_active,
        so1_0.name,
        so1_0.name_norm,
        so1_0.remark,
        so1_0.sort_order,
        so1_0.updated_at 
    from
        dict_sales_office so1_0 
    where
        so1_0.id=?
2026-02-06T16:10:02.941+08:00 DEBUG 11568 --- [logitrack-backend] [nio-8888-exec-5] org.hibernate.SQL                        : 
    select
        so1_0.id,
        so1_0.code,
        so1_0.country_code,
        so1_0.created_at,
        so1_0.is_active,
        so1_0.name,
        so1_0.name_norm,
        so1_0.remark,
        so1_0.sort_order,
        so1_0.updated_at 
    from
        dict_sales_office so1_0 
    where
        so1_0.id=?
Hibernate: 
    select
        so1_0.id,
        so1_0.code,
        so1_0.country_code,
        so1_0.created_at,
        so1_0.is_active,
        so1_0.name,
        so1_0.name_norm,
        so1_0.remark,
        so1_0.sort_order,
        so1_0.updated_at 
    from
        dict_sales_office so1_0 
    where
        so1_0.id=?
2026-02-06T16:10:02.946+08:00 DEBUG 11568 --- [logitrack-backend] [nio-8888-exec-5] org.hibernate.SQL                        : 
    select
        so1_0.id,
        so1_0.code,
        so1_0.country_code,
        so1_0.created_at,
        so1_0.is_active,
        so1_0.name,
        so1_0.name_norm,
        so1_0.remark,
        so1_0.sort_order,
        so1_0.updated_at 
    from
        dict_sales_office so1_0 
    where
        so1_0.id=?
Hibernate: 
    select
        so1_0.id,
        so1_0.code,
        so1_0.country_code,
        so1_0.created_at,
        so1_0.is_active,
        so1_0.name,
        so1_0.name_norm,
        so1_0.remark,
        so1_0.sort_order,
        so1_0.updated_at 
    from
        dict_sales_office so1_0 
    where
        so1_0.id=?
2026-02-06T16:10:02.953+08:00 DEBUG 11568 --- [logitrack-backend] [nio-8888-exec-5] org.hibernate.SQL                        : 
    select
        so1_0.id,
        so1_0.code,
        so1_0.country_code,
        so1_0.created_at,
        so1_0.is_active,
        so1_0.name,
        so1_0.name_norm,
        so1_0.remark,
        so1_0.sort_order,
        so1_0.updated_at 
    from
        dict_sales_office so1_0 
    where
        so1_0.id=?
Hibernate: 
    select
        so1_0.id,
        so1_0.code,
        so1_0.country_code,
        so1_0.created_at,
        so1_0.is_active,
        so1_0.name,
        so1_0.name_norm,
        so1_0.remark,
        so1_0.sort_order,
        so1_0.updated_at 
    from
        dict_sales_office so1_0 
    where
        so1_0.id=?
2026-02-06T16:10:02.957+08:00 DEBUG 11568 --- [logitrack-backend] [nio-8888-exec-5] org.hibernate.SQL                        : 
    select
        so1_0.id,
        so1_0.code,
        so1_0.country_code,
        so1_0.created_at,
        so1_0.is_active,
        so1_0.name,
        so1_0.name_norm,
        so1_0.remark,
        so1_0.sort_order,
        so1_0.updated_at 
    from
        dict_sales_office so1_0 
    where
        so1_0.id=?
Hibernate: 
    select
        so1_0.id,
        so1_0.code,
        so1_0.country_code,
        so1_0.created_at,
        so1_0.is_active,
        so1_0.name,
        so1_0.name_norm,
        so1_0.remark,
        so1_0.sort_order,
        so1_0.updated_at 
    from
        dict_sales_office so1_0 
    where
        so1_0.id=?
2026-02-06T16:10:02.966+08:00 DEBUG 11568 --- [logitrack-backend] [nio-8888-exec-5] org.hibernate.SQL                        : 
    select
        so1_0.id,
        so1_0.code,
        so1_0.country_code,
        so1_0.created_at,
        so1_0.is_active,
        so1_0.name,
        so1_0.name_norm,
        so1_0.remark,
        so1_0.sort_order,
        so1_0.updated_at 
    from
        dict_sales_office so1_0 
    where
        so1_0.id=?
Hibernate: 
    select
        so1_0.id,
        so1_0.code,
        so1_0.country_code,
        so1_0.created_at,
        so1_0.is_active,
        so1_0.name,
        so1_0.name_norm,
        so1_0.remark,
        so1_0.sort_order,
        so1_0.updated_at 
    from
        dict_sales_office so1_0 
    where
        so1_0.id=?
2026-02-06T16:10:02.975+08:00 DEBUG 11568 --- [logitrack-backend] [nio-8888-exec-5] org.hibernate.SQL                        : 
    select
        so1_0.id,
        so1_0.code,
        so1_0.country_code,
        so1_0.created_at,
        so1_0.is_active,
        so1_0.name,
        so1_0.name_norm,
        so1_0.remark,
        so1_0.sort_order,
        so1_0.updated_at 
    from
        dict_sales_office so1_0 
    where
        so1_0.id=?
Hibernate: 
    select
        so1_0.id,
        so1_0.code,
        so1_0.country_code,
        so1_0.created_at,
        so1_0.is_active,
        so1_0.name,
        so1_0.name_norm,
        so1_0.remark,
        so1_0.sort_order,
        so1_0.updated_at 
    from
        dict_sales_office so1_0 
    where
        so1_0.id=?
2026-02-06T16:10:02.982+08:00 DEBUG 11568 --- [logitrack-backend] [nio-8888-exec-5] org.hibernate.SQL                        : 
    select
        so1_0.id,
        so1_0.code,
        so1_0.country_code,
        so1_0.created_at,
        so1_0.is_active,
        so1_0.name,
        so1_0.name_norm,
        so1_0.remark,
        so1_0.sort_order,
        so1_0.updated_at 
    from
        dict_sales_office so1_0 
    where
        so1_0.id=?
Hibernate: 
    select
        so1_0.id,
        so1_0.code,
        so1_0.country_code,
        so1_0.created_at,
        so1_0.is_active,
        so1_0.name,
        so1_0.name_norm,
        so1_0.remark,
        so1_0.sort_order,
        so1_0.updated_at 
    from
        dict_sales_office so1_0 
    where
        so1_0.id=?
2026-02-06T16:10:02.995+08:00 DEBUG 11568 --- [logitrack-backend] [nio-8888-exec-5] org.hibernate.SQL                        : 
    select
        so1_0.id,
        so1_0.code,
        so1_0.country_code,
        so1_0.created_at,
        so1_0.is_active,
        so1_0.name,
        so1_0.name_norm,
        so1_0.remark,
        so1_0.sort_order,
        so1_0.updated_at 
    from
        dict_sales_office so1_0 
    where
        so1_0.id=?
Hibernate: 
    select
        so1_0.id,
        so1_0.code,
        so1_0.country_code,
        so1_0.created_at,
        so1_0.is_active,
        so1_0.name,
        so1_0.name_norm,
        so1_0.remark,
        so1_0.sort_order,
        so1_0.updated_at 
    from
        dict_sales_office so1_0 
    where
        so1_0.id=?
2026-02-06T16:10:02.998+08:00 DEBUG 11568 --- [logitrack-backend] [nio-8888-exec-5] org.hibernate.SQL                        : 
    select
        so1_0.id,
        so1_0.code,
        so1_0.country_code,
        so1_0.created_at,
        so1_0.is_active,
        so1_0.name,
        so1_0.name_norm,
        so1_0.remark,
        so1_0.sort_order,
        so1_0.updated_at 
    from
        dict_sales_office so1_0 
    where
        so1_0.id=?
Hibernate: 
    select
        so1_0.id,
        so1_0.code,
        so1_0.country_code,
        so1_0.created_at,
        so1_0.is_active,
        so1_0.name,
        so1_0.name_norm,
        so1_0.remark,
        so1_0.sort_order,
        so1_0.updated_at 
    from
        dict_sales_office so1_0 
    where
        so1_0.id=?
2026-02-06T16:10:03.002+08:00 DEBUG 11568 --- [logitrack-backend] [nio-8888-exec-5] org.hibernate.SQL                        : 
    select
        so1_0.id,
        so1_0.code,
        so1_0.country_code,
        so1_0.created_at,
        so1_0.is_active,
        so1_0.name,
        so1_0.name_norm,
        so1_0.remark,
        so1_0.sort_order,
        so1_0.updated_at 
    from
        dict_sales_office so1_0 
    where
        so1_0.id=?
Hibernate: 
    select
        so1_0.id,
        so1_0.code,
        so1_0.country_code,
        so1_0.created_at,
        so1_0.is_active,
        so1_0.name,
        so1_0.name_norm,
        so1_0.remark,
        so1_0.sort_order,
        so1_0.updated_at 
    from
        dict_sales_office so1_0 
    where
        so1_0.id=?
2026-02-06T16:10:03.008+08:00 DEBUG 11568 --- [logitrack-backend] [nio-8888-exec-5] org.hibernate.SQL                        : 
    select
        so1_0.id,
        so1_0.code,
        so1_0.country_code,
        so1_0.created_at,
        so1_0.is_active,
        so1_0.name,
        so1_0.name_norm,
        so1_0.remark,
        so1_0.sort_order,
        so1_0.updated_at 
    from
        dict_sales_office so1_0 
    where
        so1_0.id=?
Hibernate: 
    select
        so1_0.id,
        so1_0.code,
        so1_0.country_code,
        so1_0.created_at,
        so1_0.is_active,
        so1_0.name,
        so1_0.name_norm,
        so1_0.remark,
        so1_0.sort_order,
        so1_0.updated_at 
    from
        dict_sales_office so1_0 
    where
        so1_0.id=?
2026-02-06T16:10:03.015+08:00 DEBUG 11568 --- [logitrack-backend] [nio-8888-exec-5] org.hibernate.SQL                        : 
    select
        so1_0.id,
        so1_0.code,
        so1_0.country_code,
        so1_0.created_at,
        so1_0.is_active,
        so1_0.name,
        so1_0.name_norm,
        so1_0.remark,
        so1_0.sort_order,
        so1_0.updated_at 
    from
        dict_sales_office so1_0 
    where
        so1_0.id=?
Hibernate: 
    select
        so1_0.id,
        so1_0.code,
        so1_0.country_code,
        so1_0.created_at,
        so1_0.is_active,
        so1_0.name,
        so1_0.name_norm,
        so1_0.remark,
        so1_0.sort_order,
        so1_0.updated_at 
    from
        dict_sales_office so1_0 
    where
        so1_0.id=?
2026-02-06T16:10:03.020+08:00 DEBUG 11568 --- [logitrack-backend] [nio-8888-exec-5] org.hibernate.SQL                        : 
    select
        so1_0.id,
        so1_0.code,
        so1_0.country_code,
        so1_0.created_at,
        so1_0.is_active,
        so1_0.name,
        so1_0.name_norm,
        so1_0.remark,
        so1_0.sort_order,
        so1_0.updated_at 
    from
        dict_sales_office so1_0 
    where
        so1_0.id=?
Hibernate: 
    select
        so1_0.id,
        so1_0.code,
        so1_0.country_code,
        so1_0.created_at,
        so1_0.is_active,
        so1_0.name,
        so1_0.name_norm,
        so1_0.remark,
        so1_0.sort_order,
        so1_0.updated_at 
    from
        dict_sales_office so1_0 
    where
        so1_0.id=?
2026-02-06T16:10:03.023+08:00 DEBUG 11568 --- [logitrack-backend] [nio-8888-exec-5] org.hibernate.SQL                        : 
    select
        so1_0.id,
        so1_0.code,
        so1_0.country_code,
        so1_0.created_at,
        so1_0.is_active,
        so1_0.name,
        so1_0.name_norm,
        so1_0.remark,
        so1_0.sort_order,
        so1_0.updated_at 
    from
        dict_sales_office so1_0 
    where
        so1_0.id=?
Hibernate: 
    select
        so1_0.id,
        so1_0.code,
        so1_0.country_code,
        so1_0.created_at,
        so1_0.is_active,
        so1_0.name,
        so1_0.name_norm,
        so1_0.remark,
        so1_0.sort_order,
        so1_0.updated_at 
    from
        dict_sales_office so1_0 
    where
        so1_0.id=?
2026-02-06T16:10:03.030+08:00 DEBUG 11568 --- [logitrack-backend] [nio-8888-exec-5] org.hibernate.SQL                        : 
    select
        so1_0.id,
        so1_0.code,
        so1_0.country_code,
        so1_0.created_at,
        so1_0.is_active,
        so1_0.name,
        so1_0.name_norm,
        so1_0.remark,
        so1_0.sort_order,
        so1_0.updated_at 
    from
        dict_sales_office so1_0 
    where
        so1_0.id=?
Hibernate: 
    select
        so1_0.id,
        so1_0.code,
        so1_0.country_code,
        so1_0.created_at,
        so1_0.is_active,
        so1_0.name,
        so1_0.name_norm,
        so1_0.remark,
        so1_0.sort_order,
        so1_0.updated_at 
    from
        dict_sales_office so1_0 
    where
        so1_0.id=?
2026-02-06T16:10:03.037+08:00 DEBUG 11568 --- [logitrack-backend] [nio-8888-exec-5] org.hibernate.SQL                        : 
    select
        so1_0.id,
        so1_0.code,
        so1_0.country_code,
        so1_0.created_at,
        so1_0.is_active,
        so1_0.name,
        so1_0.name_norm,
        so1_0.remark,
        so1_0.sort_order,
        so1_0.updated_at 
    from
        dict_sales_office so1_0 
    where
        so1_0.id=?
Hibernate: 
    select
        so1_0.id,
        so1_0.code,
        so1_0.country_code,
        so1_0.created_at,
        so1_0.is_active,
        so1_0.name,
        so1_0.name_norm,
        so1_0.remark,
        so1_0.sort_order,
        so1_0.updated_at 
    from
        dict_sales_office so1_0 
    where
        so1_0.id=?
2026-02-06T16:10:03.049+08:00 DEBUG 11568 --- [logitrack-backend] [nio-8888-exec-5] org.hibernate.SQL                        : 
    select
        so1_0.id,
        so1_0.code,
        so1_0.country_code,
        so1_0.created_at,
        so1_0.is_active,
        so1_0.name,
        so1_0.name_norm,
        so1_0.remark,
        so1_0.sort_order,
        so1_0.updated_at 
    from
        dict_sales_office so1_0 
    where
        so1_0.id=?
Hibernate: 
    select
        so1_0.id,
        so1_0.code,
        so1_0.country_code,
        so1_0.created_at,
        so1_0.is_active,
        so1_0.name,
        so1_0.name_norm,
        so1_0.remark,
        so1_0.sort_order,
        so1_0.updated_at 
    from
        dict_sales_office so1_0 
    where
        so1_0.id=?
2026-02-06T16:10:03.076+08:00 DEBUG 11568 --- [logitrack-backend] [nio-8888-exec-5] org.hibernate.SQL                        : 
    select
        so1_0.id,
        so1_0.code,
        so1_0.country_code,
        so1_0.created_at,
        so1_0.is_active,
        so1_0.name,
        so1_0.name_norm,
        so1_0.remark,
        so1_0.sort_order,
        so1_0.updated_at 
    from
        dict_sales_office so1_0 
    where
        so1_0.id=?
Hibernate: 
    select
        so1_0.id,
        so1_0.code,
        so1_0.country_code,
        so1_0.created_at,
        so1_0.is_active,
        so1_0.name,
        so1_0.name_norm,
        so1_0.remark,
        so1_0.sort_order,
        so1_0.updated_at 
    from
        dict_sales_office so1_0 
    where
        so1_0.id=?
2026-02-06T16:10:03.080+08:00 DEBUG 11568 --- [logitrack-backend] [nio-8888-exec-5] org.hibernate.SQL                        : 
    select
        so1_0.id,
        so1_0.code,
        so1_0.country_code,
        so1_0.created_at,
        so1_0.is_active,
        so1_0.name,
        so1_0.name_norm,
        so1_0.remark,
        so1_0.sort_order,
        so1_0.updated_at 
    from
        dict_sales_office so1_0 
    where
        so1_0.id=?
Hibernate: 
    select
        so1_0.id,
        so1_0.code,
        so1_0.country_code,
        so1_0.created_at,
        so1_0.is_active,
        so1_0.name,
        so1_0.name_norm,
        so1_0.remark,
        so1_0.sort_order,
        so1_0.updated_at 
    from
        dict_sales_office so1_0 
    where
        so1_0.id=?
2026-02-06T16:10:03.086+08:00 DEBUG 11568 --- [logitrack-backend] [nio-8888-exec-5] org.hibernate.SQL                        : 
    select
        so1_0.id,
        so1_0.code,
        so1_0.country_code,
        so1_0.created_at,
        so1_0.is_active,
        so1_0.name,
        so1_0.name_norm,
        so1_0.remark,
        so1_0.sort_order,
        so1_0.updated_at 
    from
        dict_sales_office so1_0 
    where
        so1_0.id=?
Hibernate: 
    select
        so1_0.id,
        so1_0.code,
        so1_0.country_code,
        so1_0.created_at,
        so1_0.is_active,
        so1_0.name,
        so1_0.name_norm,
        so1_0.remark,
        so1_0.sort_order,
        so1_0.updated_at 
    from
        dict_sales_office so1_0 
    where
        so1_0.id=?
2026-02-06T16:10:03.091+08:00 DEBUG 11568 --- [logitrack-backend] [nio-8888-exec-5] org.hibernate.SQL                        : 
    select
        so1_0.id,
        so1_0.code,
        so1_0.country_code,
        so1_0.created_at,
        so1_0.is_active,
        so1_0.name,
        so1_0.name_norm,
        so1_0.remark,
        so1_0.sort_order,
        so1_0.updated_at 
    from
        dict_sales_office so1_0 
    where
        so1_0.id=?
Hibernate: 
    select
        so1_0.id,
        so1_0.code,
        so1_0.country_code,
        so1_0.created_at,
        so1_0.is_active,
        so1_0.name,
        so1_0.name_norm,
        so1_0.remark,
        so1_0.sort_order,
        so1_0.updated_at 
    from
        dict_sales_office so1_0 
    where
        so1_0.id=?
2026-02-06T16:10:03.097+08:00 DEBUG 11568 --- [logitrack-backend] [nio-8888-exec-5] org.hibernate.SQL                        : 
    select
        so1_0.id,
        so1_0.code,
        so1_0.country_code,
        so1_0.created_at,
        so1_0.is_active,
        so1_0.name,
        so1_0.name_norm,
        so1_0.remark,
        so1_0.sort_order,
        so1_0.updated_at 
    from
        dict_sales_office so1_0 
    where
        so1_0.id=?
Hibernate: 
    select
        so1_0.id,
        so1_0.code,
        so1_0.country_code,
        so1_0.created_at,
        so1_0.is_active,
        so1_0.name,
        so1_0.name_norm,
        so1_0.remark,
        so1_0.sort_order,
        so1_0.updated_at 
    from
        dict_sales_office so1_0 
    where
        so1_0.id=?
2026-02-06T16:10:03.103+08:00 DEBUG 11568 --- [logitrack-backend] [nio-8888-exec-5] org.hibernate.SQL                        : 
    select
        so1_0.id,
        so1_0.code,
        so1_0.country_code,
        so1_0.created_at,
        so1_0.is_active,
        so1_0.name,
        so1_0.name_norm,
        so1_0.remark,
        so1_0.sort_order,
        so1_0.updated_at 
    from
        dict_sales_office so1_0 
    where
        so1_0.id=?
Hibernate: 
    select
        so1_0.id,
        so1_0.code,
        so1_0.country_code,
        so1_0.created_at,
        so1_0.is_active,
        so1_0.name,
        so1_0.name_norm,
        so1_0.remark,
        so1_0.sort_order,
        so1_0.updated_at 
    from
        dict_sales_office so1_0 
    where
        so1_0.id=?
2026-02-06T16:10:03.107+08:00 DEBUG 11568 --- [logitrack-backend] [nio-8888-exec-5] org.hibernate.SQL                        : 
    select
        so1_0.id,
        so1_0.code,
        so1_0.country_code,
        so1_0.created_at,
        so1_0.is_active,
        so1_0.name,
        so1_0.name_norm,
        so1_0.remark,
        so1_0.sort_order,
        so1_0.updated_at 
    from
        dict_sales_office so1_0 
    where
        so1_0.id=?
Hibernate: 
    select
        so1_0.id,
        so1_0.code,
        so1_0.country_code,
        so1_0.created_at,
        so1_0.is_active,
        so1_0.name,
        so1_0.name_norm,
        so1_0.remark,
        so1_0.sort_order,
        so1_0.updated_at 
    from
        dict_sales_office so1_0 
    where
        so1_0.id=?
2026-02-06T16:10:03.118+08:00 DEBUG 11568 --- [logitrack-backend] [nio-8888-exec-5] org.hibernate.SQL                        : 
    select
        so1_0.id,
        so1_0.code,
        so1_0.country_code,
        so1_0.created_at,
        so1_0.is_active,
        so1_0.name,
        so1_0.name_norm,
        so1_0.remark,
        so1_0.sort_order,
        so1_0.updated_at 
    from
        dict_sales_office so1_0 
    where
        so1_0.id=?
Hibernate: 
    select
        so1_0.id,
        so1_0.code,
        so1_0.country_code,
        so1_0.created_at,
        so1_0.is_active,
        so1_0.name,
        so1_0.name_norm,
        so1_0.remark,
        so1_0.sort_order,
        so1_0.updated_at 
    from
        dict_sales_office so1_0 
    where
        so1_0.id=?
2026-02-06T16:10:03.125+08:00 DEBUG 11568 --- [logitrack-backend] [nio-8888-exec-5] org.hibernate.SQL                        : 
    select
        so1_0.id,
        so1_0.code,
        so1_0.country_code,
        so1_0.created_at,
        so1_0.is_active,
        so1_0.name,
        so1_0.name_norm,
        so1_0.remark,
        so1_0.sort_order,
        so1_0.updated_at 
    from
        dict_sales_office so1_0 
    where
        so1_0.id=?
Hibernate: 
    select
        so1_0.id,
        so1_0.code,
        so1_0.country_code,
        so1_0.created_at,
        so1_0.is_active,
        so1_0.name,
        so1_0.name_norm,
        so1_0.remark,
        so1_0.sort_order,
        so1_0.updated_at 
    from
        dict_sales_office so1_0 
    where
        so1_0.id=?
2026-02-06T16:10:03.131+08:00 DEBUG 11568 --- [logitrack-backend] [nio-8888-exec-5] org.hibernate.SQL                        : 
    select
        so1_0.id,
        so1_0.code,
        so1_0.country_code,
        so1_0.created_at,
        so1_0.is_active,
        so1_0.name,
        so1_0.name_norm,
        so1_0.remark,
        so1_0.sort_order,
        so1_0.updated_at 
    from
        dict_sales_office so1_0 
    where
        so1_0.id=?
Hibernate: 
    select
        so1_0.id,
        so1_0.code,
        so1_0.country_code,
        so1_0.created_at,
        so1_0.is_active,
        so1_0.name,
        so1_0.name_norm,
        so1_0.remark,
        so1_0.sort_order,
        so1_0.updated_at 
    from
        dict_sales_office so1_0 
    where
        so1_0.id=?
2026-02-06T16:10:03.138+08:00 DEBUG 11568 --- [logitrack-backend] [nio-8888-exec-5] org.hibernate.SQL                        : 
    select
        so1_0.id,
        so1_0.code,
        so1_0.country_code,
        so1_0.created_at,
        so1_0.is_active,
        so1_0.name,
        so1_0.name_norm,
        so1_0.remark,
        so1_0.sort_order,
        so1_0.updated_at 
    from
        dict_sales_office so1_0 
    where
        so1_0.id=?
Hibernate: 
    select
        so1_0.id,
        so1_0.code,
        so1_0.country_code,
        so1_0.created_at,
        so1_0.is_active,
        so1_0.name,
        so1_0.name_norm,
        so1_0.remark,
        so1_0.sort_order,
        so1_0.updated_at 
    from
        dict_sales_office so1_0 
    where
        so1_0.id=?
2026-02-06T16:10:03.164+08:00 DEBUG 11568 --- [logitrack-backend] [nio-8888-exec-5] org.hibernate.SQL                        : 
    select
        so1_0.id,
        so1_0.code,
        so1_0.country_code,
        so1_0.created_at,
        so1_0.is_active,
        so1_0.name,
        so1_0.name_norm,
        so1_0.remark,
        so1_0.sort_order,
        so1_0.updated_at 
    from
        dict_sales_office so1_0 
    where
        so1_0.id=?
Hibernate: 
    select
        so1_0.id,
        so1_0.code,
        so1_0.country_code,
        so1_0.created_at,
        so1_0.is_active,
        so1_0.name,
        so1_0.name_norm,
        so1_0.remark,
        so1_0.sort_order,
        so1_0.updated_at 
    from
        dict_sales_office so1_0 
    where
        so1_0.id=?
2026-02-06T16:10:03.171+08:00 DEBUG 11568 --- [logitrack-backend] [nio-8888-exec-5] org.hibernate.SQL                        : 
    select
        so1_0.id,
        so1_0.code,
        so1_0.country_code,
        so1_0.created_at,
        so1_0.is_active,
        so1_0.name,
        so1_0.name_norm,
        so1_0.remark,
        so1_0.sort_order,
        so1_0.updated_at 
    from
        dict_sales_office so1_0 
    where
        so1_0.id=?
Hibernate: 
    select
        so1_0.id,
        so1_0.code,
        so1_0.country_code,
        so1_0.created_at,
        so1_0.is_active,
        so1_0.name,
        so1_0.name_norm,
        so1_0.remark,
        so1_0.sort_order,
        so1_0.updated_at 
    from
        dict_sales_office so1_0 
    where
        so1_0.id=?
2026-02-06T16:10:03.177+08:00 DEBUG 11568 --- [logitrack-backend] [nio-8888-exec-5] org.hibernate.SQL                        : 
    select
        so1_0.id,
        so1_0.code,
        so1_0.country_code,
        so1_0.created_at,
        so1_0.is_active,
        so1_0.name,
        so1_0.name_norm,
        so1_0.remark,
        so1_0.sort_order,
        so1_0.updated_at 
    from
        dict_sales_office so1_0 
    where
        so1_0.id=?
Hibernate: 
    select
        so1_0.id,
        so1_0.code,
        so1_0.country_code,
        so1_0.created_at,
        so1_0.is_active,
        so1_0.name,
        so1_0.name_norm,
        so1_0.remark,
        so1_0.sort_order,
        so1_0.updated_at 
    from
        dict_sales_office so1_0 
    where
        so1_0.id=?
2026-02-06T16:10:03.182+08:00 DEBUG 11568 --- [logitrack-backend] [nio-8888-exec-5] org.hibernate.SQL                        : 
    select
        so1_0.id,
        so1_0.code,
        so1_0.country_code,
        so1_0.created_at,
        so1_0.is_active,
        so1_0.name,
        so1_0.name_norm,
        so1_0.remark,
        so1_0.sort_order,
        so1_0.updated_at 
    from
        dict_sales_office so1_0 
    where
        so1_0.id=?
Hibernate: 
    select
        so1_0.id,
        so1_0.code,
        so1_0.country_code,
        so1_0.created_at,
        so1_0.is_active,
        so1_0.name,
        so1_0.name_norm,
        so1_0.remark,
        so1_0.sort_order,
        so1_0.updated_at 
    from
        dict_sales_office so1_0 
    where
        so1_0.id=?
2026-02-06T16:10:03.186+08:00 DEBUG 11568 --- [logitrack-backend] [nio-8888-exec-5] org.hibernate.SQL                        : 
    select
        so1_0.id,
        so1_0.code,
        so1_0.country_code,
        so1_0.created_at,
        so1_0.is_active,
        so1_0.name,
        so1_0.name_norm,
        so1_0.remark,
        so1_0.sort_order,
        so1_0.updated_at 
    from
        dict_sales_office so1_0 
    where
        so1_0.id=?
Hibernate: 
    select
        so1_0.id,
        so1_0.code,
        so1_0.country_code,
        so1_0.created_at,
        so1_0.is_active,
        so1_0.name,
        so1_0.name_norm,
        so1_0.remark,
        so1_0.sort_order,
        so1_0.updated_at 
    from
        dict_sales_office so1_0 
    where
        so1_0.id=?
2026-02-06T16:10:03.191+08:00 DEBUG 11568 --- [logitrack-backend] [nio-8888-exec-5] org.hibernate.SQL                        : 
    select
        so1_0.id,
        so1_0.code,
        so1_0.country_code,
        so1_0.created_at,
        so1_0.is_active,
        so1_0.name,
        so1_0.name_norm,
        so1_0.remark,
        so1_0.sort_order,
        so1_0.updated_at 
    from
        dict_sales_office so1_0 
    where
        so1_0.id=?
Hibernate: 
    select
        so1_0.id,
        so1_0.code,
        so1_0.country_code,
        so1_0.created_at,
        so1_0.is_active,
        so1_0.name,
        so1_0.name_norm,
        so1_0.remark,
        so1_0.sort_order,
        so1_0.updated_at 
    from
        dict_sales_office so1_0 
    where
        so1_0.id=?
2026-02-06T16:10:03.197+08:00 DEBUG 11568 --- [logitrack-backend] [nio-8888-exec-5] org.hibernate.SQL                        : 
    select
        so1_0.id,
        so1_0.code,
        so1_0.country_code,
        so1_0.created_at,
        so1_0.is_active,
        so1_0.name,
        so1_0.name_norm,
        so1_0.remark,
        so1_0.sort_order,
        so1_0.updated_at 
    from
        dict_sales_office so1_0 
    where
        so1_0.id=?
Hibernate: 
    select
        so1_0.id,
        so1_0.code,
        so1_0.country_code,
        so1_0.created_at,
        so1_0.is_active,
        so1_0.name,
        so1_0.name_norm,
        so1_0.remark,
        so1_0.sort_order,
        so1_0.updated_at 
    from
        dict_sales_office so1_0 
    where
        so1_0.id=?
2026-02-06T16:10:03.201+08:00 DEBUG 11568 --- [logitrack-backend] [nio-8888-exec-5] org.hibernate.SQL                        : 
    select
        so1_0.id,
        so1_0.code,
        so1_0.country_code,
        so1_0.created_at,
        so1_0.is_active,
        so1_0.name,
        so1_0.name_norm,
        so1_0.remark,
        so1_0.sort_order,
        so1_0.updated_at 
    from
        dict_sales_office so1_0 
    where
        so1_0.id=?
Hibernate: 
    select
        so1_0.id,
        so1_0.code,
        so1_0.country_code,
        so1_0.created_at,
        so1_0.is_active,
        so1_0.name,
        so1_0.name_norm,
        so1_0.remark,
        so1_0.sort_order,
        so1_0.updated_at 
    from
        dict_sales_office so1_0 
    where
        so1_0.id=?
2026-02-06T16:10:03.205+08:00 DEBUG 11568 --- [logitrack-backend] [nio-8888-exec-5] org.hibernate.SQL                        : 
    select
        so1_0.id,
        so1_0.code,
        so1_0.country_code,
        so1_0.created_at,
        so1_0.is_active,
        so1_0.name,
        so1_0.name_norm,
        so1_0.remark,
        so1_0.sort_order,
        so1_0.updated_at 
    from
        dict_sales_office so1_0 
    where
        so1_0.id=?
Hibernate: 
    select
        so1_0.id,
        so1_0.code,
        so1_0.country_code,
        so1_0.created_at,
        so1_0.is_active,
        so1_0.name,
        so1_0.name_norm,
        so1_0.remark,
        so1_0.sort_order,
        so1_0.updated_at 
    from
        dict_sales_office so1_0 
    where
        so1_0.id=?
2026-02-06T16:10:03.212+08:00 DEBUG 11568 --- [logitrack-backend] [nio-8888-exec-5] org.hibernate.SQL                        : 
    select
        so1_0.id,
        so1_0.code,
        so1_0.country_code,
        so1_0.created_at,
        so1_0.is_active,
        so1_0.name,
        so1_0.name_norm,
        so1_0.remark,
        so1_0.sort_order,
        so1_0.updated_at 
    from
        dict_sales_office so1_0 
    where
        so1_0.id=?
Hibernate: 
    select
        so1_0.id,
        so1_0.code,
        so1_0.country_code,
        so1_0.created_at,
        so1_0.is_active,
        so1_0.name,
        so1_0.name_norm,
        so1_0.remark,
        so1_0.sort_order,
        so1_0.updated_at 
    from
        dict_sales_office so1_0 
    where
        so1_0.id=?
2026-02-06T16:10:03.218+08:00 DEBUG 11568 --- [logitrack-backend] [nio-8888-exec-5] org.hibernate.SQL                        : 
    select
        so1_0.id,
        so1_0.code,
        so1_0.country_code,
        so1_0.created_at,
        so1_0.is_active,
        so1_0.name,
        so1_0.name_norm,
        so1_0.remark,
        so1_0.sort_order,
        so1_0.updated_at 
    from
        dict_sales_office so1_0 
    where
        so1_0.id=?
Hibernate: 
    select
        so1_0.id,
        so1_0.code,
        so1_0.country_code,
        so1_0.created_at,
        so1_0.is_active,
        so1_0.name,
        so1_0.name_norm,
        so1_0.remark,
        so1_0.sort_order,
        so1_0.updated_at 
    from
        dict_sales_office so1_0 
    where
        so1_0.id=?
2026-02-06T16:10:03.225+08:00 DEBUG 11568 --- [logitrack-backend] [nio-8888-exec-5] org.hibernate.SQL                        : 
    select
        so1_0.id,
        so1_0.code,
        so1_0.country_code,
        so1_0.created_at,
        so1_0.is_active,
        so1_0.name,
        so1_0.name_norm,
        so1_0.remark,
        so1_0.sort_order,
        so1_0.updated_at 
    from
        dict_sales_office so1_0 
    where
        so1_0.id=?
Hibernate: 
    select
        so1_0.id,
        so1_0.code,
        so1_0.country_code,
        so1_0.created_at,
        so1_0.is_active,
        so1_0.name,
        so1_0.name_norm,
        so1_0.remark,
        so1_0.sort_order,
        so1_0.updated_at 
    from
        dict_sales_office so1_0 
    where
        so1_0.id=?
2026-02-06T16:10:03.229+08:00 DEBUG 11568 --- [logitrack-backend] [nio-8888-exec-5] org.hibernate.SQL                        : 
    select
        so1_0.id,
        so1_0.code,
        so1_0.country_code,
        so1_0.created_at,
        so1_0.is_active,
        so1_0.name,
        so1_0.name_norm,
        so1_0.remark,
        so1_0.sort_order,
        so1_0.updated_at 
    from
        dict_sales_office so1_0 
    where
        so1_0.id=?
Hibernate: 
    select
        so1_0.id,
        so1_0.code,
        so1_0.country_code,
        so1_0.created_at,
        so1_0.is_active,
        so1_0.name,
        so1_0.name_norm,
        so1_0.remark,
        so1_0.sort_order,
        so1_0.updated_at 
    from
        dict_sales_office so1_0 
    where
        so1_0.id=?
2026-02-06T16:10:03.233+08:00 DEBUG 11568 --- [logitrack-backend] [nio-8888-exec-5] org.hibernate.SQL                        : 
    select
        so1_0.id,
        so1_0.code,
        so1_0.country_code,
        so1_0.created_at,
        so1_0.is_active,
        so1_0.name,
        so1_0.name_norm,
        so1_0.remark,
        so1_0.sort_order,
        so1_0.updated_at 
    from
        dict_sales_office so1_0 
    where
        so1_0.id=?
Hibernate: 
    select
        so1_0.id,
        so1_0.code,
        so1_0.country_code,
        so1_0.created_at,
        so1_0.is_active,
        so1_0.name,
        so1_0.name_norm,
        so1_0.remark,
        so1_0.sort_order,
        so1_0.updated_at 
    from
        dict_sales_office so1_0 
    where
        so1_0.id=?
2026-02-06T16:10:03.237+08:00 DEBUG 11568 --- [logitrack-backend] [nio-8888-exec-5] org.hibernate.SQL                        : 
    select
        so1_0.id,
        so1_0.code,
        so1_0.country_code,
        so1_0.created_at,
        so1_0.is_active,
        so1_0.name,
        so1_0.name_norm,
        so1_0.remark,
        so1_0.sort_order,
        so1_0.updated_at 
    from
        dict_sales_office so1_0 
    where
        so1_0.id=?
Hibernate: 
    select
        so1_0.id,
        so1_0.code,
        so1_0.country_code,
        so1_0.created_at,
        so1_0.is_active,
        so1_0.name,
        so1_0.name_norm,
        so1_0.remark,
        so1_0.sort_order,
        so1_0.updated_at 
    from
        dict_sales_office so1_0 
    where
        so1_0.id=?
2026-02-06T16:10:03.243+08:00 DEBUG 11568 --- [logitrack-backend] [nio-8888-exec-5] org.hibernate.SQL                        : 
    select
        so1_0.id,
        so1_0.code,
        so1_0.country_code,
        so1_0.created_at,
        so1_0.is_active,
        so1_0.name,
        so1_0.name_norm,
        so1_0.remark,
        so1_0.sort_order,
        so1_0.updated_at 
    from
        dict_sales_office so1_0 
    where
        so1_0.id=?
Hibernate: 
    select
        so1_0.id,
        so1_0.code,
        so1_0.country_code,
        so1_0.created_at,
        so1_0.is_active,
        so1_0.name,
        so1_0.name_norm,
        so1_0.remark,
        so1_0.sort_order,
        so1_0.updated_at 
    from
        dict_sales_office so1_0 
    where
        so1_0.id=?
2026-02-06T16:10:03.354+08:00 DEBUG 11568 --- [logitrack-backend] [nio-8888-exec-5] org.hibernate.SQL                        : 
    select
        so1_0.id,
        so1_0.code,
        so1_0.country_code,
        so1_0.created_at,
        so1_0.is_active,
        so1_0.name,
        so1_0.name_norm,
        so1_0.remark,
        so1_0.sort_order,
        so1_0.updated_at 
    from
        dict_sales_office so1_0 
    where
        so1_0.id=?
Hibernate: 
    select
        so1_0.id,
        so1_0.code,
        so1_0.country_code,
        so1_0.created_at,
        so1_0.is_active,
        so1_0.name,
        so1_0.name_norm,
        so1_0.remark,
        so1_0.sort_order,
        so1_0.updated_at 
    from
        dict_sales_office so1_0 
    where
        so1_0.id=?
2026-02-06T16:10:03.388+08:00 DEBUG 11568 --- [logitrack-backend] [nio-8888-exec-5] org.hibernate.SQL                        : 
    select
        so1_0.id,
        so1_0.code,
        so1_0.country_code,
        so1_0.created_at,
        so1_0.is_active,
        so1_0.name,
        so1_0.name_norm,
        so1_0.remark,
        so1_0.sort_order,
        so1_0.updated_at 
    from
        dict_sales_office so1_0 
    where
        so1_0.id=?
Hibernate: 
    select
        so1_0.id,
        so1_0.code,
        so1_0.country_code,
        so1_0.created_at,
        so1_0.is_active,
        so1_0.name,
        so1_0.name_norm,
        so1_0.remark,
        so1_0.sort_order,
        so1_0.updated_at 
    from
        dict_sales_office so1_0 
    where
        so1_0.id=?
2026-02-06T16:10:03.396+08:00 DEBUG 11568 --- [logitrack-backend] [nio-8888-exec-5] org.hibernate.SQL                        : 
    select
        so1_0.id,
        so1_0.code,
        so1_0.country_code,
        so1_0.created_at,
        so1_0.is_active,
        so1_0.name,
        so1_0.name_norm,
        so1_0.remark,
        so1_0.sort_order,
        so1_0.updated_at 
    from
        dict_sales_office so1_0 
    where
        so1_0.id=?
Hibernate: 
    select
        so1_0.id,
        so1_0.code,
        so1_0.country_code,
        so1_0.created_at,
        so1_0.is_active,
        so1_0.name,
        so1_0.name_norm,
        so1_0.remark,
        so1_0.sort_order,
        so1_0.updated_at 
    from
        dict_sales_office so1_0 
    where
        so1_0.id=?
2026-02-06T16:10:03.402+08:00 DEBUG 11568 --- [logitrack-backend] [nio-8888-exec-5] org.hibernate.SQL                        : 
    select
        so1_0.id,
        so1_0.code,
        so1_0.country_code,
        so1_0.created_at,
        so1_0.is_active,
        so1_0.name,
        so1_0.name_norm,
        so1_0.remark,
        so1_0.sort_order,
        so1_0.updated_at 
    from
        dict_sales_office so1_0 
    where
        so1_0.id=?
Hibernate: 
    select
        so1_0.id,
        so1_0.code,
        so1_0.country_code,
        so1_0.created_at,
        so1_0.is_active,
        so1_0.name,
        so1_0.name_norm,
        so1_0.remark,
        so1_0.sort_order,
        so1_0.updated_at 
    from
        dict_sales_office so1_0 
    where
        so1_0.id=?
2026-02-06T16:10:03.414+08:00 DEBUG 11568 --- [logitrack-backend] [nio-8888-exec-5] org.hibernate.SQL                        : 
    select
        so1_0.id,
        so1_0.code,
        so1_0.country_code,
        so1_0.created_at,
        so1_0.is_active,
        so1_0.name,
        so1_0.name_norm,
        so1_0.remark,
        so1_0.sort_order,
        so1_0.updated_at 
    from
        dict_sales_office so1_0 
    where
        so1_0.id=?
Hibernate: 
    select
        so1_0.id,
        so1_0.code,
        so1_0.country_code,
        so1_0.created_at,
        so1_0.is_active,
        so1_0.name,
        so1_0.name_norm,
        so1_0.remark,
        so1_0.sort_order,
        so1_0.updated_at 
    from
        dict_sales_office so1_0 
    where
        so1_0.id=?
2026-02-06T16:10:03.425+08:00 DEBUG 11568 --- [logitrack-backend] [nio-8888-exec-5] org.hibernate.SQL                        : 
    select
        so1_0.id,
        so1_0.code,
        so1_0.country_code,
        so1_0.created_at,
        so1_0.is_active,
        so1_0.name,
        so1_0.name_norm,
        so1_0.remark,
        so1_0.sort_order,
        so1_0.updated_at 
    from
        dict_sales_office so1_0 
    where
        so1_0.id=?
Hibernate: 
    select
        so1_0.id,
        so1_0.code,
        so1_0.country_code,
        so1_0.created_at,
        so1_0.is_active,
        so1_0.name,
        so1_0.name_norm,
        so1_0.remark,
        so1_0.sort_order,
        so1_0.updated_at 
    from
        dict_sales_office so1_0 
    where
        so1_0.id=?
2026-02-06T16:10:03.429+08:00 DEBUG 11568 --- [logitrack-backend] [nio-8888-exec-5] org.hibernate.SQL                        : 
    select
        so1_0.id,
        so1_0.code,
        so1_0.country_code,
        so1_0.created_at,
        so1_0.is_active,
        so1_0.name,
        so1_0.name_norm,
        so1_0.remark,
        so1_0.sort_order,
        so1_0.updated_at 
    from
        dict_sales_office so1_0 
    where
        so1_0.id=?
Hibernate: 
    select
        so1_0.id,
        so1_0.code,
        so1_0.country_code,
        so1_0.created_at,
        so1_0.is_active,
        so1_0.name,
        so1_0.name_norm,
        so1_0.remark,
        so1_0.sort_order,
        so1_0.updated_at 
    from
        dict_sales_office so1_0 
    where
        so1_0.id=?
2026-02-06T16:10:03.432+08:00 DEBUG 11568 --- [logitrack-backend] [nio-8888-exec-5] org.hibernate.SQL                        : 
    select
        so1_0.id,
        so1_0.code,
        so1_0.country_code,
        so1_0.created_at,
        so1_0.is_active,
        so1_0.name,
        so1_0.name_norm,
        so1_0.remark,
        so1_0.sort_order,
        so1_0.updated_at 
    from
        dict_sales_office so1_0 
    where
        so1_0.id=?
Hibernate: 
    select
        so1_0.id,
        so1_0.code,
        so1_0.country_code,
        so1_0.created_at,
        so1_0.is_active,
        so1_0.name,
        so1_0.name_norm,
        so1_0.remark,
        so1_0.sort_order,
        so1_0.updated_at 
    from
        dict_sales_office so1_0 
    where
        so1_0.id=?
2026-02-06T16:10:03.877+08:00 DEBUG 11568 --- [logitrack-backend] [nio-8888-exec-5] org.hibernate.SQL                        : 
    select
        so1_0.id,
        so1_0.code,
        so1_0.country_code,
        so1_0.created_at,
        so1_0.is_active,
        so1_0.name,
        so1_0.name_norm,
        so1_0.remark,
        so1_0.sort_order,
        so1_0.updated_at 
    from
        dict_sales_office so1_0 
    where
        so1_0.id=?
Hibernate: 
    select
        so1_0.id,
        so1_0.code,
        so1_0.country_code,
        so1_0.created_at,
        so1_0.is_active,
        so1_0.name,
        so1_0.name_norm,
        so1_0.remark,
        so1_0.sort_order,
        so1_0.updated_at 
    from
        dict_sales_office so1_0 
    where
        so1_0.id=?
2026-02-06T16:10:04.011+08:00 DEBUG 11568 --- [logitrack-backend] [nio-8888-exec-5] org.hibernate.SQL                        : 
    select
        so1_0.id,
        so1_0.code,
        so1_0.country_code,
        so1_0.created_at,
        so1_0.is_active,
        so1_0.name,
        so1_0.name_norm,
        so1_0.remark,
        so1_0.sort_order,
        so1_0.updated_at 
    from
        dict_sales_office so1_0 
    where
        so1_0.id=?
Hibernate: 
    select
        so1_0.id,
        so1_0.code,
        so1_0.country_code,
        so1_0.created_at,
        so1_0.is_active,
        so1_0.name,
        so1_0.name_norm,
        so1_0.remark,
        so1_0.sort_order,
        so1_0.updated_at 
    from
        dict_sales_office so1_0 
    where
        so1_0.id=?
2026-02-06T16:10:04.020+08:00 DEBUG 11568 --- [logitrack-backend] [nio-8888-exec-5] org.hibernate.SQL                        : 
    select
        so1_0.id,
        so1_0.code,
        so1_0.country_code,
        so1_0.created_at,
        so1_0.is_active,
        so1_0.name,
        so1_0.name_norm,
        so1_0.remark,
        so1_0.sort_order,
        so1_0.updated_at 
    from
        dict_sales_office so1_0 
    where
        so1_0.id=?
Hibernate: 
    select
        so1_0.id,
        so1_0.code,
        so1_0.country_code,
        so1_0.created_at,
        so1_0.is_active,
        so1_0.name,
        so1_0.name_norm,
        so1_0.remark,
        so1_0.sort_order,
        so1_0.updated_at 
    from
        dict_sales_office so1_0 
    where
        so1_0.id=?
2026-02-06T16:10:04.043+08:00 DEBUG 11568 --- [logitrack-backend] [nio-8888-exec-5] org.hibernate.SQL                        : 
    select
        so1_0.id,
        so1_0.code,
        so1_0.country_code,
        so1_0.created_at,
        so1_0.is_active,
        so1_0.name,
        so1_0.name_norm,
        so1_0.remark,
        so1_0.sort_order,
        so1_0.updated_at 
    from
        dict_sales_office so1_0 
    where
        so1_0.id=?
Hibernate: 
    select
        so1_0.id,
        so1_0.code,
        so1_0.country_code,
        so1_0.created_at,
        so1_0.is_active,
        so1_0.name,
        so1_0.name_norm,
        so1_0.remark,
        so1_0.sort_order,
        so1_0.updated_at 
    from
        dict_sales_office so1_0 
    where
        so1_0.id=?
2026-02-06T16:10:04.108+08:00 DEBUG 11568 --- [logitrack-backend] [nio-8888-exec-5] org.hibernate.SQL                        : 
    select
        so1_0.id,
        so1_0.code,
        so1_0.country_code,
        so1_0.created_at,
        so1_0.is_active,
        so1_0.name,
        so1_0.name_norm,
        so1_0.remark,
        so1_0.sort_order,
        so1_0.updated_at 
    from
        dict_sales_office so1_0 
    where
        so1_0.id=?
Hibernate: 
    select
        so1_0.id,
        so1_0.code,
        so1_0.country_code,
        so1_0.created_at,
        so1_0.is_active,
        so1_0.name,
        so1_0.name_norm,
        so1_0.remark,
        so1_0.sort_order,
        so1_0.updated_at 
    from
        dict_sales_office so1_0 
    where
        so1_0.id=?
2026-02-06T16:10:04.112+08:00 DEBUG 11568 --- [logitrack-backend] [nio-8888-exec-5] org.hibernate.SQL                        : 
    select
        so1_0.id,
        so1_0.code,
        so1_0.country_code,
        so1_0.created_at,
        so1_0.is_active,
        so1_0.name,
        so1_0.name_norm,
        so1_0.remark,
        so1_0.sort_order,
        so1_0.updated_at 
    from
        dict_sales_office so1_0 
    where
        so1_0.id=?
Hibernate: 
    select
        so1_0.id,
        so1_0.code,
        so1_0.country_code,
        so1_0.created_at,
        so1_0.is_active,
        so1_0.name,
        so1_0.name_norm,
        so1_0.remark,
        so1_0.sort_order,
        so1_0.updated_at 
    from
        dict_sales_office so1_0 
    where
        so1_0.id=?
2026-02-06T16:10:04.117+08:00 DEBUG 11568 --- [logitrack-backend] [nio-8888-exec-5] org.hibernate.SQL                        : 
    select
        so1_0.id,
        so1_0.code,
        so1_0.country_code,
        so1_0.created_at,
        so1_0.is_active,
        so1_0.name,
        so1_0.name_norm,
        so1_0.remark,
        so1_0.sort_order,
        so1_0.updated_at 
    from
        dict_sales_office so1_0 
    where
        so1_0.id=?
Hibernate: 
    select
        so1_0.id,
        so1_0.code,
        so1_0.country_code,
        so1_0.created_at,
        so1_0.is_active,
        so1_0.name,
        so1_0.name_norm,
        so1_0.remark,
        so1_0.sort_order,
        so1_0.updated_at 
    from
        dict_sales_office so1_0 
    where
        so1_0.id=?
2026-02-06T16:10:04.121+08:00 DEBUG 11568 --- [logitrack-backend] [nio-8888-exec-5] org.hibernate.SQL                        : 
    select
        so1_0.id,
        so1_0.code,
        so1_0.country_code,
        so1_0.created_at,
        so1_0.is_active,
        so1_0.name,
        so1_0.name_norm,
        so1_0.remark,
        so1_0.sort_order,
        so1_0.updated_at 
    from
        dict_sales_office so1_0 
    where
        so1_0.id=?
Hibernate: 
    select
        so1_0.id,
        so1_0.code,
        so1_0.country_code,
        so1_0.created_at,
        so1_0.is_active,
        so1_0.name,
        so1_0.name_norm,
        so1_0.remark,
        so1_0.sort_order,
        so1_0.updated_at 
    from
        dict_sales_office so1_0 
    where
        so1_0.id=?
2026-02-06T16:10:04.124+08:00 DEBUG 11568 --- [logitrack-backend] [nio-8888-exec-5] org.hibernate.SQL                        : 
    select
        so1_0.id,
        so1_0.code,
        so1_0.country_code,
        so1_0.created_at,
        so1_0.is_active,
        so1_0.name,
        so1_0.name_norm,
        so1_0.remark,
        so1_0.sort_order,
        so1_0.updated_at 
    from
        dict_sales_office so1_0 
    where
        so1_0.id=?
Hibernate: 
    select
        so1_0.id,
        so1_0.code,
        so1_0.country_code,
        so1_0.created_at,
        so1_0.is_active,
        so1_0.name,
        so1_0.name_norm,
        so1_0.remark,
        so1_0.sort_order,
        so1_0.updated_at 
    from
        dict_sales_office so1_0 
    where
        so1_0.id=?
2026-02-06T16:10:04.128+08:00 DEBUG 11568 --- [logitrack-backend] [nio-8888-exec-5] org.hibernate.SQL                        : 
    select
        so1_0.id,
        so1_0.code,
        so1_0.country_code,
        so1_0.created_at,
        so1_0.is_active,
        so1_0.name,
        so1_0.name_norm,
        so1_0.remark,
        so1_0.sort_order,
        so1_0.updated_at 
    from
        dict_sales_office so1_0 
    where
        so1_0.id=?
Hibernate: 
    select
        so1_0.id,
        so1_0.code,
        so1_0.country_code,
        so1_0.created_at,
        so1_0.is_active,
        so1_0.name,
        so1_0.name_norm,
        so1_0.remark,
        so1_0.sort_order,
        so1_0.updated_at 
    from
        dict_sales_office so1_0 
    where
        so1_0.id=?
2026-02-06T16:10:04.131+08:00 DEBUG 11568 --- [logitrack-backend] [nio-8888-exec-5] org.hibernate.SQL                        : 
    select
        so1_0.id,
        so1_0.code,
        so1_0.country_code,
        so1_0.created_at,
        so1_0.is_active,
        so1_0.name,
        so1_0.name_norm,
        so1_0.remark,
        so1_0.sort_order,
        so1_0.updated_at 
    from
        dict_sales_office so1_0 
    where
        so1_0.id=?
Hibernate: 
    select
        so1_0.id,
        so1_0.code,
        so1_0.country_code,
        so1_0.created_at,
        so1_0.is_active,
        so1_0.name,
        so1_0.name_norm,
        so1_0.remark,
        so1_0.sort_order,
        so1_0.updated_at 
    from
        dict_sales_office so1_0 
    where
        so1_0.id=?
2026-02-06T16:10:04.137+08:00 DEBUG 11568 --- [logitrack-backend] [nio-8888-exec-5] org.hibernate.SQL                        : 
    select
        so1_0.id,
        so1_0.code,
        so1_0.country_code,
        so1_0.created_at,
        so1_0.is_active,
        so1_0.name,
        so1_0.name_norm,
        so1_0.remark,
        so1_0.sort_order,
        so1_0.updated_at 
    from
        dict_sales_office so1_0 
    where
        so1_0.id=?
Hibernate: 
    select
        so1_0.id,
        so1_0.code,
        so1_0.country_code,
        so1_0.created_at,
        so1_0.is_active,
        so1_0.name,
        so1_0.name_norm,
        so1_0.remark,
        so1_0.sort_order,
        so1_0.updated_at 
    from
        dict_sales_office so1_0 
    where
        so1_0.id=?
2026-02-06T16:10:04.140+08:00 DEBUG 11568 --- [logitrack-backend] [nio-8888-exec-5] org.hibernate.SQL                        : 
    select
        so1_0.id,
        so1_0.code,
        so1_0.country_code,
        so1_0.created_at,
        so1_0.is_active,
        so1_0.name,
        so1_0.name_norm,
        so1_0.remark,
        so1_0.sort_order,
        so1_0.updated_at 
    from
        dict_sales_office so1_0 
    where
        so1_0.id=?
Hibernate: 
    select
        so1_0.id,
        so1_0.code,
        so1_0.country_code,
        so1_0.created_at,
        so1_0.is_active,
        so1_0.name,
        so1_0.name_norm,
        so1_0.remark,
        so1_0.sort_order,
        so1_0.updated_at 
    from
        dict_sales_office so1_0 
    where
        so1_0.id=?
2026-02-06T16:10:04.145+08:00 DEBUG 11568 --- [logitrack-backend] [nio-8888-exec-5] org.hibernate.SQL                        : 
    select
        so1_0.id,
        so1_0.code,
        so1_0.country_code,
        so1_0.created_at,
        so1_0.is_active,
        so1_0.name,
        so1_0.name_norm,
        so1_0.remark,
        so1_0.sort_order,
        so1_0.updated_at 
    from
        dict_sales_office so1_0 
    where
        so1_0.id=?
Hibernate: 
    select
        so1_0.id,
        so1_0.code,
        so1_0.country_code,
        so1_0.created_at,
        so1_0.is_active,
        so1_0.name,
        so1_0.name_norm,
        so1_0.remark,
        so1_0.sort_order,
        so1_0.updated_at 
    from
        dict_sales_office so1_0 
    where
        so1_0.id=?
2026-02-06T16:10:04.161+08:00 DEBUG 11568 --- [logitrack-backend] [nio-8888-exec-5] org.hibernate.SQL                        : 
    select
        so1_0.id,
        so1_0.code,
        so1_0.country_code,
        so1_0.created_at,
        so1_0.is_active,
        so1_0.name,
        so1_0.name_norm,
        so1_0.remark,
        so1_0.sort_order,
        so1_0.updated_at 
    from
        dict_sales_office so1_0 
    where
        so1_0.id=?
Hibernate: 
    select
        so1_0.id,
        so1_0.code,
        so1_0.country_code,
        so1_0.created_at,
        so1_0.is_active,
        so1_0.name,
        so1_0.name_norm,
        so1_0.remark,
        so1_0.sort_order,
        so1_0.updated_at 
    from
        dict_sales_office so1_0 
    where
        so1_0.id=?
2026-02-06T16:10:04.216+08:00 DEBUG 11568 --- [logitrack-backend] [nio-8888-exec-5] org.hibernate.SQL                        : 
    select
        so1_0.id,
        so1_0.code,
        so1_0.country_code,
        so1_0.created_at,
        so1_0.is_active,
        so1_0.name,
        so1_0.name_norm,
        so1_0.remark,
        so1_0.sort_order,
        so1_0.updated_at 
    from
        dict_sales_office so1_0 
    where
        so1_0.id=?
Hibernate: 
    select
        so1_0.id,
        so1_0.code,
        so1_0.country_code,
        so1_0.created_at,
        so1_0.is_active,
        so1_0.name,
        so1_0.name_norm,
        so1_0.remark,
        so1_0.sort_order,
        so1_0.updated_at 
    from
        dict_sales_office so1_0 
    where
        so1_0.id=?
2026-02-06T16:10:04.272+08:00 DEBUG 11568 --- [logitrack-backend] [nio-8888-exec-5] org.hibernate.SQL                        : 
    select
        so1_0.id,
        so1_0.code,
        so1_0.country_code,
        so1_0.created_at,
        so1_0.is_active,
        so1_0.name,
        so1_0.name_norm,
        so1_0.remark,
        so1_0.sort_order,
        so1_0.updated_at 
    from
        dict_sales_office so1_0 
    where
        so1_0.id=?
Hibernate: 
    select
        so1_0.id,
        so1_0.code,
        so1_0.country_code,
        so1_0.created_at,
        so1_0.is_active,
        so1_0.name,
        so1_0.name_norm,
        so1_0.remark,
        so1_0.sort_order,
        so1_0.updated_at 
    from
        dict_sales_office so1_0 
    where
        so1_0.id=?
2026-02-06T16:10:04.291+08:00 DEBUG 11568 --- [logitrack-backend] [nio-8888-exec-5] org.hibernate.SQL                        : 
    select
        so1_0.id,
        so1_0.code,
        so1_0.country_code,
        so1_0.created_at,
        so1_0.is_active,
        so1_0.name,
        so1_0.name_norm,
        so1_0.remark,
        so1_0.sort_order,
        so1_0.updated_at 
    from
        dict_sales_office so1_0 
    where
        so1_0.id=?
Hibernate: 
    select
        so1_0.id,
        so1_0.code,
        so1_0.country_code,
        so1_0.created_at,
        so1_0.is_active,
        so1_0.name,
        so1_0.name_norm,
        so1_0.remark,
        so1_0.sort_order,
        so1_0.updated_at 
    from
        dict_sales_office so1_0 
    where
        so1_0.id=?
2026-02-06T16:10:04.304+08:00 DEBUG 11568 --- [logitrack-backend] [nio-8888-exec-5] org.hibernate.SQL                        : 
    select
        so1_0.id,
        so1_0.code,
        so1_0.country_code,
        so1_0.created_at,
        so1_0.is_active,
        so1_0.name,
        so1_0.name_norm,
        so1_0.remark,
        so1_0.sort_order,
        so1_0.updated_at 
    from
        dict_sales_office so1_0 
    where
        so1_0.id=?
Hibernate: 
    select
        so1_0.id,
        so1_0.code,
        so1_0.country_code,
        so1_0.created_at,
        so1_0.is_active,
        so1_0.name,
        so1_0.name_norm,
        so1_0.remark,
        so1_0.sort_order,
        so1_0.updated_at 
    from
        dict_sales_office so1_0 
    where
        so1_0.id=?
2026-02-06T16:10:04.311+08:00 DEBUG 11568 --- [logitrack-backend] [nio-8888-exec-5] org.hibernate.SQL                        : 
    select
        so1_0.id,
        so1_0.code,
        so1_0.country_code,
        so1_0.created_at,
        so1_0.is_active,
        so1_0.name,
        so1_0.name_norm,
        so1_0.remark,
        so1_0.sort_order,
        so1_0.updated_at 
    from
        dict_sales_office so1_0 
    where
        so1_0.id=?
Hibernate: 
    select
        so1_0.id,
        so1_0.code,
        so1_0.country_code,
        so1_0.created_at,
        so1_0.is_active,
        so1_0.name,
        so1_0.name_norm,
        so1_0.remark,
        so1_0.sort_order,
        so1_0.updated_at 
    from
        dict_sales_office so1_0 
    where
        so1_0.id=?
2026-02-06T16:10:04.330+08:00 DEBUG 11568 --- [logitrack-backend] [nio-8888-exec-5] org.hibernate.SQL                        : 
    select
        so1_0.id,
        so1_0.code,
        so1_0.country_code,
        so1_0.created_at,
        so1_0.is_active,
        so1_0.name,
        so1_0.name_norm,
        so1_0.remark,
        so1_0.sort_order,
        so1_0.updated_at 
    from
        dict_sales_office so1_0 
    where
        so1_0.id=?
Hibernate: 
    select
        so1_0.id,
        so1_0.code,
        so1_0.country_code,
        so1_0.created_at,
        so1_0.is_active,
        so1_0.name,
        so1_0.name_norm,
        so1_0.remark,
        so1_0.sort_order,
        so1_0.updated_at 
    from
        dict_sales_office so1_0 
    where
        so1_0.id=?
2026-02-06T16:10:04.338+08:00 DEBUG 11568 --- [logitrack-backend] [nio-8888-exec-5] org.hibernate.SQL                        : 
    select
        so1_0.id,
        so1_0.code,
        so1_0.country_code,
        so1_0.created_at,
        so1_0.is_active,
        so1_0.name,
        so1_0.name_norm,
        so1_0.remark,
        so1_0.sort_order,
        so1_0.updated_at 
    from
        dict_sales_office so1_0 
    where
        so1_0.id=?
Hibernate: 
    select
        so1_0.id,
        so1_0.code,
        so1_0.country_code,
        so1_0.created_at,
        so1_0.is_active,
        so1_0.name,
        so1_0.name_norm,
        so1_0.remark,
        so1_0.sort_order,
        so1_0.updated_at 
    from
        dict_sales_office so1_0 
    where
        so1_0.id=?
2026-02-06T16:10:04.365+08:00 DEBUG 11568 --- [logitrack-backend] [nio-8888-exec-5] org.hibernate.SQL                        : 
    select
        so1_0.id,
        so1_0.code,
        so1_0.country_code,
        so1_0.created_at,
        so1_0.is_active,
        so1_0.name,
        so1_0.name_norm,
        so1_0.remark,
        so1_0.sort_order,
        so1_0.updated_at 
    from
        dict_sales_office so1_0 
    where
        so1_0.id=?
Hibernate: 
    select
        so1_0.id,
        so1_0.code,
        so1_0.country_code,
        so1_0.created_at,
        so1_0.is_active,
        so1_0.name,
        so1_0.name_norm,
        so1_0.remark,
        so1_0.sort_order,
        so1_0.updated_at 
    from
        dict_sales_office so1_0 
    where
        so1_0.id=?
2026-02-06T16:10:04.373+08:00 DEBUG 11568 --- [logitrack-backend] [nio-8888-exec-5] org.hibernate.SQL                        : 
    select
        so1_0.id,
        so1_0.code,
        so1_0.country_code,
        so1_0.created_at,
        so1_0.is_active,
        so1_0.name,
        so1_0.name_norm,
        so1_0.remark,
        so1_0.sort_order,
        so1_0.updated_at 
    from
        dict_sales_office so1_0 
    where
        so1_0.id=?
Hibernate: 
    select
        so1_0.id,
        so1_0.code,
        so1_0.country_code,
        so1_0.created_at,
        so1_0.is_active,
        so1_0.name,
        so1_0.name_norm,
        so1_0.remark,
        so1_0.sort_order,
        so1_0.updated_at 
    from
        dict_sales_office so1_0 
    where
        so1_0.id=?
2026-02-06T16:10:04.381+08:00 DEBUG 11568 --- [logitrack-backend] [nio-8888-exec-5] org.hibernate.SQL                        : 
    select
        so1_0.id,
        so1_0.code,
        so1_0.country_code,
        so1_0.created_at,
        so1_0.is_active,
        so1_0.name,
        so1_0.name_norm,
        so1_0.remark,
        so1_0.sort_order,
        so1_0.updated_at 
    from
        dict_sales_office so1_0 
    where
        so1_0.id=?
Hibernate: 
    select
        so1_0.id,
        so1_0.code,
        so1_0.country_code,
        so1_0.created_at,
        so1_0.is_active,
        so1_0.name,
        so1_0.name_norm,
        so1_0.remark,
        so1_0.sort_order,
        so1_0.updated_at 
    from
        dict_sales_office so1_0 
    where
        so1_0.id=?
2026-02-06T16:10:04.415+08:00 DEBUG 11568 --- [logitrack-backend] [nio-8888-exec-5] org.hibernate.SQL                        : 
    select
        so1_0.id,
        so1_0.code,
        so1_0.country_code,
        so1_0.created_at,
        so1_0.is_active,
        so1_0.name,
        so1_0.name_norm,
        so1_0.remark,
        so1_0.sort_order,
        so1_0.updated_at 
    from
        dict_sales_office so1_0 
    where
        so1_0.id=?
Hibernate: 
    select
        so1_0.id,
        so1_0.code,
        so1_0.country_code,
        so1_0.created_at,
        so1_0.is_active,
        so1_0.name,
        so1_0.name_norm,
        so1_0.remark,
        so1_0.sort_order,
        so1_0.updated_at 
    from
        dict_sales_office so1_0 
    where
        so1_0.id=?
2026-02-06T16:10:04.424+08:00 DEBUG 11568 --- [logitrack-backend] [nio-8888-exec-5] org.hibernate.SQL                        : 
    select
        so1_0.id,
        so1_0.code,
        so1_0.country_code,
        so1_0.created_at,
        so1_0.is_active,
        so1_0.name,
        so1_0.name_norm,
        so1_0.remark,
        so1_0.sort_order,
        so1_0.updated_at 
    from
        dict_sales_office so1_0 
    where
        so1_0.id=?
Hibernate: 
    select
        so1_0.id,
        so1_0.code,
        so1_0.country_code,
        so1_0.created_at,
        so1_0.is_active,
        so1_0.name,
        so1_0.name_norm,
        so1_0.remark,
        so1_0.sort_order,
        so1_0.updated_at 
    from
        dict_sales_office so1_0 
    where
        so1_0.id=?
2026-02-06T16:10:04.440+08:00 DEBUG 11568 --- [logitrack-backend] [nio-8888-exec-5] org.hibernate.SQL                        : 
    select
        so1_0.id,
        so1_0.code,
        so1_0.country_code,
        so1_0.created_at,
        so1_0.is_active,
        so1_0.name,
        so1_0.name_norm,
        so1_0.remark,
        so1_0.sort_order,
        so1_0.updated_at 
    from
        dict_sales_office so1_0 
    where
        so1_0.id=?
Hibernate: 
    select
        so1_0.id,
        so1_0.code,
        so1_0.country_code,
        so1_0.created_at,
        so1_0.is_active,
        so1_0.name,
        so1_0.name_norm,
        so1_0.remark,
        so1_0.sort_order,
        so1_0.updated_at 
    from
        dict_sales_office so1_0 
    where
        so1_0.id=?
2026-02-06T16:10:04.468+08:00 DEBUG 11568 --- [logitrack-backend] [nio-8888-exec-5] org.hibernate.SQL                        : 
    select
        so1_0.id,
        so1_0.code,
        so1_0.country_code,
        so1_0.created_at,
        so1_0.is_active,
        so1_0.name,
        so1_0.name_norm,
        so1_0.remark,
        so1_0.sort_order,
        so1_0.updated_at 
    from
        dict_sales_office so1_0 
    where
        so1_0.id=?
Hibernate: 
    select
        so1_0.id,
        so1_0.code,
        so1_0.country_code,
        so1_0.created_at,
        so1_0.is_active,
        so1_0.name,
        so1_0.name_norm,
        so1_0.remark,
        so1_0.sort_order,
        so1_0.updated_at 
    from
        dict_sales_office so1_0 
    where
        so1_0.id=?
2026-02-06T16:10:04.475+08:00 DEBUG 11568 --- [logitrack-backend] [nio-8888-exec-5] org.hibernate.SQL                        : 
    select
        so1_0.id,
        so1_0.code,
        so1_0.country_code,
        so1_0.created_at,
        so1_0.is_active,
        so1_0.name,
        so1_0.name_norm,
        so1_0.remark,
        so1_0.sort_order,
        so1_0.updated_at 
    from
        dict_sales_office so1_0 
    where
        so1_0.id=?
Hibernate: 
    select
        so1_0.id,
        so1_0.code,
        so1_0.country_code,
        so1_0.created_at,
        so1_0.is_active,
        so1_0.name,
        so1_0.name_norm,
        so1_0.remark,
        so1_0.sort_order,
        so1_0.updated_at 
    from
        dict_sales_office so1_0 
    where
        so1_0.id=?
2026-02-06T16:10:04.479+08:00 DEBUG 11568 --- [logitrack-backend] [nio-8888-exec-5] org.hibernate.SQL                        : 
    select
        so1_0.id,
        so1_0.code,
        so1_0.country_code,
        so1_0.created_at,
        so1_0.is_active,
        so1_0.name,
        so1_0.name_norm,
        so1_0.remark,
        so1_0.sort_order,
        so1_0.updated_at 
    from
        dict_sales_office so1_0 
    where
        so1_0.id=?
Hibernate: 
    select
        so1_0.id,
        so1_0.code,
        so1_0.country_code,
        so1_0.created_at,
        so1_0.is_active,
        so1_0.name,
        so1_0.name_norm,
        so1_0.remark,
        so1_0.sort_order,
        so1_0.updated_at 
    from
        dict_sales_office so1_0 
    where
        so1_0.id=?
2026-02-06T16:10:05.651+08:00  INFO 11568 --- [logitrack-backend] [nio-8888-exec-7] c.l.b.controller.MasterDataController    : GET /api/master/container-types
2026-02-06T16:10:05.657+08:00 DEBUG 11568 --- [logitrack-backend] [nio-8888-exec-7] org.hibernate.SQL                        : 
    select
        ct1_0.id,
        ct1_0.container_code,
        ct1_0.container_name,
        ct1_0.created_at,
        ct1_0.description,
        ct1_0.is_active,
        ct1_0.is_special,
        ct1_0.length_feet,
        ct1_0.teu_value,
        ct1_0.updated_at 
    from
        container_types ct1_0
Hibernate: 
    select
        ct1_0.id,
        ct1_0.container_code,
        ct1_0.container_name,
        ct1_0.created_at,
        ct1_0.description,
        ct1_0.is_active,
        ct1_0.is_special,
        ct1_0.length_feet,
        ct1_0.teu_value,
        ct1_0.updated_at 
    from
        container_types ct1_0
2026-02-06T16:10:05.894+08:00  INFO 11568 --- [logitrack-backend] [nio-8888-exec-8] c.l.b.controller.MasterDataController    : GET /api/master/container-types
2026-02-06T16:10:05.897+08:00 DEBUG 11568 --- [logitrack-backend] [nio-8888-exec-8] org.hibernate.SQL                        : 
    select
        ct1_0.id,
        ct1_0.container_code,
        ct1_0.container_name,
        ct1_0.created_at,
        ct1_0.description,
        ct1_0.is_active,
        ct1_0.is_special,
        ct1_0.length_feet,
        ct1_0.teu_value,
        ct1_0.updated_at 
    from
        container_types ct1_0
Hibernate: 
    select
        ct1_0.id,
        ct1_0.container_code,
        ct1_0.container_name,
        ct1_0.created_at,
        ct1_0.description,
        ct1_0.is_active,
        ct1_0.is_special,
        ct1_0.length_feet,
        ct1_0.teu_value,
        ct1_0.updated_at 
    from
        container_types ct1_0
2026-02-06T16:17:20.154+08:00  INFO 11568 --- [logitrack-backend] [nio-8888-exec-2] c.l.backend.controller.DictController    : GET /api/dict/container-types
2026-02-06T16:17:20.154+08:00  INFO 11568 --- [logitrack-backend] [nio-8888-exec-9] c.l.backend.controller.DictController    : GET /api/dict/countries
2026-02-06T16:17:20.155+08:00  INFO 11568 --- [logitrack-backend] [nio-8888-exec-6] c.l.backend.controller.DictController    : GET /api/dict/sales-countries
2026-02-06T16:17:20.156+08:00  INFO 11568 --- [logitrack-backend] [nio-8888-exec-1] c.l.backend.controller.DictController    : GET /api/dict/cn-offices
2026-02-06T16:17:20.159+08:00 DEBUG 11568 --- [logitrack-backend] [nio-8888-exec-9] org.hibernate.SQL                        : 
    select
        c1_0.id,
        c1_0.country_code,
        c1_0.country_name_cn,
        c1_0.country_name_en,
        c1_0.created_at,
        c1_0.is_active,
        c1_0.updated_at 
    from
        country c1_0 
    where
        c1_0.is_active 
    order by
        c1_0.country_name_en
Hibernate: 
    select
        c1_0.id,
        c1_0.country_code,
        c1_0.country_name_cn,
        c1_0.country_name_en,
        c1_0.created_at,
        c1_0.is_active,
        c1_0.updated_at 
    from
        country c1_0 
    where
        c1_0.is_active 
    order by
        c1_0.country_name_en
2026-02-06T16:17:20.159+08:00  INFO 11568 --- [logitrack-backend] [nio-8888-exec-4] c.l.backend.controller.DictController    : GET /api/dict/ports/search-v2?portType=AIR&keyword=
2026-02-06T16:17:20.159+08:00  INFO 11568 --- [logitrack-backend] [nio-8888-exec-3] c.l.backend.controller.DictController    : GET /api/dict/ports/search-v2?portType=SEA&keyword=
2026-02-06T16:17:20.161+08:00 DEBUG 11568 --- [logitrack-backend] [nio-8888-exec-1] org.hibernate.SQL                        : 
    select
        co1_0.code,
        co1_0.is_active,
        co1_0.name 
    from
        dict_cn_office co1_0 
    where
        co1_0.is_active 
    order by
        co1_0.name
Hibernate: 
    select
        co1_0.code,
        co1_0.is_active,
        co1_0.name 
    from
        dict_cn_office co1_0 
    where
        co1_0.is_active 
    order by
        co1_0.name
2026-02-06T16:17:20.161+08:00 DEBUG 11568 --- [logitrack-backend] [nio-8888-exec-2] org.hibernate.SQL                        : 
    select
        ct1_0.id,
        ct1_0.container_code,
        ct1_0.container_name,
        ct1_0.created_at,
        ct1_0.description,
        ct1_0.is_active,
        ct1_0.is_special,
        ct1_0.length_feet,
        ct1_0.teu_value,
        ct1_0.updated_at 
    from
        container_types ct1_0 
    where
        ct1_0.is_active 
    order by
        ct1_0.container_code
Hibernate: 
    select
        ct1_0.id,
        ct1_0.container_code,
        ct1_0.container_name,
        ct1_0.created_at,
        ct1_0.description,
        ct1_0.is_active,
        ct1_0.is_special,
        ct1_0.length_feet,
        ct1_0.teu_value,
        ct1_0.updated_at 
    from
        container_types ct1_0 
    where
        ct1_0.is_active 
    order by
        ct1_0.container_code
2026-02-06T16:17:20.164+08:00 DEBUG 11568 --- [logitrack-backend] [nio-8888-exec-6] org.hibernate.SQL                        : 
    select
        distinct sp1_0.country_code 
    from
        sales_pic sp1_0 
    where
        sp1_0.is_active=1 
    order by
        sp1_0.country_code
Hibernate: 
    select
        distinct sp1_0.country_code 
    from
        sales_pic sp1_0 
    where
        sp1_0.is_active=1 
    order by
        sp1_0.country_code
2026-02-06T16:17:20.169+08:00 DEBUG 11568 --- [logitrack-backend] [nio-8888-exec-4] org.hibernate.SQL                        : 
    select
        p1_0.id,
        p1_0.city,
        p1_0.country_code,
        p1_0.created_at,
        p1_0.is_active,
        p1_0.port_code,
        p1_0.port_name,
        p1_0.port_type,
        p1_0.updated_at 
    from
        port p1_0
Hibernate: 
    select
        p1_0.id,
        p1_0.city,
        p1_0.country_code,
        p1_0.created_at,
        p1_0.is_active,
        p1_0.port_code,
        p1_0.port_name,
        p1_0.port_type,
        p1_0.updated_at 
    from
        port p1_0
2026-02-06T16:17:20.170+08:00 DEBUG 11568 --- [logitrack-backend] [nio-8888-exec-3] org.hibernate.SQL                        : 
    select
        p1_0.id,
        p1_0.city,
        p1_0.country_code,
        p1_0.created_at,
        p1_0.is_active,
        p1_0.port_code,
        p1_0.port_name,
        p1_0.port_type,
        p1_0.updated_at 
    from
        port p1_0
Hibernate: 
    select
        p1_0.id,
        p1_0.city,
        p1_0.country_code,
        p1_0.created_at,
        p1_0.is_active,
        p1_0.port_code,
        p1_0.port_name,
        p1_0.port_type,
        p1_0.updated_at 
    from
        port p1_0
2026-02-06T16:17:20.190+08:00 DEBUG 11568 --- [logitrack-backend] [nio-8888-exec-6] org.hibernate.SQL                        : 
    select
        c1_0.id,
        c1_0.country_code,
        c1_0.country_name_cn,
        c1_0.country_name_en,
        c1_0.created_at,
        c1_0.is_active,
        c1_0.updated_at 
    from
        country c1_0 
    where
        c1_0.country_code=?
Hibernate: 
    select
        c1_0.id,
        c1_0.country_code,
        c1_0.country_name_cn,
        c1_0.country_name_en,
        c1_0.created_at,
        c1_0.is_active,
        c1_0.updated_at 
    from
        country c1_0 
    where
        c1_0.country_code=?
2026-02-06T16:17:20.195+08:00 DEBUG 11568 --- [logitrack-backend] [nio-8888-exec-6] org.hibernate.SQL                        : 
    select
        c1_0.id,
        c1_0.country_code,
        c1_0.country_name_cn,
        c1_0.country_name_en,
        c1_0.created_at,
        c1_0.is_active,
        c1_0.updated_at 
    from
        country c1_0 
    where
        c1_0.country_code=?
Hibernate: 
    select
        c1_0.id,
        c1_0.country_code,
        c1_0.country_name_cn,
        c1_0.country_name_en,
        c1_0.created_at,
        c1_0.is_active,
        c1_0.updated_at 
    from
        country c1_0 
    where
        c1_0.country_code=?
2026-02-06T16:17:20.200+08:00 DEBUG 11568 --- [logitrack-backend] [nio-8888-exec-6] org.hibernate.SQL                        : 
    select
        c1_0.id,
        c1_0.country_code,
        c1_0.country_name_cn,
        c1_0.country_name_en,
        c1_0.created_at,
        c1_0.is_active,
        c1_0.updated_at 
    from
        country c1_0 
    where
        c1_0.country_code=?
Hibernate: 
    select
        c1_0.id,
        c1_0.country_code,
        c1_0.country_name_cn,
        c1_0.country_name_en,
        c1_0.created_at,
        c1_0.is_active,
        c1_0.updated_at 
    from
        country c1_0 
    where
        c1_0.country_code=?
2026-02-06T16:17:20.205+08:00 DEBUG 11568 --- [logitrack-backend] [nio-8888-exec-6] org.hibernate.SQL                        : 
    select
        c1_0.id,
        c1_0.country_code,
        c1_0.country_name_cn,
        c1_0.country_name_en,
        c1_0.created_at,
        c1_0.is_active,
        c1_0.updated_at 
    from
        country c1_0 
    where
        c1_0.country_code=?
Hibernate: 
    select
        c1_0.id,
        c1_0.country_code,
        c1_0.country_name_cn,
        c1_0.country_name_en,
        c1_0.created_at,
        c1_0.is_active,
        c1_0.updated_at 
    from
        country c1_0 
    where
        c1_0.country_code=?
2026-02-06T16:17:20.210+08:00 DEBUG 11568 --- [logitrack-backend] [nio-8888-exec-6] org.hibernate.SQL                        : 
    select
        c1_0.id,
        c1_0.country_code,
        c1_0.country_name_cn,
        c1_0.country_name_en,
        c1_0.created_at,
        c1_0.is_active,
        c1_0.updated_at 
    from
        country c1_0 
    where
        c1_0.country_code=?
Hibernate: 
    select
        c1_0.id,
        c1_0.country_code,
        c1_0.country_name_cn,
        c1_0.country_name_en,
        c1_0.created_at,
        c1_0.is_active,
        c1_0.updated_at 
    from
        country c1_0 
    where
        c1_0.country_code=?
2026-02-06T16:17:20.217+08:00 DEBUG 11568 --- [logitrack-backend] [nio-8888-exec-6] org.hibernate.SQL                        : 
    select
        c1_0.id,
        c1_0.country_code,
        c1_0.country_name_cn,
        c1_0.country_name_en,
        c1_0.created_at,
        c1_0.is_active,
        c1_0.updated_at 
    from
        country c1_0 
    where
        c1_0.country_code=?
Hibernate: 
    select
        c1_0.id,
        c1_0.country_code,
        c1_0.country_name_cn,
        c1_0.country_name_en,
        c1_0.created_at,
        c1_0.is_active,
        c1_0.updated_at 
    from
        country c1_0 
    where
        c1_0.country_code=?
2026-02-06T16:17:20.223+08:00 DEBUG 11568 --- [logitrack-backend] [nio-8888-exec-6] org.hibernate.SQL                        : 
    select
        c1_0.id,
        c1_0.country_code,
        c1_0.country_name_cn,
        c1_0.country_name_en,
        c1_0.created_at,
        c1_0.is_active,
        c1_0.updated_at 
    from
        country c1_0 
    where
        c1_0.country_code=?
Hibernate: 
    select
        c1_0.id,
        c1_0.country_code,
        c1_0.country_name_cn,
        c1_0.country_name_en,
        c1_0.created_at,
        c1_0.is_active,
        c1_0.updated_at 
    from
        country c1_0 
    where
        c1_0.country_code=?
2026-02-06T16:17:20.227+08:00 DEBUG 11568 --- [logitrack-backend] [nio-8888-exec-6] org.hibernate.SQL                        : 
    select
        c1_0.id,
        c1_0.country_code,
        c1_0.country_name_cn,
        c1_0.country_name_en,
        c1_0.created_at,
        c1_0.is_active,
        c1_0.updated_at 
    from
        country c1_0 
    where
        c1_0.country_code=?
Hibernate: 
    select
        c1_0.id,
        c1_0.country_code,
        c1_0.country_name_cn,
        c1_0.country_name_en,
        c1_0.created_at,
        c1_0.is_active,
        c1_0.updated_at 
    from
        country c1_0 
    where
        c1_0.country_code=?
2026-02-06T16:17:20.231+08:00 DEBUG 11568 --- [logitrack-backend] [nio-8888-exec-6] org.hibernate.SQL                        : 
    select
        c1_0.id,
        c1_0.country_code,
        c1_0.country_name_cn,
        c1_0.country_name_en,
        c1_0.created_at,
        c1_0.is_active,
        c1_0.updated_at 
    from
        country c1_0 
    where
        c1_0.country_code=?
Hibernate: 
    select
        c1_0.id,
        c1_0.country_code,
        c1_0.country_name_cn,
        c1_0.country_name_en,
        c1_0.created_at,
        c1_0.is_active,
        c1_0.updated_at 
    from
        country c1_0 
    where
        c1_0.country_code=?
2026-02-06T16:17:20.250+08:00 DEBUG 11568 --- [logitrack-backend] [nio-8888-exec-6] org.hibernate.SQL                        : 
    select
        c1_0.id,
        c1_0.country_code,
        c1_0.country_name_cn,
        c1_0.country_name_en,
        c1_0.created_at,
        c1_0.is_active,
        c1_0.updated_at 
    from
        country c1_0 
    where
        c1_0.country_code=?
Hibernate: 
    select
        c1_0.id,
        c1_0.country_code,
        c1_0.country_name_cn,
        c1_0.country_name_en,
        c1_0.created_at,
        c1_0.is_active,
        c1_0.updated_at 
    from
        country c1_0 
    where
        c1_0.country_code=?
2026-02-06T16:17:20.254+08:00 DEBUG 11568 --- [logitrack-backend] [nio-8888-exec-6] org.hibernate.SQL                        : 
    select
        c1_0.id,
        c1_0.country_code,
        c1_0.country_name_cn,
        c1_0.country_name_en,
        c1_0.created_at,
        c1_0.is_active,
        c1_0.updated_at 
    from
        country c1_0 
    where
        c1_0.country_code=?
Hibernate: 
    select
        c1_0.id,
        c1_0.country_code,
        c1_0.country_name_cn,
        c1_0.country_name_en,
        c1_0.created_at,
        c1_0.is_active,
        c1_0.updated_at 
    from
        country c1_0 
    where
        c1_0.country_code=?
2026-02-06T16:17:20.268+08:00 DEBUG 11568 --- [logitrack-backend] [nio-8888-exec-6] org.hibernate.SQL                        : 
    select
        c1_0.id,
        c1_0.country_code,
        c1_0.country_name_cn,
        c1_0.country_name_en,
        c1_0.created_at,
        c1_0.is_active,
        c1_0.updated_at 
    from
        country c1_0 
    where
        c1_0.country_code=?
Hibernate: 
    select
        c1_0.id,
        c1_0.country_code,
        c1_0.country_name_cn,
        c1_0.country_name_en,
        c1_0.created_at,
        c1_0.is_active,
        c1_0.updated_at 
    from
        country c1_0 
    where
        c1_0.country_code=?
2026-02-06T16:17:20.270+08:00 DEBUG 11568 --- [logitrack-backend] [nio-8888-exec-6] org.hibernate.SQL                        : 
    select
        c1_0.id,
        c1_0.country_code,
        c1_0.country_name_cn,
        c1_0.country_name_en,
        c1_0.created_at,
        c1_0.is_active,
        c1_0.updated_at 
    from
        country c1_0 
    where
        c1_0.country_code=?
Hibernate: 
    select
        c1_0.id,
        c1_0.country_code,
        c1_0.country_name_cn,
        c1_0.country_name_en,
        c1_0.created_at,
        c1_0.is_active,
        c1_0.updated_at 
    from
        country c1_0 
    where
        c1_0.country_code=?
2026-02-06T16:17:20.287+08:00 DEBUG 11568 --- [logitrack-backend] [nio-8888-exec-6] org.hibernate.SQL                        : 
    select
        c1_0.id,
        c1_0.country_code,
        c1_0.country_name_cn,
        c1_0.country_name_en,
        c1_0.created_at,
        c1_0.is_active,
        c1_0.updated_at 
    from
        country c1_0 
    where
        c1_0.country_code=?
Hibernate: 
    select
        c1_0.id,
        c1_0.country_code,
        c1_0.country_name_cn,
        c1_0.country_name_en,
        c1_0.created_at,
        c1_0.is_active,
        c1_0.updated_at 
    from
        country c1_0 
    where
        c1_0.country_code=?
2026-02-06T16:17:20.696+08:00  INFO 11568 --- [logitrack-backend] [nio-8888-exec-5] c.l.backend.controller.DictController    : GET /api/dict/countries
2026-02-06T16:17:20.698+08:00 DEBUG 11568 --- [logitrack-backend] [nio-8888-exec-5] org.hibernate.SQL                        : 
    select
        c1_0.id,
        c1_0.country_code,
        c1_0.country_name_cn,
        c1_0.country_name_en,
        c1_0.created_at,
        c1_0.is_active,
        c1_0.updated_at 
    from
        country c1_0 
    where
        c1_0.is_active 
    order by
        c1_0.country_name_en
Hibernate: 
    select
        c1_0.id,
        c1_0.country_code,
        c1_0.country_name_cn,
        c1_0.country_name_en,
        c1_0.created_at,
        c1_0.is_active,
        c1_0.updated_at 
    from
        country c1_0 
    where
        c1_0.is_active 
    order by
        c1_0.country_name_en
2026-02-06T16:17:20.702+08:00 DEBUG 11568 --- [logitrack-backend] [io-8888-exec-10] org.hibernate.SQL                        : 
    select
        p1_0.code,
        p1_0.abbr,
        p1_0.is_active,
        p1_0.name 
    from
        dict_product p1_0 
    where
        p1_0.code=?
Hibernate: 
    select
        p1_0.code,
        p1_0.abbr,
        p1_0.is_active,
        p1_0.name 
    from
        dict_product p1_0 
    where
        p1_0.code=?
2026-02-06T16:17:20.706+08:00  INFO 11568 --- [logitrack-backend] [nio-8888-exec-5] c.l.backend.controller.DictController    : GET /api/dict/cn-offices
2026-02-06T16:17:20.707+08:00 DEBUG 11568 --- [logitrack-backend] [nio-8888-exec-5] org.hibernate.SQL                        : 
    select
        co1_0.code,
        co1_0.is_active,
        co1_0.name 
    from
        dict_cn_office co1_0 
    where
        co1_0.is_active 
    order by
        co1_0.name
Hibernate: 
    select
        co1_0.code,
        co1_0.is_active,
        co1_0.name 
    from
        dict_cn_office co1_0 
    where
        co1_0.is_active 
    order by
        co1_0.name
2026-02-06T16:17:20.717+08:00  INFO 11568 --- [logitrack-backend] [nio-8888-exec-5] c.l.backend.controller.DictController    : GET /api/dict/container-types
2026-02-06T16:17:20.718+08:00 DEBUG 11568 --- [logitrack-backend] [nio-8888-exec-5] org.hibernate.SQL                        : 
    select
        ct1_0.id,
        ct1_0.container_code,
        ct1_0.container_name,
        ct1_0.created_at,
        ct1_0.description,
        ct1_0.is_active,
        ct1_0.is_special,
        ct1_0.length_feet,
        ct1_0.teu_value,
        ct1_0.updated_at 
    from
        container_types ct1_0 
    where
        ct1_0.is_active 
    order by
        ct1_0.container_code
Hibernate: 
    select
        ct1_0.id,
        ct1_0.container_code,
        ct1_0.container_name,
        ct1_0.created_at,
        ct1_0.description,
        ct1_0.is_active,
        ct1_0.is_special,
        ct1_0.length_feet,
        ct1_0.teu_value,
        ct1_0.updated_at 
    from
        container_types ct1_0 
    where
        ct1_0.is_active 
    order by
        ct1_0.container_code
2026-02-06T16:17:20.734+08:00 DEBUG 11568 --- [logitrack-backend] [io-8888-exec-10] org.hibernate.SQL                        : 
    select
        coalesce(max(e1_0.monthly_sequence), 0) 
    from
        enquiry e1_0 
    where
        e1_0.reference_month=?
Hibernate: 
    select
        coalesce(max(e1_0.monthly_sequence), 0) 
    from
        enquiry e1_0 
    where
        e1_0.reference_month=?
2026-02-06T16:17:21.183+08:00  INFO 11568 --- [logitrack-backend] [nio-8888-exec-2] c.l.b.controller.MasterDataController    : GET /api/master/ports
2026-02-06T16:17:21.183+08:00  INFO 11568 --- [logitrack-backend] [nio-8888-exec-9] c.l.backend.controller.DictController    : GET /api/dict/sales-countries
2026-02-06T16:17:21.185+08:00  INFO 11568 --- [logitrack-backend] [nio-8888-exec-1] c.l.b.controller.MasterDataController    : GET /api/master/countries
2026-02-06T16:17:21.187+08:00  INFO 11568 --- [logitrack-backend] [nio-8888-exec-6] c.l.backend.controller.DictController    : GET /api/dict/ports/search-v2?portType=SEA&keyword=
2026-02-06T16:17:21.187+08:00  INFO 11568 --- [logitrack-backend] [nio-8888-exec-5] c.l.backend.controller.DictController    : GET /api/dict/ports/search-v2?portType=AIR&keyword=
2026-02-06T16:17:21.189+08:00 DEBUG 11568 --- [logitrack-backend] [nio-8888-exec-9] org.hibernate.SQL                        : 
    select
        distinct sp1_0.country_code 
    from
        sales_pic sp1_0 
    where
        sp1_0.is_active=1 
    order by
        sp1_0.country_code
Hibernate: 
    select
        distinct sp1_0.country_code 
    from
        sales_pic sp1_0 
    where
        sp1_0.is_active=1 
    order by
        sp1_0.country_code
2026-02-06T16:17:21.189+08:00 DEBUG 11568 --- [logitrack-backend] [nio-8888-exec-2] org.hibernate.SQL                        : 
    select
        p1_0.id,
        p1_0.city,
        p1_0.country_code,
        p1_0.created_at,
        p1_0.is_active,
        p1_0.port_code,
        p1_0.port_name,
        p1_0.port_type,
        p1_0.updated_at 
    from
        port p1_0
Hibernate: 
    select
        p1_0.id,
        p1_0.city,
        p1_0.country_code,
        p1_0.created_at,
        p1_0.is_active,
        p1_0.port_code,
        p1_0.port_name,
        p1_0.port_type,
        p1_0.updated_at 
    from
        port p1_0
2026-02-06T16:17:21.192+08:00 DEBUG 11568 --- [logitrack-backend] [nio-8888-exec-1] org.hibernate.SQL                        : 
    select
        c1_0.id,
        c1_0.country_code,
        c1_0.country_name_cn,
        c1_0.country_name_en,
        c1_0.created_at,
        c1_0.is_active,
        c1_0.updated_at 
    from
        country c1_0
Hibernate: 
    select
        c1_0.id,
        c1_0.country_code,
        c1_0.country_name_cn,
        c1_0.country_name_en,
        c1_0.created_at,
        c1_0.is_active,
        c1_0.updated_at 
    from
        country c1_0
2026-02-06T16:17:21.196+08:00 DEBUG 11568 --- [logitrack-backend] [nio-8888-exec-6] org.hibernate.SQL                        : 
    select
        p1_0.id,
        p1_0.city,
        p1_0.country_code,
        p1_0.created_at,
        p1_0.is_active,
        p1_0.port_code,
        p1_0.port_name,
        p1_0.port_type,
        p1_0.updated_at 
    from
        port p1_0
Hibernate: 
    select
        p1_0.id,
        p1_0.city,
        p1_0.country_code,
        p1_0.created_at,
        p1_0.is_active,
        p1_0.port_code,
        p1_0.port_name,
        p1_0.port_type,
        p1_0.updated_at 
    from
        port p1_0
2026-02-06T16:17:21.221+08:00 DEBUG 11568 --- [logitrack-backend] [nio-8888-exec-9] org.hibernate.SQL                        : 
    select
        c1_0.id,
        c1_0.country_code,
        c1_0.country_name_cn,
        c1_0.country_name_en,
        c1_0.created_at,
        c1_0.is_active,
        c1_0.updated_at 
    from
        country c1_0 
    where
        c1_0.country_code=?
Hibernate: 
    select
        c1_0.id,
        c1_0.country_code,
        c1_0.country_name_cn,
        c1_0.country_name_en,
        c1_0.created_at,
        c1_0.is_active,
        c1_0.updated_at 
    from
        country c1_0 
    where
        c1_0.country_code=?
2026-02-06T16:17:21.229+08:00 DEBUG 11568 --- [logitrack-backend] [nio-8888-exec-9] org.hibernate.SQL                        : 
    select
        c1_0.id,
        c1_0.country_code,
        c1_0.country_name_cn,
        c1_0.country_name_en,
        c1_0.created_at,
        c1_0.is_active,
        c1_0.updated_at 
    from
        country c1_0 
    where
        c1_0.country_code=?
Hibernate: 
    select
        c1_0.id,
        c1_0.country_code,
        c1_0.country_name_cn,
        c1_0.country_name_en,
        c1_0.created_at,
        c1_0.is_active,
        c1_0.updated_at 
    from
        country c1_0 
    where
        c1_0.country_code=?
2026-02-06T16:17:21.231+08:00 DEBUG 11568 --- [logitrack-backend] [nio-8888-exec-9] org.hibernate.SQL                        : 
    select
        c1_0.id,
        c1_0.country_code,
        c1_0.country_name_cn,
        c1_0.country_name_en,
        c1_0.created_at,
        c1_0.is_active,
        c1_0.updated_at 
    from
        country c1_0 
    where
        c1_0.country_code=?
Hibernate: 
    select
        c1_0.id,
        c1_0.country_code,
        c1_0.country_name_cn,
        c1_0.country_name_en,
        c1_0.created_at,
        c1_0.is_active,
        c1_0.updated_at 
    from
        country c1_0 
    where
        c1_0.country_code=?
2026-02-06T16:17:21.234+08:00 DEBUG 11568 --- [logitrack-backend] [nio-8888-exec-9] org.hibernate.SQL                        : 
    select
        c1_0.id,
        c1_0.country_code,
        c1_0.country_name_cn,
        c1_0.country_name_en,
        c1_0.created_at,
        c1_0.is_active,
        c1_0.updated_at 
    from
        country c1_0 
    where
        c1_0.country_code=?
Hibernate: 
    select
        c1_0.id,
        c1_0.country_code,
        c1_0.country_name_cn,
        c1_0.country_name_en,
        c1_0.created_at,
        c1_0.is_active,
        c1_0.updated_at 
    from
        country c1_0 
    where
        c1_0.country_code=?
2026-02-06T16:17:21.236+08:00 DEBUG 11568 --- [logitrack-backend] [nio-8888-exec-9] org.hibernate.SQL                        : 
    select
        c1_0.id,
        c1_0.country_code,
        c1_0.country_name_cn,
        c1_0.country_name_en,
        c1_0.created_at,
        c1_0.is_active,
        c1_0.updated_at 
    from
        country c1_0 
    where
        c1_0.country_code=?
Hibernate: 
    select
        c1_0.id,
        c1_0.country_code,
        c1_0.country_name_cn,
        c1_0.country_name_en,
        c1_0.created_at,
        c1_0.is_active,
        c1_0.updated_at 
    from
        country c1_0 
    where
        c1_0.country_code=?
2026-02-06T16:17:21.238+08:00 DEBUG 11568 --- [logitrack-backend] [nio-8888-exec-9] org.hibernate.SQL                        : 
    select
        c1_0.id,
        c1_0.country_code,
        c1_0.country_name_cn,
        c1_0.country_name_en,
        c1_0.created_at,
        c1_0.is_active,
        c1_0.updated_at 
    from
        country c1_0 
    where
        c1_0.country_code=?
Hibernate: 
    select
        c1_0.id,
        c1_0.country_code,
        c1_0.country_name_cn,
        c1_0.country_name_en,
        c1_0.created_at,
        c1_0.is_active,
        c1_0.updated_at 
    from
        country c1_0 
    where
        c1_0.country_code=?
2026-02-06T16:17:21.240+08:00 DEBUG 11568 --- [logitrack-backend] [nio-8888-exec-9] org.hibernate.SQL                        : 
    select
        c1_0.id,
        c1_0.country_code,
        c1_0.country_name_cn,
        c1_0.country_name_en,
        c1_0.created_at,
        c1_0.is_active,
        c1_0.updated_at 
    from
        country c1_0 
    where
        c1_0.country_code=?
Hibernate: 
    select
        c1_0.id,
        c1_0.country_code,
        c1_0.country_name_cn,
        c1_0.country_name_en,
        c1_0.created_at,
        c1_0.is_active,
        c1_0.updated_at 
    from
        country c1_0 
    where
        c1_0.country_code=?
2026-02-06T16:17:21.245+08:00 DEBUG 11568 --- [logitrack-backend] [nio-8888-exec-9] org.hibernate.SQL                        : 
    select
        c1_0.id,
        c1_0.country_code,
        c1_0.country_name_cn,
        c1_0.country_name_en,
        c1_0.created_at,
        c1_0.is_active,
        c1_0.updated_at 
    from
        country c1_0 
    where
        c1_0.country_code=?
Hibernate: 
    select
        c1_0.id,
        c1_0.country_code,
        c1_0.country_name_cn,
        c1_0.country_name_en,
        c1_0.created_at,
        c1_0.is_active,
        c1_0.updated_at 
    from
        country c1_0 
    where
        c1_0.country_code=?
2026-02-06T16:17:21.249+08:00 DEBUG 11568 --- [logitrack-backend] [nio-8888-exec-9] org.hibernate.SQL                        : 
    select
        c1_0.id,
        c1_0.country_code,
        c1_0.country_name_cn,
        c1_0.country_name_en,
        c1_0.created_at,
        c1_0.is_active,
        c1_0.updated_at 
    from
        country c1_0 
    where
        c1_0.country_code=?
Hibernate: 
    select
        c1_0.id,
        c1_0.country_code,
        c1_0.country_name_cn,
        c1_0.country_name_en,
        c1_0.created_at,
        c1_0.is_active,
        c1_0.updated_at 
    from
        country c1_0 
    where
        c1_0.country_code=?
2026-02-06T16:17:21.252+08:00 DEBUG 11568 --- [logitrack-backend] [nio-8888-exec-9] org.hibernate.SQL                        : 
    select
        c1_0.id,
        c1_0.country_code,
        c1_0.country_name_cn,
        c1_0.country_name_en,
        c1_0.created_at,
        c1_0.is_active,
        c1_0.updated_at 
    from
        country c1_0 
    where
        c1_0.country_code=?
Hibernate: 
    select
        c1_0.id,
        c1_0.country_code,
        c1_0.country_name_cn,
        c1_0.country_name_en,
        c1_0.created_at,
        c1_0.is_active,
        c1_0.updated_at 
    from
        country c1_0 
    where
        c1_0.country_code=?
2026-02-06T16:17:21.254+08:00 DEBUG 11568 --- [logitrack-backend] [nio-8888-exec-9] org.hibernate.SQL                        : 
    select
        c1_0.id,
        c1_0.country_code,
        c1_0.country_name_cn,
        c1_0.country_name_en,
        c1_0.created_at,
        c1_0.is_active,
        c1_0.updated_at 
    from
        country c1_0 
    where
        c1_0.country_code=?
Hibernate: 
    select
        c1_0.id,
        c1_0.country_code,
        c1_0.country_name_cn,
        c1_0.country_name_en,
        c1_0.created_at,
        c1_0.is_active,
        c1_0.updated_at 
    from
        country c1_0 
    where
        c1_0.country_code=?
2026-02-06T16:17:21.256+08:00 DEBUG 11568 --- [logitrack-backend] [nio-8888-exec-9] org.hibernate.SQL                        : 
    select
        c1_0.id,
        c1_0.country_code,
        c1_0.country_name_cn,
        c1_0.country_name_en,
        c1_0.created_at,
        c1_0.is_active,
        c1_0.updated_at 
    from
        country c1_0 
    where
        c1_0.country_code=?
Hibernate: 
    select
        c1_0.id,
        c1_0.country_code,
        c1_0.country_name_cn,
        c1_0.country_name_en,
        c1_0.created_at,
        c1_0.is_active,
        c1_0.updated_at 
    from
        country c1_0 
    where
        c1_0.country_code=?
2026-02-06T16:17:21.258+08:00 DEBUG 11568 --- [logitrack-backend] [nio-8888-exec-9] org.hibernate.SQL                        : 
    select
        c1_0.id,
        c1_0.country_code,
        c1_0.country_name_cn,
        c1_0.country_name_en,
        c1_0.created_at,
        c1_0.is_active,
        c1_0.updated_at 
    from
        country c1_0 
    where
        c1_0.country_code=?
Hibernate: 
    select
        c1_0.id,
        c1_0.country_code,
        c1_0.country_name_cn,
        c1_0.country_name_en,
        c1_0.created_at,
        c1_0.is_active,
        c1_0.updated_at 
    from
        country c1_0 
    where
        c1_0.country_code=?
2026-02-06T16:17:21.260+08:00 DEBUG 11568 --- [logitrack-backend] [nio-8888-exec-9] org.hibernate.SQL                        : 
    select
        c1_0.id,
        c1_0.country_code,
        c1_0.country_name_cn,
        c1_0.country_name_en,
        c1_0.created_at,
        c1_0.is_active,
        c1_0.updated_at 
    from
        country c1_0 
    where
        c1_0.country_code=?
Hibernate: 
    select
        c1_0.id,
        c1_0.country_code,
        c1_0.country_name_cn,
        c1_0.country_name_en,
        c1_0.created_at,
        c1_0.is_active,
        c1_0.updated_at 
    from
        country c1_0 
    where
        c1_0.country_code=?
2026-02-06T16:17:21.280+08:00 DEBUG 11568 --- [logitrack-backend] [nio-8888-exec-5] org.hibernate.SQL                        : 
    select
        p1_0.id,
        p1_0.city,
        p1_0.country_code,
        p1_0.created_at,
        p1_0.is_active,
        p1_0.port_code,
        p1_0.port_name,
        p1_0.port_type,
        p1_0.updated_at 
    from
        port p1_0
Hibernate: 
    select
        p1_0.id,
        p1_0.city,
        p1_0.country_code,
        p1_0.created_at,
        p1_0.is_active,
        p1_0.port_code,
        p1_0.port_name,
        p1_0.port_type,
        p1_0.updated_at 
    from
        port p1_0
2026-02-06T16:17:21.703+08:00  INFO 11568 --- [logitrack-backend] [nio-8888-exec-7] c.l.b.controller.MasterDataController    : GET /api/master/countries
2026-02-06T16:17:21.705+08:00 DEBUG 11568 --- [logitrack-backend] [nio-8888-exec-7] org.hibernate.SQL                        : 
    select
        c1_0.id,
        c1_0.country_code,
        c1_0.country_name_cn,
        c1_0.country_name_en,
        c1_0.created_at,
        c1_0.is_active,
        c1_0.updated_at 
    from
        country c1_0
Hibernate: 
    select
        c1_0.id,
        c1_0.country_code,
        c1_0.country_name_cn,
        c1_0.country_name_en,
        c1_0.created_at,
        c1_0.is_active,
        c1_0.updated_at 
    from
        country c1_0
2026-02-06T16:17:22.120+08:00  INFO 11568 --- [logitrack-backend] [nio-8888-exec-8] c.l.b.controller.MasterDataController    : GET /api/master/countries
2026-02-06T16:17:22.121+08:00  INFO 11568 --- [logitrack-backend] [io-8888-exec-10] c.l.b.controller.MasterDataController    : GET /api/master/ports
2026-02-06T16:17:22.125+08:00 DEBUG 11568 --- [logitrack-backend] [nio-8888-exec-8] org.hibernate.SQL                        : 
    select
        c1_0.id,
        c1_0.country_code,
        c1_0.country_name_cn,
        c1_0.country_name_en,
        c1_0.created_at,
        c1_0.is_active,
        c1_0.updated_at 
    from
        country c1_0
Hibernate: 
    select
        c1_0.id,
        c1_0.country_code,
        c1_0.country_name_cn,
        c1_0.country_name_en,
        c1_0.created_at,
        c1_0.is_active,
        c1_0.updated_at 
    from
        country c1_0
2026-02-06T16:17:22.127+08:00 DEBUG 11568 --- [logitrack-backend] [io-8888-exec-10] org.hibernate.SQL                        : 
    select
        p1_0.id,
        p1_0.city,
        p1_0.country_code,
        p1_0.created_at,
        p1_0.is_active,
        p1_0.port_code,
        p1_0.port_name,
        p1_0.port_type,
        p1_0.updated_at 
    from
        port p1_0
Hibernate: 
    select
        p1_0.id,
        p1_0.city,
        p1_0.country_code,
        p1_0.created_at,
        p1_0.is_active,
        p1_0.port_code,
        p1_0.port_name,
        p1_0.port_type,
        p1_0.updated_at 
    from
        port p1_0
2026-02-06T16:17:22.453+08:00  INFO 11568 --- [logitrack-backend] [nio-8888-exec-4] c.l.b.controller.MasterDataController    : GET /api/master/countries
2026-02-06T16:17:22.455+08:00 DEBUG 11568 --- [logitrack-backend] [nio-8888-exec-4] org.hibernate.SQL                        : 
    select
        c1_0.id,
        c1_0.country_code,
        c1_0.country_name_cn,
        c1_0.country_name_en,
        c1_0.created_at,
        c1_0.is_active,
        c1_0.updated_at 
    from
        country c1_0
Hibernate: 
    select
        c1_0.id,
        c1_0.country_code,
        c1_0.country_name_cn,
        c1_0.country_name_en,
        c1_0.created_at,
        c1_0.is_active,
        c1_0.updated_at 
    from
        country c1_0
2026-02-06T16:17:25.517+08:00  INFO 11568 --- [logitrack-backend] [nio-8888-exec-3] c.l.b.controller.EnquiryController       : GET /api/enquiries - page=0, size=10, keyword=null
2026-02-06T16:17:25.520+08:00 DEBUG 11568 --- [logitrack-backend] [nio-8888-exec-3] org.hibernate.SQL                        : 
    select
        e1_0.id,
        e1_0.actual_reason,
        e1_0.additional_requirement,
        e1_0.assigned_cn_office_code,
        e1_0.booking_confirmed,
        e1_0.cargo_ready_date,
        e1_0.cargo_ready_date_raw_text,
        e1_0.cargo_type_code,
        e1_0.category_code,
        e1_0.cn_pricing_admin,
        e1_0.commodity,
        e1_0.core_flag,
        e1_0.created_at,
        e1_0.created_by,
        e1_0.enquiry_offer_type,
        e1_0.enquiry_received_date,
        e1_0.haz_special_equipment,
        e1_0.issue_date,
        e1_0.monthly_sequence,
        e1_0.pod_country_code,
        e1_0.pod_id,
        e1_0.pol_id,
        e1_0.product_abbr,
        e1_0.product_code,
        e1_0.quantity,
        e1_0.quantity_raw_text,
        e1_0.quantity_teu,
        e1_0.quantity_teu_raw_text,
        e1_0.quantity_uom_code,
        e1_0.quantity_uom_raw_text,
        e1_0.reference_month,
        e1_0.reference_number,
        e1_0.rejected_reason,
        e1_0.remark,
        e1_0.reserve_field_1,
        e1_0.reserve_field_2,
        e1_0.reserve_field_3,
        e1_0.reserve_field_4,
        e1_0.reserve_field_5,
        e1_0.sales_country_code,
        e1_0.sales_office_id,
        e1_0.sales_pic_id,
        e1_0.serial_number,
        e1_0.status,
        e1_0.updated_at,
        e1_0.updated_by,
        e1_0.volume_cbm,
        e1_0.volume_raw_text 
    from
        enquiry e1_0 
    order by
        e1_0.id desc 
    limit
        ?, ?
Hibernate: 
    select
        e1_0.id,
        e1_0.actual_reason,
        e1_0.additional_requirement,
        e1_0.assigned_cn_office_code,
        e1_0.booking_confirmed,
        e1_0.cargo_ready_date,
        e1_0.cargo_ready_date_raw_text,
        e1_0.cargo_type_code,
        e1_0.category_code,
        e1_0.cn_pricing_admin,
        e1_0.commodity,
        e1_0.core_flag,
        e1_0.created_at,
        e1_0.created_by,
        e1_0.enquiry_offer_type,
        e1_0.enquiry_received_date,
        e1_0.haz_special_equipment,
        e1_0.issue_date,
        e1_0.monthly_sequence,
        e1_0.pod_country_code,
        e1_0.pod_id,
        e1_0.pol_id,
        e1_0.product_abbr,
        e1_0.product_code,
        e1_0.quantity,
        e1_0.quantity_raw_text,
        e1_0.quantity_teu,
        e1_0.quantity_teu_raw_text,
        e1_0.quantity_uom_code,
        e1_0.quantity_uom_raw_text,
        e1_0.reference_month,
        e1_0.reference_number,
        e1_0.rejected_reason,
        e1_0.remark,
        e1_0.reserve_field_1,
        e1_0.reserve_field_2,
        e1_0.reserve_field_3,
        e1_0.reserve_field_4,
        e1_0.reserve_field_5,
        e1_0.sales_country_code,
        e1_0.sales_office_id,
        e1_0.sales_pic_id,
        e1_0.serial_number,
        e1_0.status,
        e1_0.updated_at,
        e1_0.updated_by,
        e1_0.volume_cbm,
        e1_0.volume_raw_text 
    from
        enquiry e1_0 
    order by
        e1_0.id desc 
    limit
        ?, ?
2026-02-06T16:17:25.527+08:00 DEBUG 11568 --- [logitrack-backend] [nio-8888-exec-3] org.hibernate.SQL                        : 
    select
        count(e1_0.id) 
    from
        enquiry e1_0
Hibernate: 
    select
        count(e1_0.id) 
    from
        enquiry e1_0
2026-02-06T16:17:25.531+08:00 DEBUG 11568 --- [logitrack-backend] [nio-8888-exec-3] org.hibernate.SQL                        : 
    select
        ep1_0.id,
        ep1_0.created_at,
        ep1_0.enquiry_id,
        ep1_0.port_id,
        ep1_0.sequence 
    from
        enquiry_pol ep1_0 
    where
        ep1_0.enquiry_id=? 
    order by
        ep1_0.sequence
Hibernate: 
    select
        ep1_0.id,
        ep1_0.created_at,
        ep1_0.enquiry_id,
        ep1_0.port_id,
        ep1_0.sequence 
    from
        enquiry_pol ep1_0 
    where
        ep1_0.enquiry_id=? 
    order by
        ep1_0.sequence
2026-02-06T16:17:25.533+08:00 DEBUG 11568 --- [logitrack-backend] [nio-8888-exec-3] org.hibernate.SQL                        : 
    select
        ep1_0.id,
        ep1_0.created_at,
        ep1_0.enquiry_id,
        ep1_0.port_id,
        ep1_0.sequence 
    from
        enquiry_pod ep1_0 
    where
        ep1_0.enquiry_id=? 
    order by
        ep1_0.sequence
Hibernate: 
    select
        ep1_0.id,
        ep1_0.created_at,
        ep1_0.enquiry_id,
        ep1_0.port_id,
        ep1_0.sequence 
    from
        enquiry_pod ep1_0 
    where
        ep1_0.enquiry_id=? 
    order by
        ep1_0.sequence
2026-02-06T16:17:25.536+08:00 DEBUG 11568 --- [logitrack-backend] [nio-8888-exec-3] org.hibernate.SQL                        : 
    select
        ep1_0.id,
        ep1_0.created_at,
        ep1_0.enquiry_id,
        ep1_0.port_id,
        ep1_0.sequence 
    from
        enquiry_pol ep1_0 
    where
        ep1_0.enquiry_id=? 
    order by
        ep1_0.sequence
Hibernate: 
    select
        ep1_0.id,
        ep1_0.created_at,
        ep1_0.enquiry_id,
        ep1_0.port_id,
        ep1_0.sequence 
    from
        enquiry_pol ep1_0 
    where
        ep1_0.enquiry_id=? 
    order by
        ep1_0.sequence
2026-02-06T16:17:25.538+08:00 DEBUG 11568 --- [logitrack-backend] [nio-8888-exec-3] org.hibernate.SQL                        : 
    select
        ep1_0.id,
        ep1_0.created_at,
        ep1_0.enquiry_id,
        ep1_0.port_id,
        ep1_0.sequence 
    from
        enquiry_pod ep1_0 
    where
        ep1_0.enquiry_id=? 
    order by
        ep1_0.sequence
Hibernate: 
    select
        ep1_0.id,
        ep1_0.created_at,
        ep1_0.enquiry_id,
        ep1_0.port_id,
        ep1_0.sequence 
    from
        enquiry_pod ep1_0 
    where
        ep1_0.enquiry_id=? 
    order by
        ep1_0.sequence
2026-02-06T16:17:25.541+08:00 DEBUG 11568 --- [logitrack-backend] [nio-8888-exec-3] org.hibernate.SQL                        : 
    select
        ep1_0.id,
        ep1_0.created_at,
        ep1_0.enquiry_id,
        ep1_0.port_id,
        ep1_0.sequence 
    from
        enquiry_pol ep1_0 
    where
        ep1_0.enquiry_id=? 
    order by
        ep1_0.sequence
Hibernate: 
    select
        ep1_0.id,
        ep1_0.created_at,
        ep1_0.enquiry_id,
        ep1_0.port_id,
        ep1_0.sequence 
    from
        enquiry_pol ep1_0 
    where
        ep1_0.enquiry_id=? 
    order by
        ep1_0.sequence
2026-02-06T16:17:25.547+08:00 DEBUG 11568 --- [logitrack-backend] [nio-8888-exec-3] org.hibernate.SQL                        : 
    select
        ep1_0.id,
        ep1_0.created_at,
        ep1_0.enquiry_id,
        ep1_0.port_id,
        ep1_0.sequence 
    from
        enquiry_pod ep1_0 
    where
        ep1_0.enquiry_id=? 
    order by
        ep1_0.sequence
Hibernate: 
    select
        ep1_0.id,
        ep1_0.created_at,
        ep1_0.enquiry_id,
        ep1_0.port_id,
        ep1_0.sequence 
    from
        enquiry_pod ep1_0 
    where
        ep1_0.enquiry_id=? 
    order by
        ep1_0.sequence
2026-02-06T16:17:25.550+08:00 DEBUG 11568 --- [logitrack-backend] [nio-8888-exec-3] org.hibernate.SQL                        : 
    select
        ep1_0.id,
        ep1_0.created_at,
        ep1_0.enquiry_id,
        ep1_0.port_id,
        ep1_0.sequence 
    from
        enquiry_pol ep1_0 
    where
        ep1_0.enquiry_id=? 
    order by
        ep1_0.sequence
Hibernate: 
    select
        ep1_0.id,
        ep1_0.created_at,
        ep1_0.enquiry_id,
        ep1_0.port_id,
        ep1_0.sequence 
    from
        enquiry_pol ep1_0 
    where
        ep1_0.enquiry_id=? 
    order by
        ep1_0.sequence
2026-02-06T16:17:25.553+08:00 DEBUG 11568 --- [logitrack-backend] [nio-8888-exec-3] org.hibernate.SQL                        : 
    select
        ep1_0.id,
        ep1_0.created_at,
        ep1_0.enquiry_id,
        ep1_0.port_id,
        ep1_0.sequence 
    from
        enquiry_pod ep1_0 
    where
        ep1_0.enquiry_id=? 
    order by
        ep1_0.sequence
Hibernate: 
    select
        ep1_0.id,
        ep1_0.created_at,
        ep1_0.enquiry_id,
        ep1_0.port_id,
        ep1_0.sequence 
    from
        enquiry_pod ep1_0 
    where
        ep1_0.enquiry_id=? 
    order by
        ep1_0.sequence
2026-02-06T16:17:25.555+08:00 DEBUG 11568 --- [logitrack-backend] [nio-8888-exec-3] org.hibernate.SQL                        : 
    select
        ep1_0.id,
        ep1_0.created_at,
        ep1_0.enquiry_id,
        ep1_0.port_id,
        ep1_0.sequence 
    from
        enquiry_pol ep1_0 
    where
        ep1_0.enquiry_id=? 
    order by
        ep1_0.sequence
Hibernate: 
    select
        ep1_0.id,
        ep1_0.created_at,
        ep1_0.enquiry_id,
        ep1_0.port_id,
        ep1_0.sequence 
    from
        enquiry_pol ep1_0 
    where
        ep1_0.enquiry_id=? 
    order by
        ep1_0.sequence
2026-02-06T16:17:25.558+08:00 DEBUG 11568 --- [logitrack-backend] [nio-8888-exec-3] org.hibernate.SQL                        : 
    select
        ep1_0.id,
        ep1_0.created_at,
        ep1_0.enquiry_id,
        ep1_0.port_id,
        ep1_0.sequence 
    from
        enquiry_pod ep1_0 
    where
        ep1_0.enquiry_id=? 
    order by
        ep1_0.sequence
Hibernate: 
    select
        ep1_0.id,
        ep1_0.created_at,
        ep1_0.enquiry_id,
        ep1_0.port_id,
        ep1_0.sequence 
    from
        enquiry_pod ep1_0 
    where
        ep1_0.enquiry_id=? 
    order by
        ep1_0.sequence
2026-02-06T16:17:25.561+08:00 DEBUG 11568 --- [logitrack-backend] [nio-8888-exec-3] org.hibernate.SQL                        : 
    select
        ep1_0.id,
        ep1_0.created_at,
        ep1_0.enquiry_id,
        ep1_0.port_id,
        ep1_0.sequence 
    from
        enquiry_pol ep1_0 
    where
        ep1_0.enquiry_id=? 
    order by
        ep1_0.sequence
Hibernate: 
    select
        ep1_0.id,
        ep1_0.created_at,
        ep1_0.enquiry_id,
        ep1_0.port_id,
        ep1_0.sequence 
    from
        enquiry_pol ep1_0 
    where
        ep1_0.enquiry_id=? 
    order by
        ep1_0.sequence
2026-02-06T16:17:25.563+08:00 DEBUG 11568 --- [logitrack-backend] [nio-8888-exec-3] org.hibernate.SQL                        : 
    select
        ep1_0.id,
        ep1_0.created_at,
        ep1_0.enquiry_id,
        ep1_0.port_id,
        ep1_0.sequence 
    from
        enquiry_pod ep1_0 
    where
        ep1_0.enquiry_id=? 
    order by
        ep1_0.sequence
Hibernate: 
    select
        ep1_0.id,
        ep1_0.created_at,
        ep1_0.enquiry_id,
        ep1_0.port_id,
        ep1_0.sequence 
    from
        enquiry_pod ep1_0 
    where
        ep1_0.enquiry_id=? 
    order by
        ep1_0.sequence
2026-02-06T16:17:25.565+08:00 DEBUG 11568 --- [logitrack-backend] [nio-8888-exec-3] org.hibernate.SQL                        : 
    select
        ep1_0.id,
        ep1_0.created_at,
        ep1_0.enquiry_id,
        ep1_0.port_id,
        ep1_0.sequence 
    from
        enquiry_pol ep1_0 
    where
        ep1_0.enquiry_id=? 
    order by
        ep1_0.sequence
Hibernate: 
    select
        ep1_0.id,
        ep1_0.created_at,
        ep1_0.enquiry_id,
        ep1_0.port_id,
        ep1_0.sequence 
    from
        enquiry_pol ep1_0 
    where
        ep1_0.enquiry_id=? 
    order by
        ep1_0.sequence
2026-02-06T16:17:25.567+08:00 DEBUG 11568 --- [logitrack-backend] [nio-8888-exec-3] org.hibernate.SQL                        : 
    select
        ep1_0.id,
        ep1_0.created_at,
        ep1_0.enquiry_id,
        ep1_0.port_id,
        ep1_0.sequence 
    from
        enquiry_pod ep1_0 
    where
        ep1_0.enquiry_id=? 
    order by
        ep1_0.sequence
Hibernate: 
    select
        ep1_0.id,
        ep1_0.created_at,
        ep1_0.enquiry_id,
        ep1_0.port_id,
        ep1_0.sequence 
    from
        enquiry_pod ep1_0 
    where
        ep1_0.enquiry_id=? 
    order by
        ep1_0.sequence
2026-02-06T16:17:25.569+08:00 DEBUG 11568 --- [logitrack-backend] [nio-8888-exec-3] org.hibernate.SQL                        : 
    select
        ep1_0.id,
        ep1_0.created_at,
        ep1_0.enquiry_id,
        ep1_0.port_id,
        ep1_0.sequence 
    from
        enquiry_pol ep1_0 
    where
        ep1_0.enquiry_id=? 
    order by
        ep1_0.sequence
Hibernate: 
    select
        ep1_0.id,
        ep1_0.created_at,
        ep1_0.enquiry_id,
        ep1_0.port_id,
        ep1_0.sequence 
    from
        enquiry_pol ep1_0 
    where
        ep1_0.enquiry_id=? 
    order by
        ep1_0.sequence
2026-02-06T16:17:25.572+08:00 DEBUG 11568 --- [logitrack-backend] [nio-8888-exec-3] org.hibernate.SQL                        : 
    select
        ep1_0.id,
        ep1_0.created_at,
        ep1_0.enquiry_id,
        ep1_0.port_id,
        ep1_0.sequence 
    from
        enquiry_pod ep1_0 
    where
        ep1_0.enquiry_id=? 
    order by
        ep1_0.sequence
Hibernate: 
    select
        ep1_0.id,
        ep1_0.created_at,
        ep1_0.enquiry_id,
        ep1_0.port_id,
        ep1_0.sequence 
    from
        enquiry_pod ep1_0 
    where
        ep1_0.enquiry_id=? 
    order by
        ep1_0.sequence
2026-02-06T16:17:25.574+08:00 DEBUG 11568 --- [logitrack-backend] [nio-8888-exec-3] org.hibernate.SQL                        : 
    select
        ep1_0.id,
        ep1_0.created_at,
        ep1_0.enquiry_id,
        ep1_0.port_id,
        ep1_0.sequence 
    from
        enquiry_pol ep1_0 
    where
        ep1_0.enquiry_id=? 
    order by
        ep1_0.sequence
Hibernate: 
    select
        ep1_0.id,
        ep1_0.created_at,
        ep1_0.enquiry_id,
        ep1_0.port_id,
        ep1_0.sequence 
    from
        enquiry_pol ep1_0 
    where
        ep1_0.enquiry_id=? 
    order by
        ep1_0.sequence
2026-02-06T16:17:25.579+08:00 DEBUG 11568 --- [logitrack-backend] [nio-8888-exec-3] org.hibernate.SQL                        : 
    select
        ep1_0.id,
        ep1_0.created_at,
        ep1_0.enquiry_id,
        ep1_0.port_id,
        ep1_0.sequence 
    from
        enquiry_pod ep1_0 
    where
        ep1_0.enquiry_id=? 
    order by
        ep1_0.sequence
Hibernate: 
    select
        ep1_0.id,
        ep1_0.created_at,
        ep1_0.enquiry_id,
        ep1_0.port_id,
        ep1_0.sequence 
    from
        enquiry_pod ep1_0 
    where
        ep1_0.enquiry_id=? 
    order by
        ep1_0.sequence
2026-02-06T16:17:25.581+08:00 DEBUG 11568 --- [logitrack-backend] [nio-8888-exec-3] org.hibernate.SQL                        : 
    select
        ep1_0.id,
        ep1_0.created_at,
        ep1_0.enquiry_id,
        ep1_0.port_id,
        ep1_0.sequence 
    from
        enquiry_pol ep1_0 
    where
        ep1_0.enquiry_id=? 
    order by
        ep1_0.sequence
Hibernate: 
    select
        ep1_0.id,
        ep1_0.created_at,
        ep1_0.enquiry_id,
        ep1_0.port_id,
        ep1_0.sequence 
    from
        enquiry_pol ep1_0 
    where
        ep1_0.enquiry_id=? 
    order by
        ep1_0.sequence
2026-02-06T16:17:25.584+08:00 DEBUG 11568 --- [logitrack-backend] [nio-8888-exec-3] org.hibernate.SQL                        : 
    select
        ep1_0.id,
        ep1_0.created_at,
        ep1_0.enquiry_id,
        ep1_0.port_id,
        ep1_0.sequence 
    from
        enquiry_pod ep1_0 
    where
        ep1_0.enquiry_id=? 
    order by
        ep1_0.sequence
Hibernate: 
    select
        ep1_0.id,
        ep1_0.created_at,
        ep1_0.enquiry_id,
        ep1_0.port_id,
        ep1_0.sequence 
    from
        enquiry_pod ep1_0 
    where
        ep1_0.enquiry_id=? 
    order by
        ep1_0.sequence
2026-02-06T16:17:25.587+08:00 DEBUG 11568 --- [logitrack-backend] [nio-8888-exec-3] org.hibernate.SQL                        : 
    select
        o1_0.enquiry_id,
        o1_0.id,
        o1_0.created_at,
        o1_0.is_latest,
        o1_0.is_rejected_price,
        o1_0.offer_type,
        o1_0.price,
        o1_0.price_text,
        o1_0.sent_date,
        o1_0.sent_date_raw_text,
        o1_0.sequence_no,
        o1_0.updated_at 
    from
        offer o1_0 
    where
        o1_0.enquiry_id=?
Hibernate: 
    select
        o1_0.enquiry_id,
        o1_0.id,
        o1_0.created_at,
        o1_0.is_latest,
        o1_0.is_rejected_price,
        o1_0.offer_type,
        o1_0.price,
        o1_0.price_text,
        o1_0.sent_date,
        o1_0.sent_date_raw_text,
        o1_0.sequence_no,
        o1_0.updated_at 
    from
        offer o1_0 
    where
        o1_0.enquiry_id=?
2026-02-06T16:17:25.589+08:00 DEBUG 11568 --- [logitrack-backend] [nio-8888-exec-3] org.hibernate.SQL                        : 
    select
        cl1_0.enquiry_id,
        cl1_0.id,
        cl1_0.container_code,
        cl1_0.container_qty,
        cl1_0.container_type_id,
        cl1_0.created_at,
        cl1_0.raw_text,
        cl1_0.teu_per_unit 
    from
        enquiry_container_line cl1_0 
    where
        cl1_0.enquiry_id=?
Hibernate: 
    select
        cl1_0.enquiry_id,
        cl1_0.id,
        cl1_0.container_code,
        cl1_0.container_qty,
        cl1_0.container_type_id,
        cl1_0.created_at,
        cl1_0.raw_text,
        cl1_0.teu_per_unit 
    from
        enquiry_container_line cl1_0 
    where
        cl1_0.enquiry_id=?
2026-02-06T16:17:25.591+08:00 DEBUG 11568 --- [logitrack-backend] [nio-8888-exec-3] org.hibernate.SQL                        : 
    select
        o1_0.enquiry_id,
        o1_0.id,
        o1_0.created_at,
        o1_0.is_latest,
        o1_0.is_rejected_price,
        o1_0.offer_type,
        o1_0.price,
        o1_0.price_text,
        o1_0.sent_date,
        o1_0.sent_date_raw_text,
        o1_0.sequence_no,
        o1_0.updated_at 
    from
        offer o1_0 
    where
        o1_0.enquiry_id=?
Hibernate: 
    select
        o1_0.enquiry_id,
        o1_0.id,
        o1_0.created_at,
        o1_0.is_latest,
        o1_0.is_rejected_price,
        o1_0.offer_type,
        o1_0.price,
        o1_0.price_text,
        o1_0.sent_date,
        o1_0.sent_date_raw_text,
        o1_0.sequence_no,
        o1_0.updated_at 
    from
        offer o1_0 
    where
        o1_0.enquiry_id=?
2026-02-06T16:17:25.593+08:00 DEBUG 11568 --- [logitrack-backend] [nio-8888-exec-3] org.hibernate.SQL                        : 
    select
        cl1_0.enquiry_id,
        cl1_0.id,
        cl1_0.container_code,
        cl1_0.container_qty,
        cl1_0.container_type_id,
        cl1_0.created_at,
        cl1_0.raw_text,
        cl1_0.teu_per_unit 
    from
        enquiry_container_line cl1_0 
    where
        cl1_0.enquiry_id=?
Hibernate: 
    select
        cl1_0.enquiry_id,
        cl1_0.id,
        cl1_0.container_code,
        cl1_0.container_qty,
        cl1_0.container_type_id,
        cl1_0.created_at,
        cl1_0.raw_text,
        cl1_0.teu_per_unit 
    from
        enquiry_container_line cl1_0 
    where
        cl1_0.enquiry_id=?
2026-02-06T16:17:25.595+08:00 DEBUG 11568 --- [logitrack-backend] [nio-8888-exec-3] org.hibernate.SQL                        : 
    select
        o1_0.enquiry_id,
        o1_0.id,
        o1_0.created_at,
        o1_0.is_latest,
        o1_0.is_rejected_price,
        o1_0.offer_type,
        o1_0.price,
        o1_0.price_text,
        o1_0.sent_date,
        o1_0.sent_date_raw_text,
        o1_0.sequence_no,
        o1_0.updated_at 
    from
        offer o1_0 
    where
        o1_0.enquiry_id=?
Hibernate: 
    select
        o1_0.enquiry_id,
        o1_0.id,
        o1_0.created_at,
        o1_0.is_latest,
        o1_0.is_rejected_price,
        o1_0.offer_type,
        o1_0.price,
        o1_0.price_text,
        o1_0.sent_date,
        o1_0.sent_date_raw_text,
        o1_0.sequence_no,
        o1_0.updated_at 
    from
        offer o1_0 
    where
        o1_0.enquiry_id=?
2026-02-06T16:17:25.597+08:00 DEBUG 11568 --- [logitrack-backend] [nio-8888-exec-3] org.hibernate.SQL                        : 
    select
        cl1_0.enquiry_id,
        cl1_0.id,
        cl1_0.container_code,
        cl1_0.container_qty,
        cl1_0.container_type_id,
        cl1_0.created_at,
        cl1_0.raw_text,
        cl1_0.teu_per_unit 
    from
        enquiry_container_line cl1_0 
    where
        cl1_0.enquiry_id=?
Hibernate: 
    select
        cl1_0.enquiry_id,
        cl1_0.id,
        cl1_0.container_code,
        cl1_0.container_qty,
        cl1_0.container_type_id,
        cl1_0.created_at,
        cl1_0.raw_text,
        cl1_0.teu_per_unit 
    from
        enquiry_container_line cl1_0 
    where
        cl1_0.enquiry_id=?
2026-02-06T16:17:25.599+08:00 DEBUG 11568 --- [logitrack-backend] [nio-8888-exec-3] org.hibernate.SQL                        : 
    select
        o1_0.enquiry_id,
        o1_0.id,
        o1_0.created_at,
        o1_0.is_latest,
        o1_0.is_rejected_price,
        o1_0.offer_type,
        o1_0.price,
        o1_0.price_text,
        o1_0.sent_date,
        o1_0.sent_date_raw_text,
        o1_0.sequence_no,
        o1_0.updated_at 
    from
        offer o1_0 
    where
        o1_0.enquiry_id=?
Hibernate: 
    select
        o1_0.enquiry_id,
        o1_0.id,
        o1_0.created_at,
        o1_0.is_latest,
        o1_0.is_rejected_price,
        o1_0.offer_type,
        o1_0.price,
        o1_0.price_text,
        o1_0.sent_date,
        o1_0.sent_date_raw_text,
        o1_0.sequence_no,
        o1_0.updated_at 
    from
        offer o1_0 
    where
        o1_0.enquiry_id=?
2026-02-06T16:17:25.601+08:00 DEBUG 11568 --- [logitrack-backend] [nio-8888-exec-3] org.hibernate.SQL                        : 
    select
        cl1_0.enquiry_id,
        cl1_0.id,
        cl1_0.container_code,
        cl1_0.container_qty,
        cl1_0.container_type_id,
        cl1_0.created_at,
        cl1_0.raw_text,
        cl1_0.teu_per_unit 
    from
        enquiry_container_line cl1_0 
    where
        cl1_0.enquiry_id=?
Hibernate: 
    select
        cl1_0.enquiry_id,
        cl1_0.id,
        cl1_0.container_code,
        cl1_0.container_qty,
        cl1_0.container_type_id,
        cl1_0.created_at,
        cl1_0.raw_text,
        cl1_0.teu_per_unit 
    from
        enquiry_container_line cl1_0 
    where
        cl1_0.enquiry_id=?
2026-02-06T16:17:25.603+08:00 DEBUG 11568 --- [logitrack-backend] [nio-8888-exec-3] org.hibernate.SQL                        : 
    select
        o1_0.enquiry_id,
        o1_0.id,
        o1_0.created_at,
        o1_0.is_latest,
        o1_0.is_rejected_price,
        o1_0.offer_type,
        o1_0.price,
        o1_0.price_text,
        o1_0.sent_date,
        o1_0.sent_date_raw_text,
        o1_0.sequence_no,
        o1_0.updated_at 
    from
        offer o1_0 
    where
        o1_0.enquiry_id=?
Hibernate: 
    select
        o1_0.enquiry_id,
        o1_0.id,
        o1_0.created_at,
        o1_0.is_latest,
        o1_0.is_rejected_price,
        o1_0.offer_type,
        o1_0.price,
        o1_0.price_text,
        o1_0.sent_date,
        o1_0.sent_date_raw_text,
        o1_0.sequence_no,
        o1_0.updated_at 
    from
        offer o1_0 
    where
        o1_0.enquiry_id=?
2026-02-06T16:17:25.604+08:00 DEBUG 11568 --- [logitrack-backend] [nio-8888-exec-3] org.hibernate.SQL                        : 
    select
        cl1_0.enquiry_id,
        cl1_0.id,
        cl1_0.container_code,
        cl1_0.container_qty,
        cl1_0.container_type_id,
        cl1_0.created_at,
        cl1_0.raw_text,
        cl1_0.teu_per_unit 
    from
        enquiry_container_line cl1_0 
    where
        cl1_0.enquiry_id=?
Hibernate: 
    select
        cl1_0.enquiry_id,
        cl1_0.id,
        cl1_0.container_code,
        cl1_0.container_qty,
        cl1_0.container_type_id,
        cl1_0.created_at,
        cl1_0.raw_text,
        cl1_0.teu_per_unit 
    from
        enquiry_container_line cl1_0 
    where
        cl1_0.enquiry_id=?
2026-02-06T16:17:25.606+08:00 DEBUG 11568 --- [logitrack-backend] [nio-8888-exec-3] org.hibernate.SQL                        : 
    select
        o1_0.enquiry_id,
        o1_0.id,
        o1_0.created_at,
        o1_0.is_latest,
        o1_0.is_rejected_price,
        o1_0.offer_type,
        o1_0.price,
        o1_0.price_text,
        o1_0.sent_date,
        o1_0.sent_date_raw_text,
        o1_0.sequence_no,
        o1_0.updated_at 
    from
        offer o1_0 
    where
        o1_0.enquiry_id=?
Hibernate: 
    select
        o1_0.enquiry_id,
        o1_0.id,
        o1_0.created_at,
        o1_0.is_latest,
        o1_0.is_rejected_price,
        o1_0.offer_type,
        o1_0.price,
        o1_0.price_text,
        o1_0.sent_date,
        o1_0.sent_date_raw_text,
        o1_0.sequence_no,
        o1_0.updated_at 
    from
        offer o1_0 
    where
        o1_0.enquiry_id=?
2026-02-06T16:17:25.608+08:00 DEBUG 11568 --- [logitrack-backend] [nio-8888-exec-3] org.hibernate.SQL                        : 
    select
        cl1_0.enquiry_id,
        cl1_0.id,
        cl1_0.container_code,
        cl1_0.container_qty,
        cl1_0.container_type_id,
        cl1_0.created_at,
        cl1_0.raw_text,
        cl1_0.teu_per_unit 
    from
        enquiry_container_line cl1_0 
    where
        cl1_0.enquiry_id=?
Hibernate: 
    select
        cl1_0.enquiry_id,
        cl1_0.id,
        cl1_0.container_code,
        cl1_0.container_qty,
        cl1_0.container_type_id,
        cl1_0.created_at,
        cl1_0.raw_text,
        cl1_0.teu_per_unit 
    from
        enquiry_container_line cl1_0 
    where
        cl1_0.enquiry_id=?
2026-02-06T16:17:25.612+08:00 DEBUG 11568 --- [logitrack-backend] [nio-8888-exec-3] org.hibernate.SQL                        : 
    select
        o1_0.enquiry_id,
        o1_0.id,
        o1_0.created_at,
        o1_0.is_latest,
        o1_0.is_rejected_price,
        o1_0.offer_type,
        o1_0.price,
        o1_0.price_text,
        o1_0.sent_date,
        o1_0.sent_date_raw_text,
        o1_0.sequence_no,
        o1_0.updated_at 
    from
        offer o1_0 
    where
        o1_0.enquiry_id=?
Hibernate: 
    select
        o1_0.enquiry_id,
        o1_0.id,
        o1_0.created_at,
        o1_0.is_latest,
        o1_0.is_rejected_price,
        o1_0.offer_type,
        o1_0.price,
        o1_0.price_text,
        o1_0.sent_date,
        o1_0.sent_date_raw_text,
        o1_0.sequence_no,
        o1_0.updated_at 
    from
        offer o1_0 
    where
        o1_0.enquiry_id=?
2026-02-06T16:17:25.614+08:00 DEBUG 11568 --- [logitrack-backend] [nio-8888-exec-3] org.hibernate.SQL                        : 
    select
        cl1_0.enquiry_id,
        cl1_0.id,
        cl1_0.container_code,
        cl1_0.container_qty,
        cl1_0.container_type_id,
        cl1_0.created_at,
        cl1_0.raw_text,
        cl1_0.teu_per_unit 
    from
        enquiry_container_line cl1_0 
    where
        cl1_0.enquiry_id=?
Hibernate: 
    select
        cl1_0.enquiry_id,
        cl1_0.id,
        cl1_0.container_code,
        cl1_0.container_qty,
        cl1_0.container_type_id,
        cl1_0.created_at,
        cl1_0.raw_text,
        cl1_0.teu_per_unit 
    from
        enquiry_container_line cl1_0 
    where
        cl1_0.enquiry_id=?
2026-02-06T16:17:25.616+08:00 DEBUG 11568 --- [logitrack-backend] [nio-8888-exec-3] org.hibernate.SQL                        : 
    select
        o1_0.enquiry_id,
        o1_0.id,
        o1_0.created_at,
        o1_0.is_latest,
        o1_0.is_rejected_price,
        o1_0.offer_type,
        o1_0.price,
        o1_0.price_text,
        o1_0.sent_date,
        o1_0.sent_date_raw_text,
        o1_0.sequence_no,
        o1_0.updated_at 
    from
        offer o1_0 
    where
        o1_0.enquiry_id=?
Hibernate: 
    select
        o1_0.enquiry_id,
        o1_0.id,
        o1_0.created_at,
        o1_0.is_latest,
        o1_0.is_rejected_price,
        o1_0.offer_type,
        o1_0.price,
        o1_0.price_text,
        o1_0.sent_date,
        o1_0.sent_date_raw_text,
        o1_0.sequence_no,
        o1_0.updated_at 
    from
        offer o1_0 
    where
        o1_0.enquiry_id=?
2026-02-06T16:17:25.618+08:00 DEBUG 11568 --- [logitrack-backend] [nio-8888-exec-3] org.hibernate.SQL                        : 
    select
        cl1_0.enquiry_id,
        cl1_0.id,
        cl1_0.container_code,
        cl1_0.container_qty,
        cl1_0.container_type_id,
        cl1_0.created_at,
        cl1_0.raw_text,
        cl1_0.teu_per_unit 
    from
        enquiry_container_line cl1_0 
    where
        cl1_0.enquiry_id=?
Hibernate: 
    select
        cl1_0.enquiry_id,
        cl1_0.id,
        cl1_0.container_code,
        cl1_0.container_qty,
        cl1_0.container_type_id,
        cl1_0.created_at,
        cl1_0.raw_text,
        cl1_0.teu_per_unit 
    from
        enquiry_container_line cl1_0 
    where
        cl1_0.enquiry_id=?
2026-02-06T16:17:25.620+08:00 DEBUG 11568 --- [logitrack-backend] [nio-8888-exec-3] org.hibernate.SQL                        : 
    select
        o1_0.enquiry_id,
        o1_0.id,
        o1_0.created_at,
        o1_0.is_latest,
        o1_0.is_rejected_price,
        o1_0.offer_type,
        o1_0.price,
        o1_0.price_text,
        o1_0.sent_date,
        o1_0.sent_date_raw_text,
        o1_0.sequence_no,
        o1_0.updated_at 
    from
        offer o1_0 
    where
        o1_0.enquiry_id=?
Hibernate: 
    select
        o1_0.enquiry_id,
        o1_0.id,
        o1_0.created_at,
        o1_0.is_latest,
        o1_0.is_rejected_price,
        o1_0.offer_type,
        o1_0.price,
        o1_0.price_text,
        o1_0.sent_date,
        o1_0.sent_date_raw_text,
        o1_0.sequence_no,
        o1_0.updated_at 
    from
        offer o1_0 
    where
        o1_0.enquiry_id=?
2026-02-06T16:17:25.621+08:00 DEBUG 11568 --- [logitrack-backend] [nio-8888-exec-3] org.hibernate.SQL                        : 
    select
        cl1_0.enquiry_id,
        cl1_0.id,
        cl1_0.container_code,
        cl1_0.container_qty,
        cl1_0.container_type_id,
        cl1_0.created_at,
        cl1_0.raw_text,
        cl1_0.teu_per_unit 
    from
        enquiry_container_line cl1_0 
    where
        cl1_0.enquiry_id=?
Hibernate: 
    select
        cl1_0.enquiry_id,
        cl1_0.id,
        cl1_0.container_code,
        cl1_0.container_qty,
        cl1_0.container_type_id,
        cl1_0.created_at,
        cl1_0.raw_text,
        cl1_0.teu_per_unit 
    from
        enquiry_container_line cl1_0 
    where
        cl1_0.enquiry_id=?
2026-02-06T16:17:25.623+08:00 DEBUG 11568 --- [logitrack-backend] [nio-8888-exec-3] org.hibernate.SQL                        : 
    select
        o1_0.enquiry_id,
        o1_0.id,
        o1_0.created_at,
        o1_0.is_latest,
        o1_0.is_rejected_price,
        o1_0.offer_type,
        o1_0.price,
        o1_0.price_text,
        o1_0.sent_date,
        o1_0.sent_date_raw_text,
        o1_0.sequence_no,
        o1_0.updated_at 
    from
        offer o1_0 
    where
        o1_0.enquiry_id=?
Hibernate: 
    select
        o1_0.enquiry_id,
        o1_0.id,
        o1_0.created_at,
        o1_0.is_latest,
        o1_0.is_rejected_price,
        o1_0.offer_type,
        o1_0.price,
        o1_0.price_text,
        o1_0.sent_date,
        o1_0.sent_date_raw_text,
        o1_0.sequence_no,
        o1_0.updated_at 
    from
        offer o1_0 
    where
        o1_0.enquiry_id=?
2026-02-06T16:17:25.624+08:00 DEBUG 11568 --- [logitrack-backend] [nio-8888-exec-3] org.hibernate.SQL                        : 
    select
        cl1_0.enquiry_id,
        cl1_0.id,
        cl1_0.container_code,
        cl1_0.container_qty,
        cl1_0.container_type_id,
        cl1_0.created_at,
        cl1_0.raw_text,
        cl1_0.teu_per_unit 
    from
        enquiry_container_line cl1_0 
    where
        cl1_0.enquiry_id=?
Hibernate: 
    select
        cl1_0.enquiry_id,
        cl1_0.id,
        cl1_0.container_code,
        cl1_0.container_qty,
        cl1_0.container_type_id,
        cl1_0.created_at,
        cl1_0.raw_text,
        cl1_0.teu_per_unit 
    from
        enquiry_container_line cl1_0 
    where
        cl1_0.enquiry_id=?
2026-02-06T16:17:25.784+08:00  INFO 11568 --- [logitrack-backend] [nio-8888-exec-9] c.l.b.controller.EnquiryController       : GET /api/enquiries - page=0, size=10, keyword=null
2026-02-06T16:17:25.788+08:00 DEBUG 11568 --- [logitrack-backend] [nio-8888-exec-9] org.hibernate.SQL                        : 
    select
        e1_0.id,
        e1_0.actual_reason,
        e1_0.additional_requirement,
        e1_0.assigned_cn_office_code,
        e1_0.booking_confirmed,
        e1_0.cargo_ready_date,
        e1_0.cargo_ready_date_raw_text,
        e1_0.cargo_type_code,
        e1_0.category_code,
        e1_0.cn_pricing_admin,
        e1_0.commodity,
        e1_0.core_flag,
        e1_0.created_at,
        e1_0.created_by,
        e1_0.enquiry_offer_type,
        e1_0.enquiry_received_date,
        e1_0.haz_special_equipment,
        e1_0.issue_date,
        e1_0.monthly_sequence,
        e1_0.pod_country_code,
        e1_0.pod_id,
        e1_0.pol_id,
        e1_0.product_abbr,
        e1_0.product_code,
        e1_0.quantity,
        e1_0.quantity_raw_text,
        e1_0.quantity_teu,
        e1_0.quantity_teu_raw_text,
        e1_0.quantity_uom_code,
        e1_0.quantity_uom_raw_text,
        e1_0.reference_month,
        e1_0.reference_number,
        e1_0.rejected_reason,
        e1_0.remark,
        e1_0.reserve_field_1,
        e1_0.reserve_field_2,
        e1_0.reserve_field_3,
        e1_0.reserve_field_4,
        e1_0.reserve_field_5,
        e1_0.sales_country_code,
        e1_0.sales_office_id,
        e1_0.sales_pic_id,
        e1_0.serial_number,
        e1_0.status,
        e1_0.updated_at,
        e1_0.updated_by,
        e1_0.volume_cbm,
        e1_0.volume_raw_text 
    from
        enquiry e1_0 
    order by
        e1_0.id desc 
    limit
        ?, ?
Hibernate: 
    select
        e1_0.id,
        e1_0.actual_reason,
        e1_0.additional_requirement,
        e1_0.assigned_cn_office_code,
        e1_0.booking_confirmed,
        e1_0.cargo_ready_date,
        e1_0.cargo_ready_date_raw_text,
        e1_0.cargo_type_code,
        e1_0.category_code,
        e1_0.cn_pricing_admin,
        e1_0.commodity,
        e1_0.core_flag,
        e1_0.created_at,
        e1_0.created_by,
        e1_0.enquiry_offer_type,
        e1_0.enquiry_received_date,
        e1_0.haz_special_equipment,
        e1_0.issue_date,
        e1_0.monthly_sequence,
        e1_0.pod_country_code,
        e1_0.pod_id,
        e1_0.pol_id,
        e1_0.product_abbr,
        e1_0.product_code,
        e1_0.quantity,
        e1_0.quantity_raw_text,
        e1_0.quantity_teu,
        e1_0.quantity_teu_raw_text,
        e1_0.quantity_uom_code,
        e1_0.quantity_uom_raw_text,
        e1_0.reference_month,
        e1_0.reference_number,
        e1_0.rejected_reason,
        e1_0.remark,
        e1_0.reserve_field_1,
        e1_0.reserve_field_2,
        e1_0.reserve_field_3,
        e1_0.reserve_field_4,
        e1_0.reserve_field_5,
        e1_0.sales_country_code,
        e1_0.sales_office_id,
        e1_0.sales_pic_id,
        e1_0.serial_number,
        e1_0.status,
        e1_0.updated_at,
        e1_0.updated_by,
        e1_0.volume_cbm,
        e1_0.volume_raw_text 
    from
        enquiry e1_0 
    order by
        e1_0.id desc 
    limit
        ?, ?
2026-02-06T16:17:25.791+08:00 DEBUG 11568 --- [logitrack-backend] [nio-8888-exec-9] org.hibernate.SQL                        : 
    select
        count(e1_0.id) 
    from
        enquiry e1_0
Hibernate: 
    select
        count(e1_0.id) 
    from
        enquiry e1_0
2026-02-06T16:17:25.795+08:00 DEBUG 11568 --- [logitrack-backend] [nio-8888-exec-9] org.hibernate.SQL                        : 
    select
        ep1_0.id,
        ep1_0.created_at,
        ep1_0.enquiry_id,
        ep1_0.port_id,
        ep1_0.sequence 
    from
        enquiry_pol ep1_0 
    where
        ep1_0.enquiry_id=? 
    order by
        ep1_0.sequence
Hibernate: 
    select
        ep1_0.id,
        ep1_0.created_at,
        ep1_0.enquiry_id,
        ep1_0.port_id,
        ep1_0.sequence 
    from
        enquiry_pol ep1_0 
    where
        ep1_0.enquiry_id=? 
    order by
        ep1_0.sequence
2026-02-06T16:17:25.797+08:00 DEBUG 11568 --- [logitrack-backend] [nio-8888-exec-9] org.hibernate.SQL                        : 
    select
        ep1_0.id,
        ep1_0.created_at,
        ep1_0.enquiry_id,
        ep1_0.port_id,
        ep1_0.sequence 
    from
        enquiry_pod ep1_0 
    where
        ep1_0.enquiry_id=? 
    order by
        ep1_0.sequence
Hibernate: 
    select
        ep1_0.id,
        ep1_0.created_at,
        ep1_0.enquiry_id,
        ep1_0.port_id,
        ep1_0.sequence 
    from
        enquiry_pod ep1_0 
    where
        ep1_0.enquiry_id=? 
    order by
        ep1_0.sequence
2026-02-06T16:17:25.799+08:00 DEBUG 11568 --- [logitrack-backend] [nio-8888-exec-9] org.hibernate.SQL                        : 
    select
        ep1_0.id,
        ep1_0.created_at,
        ep1_0.enquiry_id,
        ep1_0.port_id,
        ep1_0.sequence 
    from
        enquiry_pol ep1_0 
    where
        ep1_0.enquiry_id=? 
    order by
        ep1_0.sequence
Hibernate: 
    select
        ep1_0.id,
        ep1_0.created_at,
        ep1_0.enquiry_id,
        ep1_0.port_id,
        ep1_0.sequence 
    from
        enquiry_pol ep1_0 
    where
        ep1_0.enquiry_id=? 
    order by
        ep1_0.sequence
2026-02-06T16:17:25.801+08:00 DEBUG 11568 --- [logitrack-backend] [nio-8888-exec-9] org.hibernate.SQL                        : 
    select
        ep1_0.id,
        ep1_0.created_at,
        ep1_0.enquiry_id,
        ep1_0.port_id,
        ep1_0.sequence 
    from
        enquiry_pod ep1_0 
    where
        ep1_0.enquiry_id=? 
    order by
        ep1_0.sequence
Hibernate: 
    select
        ep1_0.id,
        ep1_0.created_at,
        ep1_0.enquiry_id,
        ep1_0.port_id,
        ep1_0.sequence 
    from
        enquiry_pod ep1_0 
    where
        ep1_0.enquiry_id=? 
    order by
        ep1_0.sequence
2026-02-06T16:17:25.803+08:00 DEBUG 11568 --- [logitrack-backend] [nio-8888-exec-9] org.hibernate.SQL                        : 
    select
        ep1_0.id,
        ep1_0.created_at,
        ep1_0.enquiry_id,
        ep1_0.port_id,
        ep1_0.sequence 
    from
        enquiry_pol ep1_0 
    where
        ep1_0.enquiry_id=? 
    order by
        ep1_0.sequence
Hibernate: 
    select
        ep1_0.id,
        ep1_0.created_at,
        ep1_0.enquiry_id,
        ep1_0.port_id,
        ep1_0.sequence 
    from
        enquiry_pol ep1_0 
    where
        ep1_0.enquiry_id=? 
    order by
        ep1_0.sequence
2026-02-06T16:17:25.805+08:00 DEBUG 11568 --- [logitrack-backend] [nio-8888-exec-9] org.hibernate.SQL                        : 
    select
        ep1_0.id,
        ep1_0.created_at,
        ep1_0.enquiry_id,
        ep1_0.port_id,
        ep1_0.sequence 
    from
        enquiry_pod ep1_0 
    where
        ep1_0.enquiry_id=? 
    order by
        ep1_0.sequence
Hibernate: 
    select
        ep1_0.id,
        ep1_0.created_at,
        ep1_0.enquiry_id,
        ep1_0.port_id,
        ep1_0.sequence 
    from
        enquiry_pod ep1_0 
    where
        ep1_0.enquiry_id=? 
    order by
        ep1_0.sequence
2026-02-06T16:17:25.808+08:00 DEBUG 11568 --- [logitrack-backend] [nio-8888-exec-9] org.hibernate.SQL                        : 
    select
        ep1_0.id,
        ep1_0.created_at,
        ep1_0.enquiry_id,
        ep1_0.port_id,
        ep1_0.sequence 
    from
        enquiry_pol ep1_0 
    where
        ep1_0.enquiry_id=? 
    order by
        ep1_0.sequence
Hibernate: 
    select
        ep1_0.id,
        ep1_0.created_at,
        ep1_0.enquiry_id,
        ep1_0.port_id,
        ep1_0.sequence 
    from
        enquiry_pol ep1_0 
    where
        ep1_0.enquiry_id=? 
    order by
        ep1_0.sequence
2026-02-06T16:17:25.810+08:00 DEBUG 11568 --- [logitrack-backend] [nio-8888-exec-9] org.hibernate.SQL                        : 
    select
        ep1_0.id,
        ep1_0.created_at,
        ep1_0.enquiry_id,
        ep1_0.port_id,
        ep1_0.sequence 
    from
        enquiry_pod ep1_0 
    where
        ep1_0.enquiry_id=? 
    order by
        ep1_0.sequence
Hibernate: 
    select
        ep1_0.id,
        ep1_0.created_at,
        ep1_0.enquiry_id,
        ep1_0.port_id,
        ep1_0.sequence 
    from
        enquiry_pod ep1_0 
    where
        ep1_0.enquiry_id=? 
    order by
        ep1_0.sequence
2026-02-06T16:17:25.812+08:00 DEBUG 11568 --- [logitrack-backend] [nio-8888-exec-9] org.hibernate.SQL                        : 
    select
        ep1_0.id,
        ep1_0.created_at,
        ep1_0.enquiry_id,
        ep1_0.port_id,
        ep1_0.sequence 
    from
        enquiry_pol ep1_0 
    where
        ep1_0.enquiry_id=? 
    order by
        ep1_0.sequence
Hibernate: 
    select
        ep1_0.id,
        ep1_0.created_at,
        ep1_0.enquiry_id,
        ep1_0.port_id,
        ep1_0.sequence 
    from
        enquiry_pol ep1_0 
    where
        ep1_0.enquiry_id=? 
    order by
        ep1_0.sequence
2026-02-06T16:17:25.817+08:00 DEBUG 11568 --- [logitrack-backend] [nio-8888-exec-9] org.hibernate.SQL                        : 
    select
        ep1_0.id,
        ep1_0.created_at,
        ep1_0.enquiry_id,
        ep1_0.port_id,
        ep1_0.sequence 
    from
        enquiry_pod ep1_0 
    where
        ep1_0.enquiry_id=? 
    order by
        ep1_0.sequence
Hibernate: 
    select
        ep1_0.id,
        ep1_0.created_at,
        ep1_0.enquiry_id,
        ep1_0.port_id,
        ep1_0.sequence 
    from
        enquiry_pod ep1_0 
    where
        ep1_0.enquiry_id=? 
    order by
        ep1_0.sequence
2026-02-06T16:17:25.819+08:00 DEBUG 11568 --- [logitrack-backend] [nio-8888-exec-9] org.hibernate.SQL                        : 
    select
        ep1_0.id,
        ep1_0.created_at,
        ep1_0.enquiry_id,
        ep1_0.port_id,
        ep1_0.sequence 
    from
        enquiry_pol ep1_0 
    where
        ep1_0.enquiry_id=? 
    order by
        ep1_0.sequence
Hibernate: 
    select
        ep1_0.id,
        ep1_0.created_at,
        ep1_0.enquiry_id,
        ep1_0.port_id,
        ep1_0.sequence 
    from
        enquiry_pol ep1_0 
    where
        ep1_0.enquiry_id=? 
    order by
        ep1_0.sequence
2026-02-06T16:17:25.821+08:00 DEBUG 11568 --- [logitrack-backend] [nio-8888-exec-9] org.hibernate.SQL                        : 
    select
        ep1_0.id,
        ep1_0.created_at,
        ep1_0.enquiry_id,
        ep1_0.port_id,
        ep1_0.sequence 
    from
        enquiry_pod ep1_0 
    where
        ep1_0.enquiry_id=? 
    order by
        ep1_0.sequence
Hibernate: 
    select
        ep1_0.id,
        ep1_0.created_at,
        ep1_0.enquiry_id,
        ep1_0.port_id,
        ep1_0.sequence 
    from
        enquiry_pod ep1_0 
    where
        ep1_0.enquiry_id=? 
    order by
        ep1_0.sequence
2026-02-06T16:17:25.823+08:00 DEBUG 11568 --- [logitrack-backend] [nio-8888-exec-9] org.hibernate.SQL                        : 
    select
        ep1_0.id,
        ep1_0.created_at,
        ep1_0.enquiry_id,
        ep1_0.port_id,
        ep1_0.sequence 
    from
        enquiry_pol ep1_0 
    where
        ep1_0.enquiry_id=? 
    order by
        ep1_0.sequence
Hibernate: 
    select
        ep1_0.id,
        ep1_0.created_at,
        ep1_0.enquiry_id,
        ep1_0.port_id,
        ep1_0.sequence 
    from
        enquiry_pol ep1_0 
    where
        ep1_0.enquiry_id=? 
    order by
        ep1_0.sequence
2026-02-06T16:17:25.827+08:00 DEBUG 11568 --- [logitrack-backend] [nio-8888-exec-9] org.hibernate.SQL                        : 
    select
        ep1_0.id,
        ep1_0.created_at,
        ep1_0.enquiry_id,
        ep1_0.port_id,
        ep1_0.sequence 
    from
        enquiry_pod ep1_0 
    where
        ep1_0.enquiry_id=? 
    order by
        ep1_0.sequence
Hibernate: 
    select
        ep1_0.id,
        ep1_0.created_at,
        ep1_0.enquiry_id,
        ep1_0.port_id,
        ep1_0.sequence 
    from
        enquiry_pod ep1_0 
    where
        ep1_0.enquiry_id=? 
    order by
        ep1_0.sequence
2026-02-06T16:17:25.829+08:00 DEBUG 11568 --- [logitrack-backend] [nio-8888-exec-9] org.hibernate.SQL                        : 
    select
        ep1_0.id,
        ep1_0.created_at,
        ep1_0.enquiry_id,
        ep1_0.port_id,
        ep1_0.sequence 
    from
        enquiry_pol ep1_0 
    where
        ep1_0.enquiry_id=? 
    order by
        ep1_0.sequence
Hibernate: 
    select
        ep1_0.id,
        ep1_0.created_at,
        ep1_0.enquiry_id,
        ep1_0.port_id,
        ep1_0.sequence 
    from
        enquiry_pol ep1_0 
    where
        ep1_0.enquiry_id=? 
    order by
        ep1_0.sequence
2026-02-06T16:17:25.832+08:00 DEBUG 11568 --- [logitrack-backend] [nio-8888-exec-9] org.hibernate.SQL                        : 
    select
        ep1_0.id,
        ep1_0.created_at,
        ep1_0.enquiry_id,
        ep1_0.port_id,
        ep1_0.sequence 
    from
        enquiry_pod ep1_0 
    where
        ep1_0.enquiry_id=? 
    order by
        ep1_0.sequence
Hibernate: 
    select
        ep1_0.id,
        ep1_0.created_at,
        ep1_0.enquiry_id,
        ep1_0.port_id,
        ep1_0.sequence 
    from
        enquiry_pod ep1_0 
    where
        ep1_0.enquiry_id=? 
    order by
        ep1_0.sequence
2026-02-06T16:17:25.834+08:00 DEBUG 11568 --- [logitrack-backend] [nio-8888-exec-9] org.hibernate.SQL                        : 
    select
        ep1_0.id,
        ep1_0.created_at,
        ep1_0.enquiry_id,
        ep1_0.port_id,
        ep1_0.sequence 
    from
        enquiry_pol ep1_0 
    where
        ep1_0.enquiry_id=? 
    order by
        ep1_0.sequence
Hibernate: 
    select
        ep1_0.id,
        ep1_0.created_at,
        ep1_0.enquiry_id,
        ep1_0.port_id,
        ep1_0.sequence 
    from
        enquiry_pol ep1_0 
    where
        ep1_0.enquiry_id=? 
    order by
        ep1_0.sequence
2026-02-06T16:17:25.836+08:00 DEBUG 11568 --- [logitrack-backend] [nio-8888-exec-9] org.hibernate.SQL                        : 
    select
        ep1_0.id,
        ep1_0.created_at,
        ep1_0.enquiry_id,
        ep1_0.port_id,
        ep1_0.sequence 
    from
        enquiry_pod ep1_0 
    where
        ep1_0.enquiry_id=? 
    order by
        ep1_0.sequence
Hibernate: 
    select
        ep1_0.id,
        ep1_0.created_at,
        ep1_0.enquiry_id,
        ep1_0.port_id,
        ep1_0.sequence 
    from
        enquiry_pod ep1_0 
    where
        ep1_0.enquiry_id=? 
    order by
        ep1_0.sequence
2026-02-06T16:17:25.838+08:00 DEBUG 11568 --- [logitrack-backend] [nio-8888-exec-9] org.hibernate.SQL                        : 
    select
        ep1_0.id,
        ep1_0.created_at,
        ep1_0.enquiry_id,
        ep1_0.port_id,
        ep1_0.sequence 
    from
        enquiry_pol ep1_0 
    where
        ep1_0.enquiry_id=? 
    order by
        ep1_0.sequence
Hibernate: 
    select
        ep1_0.id,
        ep1_0.created_at,
        ep1_0.enquiry_id,
        ep1_0.port_id,
        ep1_0.sequence 
    from
        enquiry_pol ep1_0 
    where
        ep1_0.enquiry_id=? 
    order by
        ep1_0.sequence
2026-02-06T16:17:25.844+08:00 DEBUG 11568 --- [logitrack-backend] [nio-8888-exec-9] org.hibernate.SQL                        : 
    select
        ep1_0.id,
        ep1_0.created_at,
        ep1_0.enquiry_id,
        ep1_0.port_id,
        ep1_0.sequence 
    from
        enquiry_pod ep1_0 
    where
        ep1_0.enquiry_id=? 
    order by
        ep1_0.sequence
Hibernate: 
    select
        ep1_0.id,
        ep1_0.created_at,
        ep1_0.enquiry_id,
        ep1_0.port_id,
        ep1_0.sequence 
    from
        enquiry_pod ep1_0 
    where
        ep1_0.enquiry_id=? 
    order by
        ep1_0.sequence
2026-02-06T16:17:25.847+08:00 DEBUG 11568 --- [logitrack-backend] [nio-8888-exec-9] org.hibernate.SQL                        : 
    select
        o1_0.enquiry_id,
        o1_0.id,
        o1_0.created_at,
        o1_0.is_latest,
        o1_0.is_rejected_price,
        o1_0.offer_type,
        o1_0.price,
        o1_0.price_text,
        o1_0.sent_date,
        o1_0.sent_date_raw_text,
        o1_0.sequence_no,
        o1_0.updated_at 
    from
        offer o1_0 
    where
        o1_0.enquiry_id=?
Hibernate: 
    select
        o1_0.enquiry_id,
        o1_0.id,
        o1_0.created_at,
        o1_0.is_latest,
        o1_0.is_rejected_price,
        o1_0.offer_type,
        o1_0.price,
        o1_0.price_text,
        o1_0.sent_date,
        o1_0.sent_date_raw_text,
        o1_0.sequence_no,
        o1_0.updated_at 
    from
        offer o1_0 
    where
        o1_0.enquiry_id=?
2026-02-06T16:17:25.851+08:00 DEBUG 11568 --- [logitrack-backend] [nio-8888-exec-9] org.hibernate.SQL                        : 
    select
        cl1_0.enquiry_id,
        cl1_0.id,
        cl1_0.container_code,
        cl1_0.container_qty,
        cl1_0.container_type_id,
        cl1_0.created_at,
        cl1_0.raw_text,
        cl1_0.teu_per_unit 
    from
        enquiry_container_line cl1_0 
    where
        cl1_0.enquiry_id=?
Hibernate: 
    select
        cl1_0.enquiry_id,
        cl1_0.id,
        cl1_0.container_code,
        cl1_0.container_qty,
        cl1_0.container_type_id,
        cl1_0.created_at,
        cl1_0.raw_text,
        cl1_0.teu_per_unit 
    from
        enquiry_container_line cl1_0 
    where
        cl1_0.enquiry_id=?
2026-02-06T16:17:25.853+08:00 DEBUG 11568 --- [logitrack-backend] [nio-8888-exec-9] org.hibernate.SQL                        : 
    select
        o1_0.enquiry_id,
        o1_0.id,
        o1_0.created_at,
        o1_0.is_latest,
        o1_0.is_rejected_price,
        o1_0.offer_type,
        o1_0.price,
        o1_0.price_text,
        o1_0.sent_date,
        o1_0.sent_date_raw_text,
        o1_0.sequence_no,
        o1_0.updated_at 
    from
        offer o1_0 
    where
        o1_0.enquiry_id=?
Hibernate: 
    select
        o1_0.enquiry_id,
        o1_0.id,
        o1_0.created_at,
        o1_0.is_latest,
        o1_0.is_rejected_price,
        o1_0.offer_type,
        o1_0.price,
        o1_0.price_text,
        o1_0.sent_date,
        o1_0.sent_date_raw_text,
        o1_0.sequence_no,
        o1_0.updated_at 
    from
        offer o1_0 
    where
        o1_0.enquiry_id=?
2026-02-06T16:17:25.855+08:00 DEBUG 11568 --- [logitrack-backend] [nio-8888-exec-9] org.hibernate.SQL                        : 
    select
        cl1_0.enquiry_id,
        cl1_0.id,
        cl1_0.container_code,
        cl1_0.container_qty,
        cl1_0.container_type_id,
        cl1_0.created_at,
        cl1_0.raw_text,
        cl1_0.teu_per_unit 
    from
        enquiry_container_line cl1_0 
    where
        cl1_0.enquiry_id=?
Hibernate: 
    select
        cl1_0.enquiry_id,
        cl1_0.id,
        cl1_0.container_code,
        cl1_0.container_qty,
        cl1_0.container_type_id,
        cl1_0.created_at,
        cl1_0.raw_text,
        cl1_0.teu_per_unit 
    from
        enquiry_container_line cl1_0 
    where
        cl1_0.enquiry_id=?
2026-02-06T16:17:25.856+08:00 DEBUG 11568 --- [logitrack-backend] [nio-8888-exec-9] org.hibernate.SQL                        : 
    select
        o1_0.enquiry_id,
        o1_0.id,
        o1_0.created_at,
        o1_0.is_latest,
        o1_0.is_rejected_price,
        o1_0.offer_type,
        o1_0.price,
        o1_0.price_text,
        o1_0.sent_date,
        o1_0.sent_date_raw_text,
        o1_0.sequence_no,
        o1_0.updated_at 
    from
        offer o1_0 
    where
        o1_0.enquiry_id=?
Hibernate: 
    select
        o1_0.enquiry_id,
        o1_0.id,
        o1_0.created_at,
        o1_0.is_latest,
        o1_0.is_rejected_price,
        o1_0.offer_type,
        o1_0.price,
        o1_0.price_text,
        o1_0.sent_date,
        o1_0.sent_date_raw_text,
        o1_0.sequence_no,
        o1_0.updated_at 
    from
        offer o1_0 
    where
        o1_0.enquiry_id=?
2026-02-06T16:17:25.858+08:00 DEBUG 11568 --- [logitrack-backend] [nio-8888-exec-9] org.hibernate.SQL                        : 
    select
        cl1_0.enquiry_id,
        cl1_0.id,
        cl1_0.container_code,
        cl1_0.container_qty,
        cl1_0.container_type_id,
        cl1_0.created_at,
        cl1_0.raw_text,
        cl1_0.teu_per_unit 
    from
        enquiry_container_line cl1_0 
    where
        cl1_0.enquiry_id=?
Hibernate: 
    select
        cl1_0.enquiry_id,
        cl1_0.id,
        cl1_0.container_code,
        cl1_0.container_qty,
        cl1_0.container_type_id,
        cl1_0.created_at,
        cl1_0.raw_text,
        cl1_0.teu_per_unit 
    from
        enquiry_container_line cl1_0 
    where
        cl1_0.enquiry_id=?
2026-02-06T16:17:25.859+08:00 DEBUG 11568 --- [logitrack-backend] [nio-8888-exec-9] org.hibernate.SQL                        : 
    select
        o1_0.enquiry_id,
        o1_0.id,
        o1_0.created_at,
        o1_0.is_latest,
        o1_0.is_rejected_price,
        o1_0.offer_type,
        o1_0.price,
        o1_0.price_text,
        o1_0.sent_date,
        o1_0.sent_date_raw_text,
        o1_0.sequence_no,
        o1_0.updated_at 
    from
        offer o1_0 
    where
        o1_0.enquiry_id=?
Hibernate: 
    select
        o1_0.enquiry_id,
        o1_0.id,
        o1_0.created_at,
        o1_0.is_latest,
        o1_0.is_rejected_price,
        o1_0.offer_type,
        o1_0.price,
        o1_0.price_text,
        o1_0.sent_date,
        o1_0.sent_date_raw_text,
        o1_0.sequence_no,
        o1_0.updated_at 
    from
        offer o1_0 
    where
        o1_0.enquiry_id=?
2026-02-06T16:17:25.861+08:00 DEBUG 11568 --- [logitrack-backend] [nio-8888-exec-9] org.hibernate.SQL                        : 
    select
        cl1_0.enquiry_id,
        cl1_0.id,
        cl1_0.container_code,
        cl1_0.container_qty,
        cl1_0.container_type_id,
        cl1_0.created_at,
        cl1_0.raw_text,
        cl1_0.teu_per_unit 
    from
        enquiry_container_line cl1_0 
    where
        cl1_0.enquiry_id=?
Hibernate: 
    select
        cl1_0.enquiry_id,
        cl1_0.id,
        cl1_0.container_code,
        cl1_0.container_qty,
        cl1_0.container_type_id,
        cl1_0.created_at,
        cl1_0.raw_text,
        cl1_0.teu_per_unit 
    from
        enquiry_container_line cl1_0 
    where
        cl1_0.enquiry_id=?
2026-02-06T16:17:25.862+08:00 DEBUG 11568 --- [logitrack-backend] [nio-8888-exec-9] org.hibernate.SQL                        : 
    select
        o1_0.enquiry_id,
        o1_0.id,
        o1_0.created_at,
        o1_0.is_latest,
        o1_0.is_rejected_price,
        o1_0.offer_type,
        o1_0.price,
        o1_0.price_text,
        o1_0.sent_date,
        o1_0.sent_date_raw_text,
        o1_0.sequence_no,
        o1_0.updated_at 
    from
        offer o1_0 
    where
        o1_0.enquiry_id=?
Hibernate: 
    select
        o1_0.enquiry_id,
        o1_0.id,
        o1_0.created_at,
        o1_0.is_latest,
        o1_0.is_rejected_price,
        o1_0.offer_type,
        o1_0.price,
        o1_0.price_text,
        o1_0.sent_date,
        o1_0.sent_date_raw_text,
        o1_0.sequence_no,
        o1_0.updated_at 
    from
        offer o1_0 
    where
        o1_0.enquiry_id=?
2026-02-06T16:17:25.864+08:00 DEBUG 11568 --- [logitrack-backend] [nio-8888-exec-9] org.hibernate.SQL                        : 
    select
        cl1_0.enquiry_id,
        cl1_0.id,
        cl1_0.container_code,
        cl1_0.container_qty,
        cl1_0.container_type_id,
        cl1_0.created_at,
        cl1_0.raw_text,
        cl1_0.teu_per_unit 
    from
        enquiry_container_line cl1_0 
    where
        cl1_0.enquiry_id=?
Hibernate: 
    select
        cl1_0.enquiry_id,
        cl1_0.id,
        cl1_0.container_code,
        cl1_0.container_qty,
        cl1_0.container_type_id,
        cl1_0.created_at,
        cl1_0.raw_text,
        cl1_0.teu_per_unit 
    from
        enquiry_container_line cl1_0 
    where
        cl1_0.enquiry_id=?
2026-02-06T16:17:25.867+08:00 DEBUG 11568 --- [logitrack-backend] [nio-8888-exec-9] org.hibernate.SQL                        : 
    select
        o1_0.enquiry_id,
        o1_0.id,
        o1_0.created_at,
        o1_0.is_latest,
        o1_0.is_rejected_price,
        o1_0.offer_type,
        o1_0.price,
        o1_0.price_text,
        o1_0.sent_date,
        o1_0.sent_date_raw_text,
        o1_0.sequence_no,
        o1_0.updated_at 
    from
        offer o1_0 
    where
        o1_0.enquiry_id=?
Hibernate: 
    select
        o1_0.enquiry_id,
        o1_0.id,
        o1_0.created_at,
        o1_0.is_latest,
        o1_0.is_rejected_price,
        o1_0.offer_type,
        o1_0.price,
        o1_0.price_text,
        o1_0.sent_date,
        o1_0.sent_date_raw_text,
        o1_0.sequence_no,
        o1_0.updated_at 
    from
        offer o1_0 
    where
        o1_0.enquiry_id=?
2026-02-06T16:17:25.869+08:00 DEBUG 11568 --- [logitrack-backend] [nio-8888-exec-9] org.hibernate.SQL                        : 
    select
        cl1_0.enquiry_id,
        cl1_0.id,
        cl1_0.container_code,
        cl1_0.container_qty,
        cl1_0.container_type_id,
        cl1_0.created_at,
        cl1_0.raw_text,
        cl1_0.teu_per_unit 
    from
        enquiry_container_line cl1_0 
    where
        cl1_0.enquiry_id=?
Hibernate: 
    select
        cl1_0.enquiry_id,
        cl1_0.id,
        cl1_0.container_code,
        cl1_0.container_qty,
        cl1_0.container_type_id,
        cl1_0.created_at,
        cl1_0.raw_text,
        cl1_0.teu_per_unit 
    from
        enquiry_container_line cl1_0 
    where
        cl1_0.enquiry_id=?
2026-02-06T16:17:25.871+08:00 DEBUG 11568 --- [logitrack-backend] [nio-8888-exec-9] org.hibernate.SQL                        : 
    select
        o1_0.enquiry_id,
        o1_0.id,
        o1_0.created_at,
        o1_0.is_latest,
        o1_0.is_rejected_price,
        o1_0.offer_type,
        o1_0.price,
        o1_0.price_text,
        o1_0.sent_date,
        o1_0.sent_date_raw_text,
        o1_0.sequence_no,
        o1_0.updated_at 
    from
        offer o1_0 
    where
        o1_0.enquiry_id=?
Hibernate: 
    select
        o1_0.enquiry_id,
        o1_0.id,
        o1_0.created_at,
        o1_0.is_latest,
        o1_0.is_rejected_price,
        o1_0.offer_type,
        o1_0.price,
        o1_0.price_text,
        o1_0.sent_date,
        o1_0.sent_date_raw_text,
        o1_0.sequence_no,
        o1_0.updated_at 
    from
        offer o1_0 
    where
        o1_0.enquiry_id=?
2026-02-06T16:17:25.872+08:00 DEBUG 11568 --- [logitrack-backend] [nio-8888-exec-9] org.hibernate.SQL                        : 
    select
        cl1_0.enquiry_id,
        cl1_0.id,
        cl1_0.container_code,
        cl1_0.container_qty,
        cl1_0.container_type_id,
        cl1_0.created_at,
        cl1_0.raw_text,
        cl1_0.teu_per_unit 
    from
        enquiry_container_line cl1_0 
    where
        cl1_0.enquiry_id=?
Hibernate: 
    select
        cl1_0.enquiry_id,
        cl1_0.id,
        cl1_0.container_code,
        cl1_0.container_qty,
        cl1_0.container_type_id,
        cl1_0.created_at,
        cl1_0.raw_text,
        cl1_0.teu_per_unit 
    from
        enquiry_container_line cl1_0 
    where
        cl1_0.enquiry_id=?
2026-02-06T16:17:25.877+08:00 DEBUG 11568 --- [logitrack-backend] [nio-8888-exec-9] org.hibernate.SQL                        : 
    select
        o1_0.enquiry_id,
        o1_0.id,
        o1_0.created_at,
        o1_0.is_latest,
        o1_0.is_rejected_price,
        o1_0.offer_type,
        o1_0.price,
        o1_0.price_text,
        o1_0.sent_date,
        o1_0.sent_date_raw_text,
        o1_0.sequence_no,
        o1_0.updated_at 
    from
        offer o1_0 
    where
        o1_0.enquiry_id=?
Hibernate: 
    select
        o1_0.enquiry_id,
        o1_0.id,
        o1_0.created_at,
        o1_0.is_latest,
        o1_0.is_rejected_price,
        o1_0.offer_type,
        o1_0.price,
        o1_0.price_text,
        o1_0.sent_date,
        o1_0.sent_date_raw_text,
        o1_0.sequence_no,
        o1_0.updated_at 
    from
        offer o1_0 
    where
        o1_0.enquiry_id=?
2026-02-06T16:17:25.890+08:00 DEBUG 11568 --- [logitrack-backend] [nio-8888-exec-9] org.hibernate.SQL                        : 
    select
        cl1_0.enquiry_id,
        cl1_0.id,
        cl1_0.container_code,
        cl1_0.container_qty,
        cl1_0.container_type_id,
        cl1_0.created_at,
        cl1_0.raw_text,
        cl1_0.teu_per_unit 
    from
        enquiry_container_line cl1_0 
    where
        cl1_0.enquiry_id=?
Hibernate: 
    select
        cl1_0.enquiry_id,
        cl1_0.id,
        cl1_0.container_code,
        cl1_0.container_qty,
        cl1_0.container_type_id,
        cl1_0.created_at,
        cl1_0.raw_text,
        cl1_0.teu_per_unit 
    from
        enquiry_container_line cl1_0 
    where
        cl1_0.enquiry_id=?
2026-02-06T16:17:25.891+08:00 DEBUG 11568 --- [logitrack-backend] [nio-8888-exec-9] org.hibernate.SQL                        : 
    select
        o1_0.enquiry_id,
        o1_0.id,
        o1_0.created_at,
        o1_0.is_latest,
        o1_0.is_rejected_price,
        o1_0.offer_type,
        o1_0.price,
        o1_0.price_text,
        o1_0.sent_date,
        o1_0.sent_date_raw_text,
        o1_0.sequence_no,
        o1_0.updated_at 
    from
        offer o1_0 
    where
        o1_0.enquiry_id=?
Hibernate: 
    select
        o1_0.enquiry_id,
        o1_0.id,
        o1_0.created_at,
        o1_0.is_latest,
        o1_0.is_rejected_price,
        o1_0.offer_type,
        o1_0.price,
        o1_0.price_text,
        o1_0.sent_date,
        o1_0.sent_date_raw_text,
        o1_0.sequence_no,
        o1_0.updated_at 
    from
        offer o1_0 
    where
        o1_0.enquiry_id=?
2026-02-06T16:17:25.893+08:00 DEBUG 11568 --- [logitrack-backend] [nio-8888-exec-9] org.hibernate.SQL                        : 
    select
        cl1_0.enquiry_id,
        cl1_0.id,
        cl1_0.container_code,
        cl1_0.container_qty,
        cl1_0.container_type_id,
        cl1_0.created_at,
        cl1_0.raw_text,
        cl1_0.teu_per_unit 
    from
        enquiry_container_line cl1_0 
    where
        cl1_0.enquiry_id=?
Hibernate: 
    select
        cl1_0.enquiry_id,
        cl1_0.id,
        cl1_0.container_code,
        cl1_0.container_qty,
        cl1_0.container_type_id,
        cl1_0.created_at,
        cl1_0.raw_text,
        cl1_0.teu_per_unit 
    from
        enquiry_container_line cl1_0 
    where
        cl1_0.enquiry_id=?
2026-02-06T16:17:25.894+08:00 DEBUG 11568 --- [logitrack-backend] [nio-8888-exec-9] org.hibernate.SQL                        : 
    select
        o1_0.enquiry_id,
        o1_0.id,
        o1_0.created_at,
        o1_0.is_latest,
        o1_0.is_rejected_price,
        o1_0.offer_type,
        o1_0.price,
        o1_0.price_text,
        o1_0.sent_date,
        o1_0.sent_date_raw_text,
        o1_0.sequence_no,
        o1_0.updated_at 
    from
        offer o1_0 
    where
        o1_0.enquiry_id=?
Hibernate: 
    select
        o1_0.enquiry_id,
        o1_0.id,
        o1_0.created_at,
        o1_0.is_latest,
        o1_0.is_rejected_price,
        o1_0.offer_type,
        o1_0.price,
        o1_0.price_text,
        o1_0.sent_date,
        o1_0.sent_date_raw_text,
        o1_0.sequence_no,
        o1_0.updated_at 
    from
        offer o1_0 
    where
        o1_0.enquiry_id=?
2026-02-06T16:17:25.900+08:00 DEBUG 11568 --- [logitrack-backend] [nio-8888-exec-9] org.hibernate.SQL                        : 
    select
        cl1_0.enquiry_id,
        cl1_0.id,
        cl1_0.container_code,
        cl1_0.container_qty,
        cl1_0.container_type_id,
        cl1_0.created_at,
        cl1_0.raw_text,
        cl1_0.teu_per_unit 
    from
        enquiry_container_line cl1_0 
    where
        cl1_0.enquiry_id=?
Hibernate: 
    select
        cl1_0.enquiry_id,
        cl1_0.id,
        cl1_0.container_code,
        cl1_0.container_qty,
        cl1_0.container_type_id,
        cl1_0.created_at,
        cl1_0.raw_text,
        cl1_0.teu_per_unit 
    from
        enquiry_container_line cl1_0 
    where
        cl1_0.enquiry_id=?
