row_num,reference,cargo_ready_date,handling
7,CN2401010-A,TBA,"→ 写为 NULL（raw_text 保留原值 ""TBA""）"
8,CN2401011-A,TBA,"→ 写为 NULL（raw_text 保留原值 ""TBA""）"
9,CN2401012-A,TBA,"→ 写为 NULL（raw_text 保留原值 ""TBA""）"
10,CN2401013-A,TBA,"→ 写为 NULL（raw_text 保留原值 ""TBA""）"
11,CN2401014-A,TBA,"→ 写为 NULL（raw_text 保留原值 ""TBA""）"
12,CN2401015-A,TBA,"→ 写为 NULL（raw_text 保留原值 ""TBA""）"
13,CN2401016-A,TBA,"→ 写为 NULL（raw_text 保留原值 ""TBA""）"
14,CN2401017-S,TBA,"→ 写为 NULL（raw_text 保留原值 ""TBA""）"
16,CN2401018-A,TBA,"→ 写为 NULL（raw_text 保留原值 ""TBA""）"
17,CN2401018-S,TBA,"→ 写为 NULL（raw_text 保留原值 ""TBA""）"
18,CN2401019-A,TBA,"→ 写为 NULL（raw_text 保留原值 ""TBA""）"
19,CN2401020-A,TBA,"→ 写为 NULL（raw_text 保留原值 ""TBA""）"
21,CN2401022-A,TBA,"→ 写为 NULL（raw_text 保留原值 ""TBA""）"
26,CN2401027-AS,TBA,"→ 写为 NULL（raw_text 保留原值 ""TBA""）"
27,CN2401027-AS1,TBA,"→ 写为 NULL（raw_text 保留原值 ""TBA""）"
28,CN2401028-S,TBA,"→ 写为 NULL（raw_text 保留原值 ""TBA""）"
30,CN2401030-S,TBA,"→ 写为 NULL（raw_text 保留原值 ""TBA""）"
31,CN2401031-S,TBA,"→ 写为 NULL（raw_text 保留原值 ""TBA""）"
32,CN2401031-S1,TBA,"→ 写为 NULL（raw_text 保留原值 ""TBA""）"
33,CN2401032-A,TBA,"→ 写为 NULL（raw_text 保留原值 ""TBA""）"
34,CN2401033-A,TBA,"→ 写为 NULL（raw_text 保留原值 ""TBA""）"
35,CN2401034-A,TBA,"→ 写为 NULL（raw_text 保留原值 ""TBA""）"
36,CN2401035-S,TBA,"→ 写为 NULL（raw_text 保留原值 ""TBA""）"
37,CN2401036-S,TBA,"→ 写为 NULL（raw_text 保留原值 ""TBA""）"
38,CN2401037-A,TBA,"→ 写为 NULL（raw_text 保留原值 ""TBA""）"
39,CN2401038-A,TBA,"→ 写为 NULL（raw_text 保留原值 ""TBA""）"
40,CN2401039-A,TBA,"→ 写为 NULL（raw_text 保留原值 ""TBA""）"
41,CN2401040-S1,TBA,"→ 写为 NULL（raw_text 保留原值 ""TBA""）"
42,CN2401040-S2,TBA,"→ 写为 NULL（raw_text 保留原值 ""TBA""）"
43,CN2401040-S3,TBA,"→ 写为 NULL（raw_text 保留原值 ""TBA""）"
44,CN2401040-S4,TBA,"→ 写为 NULL（raw_text 保留原值 ""TBA""）"
45,CN2401041-A,TBA,"→ 写为 NULL（raw_text 保留原值 ""TBA""）"
46,CN2401042-A,TBA,"→ 写为 NULL（raw_text 保留原值 ""TBA""）"
47,CN2401043-A,TBA,"→ 写为 NULL（raw_text 保留原值 ""TBA""）"
48,CN2401044-A,TBA,"→ 写为 NULL（raw_text 保留原值 ""TBA""）"
49,CN2401045-A,TBA,"→ 写为 NULL（raw_text 保留原值 ""TBA""）"
51,CN2401047-A,TBA,"→ 写为 NULL（raw_text 保留原值 ""TBA""）"
52,CN2401048-A,TBA,"→ 写为 NULL（raw_text 保留原值 ""TBA""）"
53,CN2401049-A,TBA,"→ 写为 NULL（raw_text 保留原值 ""TBA""）"
54,CN2401050-A,TBA,"→ 写为 NULL（raw_text 保留原值 ""TBA""）"
55,CN2401051-A,TBA,"→ 写为 NULL（raw_text 保留原值 ""TBA""）"
62,CN2401057-S,TBA,"→ 写为 NULL（raw_text 保留原值 ""TBA""）"
64,CN2401059-S,TBA,"→ 写为 NULL（raw_text 保留原值 ""TBA""）"
65,CN2401060-S,TBA,"→ 写为 NULL（raw_text 保留原值 ""TBA""）"
69,CN2401063-S,TBA,"→ 写为 NULL（raw_text 保留原值 ""TBA""）"
71,CN2401065-A,TBA,"→ 写为 NULL（raw_text 保留原值 ""TBA""）"
72,CN2401066-A,TBA,"→ 写为 NULL（raw_text 保留原值 ""TBA""）"
73,CN2401067-A,TBA,"→ 写为 NULL（raw_text 保留原值 ""TBA""）"
74,CN2401068-A,TBA,"→ 写为 NULL（raw_text 保留原值 ""TBA""）"
75,CN2401069-A,TBA,"→ 写为 NULL（raw_text 保留原值 ""TBA""）"
76,CN2401070-A,TBA,"→ 写为 NULL（raw_text 保留原值 ""TBA""）"
77,CN2401071-A,TBA,"→ 写为 NULL（raw_text 保留原值 ""TBA""）"
82,CN2401076-S,TBA,"→ 写为 NULL（raw_text 保留原值 ""TBA""）"
86,CN2401080-A,TBA,"→ 写为 NULL（raw_text 保留原值 ""TBA""）"
87,CN2401081-A,TBA,"→ 写为 NULL（raw_text 保留原值 ""TBA""）"
88,CN2401082-A,TBA,"→ 写为 NULL（raw_text 保留原值 ""TBA""）"
89,CN2401083-A,TBA,"→ 写为 NULL（raw_text 保留原值 ""TBA""）"
90,CN2401084-A,TBA,"→ 写为 NULL（raw_text 保留原值 ""TBA""）"
91,CN2401085-A,TBA,"→ 写为 NULL（raw_text 保留原值 ""TBA""）"
92,CN2401086-A,TBA,"→ 写为 NULL（raw_text 保留原值 ""TBA""）"
93,CN2401087-A,TBA,"→ 写为 NULL（raw_text 保留原值 ""TBA""）"
95,CN2401089-S,TBA,"→ 写为 NULL（raw_text 保留原值 ""TBA""）"
97,CN2401091-S,TBA,"→ 写为 NULL（raw_text 保留原值 ""TBA""）"
98,CN2401092-S,TBA,"→ 写为 NULL（raw_text 保留原值 ""TBA""）"
99,CN2401093-S,TBA,"→ 写为 NULL（raw_text 保留原值 ""TBA""）"
100,CN2401094-S,TBA,"→ 写为 NULL（raw_text 保留原值 ""TBA""）"
101,CN2401095-S,TBA,"→ 写为 NULL（raw_text 保留原值 ""TBA""）"
102,CN2401096-S,TBA,"→ 写为 NULL（raw_text 保留原值 ""TBA""）"
103,CN2401097-S,TBA,"→ 写为 NULL（raw_text 保留原值 ""TBA""）"
105,CN2401099-S1,TBA,"→ 写为 NULL（raw_text 保留原值 ""TBA""）"
106,CN2401099-S2,TBA,"→ 写为 NULL（raw_text 保留原值 ""TBA""）"
107,CN2401100-S,TBA,"→ 写为 NULL（raw_text 保留原值 ""TBA""）"
108,CN2401101-S,TBA,"→ 写为 NULL（raw_text 保留原值 ""TBA""）"
114,CN2401107-AS,TBA,"→ 写为 NULL（raw_text 保留原值 ""TBA""）"
115,CN2401107-AS1,TBA,"→ 写为 NULL（raw_text 保留原值 ""TBA""）"
116,CN2401108-A,TBA,"→ 写为 NULL（raw_text 保留原值 ""TBA""）"
117,CN2401109-S,TBA,"→ 写为 NULL（raw_text 保留原值 ""TBA""）"
121,CN2401113-S,TBA,"→ 写为 NULL（raw_text 保留原值 ""TBA""）"
125,CN2401117-A,TBA,"→ 写为 NULL（raw_text 保留原值 ""TBA""）"
126,CN2401118-A,TBA,"→ 写为 NULL（raw_text 保留原值 ""TBA""）"
127,CN2401119-S,TBA,"→ 写为 NULL（raw_text 保留原值 ""TBA""）"
130,CN2401122-A,TBA,"→ 写为 NULL（raw_text 保留原值 ""TBA""）"
131,CN2401123-S,TBA,"→ 写为 NULL（raw_text 保留原值 ""TBA""）"
132,CN2401124-S,TBA,"→ 写为 NULL（raw_text 保留原值 ""TBA""）"
133,CN2401125-S,TBA,"→ 写为 NULL（raw_text 保留原值 ""TBA""）"
134,CN2401126-A,TBA,"→ 写为 NULL（raw_text 保留原值 ""TBA""）"
135,CN2401127-A,TBA,"→ 写为 NULL（raw_text 保留原值 ""TBA""）"
136,CN2401128-A,TBA,"→ 写为 NULL（raw_text 保留原值 ""TBA""）"
137,CN2401129-A,TBA,"→ 写为 NULL（raw_text 保留原值 ""TBA""）"
138,CN2401130-A,TBA,"→ 写为 NULL（raw_text 保留原值 ""TBA""）"
151,CN2401143-S,TBA,"→ 写为 NULL（raw_text 保留原值 ""TBA""）"
153,CN2401145-S,TBA,"→ 写为 NULL（raw_text 保留原值 ""TBA""）"
156,CN2401148-A,TBA,"→ 写为 NULL（raw_text 保留原值 ""TBA""）"
162,CN2401154-A,TBA,"→ 写为 NULL（raw_text 保留原值 ""TBA""）"
164,CN2401156-A,TBA,"→ 写为 NULL（raw_text 保留原值 ""TBA""）"
165,CN2401157-A,TBA,"→ 写为 NULL（raw_text 保留原值 ""TBA""）"
166,CN2401158-A,TBA,"→ 写为 NULL（raw_text 保留原值 ""TBA""）"
171,CN2401163-A,TBA,"→ 写为 NULL（raw_text 保留原值 ""TBA""）"
172,CN2401164-S,TBA,"→ 写为 NULL（raw_text 保留原值 ""TBA""）"
173,CN2401165-A,TBA,"→ 写为 NULL（raw_text 保留原值 ""TBA""）"
174,CN2401166-S,TBA,"→ 写为 NULL（raw_text 保留原值 ""TBA""）"
176,CN2401168-A,TBA,"→ 写为 NULL（raw_text 保留原值 ""TBA""）"
177,CN2401169-A,TBA,"→ 写为 NULL（raw_text 保留原值 ""TBA""）"
178,CN2401170-A,TBA,"→ 写为 NULL（raw_text 保留原值 ""TBA""）"
180,CN2401172-A,TBA,"→ 写为 NULL（raw_text 保留原值 ""TBA""）"
184,CN2401176-S,TBA,"→ 写为 NULL（raw_text 保留原值 ""TBA""）"
186,CN2401178-S,TBA,"→ 写为 NULL（raw_text 保留原值 ""TBA""）"
188,CN2401180-S,TBA,"→ 写为 NULL（raw_text 保留原值 ""TBA""）"
192,CN2401184-S,TBA,"→ 写为 NULL（raw_text 保留原值 ""TBA""）"
193,CN2401185-S,TBA,"→ 写为 NULL（raw_text 保留原值 ""TBA""）"
194,CN2401186-S1,TBA,"→ 写为 NULL（raw_text 保留原值 ""TBA""）"
195,CN2401186-S2,TBA,"→ 写为 NULL（raw_text 保留原值 ""TBA""）"
200,CN2401191-A,TBA,"→ 写为 NULL（raw_text 保留原值 ""TBA""）"
201,CN2401192-A,TBA,"→ 写为 NULL（raw_text 保留原值 ""TBA""）"
203,CN2401194-S,TBA,"→ 写为 NULL（raw_text 保留原值 ""TBA""）"
204,CN2401195-A,TBA,"→ 写为 NULL（raw_text 保留原值 ""TBA""）"
205,CN2401196-A,TBA,"→ 写为 NULL（raw_text 保留原值 ""TBA""）"
206,CN2401197-A,TBA,"→ 写为 NULL（raw_text 保留原值 ""TBA""）"
207,CN2401198-A,TBA,"→ 写为 NULL（raw_text 保留原值 ""TBA""）"
208,CN2401199-A,TBA,"→ 写为 NULL（raw_text 保留原值 ""TBA""）"
209,CN2401200-A,TBA,"→ 写为 NULL（raw_text 保留原值 ""TBA""）"
210,CN2401201-A,TBA,"→ 写为 NULL（raw_text 保留原值 ""TBA""）"
211,CN2401202-A,TBA,"→ 写为 NULL（raw_text 保留原值 ""TBA""）"
212,CN2401203-S,TBA,"→ 写为 NULL（raw_text 保留原值 ""TBA""）"
214,CN2401205-S,TBA,"→ 写为 NULL（raw_text 保留原值 ""TBA""）"
215,CN2401206-S,TBA,"→ 写为 NULL（raw_text 保留原值 ""TBA""）"
218,CN2401209-S,TBA,"→ 写为 NULL（raw_text 保留原值 ""TBA""）"
227,CN2401213-S,TBA,"→ 写为 NULL（raw_text 保留原值 ""TBA""）"
228,CN2401214-S,TBA,"→ 写为 NULL（raw_text 保留原值 ""TBA""）"
229,CN2401215-A,TBA,"→ 写为 NULL（raw_text 保留原值 ""TBA""）"
237,CN2401223-S,TBA,"→ 写为 NULL（raw_text 保留原值 ""TBA""）"
240,CN2401226-A,TBA,"→ 写为 NULL（raw_text 保留原值 ""TBA""）"
241,CN2401227-A1,TBA,"→ 写为 NULL（raw_text 保留原值 ""TBA""）"
242,CN2401227-A2,TBA,"→ 写为 NULL（raw_text 保留原值 ""TBA""）"
243,CN2401228-A,TBA,"→ 写为 NULL（raw_text 保留原值 ""TBA""）"
244,CN2401229-A,TBA,"→ 写为 NULL（raw_text 保留原值 ""TBA""）"
246,CN2401231-A,TBA,"→ 写为 NULL（raw_text 保留原值 ""TBA""）"
247,CN2401232-A,TBA,"→ 写为 NULL（raw_text 保留原值 ""TBA""）"
248,CN2401233-A,TBA,"→ 写为 NULL（raw_text 保留原值 ""TBA""）"
249,CN2401234-A,TBA,"→ 写为 NULL（raw_text 保留原值 ""TBA""）"
250,CN2401235-A,TBA,"→ 写为 NULL（raw_text 保留原值 ""TBA""）"
251,CN2401236-A1,TBA,"→ 写为 NULL（raw_text 保留原值 ""TBA""）"
252,CN2401237-A,TBA,"→ 写为 NULL（raw_text 保留原值 ""TBA""）"
253,CN2401238-A,TBA,"→ 写为 NULL（raw_text 保留原值 ""TBA""）"
255,CN2401240-S,TBA,"→ 写为 NULL（raw_text 保留原值 ""TBA""）"
257,CN2401242-S,TBA,"→ 写为 NULL（raw_text 保留原值 ""TBA""）"
259,CN2401244-S,TBA,"→ 写为 NULL（raw_text 保留原值 ""TBA""）"
260,CN2401245-S,TBA,"→ 写为 NULL（raw_text 保留原值 ""TBA""）"
263,CN2401248-A,TBA,"→ 写为 NULL（raw_text 保留原值 ""TBA""）"
268,CN2401253-R,TBA,"→ 写为 NULL（raw_text 保留原值 ""TBA""）"
275,CN2401260-A,TBA,"→ 写为 NULL（raw_text 保留原值 ""TBA""）"
276,CN2401261-A,TBA,"→ 写为 NULL（raw_text 保留原值 ""TBA""）"
277,CN2401262-A,TBA,"→ 写为 NULL（raw_text 保留原值 ""TBA""）"
278,CN2401263-S,TBA,"→ 写为 NULL（raw_text 保留原值 ""TBA""）"
282,CN2401267-A,TBA,"→ 写为 NULL（raw_text 保留原值 ""TBA""）"
284,CN2401269-A,TBA,"→ 写为 NULL（raw_text 保留原值 ""TBA""）"
286,CN2401271-A,TBA,"→ 写为 NULL（raw_text 保留原值 ""TBA""）"
288,CN2401273-R,TBA,"→ 写为 NULL（raw_text 保留原值 ""TBA""）"
297,CN2401280-A,TBA,"→ 写为 NULL（raw_text 保留原值 ""TBA""）"
298,CN2401281-A,TBA,"→ 写为 NULL（raw_text 保留原值 ""TBA""）"
301,CN2401283-A,TBA,"→ 写为 NULL（raw_text 保留原值 ""TBA""）"
303,CN2401285-S,TBA,"→ 写为 NULL（raw_text 保留原值 ""TBA""）"
305,CN2401287-S,TBA,"→ 写为 NULL（raw_text 保留原值 ""TBA""）"
310,CN2401292-S,TBA,"→ 写为 NULL（raw_text 保留原值 ""TBA""）"
312,CN2401294-S,TBA,"→ 写为 NULL（raw_text 保留原值 ""TBA""）"
314,CN2401296-A,TBA,"→ 写为 NULL（raw_text 保留原值 ""TBA""）"
315,CN2401297-A,TBA,"→ 写为 NULL（raw_text 保留原值 ""TBA""）"
316,CN2401298-A,TBA,"→ 写为 NULL（raw_text 保留原值 ""TBA""）"
317,CN2401299-A,TBA,"→ 写为 NULL（raw_text 保留原值 ""TBA""）"
318,CN2401300-A,TBA,"→ 写为 NULL（raw_text 保留原值 ""TBA""）"
319,CN2401301-A,TBA,"→ 写为 NULL（raw_text 保留原值 ""TBA""）"
320,CN2401302-A,TBA,"→ 写为 NULL（raw_text 保留原值 ""TBA""）"
321,CN2401303-A,TBA,"→ 写为 NULL（raw_text 保留原值 ""TBA""）"
322,CN2401304-S,TBA,"→ 写为 NULL（raw_text 保留原值 ""TBA""）"
323,CN2401305-A,TBA,"→ 写为 NULL（raw_text 保留原值 ""TBA""）"
324,CN2401306-S,TBA,"→ 写为 NULL（raw_text 保留原值 ""TBA""）"
325,CN2401307-S,TBA,"→ 写为 NULL（raw_text 保留原值 ""TBA""）"
326,CN2401308-S,TBA,"→ 写为 NULL（raw_text 保留原值 ""TBA""）"
327,CN2401309-S,TBA,"→ 写为 NULL（raw_text 保留原值 ""TBA""）"
329,CN2401311-A,TBA,"→ 写为 NULL（raw_text 保留原值 ""TBA""）"
330,CN2401312-A,TBA,"→ 写为 NULL（raw_text 保留原值 ""TBA""）"
331,CN2401313-A,TBA,"→ 写为 NULL（raw_text 保留原值 ""TBA""）"
332,CN2401314-A,TBA,"→ 写为 NULL（raw_text 保留原值 ""TBA""）"
333,CN2401315-A,TBA,"→ 写为 NULL（raw_text 保留原值 ""TBA""）"
335,CN2401317-A,TBA,"→ 写为 NULL（raw_text 保留原值 ""TBA""）"
336,CN2401318-A,TBA,"→ 写为 NULL（raw_text 保留原值 ""TBA""）"
338,CN2401320-S,TBA,"→ 写为 NULL（raw_text 保留原值 ""TBA""）"
340,CN2401322-S,TBA,"→ 写为 NULL（raw_text 保留原值 ""TBA""）"
341,CN2401323-S,TBA,"→ 写为 NULL（raw_text 保留原值 ""TBA""）"
343,CN2401325-S,TBA,"→ 写为 NULL（raw_text 保留原值 ""TBA""）"
345,CN2401327-S,TBA,"→ 写为 NULL（raw_text 保留原值 ""TBA""）"
346,CN2401328-S,TBA,"→ 写为 NULL（raw_text 保留原值 ""TBA""）"
347,CN2401329-S,TBA,"→ 写为 NULL（raw_text 保留原值 ""TBA""）"
355,CN2401337-RS1,TBA,"→ 写为 NULL（raw_text 保留原值 ""TBA""）"
356,CN2401337-RS2,TBA,"→ 写为 NULL（raw_text 保留原值 ""TBA""）"
357,CN2401337-RS3,TBA,"→ 写为 NULL（raw_text 保留原值 ""TBA""）"
358,CN2401337-RS4,TBA,"→ 写为 NULL（raw_text 保留原值 ""TBA""）"
359,CN2401338-S,TBA,"→ 写为 NULL（raw_text 保留原值 ""TBA""）"
360,CN2401339-A,TBA,"→ 写为 NULL（raw_text 保留原值 ""TBA""）"
361,CN2401340-S,TBA,"→ 写为 NULL（raw_text 保留原值 ""TBA""）"
362,CN2401341-S1,TBA,"→ 写为 NULL（raw_text 保留原值 ""TBA""）"
363,CN2401342-S,TBA,"→ 写为 NULL（raw_text 保留原值 ""TBA""）"
368,CN2401344-S,TBA,"→ 写为 NULL（raw_text 保留原值 ""TBA""）"
370,CN2401346-S,TBA,"→ 写为 NULL（raw_text 保留原值 ""TBA""）"
371,CN2401347-S,TBA,"→ 写为 NULL（raw_text 保留原值 ""TBA""）"
372,CN2401348-S,TBA,"→ 写为 NULL（raw_text 保留原值 ""TBA""）"
373,CN2401349-S,TBA,"→ 写为 NULL（raw_text 保留原值 ""TBA""）"
376,CN2401352-A,TBA,"→ 写为 NULL（raw_text 保留原值 ""TBA""）"
377,CN2401353-A,TBA,"→ 写为 NULL（raw_text 保留原值 ""TBA""）"
378,CN2401354-A,TBA,"→ 写为 NULL（raw_text 保留原值 ""TBA""）"
379,CN2401355-S,TBA,"→ 写为 NULL（raw_text 保留原值 ""TBA""）"
380,CN2401356-A,TBA,"→ 写为 NULL（raw_text 保留原值 ""TBA""）"
381,CN2401357-A,TBA,"→ 写为 NULL（raw_text 保留原值 ""TBA""）"
386,CN2401361-A,TBA,"→ 写为 NULL（raw_text 保留原值 ""TBA""）"
387,CN2401362-R,TBA,"→ 写为 NULL（raw_text 保留原值 ""TBA""）"
388,CN2401363-A,TBA,"→ 写为 NULL（raw_text 保留原值 ""TBA""）"
389,CN2401364-A,TBA,"→ 写为 NULL（raw_text 保留原值 ""TBA""）"
391,CN2401366-A,TBA,"→ 写为 NULL（raw_text 保留原值 ""TBA""）"
393,CN2401368-S,TBA,"→ 写为 NULL（raw_text 保留原值 ""TBA""）"
394,CN2401369-R,TBA,"→ 写为 NULL（raw_text 保留原值 ""TBA""）"
395,CN2401370-S,TBA,"→ 写为 NULL（raw_text 保留原值 ""TBA""）"
397,CN2401372-S,TBA,"→ 写为 NULL（raw_text 保留原值 ""TBA""）"
400,CN2401375-S,TBA,"→ 写为 NULL（raw_text 保留原值 ""TBA""）"
401,CN2401376-A,TBA,"→ 写为 NULL（raw_text 保留原值 ""TBA""）"
404,CN2401379-A,TBA,"→ 写为 NULL（raw_text 保留原值 ""TBA""）"
406,CN2401381-S,TBA,"→ 写为 NULL（raw_text 保留原值 ""TBA""）"
409,CN2401384-A,TBA,"→ 写为 NULL（raw_text 保留原值 ""TBA""）"
413,CN2401388-S,TBA,"→ 写为 NULL（raw_text 保留原值 ""TBA""）"
416,CN2401391-R,TBA,"→ 写为 NULL（raw_text 保留原值 ""TBA""）"
417,CN2401392-A,TBA,"→ 写为 NULL（raw_text 保留原值 ""TBA""）"
418,CN2401393-A,TBA,"→ 写为 NULL（raw_text 保留原值 ""TBA""）"
420,CN2401395-A,TBA,"→ 写为 NULL（raw_text 保留原值 ""TBA""）"
422,CN2401397-A,TBA,"→ 写为 NULL（raw_text 保留原值 ""TBA""）"
423,CN2401398-A,TBA,"→ 写为 NULL（raw_text 保留原值 ""TBA""）"
424,CN2401399-A1,TBA,"→ 写为 NULL（raw_text 保留原值 ""TBA""）"
425,CN2401399-A2,TBA,"→ 写为 NULL（raw_text 保留原值 ""TBA""）"
426,CN2401399-A3,TBA,"→ 写为 NULL（raw_text 保留原值 ""TBA""）"
427,CN2401399-A4,TBA,"→ 写为 NULL（raw_text 保留原值 ""TBA""）"
428,CN2401400-A,TBA,"→ 写为 NULL（raw_text 保留原值 ""TBA""）"
429,CN2401401-A,TBA,"→ 写为 NULL（raw_text 保留原值 ""TBA""）"
430,CN2401402-R,TBA,"→ 写为 NULL（raw_text 保留原值 ""TBA""）"
432,CN2401404-S,TBA,"→ 写为 NULL（raw_text 保留原值 ""TBA""）"
433,CN2401404-S1,TBA,"→ 写为 NULL（raw_text 保留原值 ""TBA""）"
435,CN2401406-S,TBA,"→ 写为 NULL（raw_text 保留原值 ""TBA""）"
436,CN2401407-S,TBA,"→ 写为 NULL（raw_text 保留原值 ""TBA""）"
437,CN2401408-S,TBA,"→ 写为 NULL（raw_text 保留原值 ""TBA""）"
438,CN2401409-S,TBA,"→ 写为 NULL（raw_text 保留原值 ""TBA""）"
439,CN2401410-S,TBA,"→ 写为 NULL（raw_text 保留原值 ""TBA""）"
440,CN2401411-S,TBA,"→ 写为 NULL（raw_text 保留原值 ""TBA""）"
441,CN2401412-S,TBA,"→ 写为 NULL（raw_text 保留原值 ""TBA""）"
449,CN2401420-S,TBA,"→ 写为 NULL（raw_text 保留原值 ""TBA""）"
450,CN2401421-S,TBA,"→ 写为 NULL（raw_text 保留原值 ""TBA""）"
451,CN2401422-S,TBA,"→ 写为 NULL（raw_text 保留原值 ""TBA""）"
453,CN2401424-A,TBA,"→ 写为 NULL（raw_text 保留原值 ""TBA""）"
454,CN2401425-A,TBA,"→ 写为 NULL（raw_text 保留原值 ""TBA""）"
455,CN2401426-A,TBA,"→ 写为 NULL（raw_text 保留原值 ""TBA""）"
456,CN2401427-A,TBA,"→ 写为 NULL（raw_text 保留原值 ""TBA""）"
458,CN2401429-A1,TBA,"→ 写为 NULL（raw_text 保留原值 ""TBA""）"
459,CN2401429-A2,TBA,"→ 写为 NULL（raw_text 保留原值 ""TBA""）"
460,CN2401430-A,TBA,"→ 写为 NULL（raw_text 保留原值 ""TBA""）"
461,CN2401431-A,TBA,"→ 写为 NULL（raw_text 保留原值 ""TBA""）"
462,CN2401432-A,TBA,"→ 写为 NULL（raw_text 保留原值 ""TBA""）"
465,CN2401434-A,TBA,"→ 写为 NULL（raw_text 保留原值 ""TBA""）"
467,CN2401436-A,TBA,"→ 写为 NULL（raw_text 保留原值 ""TBA""）"
469,CN2401438-S,TBA,"→ 写为 NULL（raw_text 保留原值 ""TBA""）"
474,CN2401442-S,TBA,"→ 写为 NULL（raw_text 保留原值 ""TBA""）"
475,CN2401443-S,TBA,"→ 写为 NULL（raw_text 保留原值 ""TBA""）"
481,CN2401449-S,TBA,"→ 写为 NULL（raw_text 保留原值 ""TBA""）"
482,CN2401450-A,TBA,"→ 写为 NULL（raw_text 保留原值 ""TBA""）"
483,CN2401451-A,TBA,"→ 写为 NULL（raw_text 保留原值 ""TBA""）"
484,CN2401452-A,TBA,"→ 写为 NULL（raw_text 保留原值 ""TBA""）"
485,CN2401453-A,TBA,"→ 写为 NULL（raw_text 保留原值 ""TBA""）"
486,CN2401454-A,TBA,"→ 写为 NULL（raw_text 保留原值 ""TBA""）"
487,CN2401455-A,TBA,"→ 写为 NULL（raw_text 保留原值 ""TBA""）"
488,CN2401456-A,TBA,"→ 写为 NULL（raw_text 保留原值 ""TBA""）"
489,CN2401457-A,TBA,"→ 写为 NULL（raw_text 保留原值 ""TBA""）"
490,CN2401458-A,TBA,"→ 写为 NULL（raw_text 保留原值 ""TBA""）"
491,CN2401459-A,TBA,"→ 写为 NULL（raw_text 保留原值 ""TBA""）"
492,CN2401460-A,TBA,"→ 写为 NULL（raw_text 保留原值 ""TBA""）"
494,CN2401462-A,TBA,"→ 写为 NULL（raw_text 保留原值 ""TBA""）"
495,CN2401463-A,TBA,"→ 写为 NULL（raw_text 保留原值 ""TBA""）"
496,CN2401464-A,TBA,"→ 写为 NULL（raw_text 保留原值 ""TBA""）"
502,CN2401470-S,TBA,"→ 写为 NULL（raw_text 保留原值 ""TBA""）"
503,CN2401471-S,TBA,"→ 写为 NULL（raw_text 保留原值 ""TBA""）"
504,CN2401472-S,TBA,"→ 写为 NULL（raw_text 保留原值 ""TBA""）"
505,CN2401473-S,TBA,"→ 写为 NULL（raw_text 保留原值 ""TBA""）"
507,CN2401475-S,TBA,"→ 写为 NULL（raw_text 保留原值 ""TBA""）"
509,CN2401477-A,TBA,"→ 写为 NULL（raw_text 保留原值 ""TBA""）"
511,CN2401479-S,TBA,"→ 写为 NULL（raw_text 保留原值 ""TBA""）"
513,CN2401481-A,TBA,"→ 写为 NULL（raw_text 保留原值 ""TBA""）"
514,CN2401482-S,TBA,"→ 写为 NULL（raw_text 保留原值 ""TBA""）"
516,CN2401484-A,TBA,"→ 写为 NULL（raw_text 保留原值 ""TBA""）"
517,CN2401485-A,TBA,"→ 写为 NULL（raw_text 保留原值 ""TBA""）"
518,CN2401486-S,TBA,"→ 写为 NULL（raw_text 保留原值 ""TBA""）"
519,CN2401487-A,TBA,"→ 写为 NULL（raw_text 保留原值 ""TBA""）"
521,CN2401489-A,TBA,"→ 写为 NULL（raw_text 保留原值 ""TBA""）"
522,CN2401490-A,TBA,"→ 写为 NULL（raw_text 保留原值 ""TBA""）"
523,CN2401491-A,TBA,"→ 写为 NULL（raw_text 保留原值 ""TBA""）"
524,CN2401492-A,TBA,"→ 写为 NULL（raw_text 保留原值 ""TBA""）"
525,CN2401493-A,TBA,"→ 写为 NULL（raw_text 保留原值 ""TBA""）"
526,CN2401494-A,TBA,"→ 写为 NULL（raw_text 保留原值 ""TBA""）"
530,CN2401498-S,TBA,"→ 写为 NULL（raw_text 保留原值 ""TBA""）"
533,CN2401501-S,TBA,"→ 写为 NULL（raw_text 保留原值 ""TBA""）"
534,CN2401502-S1,TBA,"→ 写为 NULL（raw_text 保留原值 ""TBA""）"
535,CN2401502-S2,TBA,"→ 写为 NULL（raw_text 保留原值 ""TBA""）"
536,CN2401503-S,TBA,"→ 写为 NULL（raw_text 保留原值 ""TBA""）"
537,CN2401504-S,TBA,"→ 写为 NULL（raw_text 保留原值 ""TBA""）"
538,CN2401505-A,TBA,"→ 写为 NULL（raw_text 保留原值 ""TBA""）"
541,CN2401508-A,TBA,"→ 写为 NULL（raw_text 保留原值 ""TBA""）"
542,CN2401509-A,TBA,"→ 写为 NULL（raw_text 保留原值 ""TBA""）"
543,CN2401510-A,TBA,"→ 写为 NULL（raw_text 保留原值 ""TBA""）"
544,CN2401511-S,TBA,"→ 写为 NULL（raw_text 保留原值 ""TBA""）"
548,CN2401515-A,TBA,"→ 写为 NULL（raw_text 保留原值 ""TBA""）"
549,CN2401516-A,TBA,"→ 写为 NULL（raw_text 保留原值 ""TBA""）"
550,CN2401517-A,TBA,"→ 写为 NULL（raw_text 保留原值 ""TBA""）"
551,CN2401518-A,TBA,"→ 写为 NULL（raw_text 保留原值 ""TBA""）"
552,CN2401519-A,TBA,"→ 写为 NULL（raw_text 保留原值 ""TBA""）"
553,CN2401520-A,TBA,"→ 写为 NULL（raw_text 保留原值 ""TBA""）"
554,CN2401521-A,TBA,"→ 写为 NULL（raw_text 保留原值 ""TBA""）"
555,CN2401522-A,TBA,"→ 写为 NULL（raw_text 保留原值 ""TBA""）"
556,CN2401523-S,TBA,"→ 写为 NULL（raw_text 保留原值 ""TBA""）"
557,CN2401524-A,TBA,"→ 写为 NULL（raw_text 保留原值 ""TBA""）"
558,CN2401525-S,TBA,"→ 写为 NULL（raw_text 保留原值 ""TBA""）"
559,CN2401526-S,TBA,"→ 写为 NULL（raw_text 保留原值 ""TBA""）"
560,CN2401527-S,TBA,"→ 写为 NULL（raw_text 保留原值 ""TBA""）"
561,CN2401528-S,TBA,"→ 写为 NULL（raw_text 保留原值 ""TBA""）"
565,CN2401532-S,TBA,"→ 写为 NULL（raw_text 保留原值 ""TBA""）"
567,CN2401534-A,TBA,"→ 写为 NULL（raw_text 保留原值 ""TBA""）"
568,CN2401535-A,TBA,"→ 写为 NULL（raw_text 保留原值 ""TBA""）"
569,CN2401536-A,TBA,"→ 写为 NULL（raw_text 保留原值 ""TBA""）"
570,CN2401537-A,TBA,"→ 写为 NULL（raw_text 保留原值 ""TBA""）"
575,CN2401542-S,TBA,"→ 写为 NULL（raw_text 保留原值 ""TBA""）"
576,CN2401543-S,TBA,"→ 写为 NULL（raw_text 保留原值 ""TBA""）"
577,CN2401544-S,TBA,"→ 写为 NULL（raw_text 保留原值 ""TBA""）"
581,CN2401548-A,TBA,"→ 写为 NULL（raw_text 保留原值 ""TBA""）"
583,CN2401550-S,TBA,"→ 写为 NULL（raw_text 保留原值 ""TBA""）"
585,CN2401552-A,TBA,"→ 写为 NULL（raw_text 保留原值 ""TBA""）"
586,CN2401553-A,TBA,"→ 写为 NULL（raw_text 保留原值 ""TBA""）"
587,CN2401554-A,TBA,"→ 写为 NULL（raw_text 保留原值 ""TBA""）"
588,CN2401555-S,TBA,"→ 写为 NULL（raw_text 保留原值 ""TBA""）"
590,CN2401557-S,TBA,"→ 写为 NULL（raw_text 保留原值 ""TBA""）"
591,CN2401558-S,TBA,"→ 写为 NULL（raw_text 保留原值 ""TBA""）"
597,CN2401560-S,TBA,"→ 写为 NULL（raw_text 保留原值 ""TBA""）"
598,CN2401561-A,TBA,"→ 写为 NULL（raw_text 保留原值 ""TBA""）"
604,CN2401567-S,TBA,"→ 写为 NULL（raw_text 保留原值 ""TBA""）"
605,CN2401568-A,TBA,"→ 写为 NULL（raw_text 保留原值 ""TBA""）"
606,CN2401569-S,TBA,"→ 写为 NULL（raw_text 保留原值 ""TBA""）"
607,CN2401570-A,TBA,"→ 写为 NULL（raw_text 保留原值 ""TBA""）"
608,CN2401571-A,TBA,"→ 写为 NULL（raw_text 保留原值 ""TBA""）"
611,CN2401574-A,TBA,"→ 写为 NULL（raw_text 保留原值 ""TBA""）"
612,CN2401575-A,TBA,"→ 写为 NULL（raw_text 保留原值 ""TBA""）"
613,CN2401576-S,TBA,"→ 写为 NULL（raw_text 保留原值 ""TBA""）"
618,CN2401581-A,TBA,"→ 写为 NULL（raw_text 保留原值 ""TBA""）"
619,CN2401582-A,TBA,"→ 写为 NULL（raw_text 保留原值 ""TBA""）"
620,CN2401583-A,TBA,"→ 写为 NULL（raw_text 保留原值 ""TBA""）"
621,CN2401584-A,TBA,"→ 写为 NULL（raw_text 保留原值 ""TBA""）"
622,CN2401585-A,TBA,"→ 写为 NULL（raw_text 保留原值 ""TBA""）"
623,CN2401586-A,TBA,"→ 写为 NULL（raw_text 保留原值 ""TBA""）"
624,CN2401587-A,TBA,"→ 写为 NULL（raw_text 保留原值 ""TBA""）"
625,CN2401588-A,TBA,"→ 写为 NULL（raw_text 保留原值 ""TBA""）"
626,CN2401589-A,TBA,"→ 写为 NULL（raw_text 保留原值 ""TBA""）"
627,CN2401590-A,TBA,"→ 写为 NULL（raw_text 保留原值 ""TBA""）"
628,CN2401591-A,TBA,"→ 写为 NULL（raw_text 保留原值 ""TBA""）"
630,CN2401593-A,TBA,"→ 写为 NULL（raw_text 保留原值 ""TBA""）"
631,CN2401594-A,TBA,"→ 写为 NULL（raw_text 保留原值 ""TBA""）"
632,CN2401595-A,TBA,"→ 写为 NULL（raw_text 保留原值 ""TBA""）"
633,CN2401596-A,TBA,"→ 写为 NULL（raw_text 保留原值 ""TBA""）"
634,CN2401597-A,TBA,"→ 写为 NULL（raw_text 保留原值 ""TBA""）"
635,CN2401598-A,TBA,"→ 写为 NULL（raw_text 保留原值 ""TBA""）"
636,CN2401599-A,TBA,"→ 写为 NULL（raw_text 保留原值 ""TBA""）"
637,CN2401600-A,TBA,"→ 写为 NULL（raw_text 保留原值 ""TBA""）"
638,CN2401601-S,TBA,"→ 写为 NULL（raw_text 保留原值 ""TBA""）"
640,CN2401603.-S,TBA,"→ 写为 NULL（raw_text 保留原值 ""TBA""）"
641,CN2401604.-S,TBA,"→ 写为 NULL（raw_text 保留原值 ""TBA""）"
642,CN2401605.-S,TBA,"→ 写为 NULL（raw_text 保留原值 ""TBA""）"
644,CN2401607-A,TBA,"→ 写为 NULL（raw_text 保留原值 ""TBA""）"
646,CN2401609-A,TBA,"→ 写为 NULL（raw_text 保留原值 ""TBA""）"
647,CN2401610-A,TBA,"→ 写为 NULL（raw_text 保留原值 ""TBA""）"
648,CN2401611.-S,TBA,"→ 写为 NULL（raw_text 保留原值 ""TBA""）"
649,CN2401612-A,TBA,"→ 写为 NULL（raw_text 保留原值 ""TBA""）"
650,CN2401613-A,TBA,"→ 写为 NULL（raw_text 保留原值 ""TBA""）"
651,CN2401614-A,TBA,"→ 写为 NULL（raw_text 保留原值 ""TBA""）"
652,CN2401615-A,TBA,"→ 写为 NULL（raw_text 保留原值 ""TBA""）"
654,CN2401617-AS,TBA,"→ 写为 NULL（raw_text 保留原值 ""TBA""）"
655,CN2401617-AS1,TBA,"→ 写为 NULL（raw_text 保留原值 ""TBA""）"
656,CN2401618-A,TBA,"→ 写为 NULL（raw_text 保留原值 ""TBA""）"
657,CN2401619-A,TBA,"→ 写为 NULL（raw_text 保留原值 ""TBA""）"
658,CN2401620-A,TBA,"→ 写为 NULL（raw_text 保留原值 ""TBA""）"
659,CN2401621-A,TBA,"→ 写为 NULL（raw_text 保留原值 ""TBA""）"
662,CN2401624-S,TBA,"→ 写为 NULL（raw_text 保留原值 ""TBA""）"
663,CN2401625-S,TBA,"→ 写为 NULL（raw_text 保留原值 ""TBA""）"
665,CN2401627-S,TBA,"→ 写为 NULL（raw_text 保留原值 ""TBA""）"
668,CN2401629-S,TBA,"→ 写为 NULL（raw_text 保留原值 ""TBA""）"
669,CN2401630-S,TBA,"→ 写为 NULL（raw_text 保留原值 ""TBA""）"
670,CN2401631-S,TBA,"→ 写为 NULL（raw_text 保留原值 ""TBA""）"
671,CN2401632-S,TBA,"→ 写为 NULL（raw_text 保留原值 ""TBA""）"
672,CN2401633-R,TBA,"→ 写为 NULL（raw_text 保留原值 ""TBA""）"
673,CN2401634-A,TBA,"→ 写为 NULL（raw_text 保留原值 ""TBA""）"
674,CN2401635-A,TBA,"→ 写为 NULL（raw_text 保留原值 ""TBA""）"
675,CN2401636-A,TBA,"→ 写为 NULL（raw_text 保留原值 ""TBA""）"
676,CN2401637-A,TBA,"→ 写为 NULL（raw_text 保留原值 ""TBA""）"
677,CN2401638-A,TBA,"→ 写为 NULL（raw_text 保留原值 ""TBA""）"
678,CN2401639-A,TBA,"→ 写为 NULL（raw_text 保留原值 ""TBA""）"
679,CN2401640-S1,TBA,"→ 写为 NULL（raw_text 保留原值 ""TBA""）"
680,CN2401640-S2,TBA,"→ 写为 NULL（raw_text 保留原值 ""TBA""）"
681,CN2401640-S3,TBA,"→ 写为 NULL（raw_text 保留原值 ""TBA""）"
685,CN2401644-S,TBA,"→ 写为 NULL（raw_text 保留原值 ""TBA""）"
686,CN2401645-S,TBA,"→ 写为 NULL（raw_text 保留原值 ""TBA""）"
687,CN2401646-S,TBA,"→ 写为 NULL（raw_text 保留原值 ""TBA""）"
688,CN2401647-S,TBA,"→ 写为 NULL（raw_text 保留原值 ""TBA""）"
689,CN2401648-S,TBA,"→ 写为 NULL（raw_text 保留原值 ""TBA""）"
690,CN2401649-S,TBA,"→ 写为 NULL（raw_text 保留原值 ""TBA""）"
691,CN2401650-S,TBA,"→ 写为 NULL（raw_text 保留原值 ""TBA""）"
694,CN2401653-A,TBA,"→ 写为 NULL（raw_text 保留原值 ""TBA""）"
697,CN2402001-A,TBA,"→ 写为 NULL（raw_text 保留原值 ""TBA""）"
700,CN2402003-A,TBA,"→ 写为 NULL（raw_text 保留原值 ""TBA""）"
701,CN2402004-A,TBA,"→ 写为 NULL（raw_text 保留原值 ""TBA""）"
702,CN2402005-A,TBA,"→ 写为 NULL（raw_text 保留原值 ""TBA""）"
704,CN2402007-A,TBA,"→ 写为 NULL（raw_text 保留原值 ""TBA""）"
706,CN2402009-S,TBA,"→ 写为 NULL（raw_text 保留原值 ""TBA""）"
718,CN2402012-S,TBA,"→ 写为 NULL（raw_text 保留原值 ""TBA""）"
720,CN2402014-A,TBA,"→ 写为 NULL（raw_text 保留原值 ""TBA""）"
721,CN2402015-A,TBA,"→ 写为 NULL（raw_text 保留原值 ""TBA""）"
722,CN2402016-S,TBA,"→ 写为 NULL（raw_text 保留原值 ""TBA""）"
724,CN2402018-S,TBA,"→ 写为 NULL（raw_text 保留原值 ""TBA""）"
725,CN2402019-A,TBA,"→ 写为 NULL（raw_text 保留原值 ""TBA""）"
726,CN2402020-A,TBA,"→ 写为 NULL（raw_text 保留原值 ""TBA""）"
727,CN2402021-A,TBA,"→ 写为 NULL（raw_text 保留原值 ""TBA""）"
728,CN2402022-A,TBA,"→ 写为 NULL（raw_text 保留原值 ""TBA""）"
729,CN2402023-A,TBA,"→ 写为 NULL（raw_text 保留原值 ""TBA""）"
731,CN2402025-A,TBA,"→ 写为 NULL（raw_text 保留原值 ""TBA""）"
740,CN2402034-S,TBA,"→ 写为 NULL（raw_text 保留原值 ""TBA""）"
741,CN2402035-S,TBA,"→ 写为 NULL（raw_text 保留原值 ""TBA""）"
742,CN2402036-S,TBA,"→ 写为 NULL（raw_text 保留原值 ""TBA""）"
743,CN2402037-S,TBA,"→ 写为 NULL（raw_text 保留原值 ""TBA""）"
749,CN2402043-A,TBA,"→ 写为 NULL（raw_text 保留原值 ""TBA""）"
750,CN2402044-A,TBA,"→ 写为 NULL（raw_text 保留原值 ""TBA""）"
751,CN2402045-A,TBA,"→ 写为 NULL（raw_text 保留原值 ""TBA""）"
752,CN2402046-A,TBA,"→ 写为 NULL（raw_text 保留原值 ""TBA""）"
753,CN2402047-A,TBA,"→ 写为 NULL（raw_text 保留原值 ""TBA""）"
754,CN2402048-A,TBA,"→ 写为 NULL（raw_text 保留原值 ""TBA""）"
755,CN2402049-A,TBA,"→ 写为 NULL（raw_text 保留原值 ""TBA""）"
756,CN2402050-A,TBA,"→ 写为 NULL（raw_text 保留原值 ""TBA""）"
757,CN2402051-A,TBA,"→ 写为 NULL（raw_text 保留原值 ""TBA""）"
758,CN2402052-A,TBA,"→ 写为 NULL（raw_text 保留原值 ""TBA""）"
759,CN2402053-A,TBA,"→ 写为 NULL（raw_text 保留原值 ""TBA""）"
764,CN2402058-S,TBA,"→ 写为 NULL（raw_text 保留原值 ""TBA""）"
765,CN2402059-A,TBA,"→ 写为 NULL（raw_text 保留原值 ""TBA""）"
766,CN2402060-A,TBA,"→ 写为 NULL（raw_text 保留原值 ""TBA""）"
789,CN2402083-S,TBA,"→ 写为 NULL（raw_text 保留原值 ""TBA""）"
790,CN2402084-S,TBA,"→ 写为 NULL（raw_text 保留原值 ""TBA""）"
791,CN2402085-S,TBA,"→ 写为 NULL（raw_text 保留原值 ""TBA""）"
796,CN2402090-S,TBA,"→ 写为 NULL（raw_text 保留原值 ""TBA""）"
797,CN2402091-A,TBA,"→ 写为 NULL（raw_text 保留原值 ""TBA""）"
798,CN2402092-A,TBA,"→ 写为 NULL（raw_text 保留原值 ""TBA""）"
799,CN2402093-A,TBA,"→ 写为 NULL（raw_text 保留原值 ""TBA""）"
800,CN2402094-A,TBA,"→ 写为 NULL（raw_text 保留原值 ""TBA""）"
801,CN2402095-A,TBA,"→ 写为 NULL（raw_text 保留原值 ""TBA""）"
802,CN2402096-A,TBA,"→ 写为 NULL（raw_text 保留原值 ""TBA""）"
803,CN2402097-A,TBA,"→ 写为 NULL（raw_text 保留原值 ""TBA""）"
804,CN2402098-A,TBA,"→ 写为 NULL（raw_text 保留原值 ""TBA""）"
805,CN2402099-A,TBA,"→ 写为 NULL（raw_text 保留原值 ""TBA""）"
806,CN2402100-A,TBA,"→ 写为 NULL（raw_text 保留原值 ""TBA""）"
807,CN2402101-A,TBA,"→ 写为 NULL（raw_text 保留原值 ""TBA""）"
808,CN2402102-A,TBA,"→ 写为 NULL（raw_text 保留原值 ""TBA""）"
809,CN2402103-A,TBA,"→ 写为 NULL（raw_text 保留原值 ""TBA""）"
810,CN2402104-A,TBA,"→ 写为 NULL（raw_text 保留原值 ""TBA""）"
811,CN2402105-A,TBA,"→ 写为 NULL（raw_text 保留原值 ""TBA""）"
812,CN2402106-A,TBA,"→ 写为 NULL（raw_text 保留原值 ""TBA""）"
813,CN2402107-S,TBA,"→ 写为 NULL（raw_text 保留原值 ""TBA""）"
815,CN2402109-S,TBA,"→ 写为 NULL（raw_text 保留原值 ""TBA""）"
816,CN2402110-S1,TBA,"→ 写为 NULL（raw_text 保留原值 ""TBA""）"
817,CN2402110-S2,TBA,"→ 写为 NULL（raw_text 保留原值 ""TBA""）"
818,CN2402110-S3,TBA,"→ 写为 NULL（raw_text 保留原值 ""TBA""）"
819,CN2402110-S4,TBA,"→ 写为 NULL（raw_text 保留原值 ""TBA""）"
820,CN2402110-S5,TBA,"→ 写为 NULL（raw_text 保留原值 ""TBA""）"
821,CN2402110-S6,TBA,"→ 写为 NULL（raw_text 保留原值 ""TBA""）"
822,CN2402110-S7,TBA,"→ 写为 NULL（raw_text 保留原值 ""TBA""）"
829,CN2402117-A,TBA,"→ 写为 NULL（raw_text 保留原值 ""TBA""）"
832,CN2402120-S,TBA,"→ 写为 NULL（raw_text 保留原值 ""TBA""）"
833,CN2402121-S,TBA,"→ 写为 NULL（raw_text 保留原值 ""TBA""）"
836,CN2402124-A,TBA,"→ 写为 NULL（raw_text 保留原值 ""TBA""）"
837,CN2402125-A,TBA,"→ 写为 NULL（raw_text 保留原值 ""TBA""）"
839,CN2402127-S,TBA,"→ 写为 NULL（raw_text 保留原值 ""TBA""）"
841,CN2402129-S,TBA,"→ 写为 NULL（raw_text 保留原值 ""TBA""）"
842,CN2402130-A,TBA,"→ 写为 NULL（raw_text 保留原值 ""TBA""）"
843,CN2402131-A,TBA,"→ 写为 NULL（raw_text 保留原值 ""TBA""）"
844,CN2402132-S,TBA,"→ 写为 NULL（raw_text 保留原值 ""TBA""）"
845,CN2402133-S,TBA,"→ 写为 NULL（raw_text 保留原值 ""TBA""）"
846,CN2402134-AS,TBA,"→ 写为 NULL（raw_text 保留原值 ""TBA""）"
847,CN2402134-AS1,TBA,"→ 写为 NULL（raw_text 保留原值 ""TBA""）"
849,CN2402136-A,TBA,"→ 写为 NULL（raw_text 保留原值 ""TBA""）"
850,CN2402137-A,TBA,"→ 写为 NULL（raw_text 保留原值 ""TBA""）"
851,CN2402138-A,TBA,"→ 写为 NULL（raw_text 保留原值 ""TBA""）"
853,CN2402140-S,TBA,"→ 写为 NULL（raw_text 保留原值 ""TBA""）"
854,CN2402141-S1,TBA,"→ 写为 NULL（raw_text 保留原值 ""TBA""）"
855,CN2402141-S2,TBA,"→ 写为 NULL（raw_text 保留原值 ""TBA""）"
856,CN2402141-S3,TBA,"→ 写为 NULL（raw_text 保留原值 ""TBA""）"
857,CN2402142-A,TBA,"→ 写为 NULL（raw_text 保留原值 ""TBA""）"
858,CN2402143-S,TBA,"→ 写为 NULL（raw_text 保留原值 ""TBA""）"
859,CN2402144-S,TBA,"→ 写为 NULL（raw_text 保留原值 ""TBA""）"
863,CN2402148-S,TBA,"→ 写为 NULL（raw_text 保留原值 ""TBA""）"
865,CN2402150-A,TBA,"→ 写为 NULL（raw_text 保留原值 ""TBA""）"
866,CN2402151-A,TBA,"→ 写为 NULL（raw_text 保留原值 ""TBA""）"
867,CN2402152-S,TBA,"→ 写为 NULL（raw_text 保留原值 ""TBA""）"
868,CN2402153-S,TBA,"→ 写为 NULL（raw_text 保留原值 ""TBA""）"
869,CN2402154-S,TBA,"→ 写为 NULL（raw_text 保留原值 ""TBA""）"
870,CN2402155-S,TBA,"→ 写为 NULL（raw_text 保留原值 ""TBA""）"
872,CN2402157-R,TBA,"→ 写为 NULL（raw_text 保留原值 ""TBA""）"
875,CN2402160-S1,TBA,"→ 写为 NULL（raw_text 保留原值 ""TBA""）"
876,CN2402160-S2,TBA,"→ 写为 NULL（raw_text 保留原值 ""TBA""）"
877,CN2402160-S3,TBA,"→ 写为 NULL（raw_text 保留原值 ""TBA""）"
879,CN2402162-S,TBA,"→ 写为 NULL（raw_text 保留原值 ""TBA""）"
880,CN2402163-S,TBA,"→ 写为 NULL（raw_text 保留原值 ""TBA""）"
882,CN2402165-S1,TBA,"→ 写为 NULL（raw_text 保留原值 ""TBA""）"
883,CN2402165-S2,TBA,"→ 写为 NULL（raw_text 保留原值 ""TBA""）"
884,CN2402166-A,TBA,"→ 写为 NULL（raw_text 保留原值 ""TBA""）"
885,CN2402167-A,TBA,"→ 写为 NULL（raw_text 保留原值 ""TBA""）"
886,CN2402168-A,TBA,"→ 写为 NULL（raw_text 保留原值 ""TBA""）"
887,CN2402169-A,TBA,"→ 写为 NULL（raw_text 保留原值 ""TBA""）"
888,CN2402170-A,TBA,"→ 写为 NULL（raw_text 保留原值 ""TBA""）"
889,CN2402171-S,TBA,"→ 写为 NULL（raw_text 保留原值 ""TBA""）"
890,CN2402172-S,TBA,"→ 写为 NULL（raw_text 保留原值 ""TBA""）"
892,CN2402174-A,TBA,"→ 写为 NULL（raw_text 保留原值 ""TBA""）"
893,CN2402175-S1,TBA,"→ 写为 NULL（raw_text 保留原值 ""TBA""）"
894,CN2402175-S2,TBA,"→ 写为 NULL（raw_text 保留原值 ""TBA""）"
895,CN2402176-S1,TBA,"→ 写为 NULL（raw_text 保留原值 ""TBA""）"
896,CN2402176-S2,TBA,"→ 写为 NULL（raw_text 保留原值 ""TBA""）"
897,CN2402177-S,TBA,"→ 写为 NULL（raw_text 保留原值 ""TBA""）"
898,CN2402178-S,TBA,"→ 写为 NULL（raw_text 保留原值 ""TBA""）"
900,CN2402180-S,TBA,"→ 写为 NULL（raw_text 保留原值 ""TBA""）"
903,CN2402183-A,TBA,"→ 写为 NULL（raw_text 保留原值 ""TBA""）"
905,CN2402185-A,TBA,"→ 写为 NULL（raw_text 保留原值 ""TBA""）"
906,CN2402186-A,TBA,"→ 写为 NULL（raw_text 保留原值 ""TBA""）"
907,CN2402187-S,TBA,"→ 写为 NULL（raw_text 保留原值 ""TBA""）"
908,CN2402188-A,TBA,"→ 写为 NULL（raw_text 保留原值 ""TBA""）"
909,CN2402189-AS,TBA,"→ 写为 NULL（raw_text 保留原值 ""TBA""）"
910,CN2402189-AS1,TBA,"→ 写为 NULL（raw_text 保留原值 ""TBA""）"
912,CN2402191-A,TBA,"→ 写为 NULL（raw_text 保留原值 ""TBA""）"
913,CN2402192-A,TBA,"→ 写为 NULL（raw_text 保留原值 ""TBA""）"
914,CN2402193-S,TBA,"→ 写为 NULL（raw_text 保留原值 ""TBA""）"
915,CN2402194-S,TBA,"→ 写为 NULL（raw_text 保留原值 ""TBA""）"
916,CN2402195-S,TBA,"→ 写为 NULL（raw_text 保留原值 ""TBA""）"
917,CN2402196-S,TBA,"→ 写为 NULL（raw_text 保留原值 ""TBA""）"
918,CN2402197-S,TBA,"→ 写为 NULL（raw_text 保留原值 ""TBA""）"
919,CN2402198-S,TBA,"→ 写为 NULL（raw_text 保留原值 ""TBA""）"
920,CN2402199-S,TBA,"→ 写为 NULL（raw_text 保留原值 ""TBA""）"
922,CN2402201-S,TBA,"→ 写为 NULL（raw_text 保留原值 ""TBA""）"
926,CN2402205-A,TBA,"→ 写为 NULL（raw_text 保留原值 ""TBA""）"
927,CN2402206-A,TBA,"→ 写为 NULL（raw_text 保留原值 ""TBA""）"
928,CN2402207-S1,TBA,"→ 写为 NULL（raw_text 保留原值 ""TBA""）"
929,CN2402208-A,TBA,"→ 写为 NULL（raw_text 保留原值 ""TBA""）"
930,CN2402209-A,TBA,"→ 写为 NULL（raw_text 保留原值 ""TBA""）"
931,CN2402210-A,TBA,"→ 写为 NULL（raw_text 保留原值 ""TBA""）"
934,CN2402212-S,TBA,"→ 写为 NULL（raw_text 保留原值 ""TBA""）"
939,CN2402217-S1,TBA,"→ 写为 NULL（raw_text 保留原值 ""TBA""）"
940,CN2402217-S2,TBA,"→ 写为 NULL（raw_text 保留原值 ""TBA""）"
942,CN2402219-S,TBA,"→ 写为 NULL（raw_text 保留原值 ""TBA""）"
945,CN2402222-A,TBA,"→ 写为 NULL（raw_text 保留原值 ""TBA""）"
946,CN2402223-A,TBA,"→ 写为 NULL（raw_text 保留原值 ""TBA""）"
947,CN2402224-A,TBA,"→ 写为 NULL（raw_text 保留原值 ""TBA""）"
948,CN2402225-A,TBA,"→ 写为 NULL（raw_text 保留原值 ""TBA""）"
949,CN2402226-A,TBA,"→ 写为 NULL（raw_text 保留原值 ""TBA""）"
950,CN2402227-A,TBA,"→ 写为 NULL（raw_text 保留原值 ""TBA""）"
951,CN2402228-A,TBA,"→ 写为 NULL（raw_text 保留原值 ""TBA""）"
952,CN2402229-A,TBA,"→ 写为 NULL（raw_text 保留原值 ""TBA""）"
953,CN2402230-A,TBA,"→ 写为 NULL（raw_text 保留原值 ""TBA""）"
954,CN2402231-A,TBA,"→ 写为 NULL（raw_text 保留原值 ""TBA""）"
955,CN2402232-A,TBA,"→ 写为 NULL（raw_text 保留原值 ""TBA""）"
956,CN2402233-A,TBA,"→ 写为 NULL（raw_text 保留原值 ""TBA""）"
957,CN2402234-A,TBA,"→ 写为 NULL（raw_text 保留原值 ""TBA""）"
958,CN2402235-AS,TBA,"→ 写为 NULL（raw_text 保留原值 ""TBA""）"
959,CN2402235-S,TBA,"→ 写为 NULL（raw_text 保留原值 ""TBA""）"
960,CN2402236-S,TBA,"→ 写为 NULL（raw_text 保留原值 ""TBA""）"
961,CN2402237-A,TBA,"→ 写为 NULL（raw_text 保留原值 ""TBA""）"
962,CN2402238-S,TBA,"→ 写为 NULL（raw_text 保留原值 ""TBA""）"
967,CN2402243-A,TBA,"→ 写为 NULL（raw_text 保留原值 ""TBA""）"
968,CN2402244-A,TBA,"→ 写为 NULL（raw_text 保留原值 ""TBA""）"
969,CN2402245-A,TBA,"→ 写为 NULL（raw_text 保留原值 ""TBA""）"
970,CN2402246-A,TBA,"→ 写为 NULL（raw_text 保留原值 ""TBA""）"
971,CN2402247-A,TBA,"→ 写为 NULL（raw_text 保留原值 ""TBA""）"
972,CN2402248-A,TBA,"→ 写为 NULL（raw_text 保留原值 ""TBA""）"
973,CN2402249-A,TBA,"→ 写为 NULL（raw_text 保留原值 ""TBA""）"
978,CN2402254-S,TBA,"→ 写为 NULL（raw_text 保留原值 ""TBA""）"
979,CN2402255-S1,TBA,"→ 写为 NULL（raw_text 保留原值 ""TBA""）"
980,CN2402255-S2,TBA,"→ 写为 NULL（raw_text 保留原值 ""TBA""）"
982,CN2402257-S,TBA,"→ 写为 NULL（raw_text 保留原值 ""TBA""）"
983,CN2402258-S,TBA,"→ 写为 NULL（raw_text 保留原值 ""TBA""）"
985,CN2402260-S,TBA,"→ 写为 NULL（raw_text 保留原值 ""TBA""）"
986,CN2402261-S,TBA,"→ 写为 NULL（raw_text 保留原值 ""TBA""）"
987,CN2402262-S,TBA,"→ 写为 NULL（raw_text 保留原值 ""TBA""）"
988,CN2402263-S1,TBA,"→ 写为 NULL（raw_text 保留原值 ""TBA""）"
989,CN2402263-S2,TBA,"→ 写为 NULL（raw_text 保留原值 ""TBA""）"
990,CN2402264-R,TBA,"→ 写为 NULL（raw_text 保留原值 ""TBA""）"
991,CN2402265-A,TBA,"→ 写为 NULL（raw_text 保留原值 ""TBA""）"
992,CN2402266-A,TBA,"→ 写为 NULL（raw_text 保留原值 ""TBA""）"
994,CN2402268-A,TBA,"→ 写为 NULL（raw_text 保留原值 ""TBA""）"
995,CN2402269-A,TBA,"→ 写为 NULL（raw_text 保留原值 ""TBA""）"
996,CN2402270-A1,TBA,"→ 写为 NULL（raw_text 保留原值 ""TBA""）"
997,CN2402270-A2,TBA,"→ 写为 NULL（raw_text 保留原值 ""TBA""）"
998,CN2402271-A1,TBA,"→ 写为 NULL（raw_text 保留原值 ""TBA""）"
999,CN2402271-A2,TBA,"→ 写为 NULL（raw_text 保留原值 ""TBA""）"
1000,CN2402272-S,TBA,"→ 写为 NULL（raw_text 保留原值 ""TBA""）"
1001,CN2402273-S,TBA,"→ 写为 NULL（raw_text 保留原值 ""TBA""）"
1003,CN2402275-S,TBA,"→ 写为 NULL（raw_text 保留原值 ""TBA""）"
1004,CN2402276-S,TBA,"→ 写为 NULL（raw_text 保留原值 ""TBA""）"
1005,CN2402277-S,TBA,"→ 写为 NULL（raw_text 保留原值 ""TBA""）"
1009,CN2402281-S,TBA,"→ 写为 NULL（raw_text 保留原值 ""TBA""）"
1013,CN2402285-S,TBA,"→ 写为 NULL（raw_text 保留原值 ""TBA""）"
1019,CN2402291-A,TBA,"→ 写为 NULL（raw_text 保留原值 ""TBA""）"
1021,CN2402293-A1,TBA,"→ 写为 NULL（raw_text 保留原值 ""TBA""）"
1022,CN2402293-A2,TBA,"→ 写为 NULL（raw_text 保留原值 ""TBA""）"
1024,CN2402295-A,TBA,"→ 写为 NULL（raw_text 保留原值 ""TBA""）"
1025,CN2402296-A,TBA,"→ 写为 NULL（raw_text 保留原值 ""TBA""）"
1026,CN2402297-A,TBA,"→ 写为 NULL（raw_text 保留原值 ""TBA""）"
1027,CN2402297-S,TBA,"→ 写为 NULL（raw_text 保留原值 ""TBA""）"
1028,CN2402298-A1,TBA,"→ 写为 NULL（raw_text 保留原值 ""TBA""）"
1029,CN2402298-A2,TBA,"→ 写为 NULL（raw_text 保留原值 ""TBA""）"
1030,CN2402298-S,TBA,"→ 写为 NULL（raw_text 保留原值 ""TBA""）"
1031,CN2402299-S,TBA,"→ 写为 NULL（raw_text 保留原值 ""TBA""）"
1032,CN2402300-S,TBA,"→ 写为 NULL（raw_text 保留原值 ""TBA""）"
1035,CN2402302-R,TBA,"→ 写为 NULL（raw_text 保留原值 ""TBA""）"
1038,CN2402305-S,TBA,"→ 写为 NULL（raw_text 保留原值 ""TBA""）"
1040,CN2402307-S1,TBA,"→ 写为 NULL（raw_text 保留原值 ""TBA""）"
1041,CN2402307-S2,TBA,"→ 写为 NULL（raw_text 保留原值 ""TBA""）"
1042,CN2402307-S3,TBA,"→ 写为 NULL（raw_text 保留原值 ""TBA""）"
1043,CN2402307-S4,TBA,"→ 写为 NULL（raw_text 保留原值 ""TBA""）"
1044,CN2402307-S5,TBA,"→ 写为 NULL（raw_text 保留原值 ""TBA""）"
1045,CN2402307-S6,TBA,"→ 写为 NULL（raw_text 保留原值 ""TBA""）"
1046,CN2402307-S7,TBA,"→ 写为 NULL（raw_text 保留原值 ""TBA""）"
1048,CN2402309-A,TBA,"→ 写为 NULL（raw_text 保留原值 ""TBA""）"
1051,CN2402312-S,TBA,"→ 写为 NULL（raw_text 保留原值 ""TBA""）"
1052,CN2402313-A,TBA,"→ 写为 NULL（raw_text 保留原值 ""TBA""）"
1053,CN2402314-A,TBA,"→ 写为 NULL（raw_text 保留原值 ""TBA""）"
1055,CN2402316-A,TBA,"→ 写为 NULL（raw_text 保留原值 ""TBA""）"
1056,CN2402317-A,TBA,"→ 写为 NULL（raw_text 保留原值 ""TBA""）"
1057,CN2402318-A,TBA,"→ 写为 NULL（raw_text 保留原值 ""TBA""）"
1058,CN2402319-A1,TBA,"→ 写为 NULL（raw_text 保留原值 ""TBA""）"
1059,CN2402319-A2,TBA,"→ 写为 NULL（raw_text 保留原值 ""TBA""）"
1061,CN2402321-A,TBA,"→ 写为 NULL（raw_text 保留原值 ""TBA""）"
1062,CN2402322-A,TBA,"→ 写为 NULL（raw_text 保留原值 ""TBA""）"
1063,CN2402323-S,TBA,"→ 写为 NULL（raw_text 保留原值 ""TBA""）"
1065,CN2402325-S,TBA,"→ 写为 NULL（raw_text 保留原值 ""TBA""）"
1066,CN2402326-S,TBA,"→ 写为 NULL（raw_text 保留原值 ""TBA""）"
1067,CN2402327-R,TBA,"→ 写为 NULL（raw_text 保留原值 ""TBA""）"
1068,CN2402328-S,TBA,"→ 写为 NULL（raw_text 保留原值 ""TBA""）"
1069,CN2402329-S1,TBA,"→ 写为 NULL（raw_text 保留原值 ""TBA""）"
1070,CN2402329-S2,TBA,"→ 写为 NULL（raw_text 保留原值 ""TBA""）"
1071,CN2402329-S3,TBA,"→ 写为 NULL（raw_text 保留原值 ""TBA""）"
1072,CN2402329-S4,TBA,"→ 写为 NULL（raw_text 保留原值 ""TBA""）"
1073,CN2402330-S,TBA,"→ 写为 NULL（raw_text 保留原值 ""TBA""）"
1074,CN2402331-S1,TBA,"→ 写为 NULL（raw_text 保留原值 ""TBA""）"
1075,CN2402331-S2,TBA,"→ 写为 NULL（raw_text 保留原值 ""TBA""）"
1076,CN2402331-S3,TBA,"→ 写为 NULL（raw_text 保留原值 ""TBA""）"
1077,CN2402331-S4,TBA,"→ 写为 NULL（raw_text 保留原值 ""TBA""）"
1078,CN2402332-A,TBA,"→ 写为 NULL（raw_text 保留原值 ""TBA""）"
1079,CN2402333-A,TBA,"→ 写为 NULL（raw_text 保留原值 ""TBA""）"
1080,CN2402334-A,TBA,"→ 写为 NULL（raw_text 保留原值 ""TBA""）"
1081,CN2402335-A,TBA,"→ 写为 NULL（raw_text 保留原值 ""TBA""）"
1082,CN2402336-A,TBA,"→ 写为 NULL（raw_text 保留原值 ""TBA""）"
1083,CN2402337-A,TBA,"→ 写为 NULL（raw_text 保留原值 ""TBA""）"
1084,CN2402338-A,TBA,"→ 写为 NULL（raw_text 保留原值 ""TBA""）"
1085,CN2402339-A,TBA,"→ 写为 NULL（raw_text 保留原值 ""TBA""）"
1086,CN2402340-A,TBA,"→ 写为 NULL（raw_text 保留原值 ""TBA""）"
1087,CN2402341-A,TBA,"→ 写为 NULL（raw_text 保留原值 ""TBA""）"
1088,CN2402342-S,TBA,"→ 写为 NULL（raw_text 保留原值 ""TBA""）"
1089,CN2402343-R,TBA,"→ 写为 NULL（raw_text 保留原值 ""TBA""）"
1090,CN2402344-S,TBA,"→ 写为 NULL（raw_text 保留原值 ""TBA""）"
1093,CN2402347-S,TBA,"→ 写为 NULL（raw_text 保留原值 ""TBA""）"
1094,CN2402348-S,TBA,"→ 写为 NULL（raw_text 保留原值 ""TBA""）"
1096,CN2402350-S,TBA,"→ 写为 NULL（raw_text 保留原值 ""TBA""）"
1097,CN2402351-S,TBA,"→ 写为 NULL（raw_text 保留原值 ""TBA""）"
1099,CN2402353-A,TBA,"→ 写为 NULL（raw_text 保留原值 ""TBA""）"
1100,CN2402354-A,TBA,"→ 写为 NULL（raw_text 保留原值 ""TBA""）"
1105,CN2402359-R,TBA,"→ 写为 NULL（raw_text 保留原值 ""TBA""）"
1106,CN2402360-S,TBA,"→ 写为 NULL（raw_text 保留原值 ""TBA""）"
1107,CN2402361-S1,TBA,"→ 写为 NULL（raw_text 保留原值 ""TBA""）"
1108,CN2402361-S2,TBA,"→ 写为 NULL（raw_text 保留原值 ""TBA""）"
1109,CN2402362-S,TBA,"→ 写为 NULL（raw_text 保留原值 ""TBA""）"
1110,CN2402363-A,TBA,"→ 写为 NULL（raw_text 保留原值 ""TBA""）"
1111,CN2402364-S,TBA,"→ 写为 NULL（raw_text 保留原值 ""TBA""）"
1112,CN2402365-S,TBA,"→ 写为 NULL（raw_text 保留原值 ""TBA""）"
1114,CN2402367-A,TBA,"→ 写为 NULL（raw_text 保留原值 ""TBA""）"
1117,CN2402370-A,TBA,"→ 写为 NULL（raw_text 保留原值 ""TBA""）"
1120,CN2402373-RS1,TBA,"→ 写为 NULL（raw_text 保留原值 ""TBA""）"
1121,CN2402373-RS2,TBA,"→ 写为 NULL（raw_text 保留原值 ""TBA""）"
1122,CN2402374-S,TBA,"→ 写为 NULL（raw_text 保留原值 ""TBA""）"
1125,CN2402377-S,TBA,"→ 写为 NULL（raw_text 保留原值 ""TBA""）"
1126,CN2402378-S,TBA,"→ 写为 NULL（raw_text 保留原值 ""TBA""）"
1127,CN2402379-S,TBA,"→ 写为 NULL（raw_text 保留原值 ""TBA""）"
1130,CN2402382-A,TBA,"→ 写为 NULL（raw_text 保留原值 ""TBA""）"
1132,CN2402384-A,TBA,"→ 写为 NULL（raw_text 保留原值 ""TBA""）"
1135,CN2402387-S,TBA,"→ 写为 NULL（raw_text 保留原值 ""TBA""）"
1137,CN2402389-R,TBA,"→ 写为 NULL（raw_text 保留原值 ""TBA""）"
1138,CN2402390-A1,TBA,"→ 写为 NULL（raw_text 保留原值 ""TBA""）"
1139,CN2402390-A2,TBA,"→ 写为 NULL（raw_text 保留原值 ""TBA""）"
1140,CN2402391-A1,TBA,"→ 写为 NULL（raw_text 保留原值 ""TBA""）"
1141,CN2402391-A2,TBA,"→ 写为 NULL（raw_text 保留原值 ""TBA""）"
1143,CN2402393-S,TBA,"→ 写为 NULL（raw_text 保留原值 ""TBA""）"
1144,CN2403001-A,TBA,"→ 写为 NULL（raw_text 保留原值 ""TBA""）"
1145,CN2403002-A,TBA,"→ 写为 NULL（raw_text 保留原值 ""TBA""）"
1146,CN2403003-A,TBA,"→ 写为 NULL（raw_text 保留原值 ""TBA""）"
1147,CN2403004-A1,TBA,"→ 写为 NULL（raw_text 保留原值 ""TBA""）"
1148,CN2403004-A2,TBA,"→ 写为 NULL（raw_text 保留原值 ""TBA""）"
1149,CN2403005-A,TBA,"→ 写为 NULL（raw_text 保留原值 ""TBA""）"
1150,CN2403006-A,TBA,"→ 写为 NULL（raw_text 保留原值 ""TBA""）"
1151,CN2403007-A,TBA,"→ 写为 NULL（raw_text 保留原值 ""TBA""）"
1152,CN2403008-A,TBA,"→ 写为 NULL（raw_text 保留原值 ""TBA""）"
1153,CN2403009-A1,TBA,"→ 写为 NULL（raw_text 保留原值 ""TBA""）"
1154,CN2403009-A2,TBA,"→ 写为 NULL（raw_text 保留原值 ""TBA""）"
1155,CN2403010-A,TBA,"→ 写为 NULL（raw_text 保留原值 ""TBA""）"
1157,CN2403012-A,TBA,"→ 写为 NULL（raw_text 保留原值 ""TBA""）"
1158,CN2403013-R,TBA,"→ 写为 NULL（raw_text 保留原值 ""TBA""）"
1159,CN2403014-S,TBA,"→ 写为 NULL（raw_text 保留原值 ""TBA""）"
1160,CN2403015-S,TBA,"→ 写为 NULL（raw_text 保留原值 ""TBA""）"
1162,CN2403017-A,TBA,"→ 写为 NULL（raw_text 保留原值 ""TBA""）"
1163,CN2403018-A,TBA,"→ 写为 NULL（raw_text 保留原值 ""TBA""）"
1164,CN2403019-A,TBA,"→ 写为 NULL（raw_text 保留原值 ""TBA""）"
1165,CN2403020-A1,TBA,"→ 写为 NULL（raw_text 保留原值 ""TBA""）"
1166,CN2403020-A2,TBA,"→ 写为 NULL（raw_text 保留原值 ""TBA""）"
1167,CN2403021-A,TBA,"→ 写为 NULL（raw_text 保留原值 ""TBA""）"
1168,CN2403022-A,TBA,"→ 写为 NULL（raw_text 保留原值 ""TBA""）"
1169,CN2403023-A,TBA,"→ 写为 NULL（raw_text 保留原值 ""TBA""）"
1170,CN2403024-A,TBA,"→ 写为 NULL（raw_text 保留原值 ""TBA""）"
1171,CN2403025-A,TBA,"→ 写为 NULL（raw_text 保留原值 ""TBA""）"
1172,CN2403026-A,TBA,"→ 写为 NULL（raw_text 保留原值 ""TBA""）"
1173,CN2403027-A,TBA,"→ 写为 NULL（raw_text 保留原值 ""TBA""）"
1177,CN2403031-S,TBA,"→ 写为 NULL（raw_text 保留原值 ""TBA""）"
1178,CN2403032-S,TBA,"→ 写为 NULL（raw_text 保留原值 ""TBA""）"
1179,CN2403033-R,TBA,"→ 写为 NULL（raw_text 保留原值 ""TBA""）"
1181,CN2403035-S,TBA,"→ 写为 NULL（raw_text 保留原值 ""TBA""）"
1183,CN2403037-S,TBA,"→ 写为 NULL（raw_text 保留原值 ""TBA""）"
1184,CN2403038-A,TBA,"→ 写为 NULL（raw_text 保留原值 ""TBA""）"
1189,CN2403043-A,TBA,"→ 写为 NULL（raw_text 保留原值 ""TBA""）"
1191,CN2403045-A,TBA,"→ 写为 NULL（raw_text 保留原值 ""TBA""）"
1194,CN2403048-S,TBA,"→ 写为 NULL（raw_text 保留原值 ""TBA""）"
1195,CN2403049-S,TBA,"→ 写为 NULL（raw_text 保留原值 ""TBA""）"
1196,CN2403050-S,TBA,"→ 写为 NULL（raw_text 保留原值 ""TBA""）"
1197,CN2403051-R,TBA,"→ 写为 NULL（raw_text 保留原值 ""TBA""）"
1199,CN2403053-S1,TBA,"→ 写为 NULL（raw_text 保留原值 ""TBA""）"
1200,CN2403053-S2,TBA,"→ 写为 NULL（raw_text 保留原值 ""TBA""）"
1201,CN2403053-S3,TBA,"→ 写为 NULL（raw_text 保留原值 ""TBA""）"
1202,CN2403053-S4,TBA,"→ 写为 NULL（raw_text 保留原值 ""TBA""）"
1203,CN2403053-S5,TBA,"→ 写为 NULL（raw_text 保留原值 ""TBA""）"
1204,CN2403053-S6,TBA,"→ 写为 NULL（raw_text 保留原值 ""TBA""）"
1205,CN2403054-S,TBA,"→ 写为 NULL（raw_text 保留原值 ""TBA""）"
1206,CN2403055-S,TBA,"→ 写为 NULL（raw_text 保留原值 ""TBA""）"
1209,CN2403058-A,TBA,"→ 写为 NULL（raw_text 保留原值 ""TBA""）"
1210,CN2403059-A,TBA,"→ 写为 NULL（raw_text 保留原值 ""TBA""）"
1211,CN2403060-A,TBA,"→ 写为 NULL（raw_text 保留原值 ""TBA""）"
1212,CN2403061-A,TBA,"→ 写为 NULL（raw_text 保留原值 ""TBA""）"
1213,CN2403062-A,TBA,"→ 写为 NULL（raw_text 保留原值 ""TBA""）"
1214,CN2403063-A,TBA,"→ 写为 NULL（raw_text 保留原值 ""TBA""）"
1215,CN2403064-A,TBA,"→ 写为 NULL（raw_text 保留原值 ""TBA""）"
1216,CN2403065-A,TBA,"→ 写为 NULL（raw_text 保留原值 ""TBA""）"
1217,CN2403066-A,TBA,"→ 写为 NULL（raw_text 保留原值 ""TBA""）"
1218,CN2403067-A,TBA,"→ 写为 NULL（raw_text 保留原值 ""TBA""）"
1219,CN2403068-A,TBA,"→ 写为 NULL（raw_text 保留原值 ""TBA""）"
1220,CN2403069-A,TBA,"→ 写为 NULL（raw_text 保留原值 ""TBA""）"
1221,CN2403070-A,TBA,"→ 写为 NULL（raw_text 保留原值 ""TBA""）"
1222,CN2403071-A,TBA,"→ 写为 NULL（raw_text 保留原值 ""TBA""）"
1223,CN2403072-S,TBA,"→ 写为 NULL（raw_text 保留原值 ""TBA""）"
1224,CN2403073-R,TBA,"→ 写为 NULL（raw_text 保留原值 ""TBA""）"
1226,CN2403075-S,TBA,"→ 写为 NULL（raw_text 保留原值 ""TBA""）"
1227,CN2403076-S,TBA,"→ 写为 NULL（raw_text 保留原值 ""TBA""）"
1230,CN2403079-S,TBA,"→ 写为 NULL（raw_text 保留原值 ""TBA""）"
1232,CN2403081-A,TBA,"→ 写为 NULL（raw_text 保留原值 ""TBA""）"
1233,CN2403082-A,TBA,"→ 写为 NULL（raw_text 保留原值 ""TBA""）"
1234,CN2403083-A,TBA,"→ 写为 NULL（raw_text 保留原值 ""TBA""）"
1235,CN2403084-A,TBA,"→ 写为 NULL（raw_text 保留原值 ""TBA""）"
1236,CN2403085-A,TBA,"→ 写为 NULL（raw_text 保留原值 ""TBA""）"
1237,CN2403086-A,TBA,"→ 写为 NULL（raw_text 保留原值 ""TBA""）"
1238,CN2403087-A,TBA,"→ 写为 NULL（raw_text 保留原值 ""TBA""）"
1239,CN2403088-A,TBA,"→ 写为 NULL（raw_text 保留原值 ""TBA""）"
1240,CN2403089-A,TBA,"→ 写为 NULL（raw_text 保留原值 ""TBA""）"
1247,CN2403096-S,TBA,"→ 写为 NULL（raw_text 保留原值 ""TBA""）"
1248,CN2403097-S,TBA,"→ 写为 NULL（raw_text 保留原值 ""TBA""）"
1249,CN2403098-S,TBA,"→ 写为 NULL（raw_text 保留原值 ""TBA""）"
1250,CN2403099-A,TBA,"→ 写为 NULL（raw_text 保留原值 ""TBA""）"
1252,CN2403101-S,TBA,"→ 写为 NULL（raw_text 保留原值 ""TBA""）"
1256,CN2403105-S1,TBA,"→ 写为 NULL（raw_text 保留原值 ""TBA""）"
1257,CN2403105-S2,TBA,"→ 写为 NULL（raw_text 保留原值 ""TBA""）"
1259,CN2403107-S,TBA,"→ 写为 NULL（raw_text 保留原值 ""TBA""）"
1260,CN2403108-S,TBA,"→ 写为 NULL（raw_text 保留原值 ""TBA""）"
1261,CN2403109-A,TBA,"→ 写为 NULL（raw_text 保留原值 ""TBA""）"
1262,CN2403110-S,TBA,"→ 写为 NULL（raw_text 保留原值 ""TBA""）"
1263,CN2403111-A,TBA,"→ 写为 NULL（raw_text 保留原值 ""TBA""）"
1264,CN2403112-S1,TBA,"→ 写为 NULL（raw_text 保留原值 ""TBA""）"
1265,CN2403112-S2,TBA,"→ 写为 NULL（raw_text 保留原值 ""TBA""）"
1266,CN2403112-S3,TBA,"→ 写为 NULL（raw_text 保留原值 ""TBA""）"
1267,CN2403113-S,TBA,"→ 写为 NULL（raw_text 保留原值 ""TBA""）"
1268,CN2403114-S,TBA,"→ 写为 NULL（raw_text 保留原值 ""TBA""）"
1270,CN2403116-A,TBA,"→ 写为 NULL（raw_text 保留原值 ""TBA""）"
1271,CN2403117-A,TBA,"→ 写为 NULL（raw_text 保留原值 ""TBA""）"
1273,CN2403119-S,TBA,"→ 写为 NULL（raw_text 保留原值 ""TBA""）"
1276,CN2403122-AS,TBA,"→ 写为 NULL（raw_text 保留原值 ""TBA""）"
1277,CN2403122-AS1,TBA,"→ 写为 NULL（raw_text 保留原值 ""TBA""）"
1280,CN2403125-S,TBA,"→ 写为 NULL（raw_text 保留原值 ""TBA""）"
1283,CN2403128-S,TBA,"→ 写为 NULL（raw_text 保留原值 ""TBA""）"
1287,CN2403132-S,TBA,"→ 写为 NULL（raw_text 保留原值 ""TBA""）"
1288,CN2403133-S,TBA,"→ 写为 NULL（raw_text 保留原值 ""TBA""）"
1289,CN2403134-A,TBA,"→ 写为 NULL（raw_text 保留原值 ""TBA""）"
1290,CN2403135-A,TBA,"→ 写为 NULL（raw_text 保留原值 ""TBA""）"
1291,CN2403136-A,TBA,"→ 写为 NULL（raw_text 保留原值 ""TBA""）"
1292,CN2403137-A,TBA,"→ 写为 NULL（raw_text 保留原值 ""TBA""）"
1293,CN2403138-A1,TBA,"→ 写为 NULL（raw_text 保留原值 ""TBA""）"
1294,CN2403138-A2,TBA,"→ 写为 NULL（raw_text 保留原值 ""TBA""）"
1295,CN2403139-A,TBA,"→ 写为 NULL（raw_text 保留原值 ""TBA""）"
1296,CN2403140-A,TBA,"→ 写为 NULL（raw_text 保留原值 ""TBA""）"
1298,CN2403142-A,TBA,"→ 写为 NULL（raw_text 保留原值 ""TBA""）"
1299,CN2403143-A,TBA,"→ 写为 NULL（raw_text 保留原值 ""TBA""）"
1300,CN2403144-A1,TBA,"→ 写为 NULL（raw_text 保留原值 ""TBA""）"
1301,CN2403144-A2,TBA,"→ 写为 NULL（raw_text 保留原值 ""TBA""）"
1302,CN2403144-A3,TBA,"→ 写为 NULL（raw_text 保留原值 ""TBA""）"
1303,CN2403144-A4,TBA,"→ 写为 NULL（raw_text 保留原值 ""TBA""）"
1311,CN2403151-S1,TBA,"→ 写为 NULL（raw_text 保留原值 ""TBA""）"
1312,CN2403151-S2,TBA,"→ 写为 NULL（raw_text 保留原值 ""TBA""）"
1313,CN2403151-S3,TBA,"→ 写为 NULL（raw_text 保留原值 ""TBA""）"
1314,CN2403152-S,TBA,"→ 写为 NULL（raw_text 保留原值 ""TBA""）"
1316,CN2403154-S,TBA,"→ 写为 NULL（raw_text 保留原值 ""TBA""）"
1317,CN2403155-S,TBA,"→ 写为 NULL（raw_text 保留原值 ""TBA""）"
1318,CN2403156-A,TBA,"→ 写为 NULL（raw_text 保留原值 ""TBA""）"
1319,CN2403157-A,TBA,"→ 写为 NULL（raw_text 保留原值 ""TBA""）"
1320,CN2403158-A,TBA,"→ 写为 NULL（raw_text 保留原值 ""TBA""）"
1321,CN2403159-A,TBA,"→ 写为 NULL（raw_text 保留原值 ""TBA""）"
1322,CN2403160-A1,TBA,"→ 写为 NULL（raw_text 保留原值 ""TBA""）"
1323,CN2403160-A2,TBA,"→ 写为 NULL（raw_text 保留原值 ""TBA""）"
1324,CN2403161-A1,TBA,"→ 写为 NULL（raw_text 保留原值 ""TBA""）"
1325,CN2403161-A2,TBA,"→ 写为 NULL（raw_text 保留原值 ""TBA""）"
1326,CN2403162-A,TBA,"→ 写为 NULL（raw_text 保留原值 ""TBA""）"
1327,CN2403163-A,TBA,"→ 写为 NULL（raw_text 保留原值 ""TBA""）"
1329,CN2403165-S,TBA,"→ 写为 NULL（raw_text 保留原值 ""TBA""）"
1330,CN2403166-S,TBA,"→ 写为 NULL（raw_text 保留原值 ""TBA""）"
1336,CN2403172-A,TBA,"→ 写为 NULL（raw_text 保留原值 ""TBA""）"
1337,CN2403173-A,TBA,"→ 写为 NULL（raw_text 保留原值 ""TBA""）"
1338,CN2403174-A,TBA,"→ 写为 NULL（raw_text 保留原值 ""TBA""）"
1340,CN2403176-A,TBA,"→ 写为 NULL（raw_text 保留原值 ""TBA""）"
1343,CN2403179-S,TBA,"→ 写为 NULL（raw_text 保留原值 ""TBA""）"
1344,CN2403180-S,TBA,"→ 写为 NULL（raw_text 保留原值 ""TBA""）"
1350,CN2403186-A,TBA,"→ 写为 NULL（raw_text 保留原值 ""TBA""）"
1351,CN2403187-A,TBA,"→ 写为 NULL（raw_text 保留原值 ""TBA""）"
1352,CN2403188-A,TBA,"→ 写为 NULL（raw_text 保留原值 ""TBA""）"
1353,CN2403189-S,TBA,"→ 写为 NULL（raw_text 保留原值 ""TBA""）"
1354,CN2403190-A,TBA,"→ 写为 NULL（raw_text 保留原值 ""TBA""）"
1356,CN2403192-A,TBA,"→ 写为 NULL（raw_text 保留原值 ""TBA""）"
1357,CN2403193-A1,TBA,"→ 写为 NULL（raw_text 保留原值 ""TBA""）"
1358,CN2403193-A2,TBA,"→ 写为 NULL（raw_text 保留原值 ""TBA""）"
1359,CN2403194-A,TBA,"→ 写为 NULL（raw_text 保留原值 ""TBA""）"
1360,CN2403195-A,TBA,"→ 写为 NULL（raw_text 保留原值 ""TBA""）"
1361,CN2403196-A,TBA,"→ 写为 NULL（raw_text 保留原值 ""TBA""）"
1362,CN2403197-A,TBA,"→ 写为 NULL（raw_text 保留原值 ""TBA""）"
1363,CN2403198-A,TBA,"→ 写为 NULL（raw_text 保留原值 ""TBA""）"
1364,CN2403199-A,TBA,"→ 写为 NULL（raw_text 保留原值 ""TBA""）"
1365,CN2403200-A,TBA,"→ 写为 NULL（raw_text 保留原值 ""TBA""）"
1366,CN2403201-A,TBA,"→ 写为 NULL（raw_text 保留原值 ""TBA""）"
1367,CN2403202-A,TBA,"→ 写为 NULL（raw_text 保留原值 ""TBA""）"
1368,CN2403203-A1,TBA,"→ 写为 NULL（raw_text 保留原值 ""TBA""）"
1369,CN2403203-A2,TBA,"→ 写为 NULL（raw_text 保留原值 ""TBA""）"
1370,CN2403203-A3,TBA,"→ 写为 NULL（raw_text 保留原值 ""TBA""）"
1371,CN2403203-A4,TBA,"→ 写为 NULL（raw_text 保留原值 ""TBA""）"
1372,CN2403204-A,TBA,"→ 写为 NULL（raw_text 保留原值 ""TBA""）"
1374,CN2403206-A,TBA,"→ 写为 NULL（raw_text 保留原值 ""TBA""）"
1376,CN2403208-A,TBA,"→ 写为 NULL（raw_text 保留原值 ""TBA""）"
1377,CN2403209-A1,TBA,"→ 写为 NULL（raw_text 保留原值 ""TBA""）"
1378,CN2403209-A2,TBA,"→ 写为 NULL（raw_text 保留原值 ""TBA""）"
1379,CN2403209-A3,TBA,"→ 写为 NULL（raw_text 保留原值 ""TBA""）"
1380,CN2403209-A4,TBA,"→ 写为 NULL（raw_text 保留原值 ""TBA""）"
1381,CN2403210-S,TBA,"→ 写为 NULL（raw_text 保留原值 ""TBA""）"
1382,CN2403211-S,TBA,"→ 写为 NULL（raw_text 保留原值 ""TBA""）"
1383,CN2403212-S,TBA,"→ 写为 NULL（raw_text 保留原值 ""TBA""）"
1384,CN2403213-S,TBA,"→ 写为 NULL（raw_text 保留原值 ""TBA""）"
1391,CN2403219-S,TBA,"→ 写为 NULL（raw_text 保留原值 ""TBA""）"
1393,CN2403221-S,TBA,"→ 写为 NULL（raw_text 保留原值 ""TBA""）"
1394,CN2403222-S,TBA,"→ 写为 NULL（raw_text 保留原值 ""TBA""）"
1395,CN2403223-S,TBA,"→ 写为 NULL（raw_text 保留原值 ""TBA""）"
1396,CN2403224-S,TBA,"→ 写为 NULL（raw_text 保留原值 ""TBA""）"
1397,CN2403225-S,TBA,"→ 写为 NULL（raw_text 保留原值 ""TBA""）"
1398,CN2403226-S,TBA,"→ 写为 NULL（raw_text 保留原值 ""TBA""）"
1399,CN2403227-S,TBA,"→ 写为 NULL（raw_text 保留原值 ""TBA""）"
1400,CN2403228-S,TBA,"→ 写为 NULL（raw_text 保留原值 ""TBA""）"
1401,CN2403229-S,TBA,"→ 写为 NULL（raw_text 保留原值 ""TBA""）"
1402,CN2403230-S,TBA,"→ 写为 NULL（raw_text 保留原值 ""TBA""）"
1403,CN2403231-S,TBA,"→ 写为 NULL（raw_text 保留原值 ""TBA""）"
1404,CN2403232-A,TBA,"→ 写为 NULL（raw_text 保留原值 ""TBA""）"
1405,CN2403233-A,TBA,"→ 写为 NULL（raw_text 保留原值 ""TBA""）"
1406,CN2403234-A,TBA,"→ 写为 NULL（raw_text 保留原值 ""TBA""）"
1407,CN2403235-S,TBA,"→ 写为 NULL（raw_text 保留原值 ""TBA""）"
1410,CN2403238-S,TBA,"→ 写为 NULL（raw_text 保留原值 ""TBA""）"
1416,CN2403244-S,TBA,"→ 写为 NULL（raw_text 保留原值 ""TBA""）"
1417,CN2403245-S,TBA,"→ 写为 NULL（raw_text 保留原值 ""TBA""）"
1418,CN2403246-A1,TBA,"→ 写为 NULL（raw_text 保留原值 ""TBA""）"
1419,CN2403246-A2,TBA,"→ 写为 NULL（raw_text 保留原值 ""TBA""）"
1421,CN2403248-A,TBA,"→ 写为 NULL（raw_text 保留原值 ""TBA""）"
1422,CN2403249-A,TBA,"→ 写为 NULL（raw_text 保留原值 ""TBA""）"
1423,CN2403250-S,TBA,"→ 写为 NULL（raw_text 保留原值 ""TBA""）"
1428,CN2403255-A,TBA,"→ 写为 NULL（raw_text 保留原值 ""TBA""）"
1429,CN2403256-A,TBA,"→ 写为 NULL（raw_text 保留原值 ""TBA""）"
1430,CN2403257-A,TBA,"→ 写为 NULL（raw_text 保留原值 ""TBA""）"
1431,CN2403258-A,TBA,"→ 写为 NULL（raw_text 保留原值 ""TBA""）"
1432,CN2403259-A,TBA,"→ 写为 NULL（raw_text 保留原值 ""TBA""）"
1433,CN2403260-A,TBA,"→ 写为 NULL（raw_text 保留原值 ""TBA""）"
1434,CN2403261-A,TBA,"→ 写为 NULL（raw_text 保留原值 ""TBA""）"
1437,CN2403264-S,TBA,"→ 写为 NULL（raw_text 保留原值 ""TBA""）"
1439,CN2403266-S1,TBA,"→ 写为 NULL（raw_text 保留原值 ""TBA""）"
1440,CN2403266-S2,TBA,"→ 写为 NULL（raw_text 保留原值 ""TBA""）"
1442,CN2403268-S,TBA,"→ 写为 NULL（raw_text 保留原值 ""TBA""）"
1445,CN2403271-R,TBA,"→ 写为 NULL（raw_text 保留原值 ""TBA""）"
1449,CN2403275-S1,TBA,"→ 写为 NULL（raw_text 保留原值 ""TBA""）"
1450,CN2403275-S2,TBA,"→ 写为 NULL（raw_text 保留原值 ""TBA""）"
1453,CN2403278-A,TBA,"→ 写为 NULL（raw_text 保留原值 ""TBA""）"
1454,CN2403279-S1,TBA,"→ 写为 NULL（raw_text 保留原值 ""TBA""）"
1455,CN2403279-S2,TBA,"→ 写为 NULL（raw_text 保留原值 ""TBA""）"
1456,CN2403280-A,TBA,"→ 写为 NULL（raw_text 保留原值 ""TBA""）"
1457,CN2403281-A,TBA,"→ 写为 NULL（raw_text 保留原值 ""TBA""）"
1459,CN2403283-A,TBA,"→ 写为 NULL（raw_text 保留原值 ""TBA""）"
1460,CN2403284-A,TBA,"→ 写为 NULL（raw_text 保留原值 ""TBA""）"
1461,CN2403285-A,TBA,"→ 写为 NULL（raw_text 保留原值 ""TBA""）"
1462,CN2403286-A,TBA,"→ 写为 NULL（raw_text 保留原值 ""TBA""）"
1463,CN2403287-A,TBA,"→ 写为 NULL（raw_text 保留原值 ""TBA""）"
1466,CN2403290-A,TBA,"→ 写为 NULL（raw_text 保留原值 ""TBA""）"
1469,CN2403293-S,TBA,"→ 写为 NULL（raw_text 保留原值 ""TBA""）"
1476,CN2403298-S1,TBA,"→ 写为 NULL（raw_text 保留原值 ""TBA""）"
1477,CN2403298-S2,TBA,"→ 写为 NULL（raw_text 保留原值 ""TBA""）"
1478,CN2403299-S,TBA,"→ 写为 NULL（raw_text 保留原值 ""TBA""）"
1481,CN2403301-R,TBA,"→ 写为 NULL（raw_text 保留原值 ""TBA""）"
1483,CN2403303-S,TBA,"→ 写为 NULL（raw_text 保留原值 ""TBA""）"
1484,CN2403304-S1,TBA,"→ 写为 NULL（raw_text 保留原值 ""TBA""）"
1485,CN2403304-S2,TBA,"→ 写为 NULL（raw_text 保留原值 ""TBA""）"
1487,CN2403306-S1,TBA,"→ 写为 NULL（raw_text 保留原值 ""TBA""）"
1488,CN2403306-S2,TBA,"→ 写为 NULL（raw_text 保留原值 ""TBA""）"
1489,CN2403306-S3,TBA,"→ 写为 NULL（raw_text 保留原值 ""TBA""）"
1491,CN2403308-S,TBA,"→ 写为 NULL（raw_text 保留原值 ""TBA""）"
1492,CN2403309-S,TBA,"→ 写为 NULL（raw_text 保留原值 ""TBA""）"
1493,CN2403310-S,TBA,"→ 写为 NULL（raw_text 保留原值 ""TBA""）"
1494,CN2403311-S,TBA,"→ 写为 NULL（raw_text 保留原值 ""TBA""）"
1495,CN2403312-S,TBA,"→ 写为 NULL（raw_text 保留原值 ""TBA""）"
1496,CN2403313-S,TBA,"→ 写为 NULL（raw_text 保留原值 ""TBA""）"
1497,CN2403314-A,TBA,"→ 写为 NULL（raw_text 保留原值 ""TBA""）"
1498,CN2403315-A,TBA,"→ 写为 NULL（raw_text 保留原值 ""TBA""）"
1499,CN2403316-A,TBA,"→ 写为 NULL（raw_text 保留原值 ""TBA""）"
1500,CN2403317-A,TBA,"→ 写为 NULL（raw_text 保留原值 ""TBA""）"
1501,CN2403318-A,TBA,"→ 写为 NULL（raw_text 保留原值 ""TBA""）"
1504,CN2403321-A,TBA,"→ 写为 NULL（raw_text 保留原值 ""TBA""）"
1505,CN2403322-A,TBA,"→ 写为 NULL（raw_text 保留原值 ""TBA""）"
1506,CN2403323-A,TBA,"→ 写为 NULL（raw_text 保留原值 ""TBA""）"
1507,CN2403324-A,TBA,"→ 写为 NULL（raw_text 保留原值 ""TBA""）"
1508,CN2403325-S,TBA,"→ 写为 NULL（raw_text 保留原值 ""TBA""）"
1510,CN2403327-S,TBA,"→ 写为 NULL（raw_text 保留原值 ""TBA""）"
1511,CN2403328-S,TBA,"→ 写为 NULL（raw_text 保留原值 ""TBA""）"
1522,CN2403339-A,TBA,"→ 写为 NULL（raw_text 保留原值 ""TBA""）"
1523,CN2403340-A,TBA,"→ 写为 NULL（raw_text 保留原值 ""TBA""）"
1524,CN2403341-A,TBA,"→ 写为 NULL（raw_text 保留原值 ""TBA""）"
1525,CN2403342-A,TBA,"→ 写为 NULL（raw_text 保留原值 ""TBA""）"
1526,CN2403343-A,TBA,"→ 写为 NULL（raw_text 保留原值 ""TBA""）"
1527,CN2403344-A,TBA,"→ 写为 NULL（raw_text 保留原值 ""TBA""）"
1528,CN2403345-A,TBA,"→ 写为 NULL（raw_text 保留原值 ""TBA""）"
1529,CN2403346-A,TBA,"→ 写为 NULL（raw_text 保留原值 ""TBA""）"
1530,CN2403347-A,TBA,"→ 写为 NULL（raw_text 保留原值 ""TBA""）"
1531,CN2403348-A,TBA,"→ 写为 NULL（raw_text 保留原值 ""TBA""）"
1532,CN2403349-AS,TBA,"→ 写为 NULL（raw_text 保留原值 ""TBA""）"
1533,CN2403349-AS1,TBA,"→ 写为 NULL（raw_text 保留原值 ""TBA""）"
1534,CN2403350-A,TBA,"→ 写为 NULL（raw_text 保留原值 ""TBA""）"
1535,CN2403351-A,TBA,"→ 写为 NULL（raw_text 保留原值 ""TBA""）"
1536,CN2403352-A,TBA,"→ 写为 NULL（raw_text 保留原值 ""TBA""）"
1542,CN2403355-A,TBA,"→ 写为 NULL（raw_text 保留原值 ""TBA""）"
1543,CN2403356-A,TBA,"→ 写为 NULL（raw_text 保留原值 ""TBA""）"
1558,CN2403371-S,TBA,"→ 写为 NULL（raw_text 保留原值 ""TBA""）"
1559,CN2403372-S,TBA,"→ 写为 NULL（raw_text 保留原值 ""TBA""）"
1561,CN2403374-AS,TBA,"→ 写为 NULL（raw_text 保留原值 ""TBA""）"
1562,CN2403374-AS1,TBA,"→ 写为 NULL（raw_text 保留原值 ""TBA""）"
1563,CN2403375-S,TBA,"→ 写为 NULL（raw_text 保留原值 ""TBA""）"
1566,CN2403378-A,TBA,"→ 写为 NULL（raw_text 保留原值 ""TBA""）"
1567,CN2403379-A,TBA,"→ 写为 NULL（raw_text 保留原值 ""TBA""）"
1568,CN2403380-A,TBA,"→ 写为 NULL（raw_text 保留原值 ""TBA""）"
1569,CN2403381-A,TBA,"→ 写为 NULL（raw_text 保留原值 ""TBA""）"
1570,CN2403382-A,TBA,"→ 写为 NULL（raw_text 保留原值 ""TBA""）"
1571,CN2403383-A,TBA,"→ 写为 NULL（raw_text 保留原值 ""TBA""）"
1572,CN2403384-S,TBA,"→ 写为 NULL（raw_text 保留原值 ""TBA""）"
1573,CN2403385-S,TBA,"→ 写为 NULL（raw_text 保留原值 ""TBA""）"
1576,CN2403388-A,TBA,"→ 写为 NULL（raw_text 保留原值 ""TBA""）"
1577,CN2403389-S,TBA,"→ 写为 NULL（raw_text 保留原值 ""TBA""）"
1578,CN2403390-AS,TBA,"→ 写为 NULL（raw_text 保留原值 ""TBA""）"
1579,CN2403390-AS1,TBA,"→ 写为 NULL（raw_text 保留原值 ""TBA""）"
1580,CN2403391-A,TBA,"→ 写为 NULL（raw_text 保留原值 ""TBA""）"
1581,CN2403392-A,TBA,"→ 写为 NULL（raw_text 保留原值 ""TBA""）"
1582,CN2403393-A,TBA,"→ 写为 NULL（raw_text 保留原值 ""TBA""）"
1583,CN2403394-A,TBA,"→ 写为 NULL（raw_text 保留原值 ""TBA""）"
1584,CN2403395-S,TBA,"→ 写为 NULL（raw_text 保留原值 ""TBA""）"
1585,CN2403396-R,TBA,"→ 写为 NULL（raw_text 保留原值 ""TBA""）"
1587,CN2403398-S,TBA,"→ 写为 NULL（raw_text 保留原值 ""TBA""）"
1588,CN2403399-S,TBA,"→ 写为 NULL（raw_text 保留原值 ""TBA""）"
1590,CN2403401-S1,TBA,"→ 写为 NULL（raw_text 保留原值 ""TBA""）"
1591,CN2403401-S2,TBA,"→ 写为 NULL（raw_text 保留原值 ""TBA""）"
1592,CN2403401-S3,TBA,"→ 写为 NULL（raw_text 保留原值 ""TBA""）"
1593,CN2403401-S4,TBA,"→ 写为 NULL（raw_text 保留原值 ""TBA""）"
1594,CN2403401-S5,TBA,"→ 写为 NULL（raw_text 保留原值 ""TBA""）"
1596,CN2403403-S,TBA,"→ 写为 NULL（raw_text 保留原值 ""TBA""）"
1597,CN2403404-S,TBA,"→ 写为 NULL（raw_text 保留原值 ""TBA""）"
1601,CN2403408-S1,TBA,"→ 写为 NULL（raw_text 保留原值 ""TBA""）"
1602,CN2403408-S2,TBA,"→ 写为 NULL（raw_text 保留原值 ""TBA""）"
1603,CN2403409-A,TBA,"→ 写为 NULL（raw_text 保留原值 ""TBA""）"
1604,CN2403410-A1,TBA,"→ 写为 NULL（raw_text 保留原值 ""TBA""）"
1605,CN2403410-A2,TBA,"→ 写为 NULL（raw_text 保留原值 ""TBA""）"
1606,CN2403410-A3,TBA,"→ 写为 NULL（raw_text 保留原值 ""TBA""）"
1607,CN2403410-A4,TBA,"→ 写为 NULL（raw_text 保留原值 ""TBA""）"
1608,CN2403410-A5,TBA,"→ 写为 NULL（raw_text 保留原值 ""TBA""）"
1609,CN2403410-A6,TBA,"→ 写为 NULL（raw_text 保留原值 ""TBA""）"
1610,CN2403411-A1,TBA,"→ 写为 NULL（raw_text 保留原值 ""TBA""）"
1611,CN2403411-A2,TBA,"→ 写为 NULL（raw_text 保留原值 ""TBA""）"
1612,CN2403412-S,TBA,"→ 写为 NULL（raw_text 保留原值 ""TBA""）"
1613,CN2403413-A,TBA,"→ 写为 NULL（raw_text 保留原值 ""TBA""）"
1617,CN2403417-A,TBA,"→ 写为 NULL（raw_text 保留原值 ""TBA""）"
1618,CN2403418-A,TBA,"→ 写为 NULL（raw_text 保留原值 ""TBA""）"
1619,CN2403419-A,TBA,"→ 写为 NULL（raw_text 保留原值 ""TBA""）"
1620,CN2403420-A,TBA,"→ 写为 NULL（raw_text 保留原值 ""TBA""）"
1621,CN2403421-A,TBA,"→ 写为 NULL（raw_text 保留原值 ""TBA""）"
1622,CN2403422-A,TBA,"→ 写为 NULL（raw_text 保留原值 ""TBA""）"
1623,CN2403423-A,TBA,"→ 写为 NULL（raw_text 保留原值 ""TBA""）"
1624,CN2403424-A,TBA,"→ 写为 NULL（raw_text 保留原值 ""TBA""）"
1625,CN2403425-A,TBA,"→ 写为 NULL（raw_text 保留原值 ""TBA""）"
1626,CN2403426-A,TBA,"→ 写为 NULL（raw_text 保留原值 ""TBA""）"
1627,CN2403427-A,TBA,"→ 写为 NULL（raw_text 保留原值 ""TBA""）"
1628,CN2403428-A,TBA,"→ 写为 NULL（raw_text 保留原值 ""TBA""）"
1630,CN2403430-S,TBA,"→ 写为 NULL（raw_text 保留原值 ""TBA""）"
1631,CN2403431-S,TBA,"→ 写为 NULL（raw_text 保留原值 ""TBA""）"
1632,CN2403432-S,TBA,"→ 写为 NULL（raw_text 保留原值 ""TBA""）"
1633,CN2403433-S,TBA,"→ 写为 NULL（raw_text 保留原值 ""TBA""）"
1634,CN2403434-S,TBA,"→ 写为 NULL（raw_text 保留原值 ""TBA""）"
1635,CN2403435-S,TBA,"→ 写为 NULL（raw_text 保留原值 ""TBA""）"
1636,CN2403436-S,TBA,"→ 写为 NULL（raw_text 保留原值 ""TBA""）"
1639,CN2403439-S,TBA,"→ 写为 NULL（raw_text 保留原值 ""TBA""）"
1640,CN2403440-S,TBA,"→ 写为 NULL（raw_text 保留原值 ""TBA""）"
1651,CN2403450-A1,TBA,"→ 写为 NULL（raw_text 保留原值 ""TBA""）"
1652,CN2403450-A2,TBA,"→ 写为 NULL（raw_text 保留原值 ""TBA""）"
1653,CN2403451-A,TBA,"→ 写为 NULL（raw_text 保留原值 ""TBA""）"
1654,CN2403452-A1,TBA,"→ 写为 NULL（raw_text 保留原值 ""TBA""）"
1655,CN2403452-A2,TBA,"→ 写为 NULL（raw_text 保留原值 ""TBA""）"
1656,CN2403453-A,TBA,"→ 写为 NULL（raw_text 保留原值 ""TBA""）"
1657,CN2403454-A,TBA,"→ 写为 NULL（raw_text 保留原值 ""TBA""）"
1658,CN2403455-A,TBA,"→ 写为 NULL（raw_text 保留原值 ""TBA""）"
1660,CN2403457-A,TBA,"→ 写为 NULL（raw_text 保留原值 ""TBA""）"
1661,CN2403458-A,TBA,"→ 写为 NULL（raw_text 保留原值 ""TBA""）"
1662,CN2403459-A,TBA,"→ 写为 NULL（raw_text 保留原值 ""TBA""）"
1663,CN2403460-A,TBA,"→ 写为 NULL（raw_text 保留原值 ""TBA""）"
1664,CN2403461-A,TBA,"→ 写为 NULL（raw_text 保留原值 ""TBA""）"
1665,CN2403462-A,TBA,"→ 写为 NULL（raw_text 保留原值 ""TBA""）"
1667,CN2403464-S1,TBA,"→ 写为 NULL（raw_text 保留原值 ""TBA""）"
1668,CN2403464-S2,TBA,"→ 写为 NULL（raw_text 保留原值 ""TBA""）"
1669,CN2403464-S3,TBA,"→ 写为 NULL（raw_text 保留原值 ""TBA""）"
1670,CN2403464-S4,TBA,"→ 写为 NULL（raw_text 保留原值 ""TBA""）"
1671,CN2403464-S5,TBA,"→ 写为 NULL（raw_text 保留原值 ""TBA""）"
1672,CN2403465-S,TBA,"→ 写为 NULL（raw_text 保留原值 ""TBA""）"
1673,CN2403466-S,TBA,"→ 写为 NULL（raw_text 保留原值 ""TBA""）"
1674,CN2403467-S,TBA,"→ 写为 NULL（raw_text 保留原值 ""TBA""）"
1675,CN2403468-A,TBA,"→ 写为 NULL（raw_text 保留原值 ""TBA""）"
1678,CN2403471-S,TBA,"→ 写为 NULL（raw_text 保留原值 ""TBA""）"
1679,CN2403472-A,TBA,"→ 写为 NULL（raw_text 保留原值 ""TBA""）"
1685,CN2403476-A,TBA,"→ 写为 NULL（raw_text 保留原值 ""TBA""）"
1686,CN2403477-A,TBA,"→ 写为 NULL（raw_text 保留原值 ""TBA""）"
1687,CN2403478-A,TBA,"→ 写为 NULL（raw_text 保留原值 ""TBA""）"
1688,CN2403479-A,TBA,"→ 写为 NULL（raw_text 保留原值 ""TBA""）"
1689,CN2403480-A1,TBA,"→ 写为 NULL（raw_text 保留原值 ""TBA""）"
1690,CN2403480-A2,TBA,"→ 写为 NULL（raw_text 保留原值 ""TBA""）"
1691,CN2403481-A,TBA,"→ 写为 NULL（raw_text 保留原值 ""TBA""）"
1692,CN2403482-A,TBA,"→ 写为 NULL（raw_text 保留原值 ""TBA""）"
1694,CN2403484-S,TBA,"→ 写为 NULL（raw_text 保留原值 ""TBA""）"
1696,CN2403486-S,TBA,"→ 写为 NULL（raw_text 保留原值 ""TBA""）"
1698,CN2403488-S,TBA,"→ 写为 NULL（raw_text 保留原值 ""TBA""）"
1700,CN2403490-S,TBA,"→ 写为 NULL（raw_text 保留原值 ""TBA""）"
1701,CN2403491-S1,TBA,"→ 写为 NULL（raw_text 保留原值 ""TBA""）"
1702,CN2403491-S2,TBA,"→ 写为 NULL（raw_text 保留原值 ""TBA""）"
1703,CN2403492-S,TBA,"→ 写为 NULL（raw_text 保留原值 ""TBA""）"
1704,CN2403493-S,TBA,"→ 写为 NULL（raw_text 保留原值 ""TBA""）"
1705,CN2403494-S,TBA,"→ 写为 NULL（raw_text 保留原值 ""TBA""）"
1707,CN2403496-S,TBA,"→ 写为 NULL（raw_text 保留原值 ""TBA""）"
1708,CN2403497-S1,TBA,"→ 写为 NULL（raw_text 保留原值 ""TBA""）"
1709,CN2403497-S2,TBA,"→ 写为 NULL（raw_text 保留原值 ""TBA""）"
1710,CN2403498-R,TBA,"→ 写为 NULL（raw_text 保留原值 ""TBA""）"
1711,CN2403499-A,TBA,"→ 写为 NULL（raw_text 保留原值 ""TBA""）"
1712,CN2403500-A,TBA,"→ 写为 NULL（raw_text 保留原值 ""TBA""）"
1714,CN2403502-A,TBA,"→ 写为 NULL（raw_text 保留原值 ""TBA""）"
1715,CN2403503-A,TBA,"→ 写为 NULL（raw_text 保留原值 ""TBA""）"
1721,CN2403509-A,TBA,"→ 写为 NULL（raw_text 保留原值 ""TBA""）"
1722,CN2403510-A,TBA,"→ 写为 NULL（raw_text 保留原值 ""TBA""）"
1723,CN2403511-S,TBA,"→ 写为 NULL（raw_text 保留原值 ""TBA""）"
1724,CN2403512-S,TBA,"→ 写为 NULL（raw_text 保留原值 ""TBA""）"
1725,CN2403513-A,TBA,"→ 写为 NULL（raw_text 保留原值 ""TBA""）"
1726,CN2403514-S,TBA,"→ 写为 NULL（raw_text 保留原值 ""TBA""）"
1727,CN2403515-A,TBA,"→ 写为 NULL（raw_text 保留原值 ""TBA""）"
1728,CN2403516-A,TBA,"→ 写为 NULL（raw_text 保留原值 ""TBA""）"
1729,CN2403517-A,TBA,"→ 写为 NULL（raw_text 保留原值 ""TBA""）"
1730,CN2403518-A,TBA,"→ 写为 NULL（raw_text 保留原值 ""TBA""）"
1731,CN2403519-S,TBA,"→ 写为 NULL（raw_text 保留原值 ""TBA""）"
1732,CN2403520-A,TBA,"→ 写为 NULL（raw_text 保留原值 ""TBA""）"
1733,CN2403521-A,TBA,"→ 写为 NULL（raw_text 保留原值 ""TBA""）"
1734,CN2403522-A,TBA,"→ 写为 NULL（raw_text 保留原值 ""TBA""）"
1735,CN2403523-A,TBA,"→ 写为 NULL（raw_text 保留原值 ""TBA""）"
1736,CN2403524-S,TBA,"→ 写为 NULL（raw_text 保留原值 ""TBA""）"
1738,CN2403526-S,TBA,"→ 写为 NULL（raw_text 保留原值 ""TBA""）"
1739,CN2403527-S,TBA,"→ 写为 NULL（raw_text 保留原值 ""TBA""）"
1740,CN2403528-R,TBA,"→ 写为 NULL（raw_text 保留原值 ""TBA""）"
1742,CN2403530-S,TBA,"→ 写为 NULL（raw_text 保留原值 ""TBA""）"
1743,CN2403531-S,TBA,"→ 写为 NULL（raw_text 保留原值 ""TBA""）"
1744,CN2403532-S,TBA,"→ 写为 NULL（raw_text 保留原值 ""TBA""）"
1746,CN2403534-S,TBA,"→ 写为 NULL（raw_text 保留原值 ""TBA""）"
1747,CN2403535-S,TBA,"→ 写为 NULL（raw_text 保留原值 ""TBA""）"
1748,CN2403536-A,TBA,"→ 写为 NULL（raw_text 保留原值 ""TBA""）"
1749,CN2403537-A,TBA,"→ 写为 NULL（raw_text 保留原值 ""TBA""）"
1750,CN2403538-S,TBA,"→ 写为 NULL（raw_text 保留原值 ""TBA""）"
1751,CN2403539-S,TBA,"→ 写为 NULL（raw_text 保留原值 ""TBA""）"
1753,CN2403541-A,TBA,"→ 写为 NULL（raw_text 保留原值 ""TBA""）"
1755,CN2403543-A,TBA,"→ 写为 NULL（raw_text 保留原值 ""TBA""）"
1756,CN2403544-A,TBA,"→ 写为 NULL（raw_text 保留原值 ""TBA""）"
1757,CN2403545-A,TBA,"→ 写为 NULL（raw_text 保留原值 ""TBA""）"
1758,CN2403546-A,TBA,"→ 写为 NULL（raw_text 保留原值 ""TBA""）"
1759,CN2403547-A,TBA,"→ 写为 NULL（raw_text 保留原值 ""TBA""）"
1760,CN2403548-A,TBA,"→ 写为 NULL（raw_text 保留原值 ""TBA""）"
1761,CN2403549-A,TBA,"→ 写为 NULL（raw_text 保留原值 ""TBA""）"
1762,CN2403550-A,TBA,"→ 写为 NULL（raw_text 保留原值 ""TBA""）"
1763,CN2403551-S,TBA,"→ 写为 NULL（raw_text 保留原值 ""TBA""）"
1764,CN2403552-S,TBA,"→ 写为 NULL（raw_text 保留原值 ""TBA""）"
1765,CN2403553-S,TBA,"→ 写为 NULL（raw_text 保留原值 ""TBA""）"
1767,CN2403555-S,TBA,"→ 写为 NULL（raw_text 保留原值 ""TBA""）"
1769,CN2403557-S,TBA,"→ 写为 NULL（raw_text 保留原值 ""TBA""）"
1771,CN2403559-S,TBA,"→ 写为 NULL（raw_text 保留原值 ""TBA""）"
1773,CN2403561-S,TBA,"→ 写为 NULL（raw_text 保留原值 ""TBA""）"
1775,CN2403563-A,TBA,"→ 写为 NULL（raw_text 保留原值 ""TBA""）"
1776,CN2403564-S,TBA,"→ 写为 NULL（raw_text 保留原值 ""TBA""）"
1777,CN2403565-A,TBA,"→ 写为 NULL（raw_text 保留原值 ""TBA""）"
1778,CN2403566-A,TBA,"→ 写为 NULL（raw_text 保留原值 ""TBA""）"
1780,CN2403568-A,TBA,"→ 写为 NULL（raw_text 保留原值 ""TBA""）"
1781,CN2403569-A,TBA,"→ 写为 NULL（raw_text 保留原值 ""TBA""）"
1782,CN2403570-A,TBA,"→ 写为 NULL（raw_text 保留原值 ""TBA""）"
1783,CN2403571-A,TBA,"→ 写为 NULL（raw_text 保留原值 ""TBA""）"
1784,CN2403572-S,TBA,"→ 写为 NULL（raw_text 保留原值 ""TBA""）"
1785,CN2403573-S,TBA,"→ 写为 NULL（raw_text 保留原值 ""TBA""）"
1786,CN2403574-S1,TBA,"→ 写为 NULL（raw_text 保留原值 ""TBA""）"
1787,CN2403574-S2,TBA,"→ 写为 NULL（raw_text 保留原值 ""TBA""）"
1788,CN2403575-S1,TBA,"→ 写为 NULL（raw_text 保留原值 ""TBA""）"
1789,CN2403575-S2,TBA,"→ 写为 NULL（raw_text 保留原值 ""TBA""）"
1790,CN2403576-S,TBA,"→ 写为 NULL（raw_text 保留原值 ""TBA""）"
1791,CN2403577-S,TBA,"→ 写为 NULL（raw_text 保留原值 ""TBA""）"
1793,CN2403579-S,TBA,"→ 写为 NULL（raw_text 保留原值 ""TBA""）"
1795,CN2403581-S,TBA,"→ 写为 NULL（raw_text 保留原值 ""TBA""）"
1796,CN2403582-S,TBA,"→ 写为 NULL（raw_text 保留原值 ""TBA""）"
1797,CN2403583-S,TBA,"→ 写为 NULL（raw_text 保留原值 ""TBA""）"
1800,CN2403586-S,TBA,"→ 写为 NULL（raw_text 保留原值 ""TBA""）"
1801,CN2403587-S,TBA,"→ 写为 NULL（raw_text 保留原值 ""TBA""）"
1802,CN2403588-S,TBA,"→ 写为 NULL（raw_text 保留原值 ""TBA""）"
1803,CN2403589-A,TBA,"→ 写为 NULL（raw_text 保留原值 ""TBA""）"
1805,CN2403591-A,TBA,"→ 写为 NULL（raw_text 保留原值 ""TBA""）"
1806,CN2403592-A,TBA,"→ 写为 NULL（raw_text 保留原值 ""TBA""）"
1807,CN2403593-A,TBA,"→ 写为 NULL（raw_text 保留原值 ""TBA""）"
1809,CN2403595-A,TBA,"→ 写为 NULL（raw_text 保留原值 ""TBA""）"
1810,CN2403596-A,TBA,"→ 写为 NULL（raw_text 保留原值 ""TBA""）"
1811,CN2403597-A,TBA,"→ 写为 NULL（raw_text 保留原值 ""TBA""）"
1812,CN2403598-S,TBA,"→ 写为 NULL（raw_text 保留原值 ""TBA""）"
1813,CN2403599-S,TBA,"→ 写为 NULL（raw_text 保留原值 ""TBA""）"
1814,CN2403600-S,TBA,"→ 写为 NULL（raw_text 保留原值 ""TBA""）"
1815,CN2403601-S,TBA,"→ 写为 NULL（raw_text 保留原值 ""TBA""）"
1817,CN2403603-S1,TBA,"→ 写为 NULL（raw_text 保留原值 ""TBA""）"
1818,CN2403603-S2,TBA,"→ 写为 NULL（raw_text 保留原值 ""TBA""）"
1819,CN2403603-S3,TBA,"→ 写为 NULL（raw_text 保留原值 ""TBA""）"
1820,CN2403603-S4,TBA,"→ 写为 NULL（raw_text 保留原值 ""TBA""）"
1821,CN2403603-S5,TBA,"→ 写为 NULL（raw_text 保留原值 ""TBA""）"
1822,CN2403604-S,TBA,"→ 写为 NULL（raw_text 保留原值 ""TBA""）"
1824,CN2403606-A,TBA,"→ 写为 NULL（raw_text 保留原值 ""TBA""）"
1827,CN2403609-A,TBA,"→ 写为 NULL（raw_text 保留原值 ""TBA""）"
1828,CN2403610-A,TBA,"→ 写为 NULL（raw_text 保留原值 ""TBA""）"
1829,CN2403611-A,TBA,"→ 写为 NULL（raw_text 保留原值 ""TBA""）"
1830,CN2403612-S,TBA,"→ 写为 NULL（raw_text 保留原值 ""TBA""）"
1831,CN2403613-A,TBA,"→ 写为 NULL（raw_text 保留原值 ""TBA""）"
1832,CN2403614-R1,TBA,"→ 写为 NULL（raw_text 保留原值 ""TBA""）"
1833,CN2403615-A,TBA,"→ 写为 NULL（raw_text 保留原值 ""TBA""）"
1834,CN2403616-A,TBA,"→ 写为 NULL（raw_text 保留原值 ""TBA""）"
1835,CN2404001-A,TBA,"→ 写为 NULL（raw_text 保留原值 ""TBA""）"
1836,CN2404002-A,TBA,"→ 写为 NULL（raw_text 保留原值 ""TBA""）"
1838,CN2404004-A,TBA,"→ 写为 NULL（raw_text 保留原值 ""TBA""）"
1839,CN2404005-A,TBA,"→ 写为 NULL（raw_text 保留原值 ""TBA""）"
1840,CN2404006-A,TBA,"→ 写为 NULL（raw_text 保留原值 ""TBA""）"
1841,CN2404007-A,TBA,"→ 写为 NULL（raw_text 保留原值 ""TBA""）"
1842,CN2404008-A1,TBA,"→ 写为 NULL（raw_text 保留原值 ""TBA""）"
1843,CN2404009-A1,TBA,"→ 写为 NULL（raw_text 保留原值 ""TBA""）"
1844,CN2404009-A2,TBA,"→ 写为 NULL（raw_text 保留原值 ""TBA""）"
1845,CN2404010-A,TBA,"→ 写为 NULL（raw_text 保留原值 ""TBA""）"
1846,CN2404011-A,TBA,"→ 写为 NULL（raw_text 保留原值 ""TBA""）"
1847,CN2404012-A,TBA,"→ 写为 NULL（raw_text 保留原值 ""TBA""）"
1848,CN2404013-A,TBA,"→ 写为 NULL（raw_text 保留原值 ""TBA""）"
1850,CN2404015-A,TBA,"→ 写为 NULL（raw_text 保留原值 ""TBA""）"
1851,CN2404016-A,TBA,"→ 写为 NULL（raw_text 保留原值 ""TBA""）"
1852,CN2404017-A,TBA,"→ 写为 NULL（raw_text 保留原值 ""TBA""）"
1853,CN2404018-A,TBA,"→ 写为 NULL（raw_text 保留原值 ""TBA""）"
1854,CN2404019-A,TBA,"→ 写为 NULL（raw_text 保留原值 ""TBA""）"
1855,CN2404020-A,TBA,"→ 写为 NULL（raw_text 保留原值 ""TBA""）"
1856,CN2404021-A,TBA,"→ 写为 NULL（raw_text 保留原值 ""TBA""）"
1857,CN2404022-A,TBA,"→ 写为 NULL（raw_text 保留原值 ""TBA""）"
1858,CN2404023-A,TBA,"→ 写为 NULL（raw_text 保留原值 ""TBA""）"
1859,CN2404024-A,TBA,"→ 写为 NULL（raw_text 保留原值 ""TBA""）"
1860,CN2404025-A,TBA,"→ 写为 NULL（raw_text 保留原值 ""TBA""）"
1861,CN2404026-A,TBA,"→ 写为 NULL（raw_text 保留原值 ""TBA""）"
1862,CN2404027-A,TBA,"→ 写为 NULL（raw_text 保留原值 ""TBA""）"
1863,CN2404028-A,TBA,"→ 写为 NULL（raw_text 保留原值 ""TBA""）"
1864,CN2404029-A,TBA,"→ 写为 NULL（raw_text 保留原值 ""TBA""）"
1865,CN2404030-S,TBA,"→ 写为 NULL（raw_text 保留原值 ""TBA""）"
1866,CN2404031-S,TBA,"→ 写为 NULL（raw_text 保留原值 ""TBA""）"
1867,CN2404032-S1,TBA,"→ 写为 NULL（raw_text 保留原值 ""TBA""）"
1868,CN2404032-S2,TBA,"→ 写为 NULL（raw_text 保留原值 ""TBA""）"
1869,CN2404033-AS,TBA,"→ 写为 NULL（raw_text 保留原值 ""TBA""）"
1870,CN2404033-AS1,TBA,"→ 写为 NULL（raw_text 保留原值 ""TBA""）"
1871,CN2404034-S,TBA,"→ 写为 NULL（raw_text 保留原值 ""TBA""）"
1872,CN2404035-S,TBA,"→ 写为 NULL（raw_text 保留原值 ""TBA""）"
1873,CN2404036-S,TBA,"→ 写为 NULL（raw_text 保留原值 ""TBA""）"
1876,CN2404039-S,TBA,"→ 写为 NULL（raw_text 保留原值 ""TBA""）"
1877,CN2404040-S,TBA,"→ 写为 NULL（raw_text 保留原值 ""TBA""）"
1879,CN2404042-S,TBA,"→ 写为 NULL（raw_text 保留原值 ""TBA""）"
1881,CN2404044-S,TBA,"→ 写为 NULL（raw_text 保留原值 ""TBA""）"
1882,CN2404045-A,TBA,"→ 写为 NULL（raw_text 保留原值 ""TBA""）"
1883,CN2404046-A,TBA,"→ 写为 NULL（raw_text 保留原值 ""TBA""）"
1886,CN2404049-S,TBA,"→ 写为 NULL（raw_text 保留原值 ""TBA""）"
1887,CN2404050-S,TBA,"→ 写为 NULL（raw_text 保留原值 ""TBA""）"
1888,CN2404051-A,TBA,"→ 写为 NULL（raw_text 保留原值 ""TBA""）"
1889,CN2404052-A,TBA,"→ 写为 NULL（raw_text 保留原值 ""TBA""）"
1891,CN2404054-A,TBA,"→ 写为 NULL（raw_text 保留原值 ""TBA""）"
1892,CN2404055-A,TBA,"→ 写为 NULL（raw_text 保留原值 ""TBA""）"
1893,CN2404056-A,TBA,"→ 写为 NULL（raw_text 保留原值 ""TBA""）"
1894,CN2404057-A,TBA,"→ 写为 NULL（raw_text 保留原值 ""TBA""）"
1895,CN2404058-A,TBA,"→ 写为 NULL（raw_text 保留原值 ""TBA""）"
1898,CN2404061-S,TBA,"→ 写为 NULL（raw_text 保留原值 ""TBA""）"
1899,CN2404062-S1,TBA,"→ 写为 NULL（raw_text 保留原值 ""TBA""）"
1900,CN2404062-S2,TBA,"→ 写为 NULL（raw_text 保留原值 ""TBA""）"
1903,CN2404065-S,TBA,"→ 写为 NULL（raw_text 保留原值 ""TBA""）"
1904,CN2404066-S,TBA,"→ 写为 NULL（raw_text 保留原值 ""TBA""）"
1905,CN2404067-S,TBA,"→ 写为 NULL（raw_text 保留原值 ""TBA""）"
1906,CN2404068-S,TBA,"→ 写为 NULL（raw_text 保留原值 ""TBA""）"
1907,CN2404069-S,TBA,"→ 写为 NULL（raw_text 保留原值 ""TBA""）"
1908,CN2404070-A,TBA,"→ 写为 NULL（raw_text 保留原值 ""TBA""）"
1911,CN2404073-S1,TBA,"→ 写为 NULL（raw_text 保留原值 ""TBA""）"
1912,CN2404073-S2,TBA,"→ 写为 NULL（raw_text 保留原值 ""TBA""）"
1913,CN2404074-S,TBA,"→ 写为 NULL（raw_text 保留原值 ""TBA""）"
1914,CN2404075-S,TBA,"→ 写为 NULL（raw_text 保留原值 ""TBA""）"
1915,CN2404076-S,TBA,"→ 写为 NULL（raw_text 保留原值 ""TBA""）"
1916,CN2404077-A,TBA,"→ 写为 NULL（raw_text 保留原值 ""TBA""）"
1920,CN2404081-A,TBA,"→ 写为 NULL（raw_text 保留原值 ""TBA""）"
1921,CN2404082-A1,TBA,"→ 写为 NULL（raw_text 保留原值 ""TBA""）"
1922,CN2404082-A2,TBA,"→ 写为 NULL（raw_text 保留原值 ""TBA""）"
1923,CN2404082-A3,TBA,"→ 写为 NULL（raw_text 保留原值 ""TBA""）"
1924,CN2404082-A4,TBA,"→ 写为 NULL（raw_text 保留原值 ""TBA""）"
1927,CN2404085-A,TBA,"→ 写为 NULL（raw_text 保留原值 ""TBA""）"
1928,CN2404086-A,TBA,"→ 写为 NULL（raw_text 保留原值 ""TBA""）"
1929,CN2404087-A,TBA,"→ 写为 NULL（raw_text 保留原值 ""TBA""）"
1930,CN2404088-S,TBA,"→ 写为 NULL（raw_text 保留原值 ""TBA""）"
1931,CN2404089-A,TBA,"→ 写为 NULL（raw_text 保留原值 ""TBA""）"
1932,CN2404090-A,TBA,"→ 写为 NULL（raw_text 保留原值 ""TBA""）"
1933,CN2404091-A,TBA,"→ 写为 NULL（raw_text 保留原值 ""TBA""）"
1935,CN2404093-A,TBA,"→ 写为 NULL（raw_text 保留原值 ""TBA""）"
1937,CN2404095-A,TBA,"→ 写为 NULL（raw_text 保留原值 ""TBA""）"
1938,CN2404096-A,TBA,"→ 写为 NULL（raw_text 保留原值 ""TBA""）"
1940,CN2404098-A,TBA,"→ 写为 NULL（raw_text 保留原值 ""TBA""）"
1942,CN2404100-S,TBA,"→ 写为 NULL（raw_text 保留原值 ""TBA""）"
1943,CN2404101-R,TBA,"→ 写为 NULL（raw_text 保留原值 ""TBA""）"
1944,CN2404102-S,TBA,"→ 写为 NULL（raw_text 保留原值 ""TBA""）"
1947,CN2404105-S,TBA,"→ 写为 NULL（raw_text 保留原值 ""TBA""）"
1952,CN2404110-S1,TBA,"→ 写为 NULL（raw_text 保留原值 ""TBA""）"
1953,CN2404110-S2,TBA,"→ 写为 NULL（raw_text 保留原值 ""TBA""）"
1954,CN2404111-A,TBA,"→ 写为 NULL（raw_text 保留原值 ""TBA""）"
1955,CN2404112-S,TBA,"→ 写为 NULL（raw_text 保留原值 ""TBA""）"
1956,CN2404113-S,TBA,"→ 写为 NULL（raw_text 保留原值 ""TBA""）"
1957,CN2404114-S,TBA,"→ 写为 NULL（raw_text 保留原值 ""TBA""）"
1959,CN2404116-S1,TBA,"→ 写为 NULL（raw_text 保留原值 ""TBA""）"
1960,CN2404116-S2,TBA,"→ 写为 NULL（raw_text 保留原值 ""TBA""）"
1961,CN2404117-A,TBA,"→ 写为 NULL（raw_text 保留原值 ""TBA""）"
1962,CN2404118-A,TBA,"→ 写为 NULL（raw_text 保留原值 ""TBA""）"
1963,CN2404119-A,TBA,"→ 写为 NULL（raw_text 保留原值 ""TBA""）"
1964,CN2404120-A,TBA,"→ 写为 NULL（raw_text 保留原值 ""TBA""）"
1965,CN2404121-S1,TBA,"→ 写为 NULL（raw_text 保留原值 ""TBA""）"
1966,CN2404121-S2,TBA,"→ 写为 NULL（raw_text 保留原值 ""TBA""）"
1967,CN2404121-S3,TBA,"→ 写为 NULL（raw_text 保留原值 ""TBA""）"
1968,CN2404121-S4,TBA,"→ 写为 NULL（raw_text 保留原值 ""TBA""）"
1969,CN2404122-S1,TBA,"→ 写为 NULL（raw_text 保留原值 ""TBA""）"
1970,CN2404122-S2,TBA,"→ 写为 NULL（raw_text 保留原值 ""TBA""）"
1971,CN2404122-S3,TBA,"→ 写为 NULL（raw_text 保留原值 ""TBA""）"
1972,CN2404122-S4,TBA,"→ 写为 NULL（raw_text 保留原值 ""TBA""）"
1973,CN2404122-S5,TBA,"→ 写为 NULL（raw_text 保留原值 ""TBA""）"
1975,CN2404124-S,TBA,"→ 写为 NULL（raw_text 保留原值 ""TBA""）"
1976,CN2404125-S,TBA,"→ 写为 NULL（raw_text 保留原值 ""TBA""）"
1977,CN2404126-S,TBA,"→ 写为 NULL（raw_text 保留原值 ""TBA""）"
1978,CN2404127-S,TBA,"→ 写为 NULL（raw_text 保留原值 ""TBA""）"
1982,CN2404131-A,TBA,"→ 写为 NULL（raw_text 保留原值 ""TBA""）"
1983,CN2404132-A,TBA,"→ 写为 NULL（raw_text 保留原值 ""TBA""）"
1984,CN2404133-A,TBA,"→ 写为 NULL（raw_text 保留原值 ""TBA""）"
1985,CN2404134-A,TBA,"→ 写为 NULL（raw_text 保留原值 ""TBA""）"
1986,CN2404135-A,TBA,"→ 写为 NULL（raw_text 保留原值 ""TBA""）"
1987,CN2404136-A,TBA,"→ 写为 NULL（raw_text 保留原值 ""TBA""）"
1988,CN2404137-A,TBA,"→ 写为 NULL（raw_text 保留原值 ""TBA""）"
1989,CN2404138-A,TBA,"→ 写为 NULL（raw_text 保留原值 ""TBA""）"
1990,CN2404139-A,TBA,"→ 写为 NULL（raw_text 保留原值 ""TBA""）"
1991,CN2404140-A,TBA,"→ 写为 NULL（raw_text 保留原值 ""TBA""）"
1992,CN2404141-A,TBA,"→ 写为 NULL（raw_text 保留原值 ""TBA""）"
1993,CN2404142-A,TBA,"→ 写为 NULL（raw_text 保留原值 ""TBA""）"
1994,CN2404143-A,TBA,"→ 写为 NULL（raw_text 保留原值 ""TBA""）"
1995,CN2404144-A,TBA,"→ 写为 NULL（raw_text 保留原值 ""TBA""）"
1996,CN2404145-A,TBA,"→ 写为 NULL（raw_text 保留原值 ""TBA""）"
1997,CN2404146-A,TBA,"→ 写为 NULL（raw_text 保留原值 ""TBA""）"
1998,CN2404147-A,TBA,"→ 写为 NULL（raw_text 保留原值 ""TBA""）"
1999,CN2404148-A,TBA,"→ 写为 NULL（raw_text 保留原值 ""TBA""）"
2000,CN2404149-A,TBA,"→ 写为 NULL（raw_text 保留原值 ""TBA""）"
2001,CN2404150-A,TBA,"→ 写为 NULL（raw_text 保留原值 ""TBA""）"
2002,CN2404151-A,TBA,"→ 写为 NULL（raw_text 保留原值 ""TBA""）"
2003,CN2404152-A,TBA,"→ 写为 NULL（raw_text 保留原值 ""TBA""）"
2004,CN2404153-A,TBA,"→ 写为 NULL（raw_text 保留原值 ""TBA""）"
2005,CN2404154-A,TBA,"→ 写为 NULL（raw_text 保留原值 ""TBA""）"
2006,CN2404155-A,TBA,"→ 写为 NULL（raw_text 保留原值 ""TBA""）"
2007,CN2404156-A,TBA,"→ 写为 NULL（raw_text 保留原值 ""TBA""）"
2008,CN2404157-A,TBA,"→ 写为 NULL（raw_text 保留原值 ""TBA""）"
2009,CN2404158-A,TBA,"→ 写为 NULL（raw_text 保留原值 ""TBA""）"
2010,CN2404159-A,TBA,"→ 写为 NULL（raw_text 保留原值 ""TBA""）"
2011,CN2404160-S,TBA,"→ 写为 NULL（raw_text 保留原值 ""TBA""）"
2012,CN2404161-S1,TBA,"→ 写为 NULL（raw_text 保留原值 ""TBA""）"
2013,CN2404161-S2,TBA,"→ 写为 NULL（raw_text 保留原值 ""TBA""）"
2014,CN2404161-S3,TBA,"→ 写为 NULL（raw_text 保留原值 ""TBA""）"
2015,CN2404162-A,TBA,"→ 写为 NULL（raw_text 保留原值 ""TBA""）"
2016,CN2404163-A,TBA,"→ 写为 NULL（raw_text 保留原值 ""TBA""）"
2017,CN2404164-A,TBA,"→ 写为 NULL（raw_text 保留原值 ""TBA""）"
2018,CN2404165-A,TBA,"→ 写为 NULL（raw_text 保留原值 ""TBA""）"
2019,CN2404166-A,TBA,"→ 写为 NULL（raw_text 保留原值 ""TBA""）"
2022,CN2404169-A,TBA,"→ 写为 NULL（raw_text 保留原值 ""TBA""）"
2023,CN2404170-A1,TBA,"→ 写为 NULL（raw_text 保留原值 ""TBA""）"
2024,CN2404170-A2,TBA,"→ 写为 NULL（raw_text 保留原值 ""TBA""）"
2025,CN2404171-A,TBA,"→ 写为 NULL（raw_text 保留原值 ""TBA""）"
2026,CN2404172-A,TBA,"→ 写为 NULL（raw_text 保留原值 ""TBA""）"
2027,CN2404173-S,TBA,"→ 写为 NULL（raw_text 保留原值 ""TBA""）"
2028,CN2404174-S,TBA,"→ 写为 NULL（raw_text 保留原值 ""TBA""）"
2029,CN2404175-S,TBA,"→ 写为 NULL（raw_text 保留原值 ""TBA""）"
2030,CN2404176-S,TBA,"→ 写为 NULL（raw_text 保留原值 ""TBA""）"
2031,CN2404177-S,TBA,"→ 写为 NULL（raw_text 保留原值 ""TBA""）"
2033,CN2404179-A,TBA,"→ 写为 NULL（raw_text 保留原值 ""TBA""）"
2034,CN2404180-A,TBA,"→ 写为 NULL（raw_text 保留原值 ""TBA""）"
2035,CN2404181-A,TBA,"→ 写为 NULL（raw_text 保留原值 ""TBA""）"
2036,CN2404182-A,TBA,"→ 写为 NULL（raw_text 保留原值 ""TBA""）"
2037,CN2404183-A,TBA,"→ 写为 NULL（raw_text 保留原值 ""TBA""）"
2038,CN2404184-A,TBA,"→ 写为 NULL（raw_text 保留原值 ""TBA""）"
2042,CN2404188-S,TBA,"→ 写为 NULL（raw_text 保留原值 ""TBA""）"
2045,CN2404191-A,TBA,"→ 写为 NULL（raw_text 保留原值 ""TBA""）"
2046,CN2404192-S1,TBA,"→ 写为 NULL（raw_text 保留原值 ""TBA""）"
2047,CN2404192-S2,TBA,"→ 写为 NULL（raw_text 保留原值 ""TBA""）"
2048,CN2404192-S3,TBA,"→ 写为 NULL（raw_text 保留原值 ""TBA""）"
2049,CN2404192-S4,TBA,"→ 写为 NULL（raw_text 保留原值 ""TBA""）"
2051,CN2404194-S,TBA,"→ 写为 NULL（raw_text 保留原值 ""TBA""）"
2052,CN2404195-S1,TBA,"→ 写为 NULL（raw_text 保留原值 ""TBA""）"
2053,CN2404195-S2,TBA,"→ 写为 NULL（raw_text 保留原值 ""TBA""）"
2054,CN2404196-A,TBA,"→ 写为 NULL（raw_text 保留原值 ""TBA""）"
2055,CN2404197-S,TBA,"→ 写为 NULL（raw_text 保留原值 ""TBA""）"
2056,CN2404198-S,TBA,"→ 写为 NULL（raw_text 保留原值 ""TBA""）"
2057,CN2404199-S,TBA,"→ 写为 NULL（raw_text 保留原值 ""TBA""）"
2058,CN2404200-A,TBA,"→ 写为 NULL（raw_text 保留原值 ""TBA""）"
2059,CN2404201-S,TBA,"→ 写为 NULL（raw_text 保留原值 ""TBA""）"
2061,CN2404203-A,TBA,"→ 写为 NULL（raw_text 保留原值 ""TBA""）"
2062,CN2404204-A,TBA,"→ 写为 NULL（raw_text 保留原值 ""TBA""）"
2063,CN2404205-A,TBA,"→ 写为 NULL（raw_text 保留原值 ""TBA""）"
2064,CN2404206-A,TBA,"→ 写为 NULL（raw_text 保留原值 ""TBA""）"
2066,CN2404208-A,TBA,"→ 写为 NULL（raw_text 保留原值 ""TBA""）"
2071,CN2404213-S,TBA,"→ 写为 NULL（raw_text 保留原值 ""TBA""）"
2072,CN2404214-S,TBA,"→ 写为 NULL（raw_text 保留原值 ""TBA""）"
2073,CN2404215-A,TBA,"→ 写为 NULL（raw_text 保留原值 ""TBA""）"
2074,CN2404216-A,TBA,"→ 写为 NULL（raw_text 保留原值 ""TBA""）"
2075,CN2404217-A,TBA,"→ 写为 NULL（raw_text 保留原值 ""TBA""）"
2076,CN2404218-A,TBA,"→ 写为 NULL（raw_text 保留原值 ""TBA""）"
2078,CN2404220-S,TBA,"→ 写为 NULL（raw_text 保留原值 ""TBA""）"
2079,CN2404221-S,TBA,"→ 写为 NULL（raw_text 保留原值 ""TBA""）"
2080,CN2404222-A,TBA,"→ 写为 NULL（raw_text 保留原值 ""TBA""）"
2081,CN2404223-A,TBA,"→ 写为 NULL（raw_text 保留原值 ""TBA""）"
2082,CN2404224-S,TBA,"→ 写为 NULL（raw_text 保留原值 ""TBA""）"
2083,CN2404225-S,TBA,"→ 写为 NULL（raw_text 保留原值 ""TBA""）"
2084,CN2404226-S,TBA,"→ 写为 NULL（raw_text 保留原值 ""TBA""）"
2085,CN2404227-A,TBA,"→ 写为 NULL（raw_text 保留原值 ""TBA""）"
2087,CN2404229-A,TBA,"→ 写为 NULL（raw_text 保留原值 ""TBA""）"
2090,CN2404232-A,TBA,"→ 写为 NULL（raw_text 保留原值 ""TBA""）"
2094,CN2404236-A,TBA,"→ 写为 NULL（raw_text 保留原值 ""TBA""）"
2095,CN2404237-A,TBA,"→ 写为 NULL（raw_text 保留原值 ""TBA""）"
2096,CN2404238-A,TBA,"→ 写为 NULL（raw_text 保留原值 ""TBA""）"
2097,CN2404239-S,TBA,"→ 写为 NULL（raw_text 保留原值 ""TBA""）"
2098,CN2404240-S,TBA,"→ 写为 NULL（raw_text 保留原值 ""TBA""）"
2099,CN2404241-S1,TBA,"→ 写为 NULL（raw_text 保留原值 ""TBA""）"
2100,CN2404241-S2,TBA,"→ 写为 NULL（raw_text 保留原值 ""TBA""）"
2101,CN2404241-S3,TBA,"→ 写为 NULL（raw_text 保留原值 ""TBA""）"
2102,CN2404242-S,TBA,"→ 写为 NULL（raw_text 保留原值 ""TBA""）"
2103,CN2404243-S1,TBA,"→ 写为 NULL（raw_text 保留原值 ""TBA""）"
2104,CN2404243-S2,TBA,"→ 写为 NULL（raw_text 保留原值 ""TBA""）"
2105,CN2404243-S3,TBA,"→ 写为 NULL（raw_text 保留原值 ""TBA""）"
2106,CN2404243-S4,TBA,"→ 写为 NULL（raw_text 保留原值 ""TBA""）"
2107,CN2404244-S,TBA,"→ 写为 NULL（raw_text 保留原值 ""TBA""）"
2108,CN2404244-S1,TBA,"→ 写为 NULL（raw_text 保留原值 ""TBA""）"
2109,CN2404245-S,TBA,"→ 写为 NULL（raw_text 保留原值 ""TBA""）"
2110,CN2404245-S1,TBA,"→ 写为 NULL（raw_text 保留原值 ""TBA""）"
2113,CN2404248-S,TBA,"→ 写为 NULL（raw_text 保留原值 ""TBA""）"
2114,CN2404249-A,TBA,"→ 写为 NULL（raw_text 保留原值 ""TBA""）"
2115,CN2404250-A,TBA,"→ 写为 NULL（raw_text 保留原值 ""TBA""）"
2117,CN2404252-S,TBA,"→ 写为 NULL（raw_text 保留原值 ""TBA""）"
2118,CN2404253-A,TBA,"→ 写为 NULL（raw_text 保留原值 ""TBA""）"
2119,CN2404254-A,TBA,"→ 写为 NULL（raw_text 保留原值 ""TBA""）"
2120,CN2404255-A,TBA,"→ 写为 NULL（raw_text 保留原值 ""TBA""）"
2121,CN2404256-A,TBA,"→ 写为 NULL（raw_text 保留原值 ""TBA""）"
2122,CN2404257-A,TBA,"→ 写为 NULL（raw_text 保留原值 ""TBA""）"
2126,CN2404260-S1,TBA,"→ 写为 NULL（raw_text 保留原值 ""TBA""）"
2127,CN2404260-S2,TBA,"→ 写为 NULL（raw_text 保留原值 ""TBA""）"
2128,CN2404260-S3,TBA,"→ 写为 NULL（raw_text 保留原值 ""TBA""）"
2132,CN2404264-A,TBA,"→ 写为 NULL（raw_text 保留原值 ""TBA""）"
2133,CN2404265-A,TBA,"→ 写为 NULL（raw_text 保留原值 ""TBA""）"
2134,CN2404266-A,TBA,"→ 写为 NULL（raw_text 保留原值 ""TBA""）"
2135,CN2404267-A,TBA,"→ 写为 NULL（raw_text 保留原值 ""TBA""）"
2136,CN2404268-A,TBA,"→ 写为 NULL（raw_text 保留原值 ""TBA""）"
2137,CN2404269-A,TBA,"→ 写为 NULL（raw_text 保留原值 ""TBA""）"
2138,CN2404270-A,TBA,"→ 写为 NULL（raw_text 保留原值 ""TBA""）"
2139,CN2404271-A,TBA,"→ 写为 NULL（raw_text 保留原值 ""TBA""）"
2140,CN2404272-S,TBA,"→ 写为 NULL（raw_text 保留原值 ""TBA""）"
2141,CN2404273-S,TBA,"→ 写为 NULL（raw_text 保留原值 ""TBA""）"
2142,CN2404274-A,TBA,"→ 写为 NULL（raw_text 保留原值 ""TBA""）"
2143,CN2404275-A,TBA,"→ 写为 NULL（raw_text 保留原值 ""TBA""）"
2146,CN2404278-A,TBA,"→ 写为 NULL（raw_text 保留原值 ""TBA""）"
2147,CN2404279-A,TBA,"→ 写为 NULL（raw_text 保留原值 ""TBA""）"
2148,CN2404280-A,TBA,"→ 写为 NULL（raw_text 保留原值 ""TBA""）"
2150,CN2404282-A,TBA,"→ 写为 NULL（raw_text 保留原值 ""TBA""）"
2151,CN2404283-A,TBA,"→ 写为 NULL（raw_text 保留原值 ""TBA""）"
2152,CN2404284-A,TBA,"→ 写为 NULL（raw_text 保留原值 ""TBA""）"
2153,CN2404285-A,TBA,"→ 写为 NULL（raw_text 保留原值 ""TBA""）"
2154,CN2404286-A,TBA,"→ 写为 NULL（raw_text 保留原值 ""TBA""）"
2155,CN2404287-A,TBA,"→ 写为 NULL（raw_text 保留原值 ""TBA""）"
2156,CN2404288-A,TBA,"→ 写为 NULL（raw_text 保留原值 ""TBA""）"
2157,CN2404289-S,TBA,"→ 写为 NULL（raw_text 保留原值 ""TBA""）"
2158,CN2404290-S,TBA,"→ 写为 NULL（raw_text 保留原值 ""TBA""）"
2159,CN2404291-S,TBA,"→ 写为 NULL（raw_text 保留原值 ""TBA""）"
2161,CN2404293-S,TBA,"→ 写为 NULL（raw_text 保留原值 ""TBA""）"
2163,CN2404295-A,TBA,"→ 写为 NULL（raw_text 保留原值 ""TBA""）"
2164,CN2404296-A,TBA,"→ 写为 NULL（raw_text 保留原值 ""TBA""）"
2165,CN2404297-A,TBA,"→ 写为 NULL（raw_text 保留原值 ""TBA""）"
2166,CN2404298-S,TBA,"→ 写为 NULL（raw_text 保留原值 ""TBA""）"
2167,CN2404299-S,TBA,"→ 写为 NULL（raw_text 保留原值 ""TBA""）"
2169,CN2404301-S,TBA,"→ 写为 NULL（raw_text 保留原值 ""TBA""）"
2170,CN2404302-A,TBA,"→ 写为 NULL（raw_text 保留原值 ""TBA""）"
2171,CN2404303-A,TBA,"→ 写为 NULL（raw_text 保留原值 ""TBA""）"
2172,CN2404304-S,TBA,"→ 写为 NULL（raw_text 保留原值 ""TBA""）"
2175,CN2404307-A,TBA,"→ 写为 NULL（raw_text 保留原值 ""TBA""）"
2176,CN2404308-A,TBA,"→ 写为 NULL（raw_text 保留原值 ""TBA""）"
2177,CN2404309-A,TBA,"→ 写为 NULL（raw_text 保留原值 ""TBA""）"
2179,CN2404311-AS,TBA,"→ 写为 NULL（raw_text 保留原值 ""TBA""）"
2180,CN2404311-AS1,TBA,"→ 写为 NULL（raw_text 保留原值 ""TBA""）"
2181,CN2404312-A,TBA,"→ 写为 NULL（raw_text 保留原值 ""TBA""）"
2183,CN2404314-S,TBA,"→ 写为 NULL（raw_text 保留原值 ""TBA""）"
2184,CN2404315-S,TBA,"→ 写为 NULL（raw_text 保留原值 ""TBA""）"
2187,CN2404318-S,TBA,"→ 写为 NULL（raw_text 保留原值 ""TBA""）"
2188,CN2404319-S,TBA,"→ 写为 NULL（raw_text 保留原值 ""TBA""）"
2193,CN2404321-S,TBA,"→ 写为 NULL（raw_text 保留原值 ""TBA""）"
2195,CN2404323-A,TBA,"→ 写为 NULL（raw_text 保留原值 ""TBA""）"
2197,CN2404325-S,TBA,"→ 写为 NULL（raw_text 保留原值 ""TBA""）"
2198,CN2404326-S,TBA,"→ 写为 NULL（raw_text 保留原值 ""TBA""）"
2199,CN2404327-S,TBA,"→ 写为 NULL（raw_text 保留原值 ""TBA""）"
2200,CN2404328-R,TBA,"→ 写为 NULL（raw_text 保留原值 ""TBA""）"
2201,CN2404329-A,TBA,"→ 写为 NULL（raw_text 保留原值 ""TBA""）"
2202,CN2404330-A,TBA,"→ 写为 NULL（raw_text 保留原值 ""TBA""）"
2203,CN2404331-A,TBA,"→ 写为 NULL（raw_text 保留原值 ""TBA""）"
2205,CN2404333-A,TBA,"→ 写为 NULL（raw_text 保留原值 ""TBA""）"
2206,CN2404334-A,TBA,"→ 写为 NULL（raw_text 保留原值 ""TBA""）"
2207,CN2404335-A,TBA,"→ 写为 NULL（raw_text 保留原值 ""TBA""）"
2208,CN2404336-A,TBA,"→ 写为 NULL（raw_text 保留原值 ""TBA""）"
2209,CN2404337-A,TBA,"→ 写为 NULL（raw_text 保留原值 ""TBA""）"
2210,CN2404338-A,TBA,"→ 写为 NULL（raw_text 保留原值 ""TBA""）"
2211,CN2404339-A,TBA,"→ 写为 NULL（raw_text 保留原值 ""TBA""）"
2212,CN2404340-A,TBA,"→ 写为 NULL（raw_text 保留原值 ""TBA""）"
2213,CN2404341-A,TBA,"→ 写为 NULL（raw_text 保留原值 ""TBA""）"
2214,CN2404342-S1,TBA,"→ 写为 NULL（raw_text 保留原值 ""TBA""）"
2215,CN2404342-S2,TBA,"→ 写为 NULL（raw_text 保留原值 ""TBA""）"
2218,CN2404345-S,TBA,"→ 写为 NULL（raw_text 保留原值 ""TBA""）"
2219,CN2404346-S,TBA,"→ 写为 NULL（raw_text 保留原值 ""TBA""）"
2220,CN2404347-S,TBA,"→ 写为 NULL（raw_text 保留原值 ""TBA""）"
2222,CN2404349-AS,TBA,"→ 写为 NULL（raw_text 保留原值 ""TBA""）"
2223,CN2404349-AS1,TBA,"→ 写为 NULL（raw_text 保留原值 ""TBA""）"
2225,CN2404351-S,TBA,"→ 写为 NULL（raw_text 保留原值 ""TBA""）"
2226,CN2404352-A,TBA,"→ 写为 NULL（raw_text 保留原值 ""TBA""）"
2227,CN2404353-A,TBA,"→ 写为 NULL（raw_text 保留原值 ""TBA""）"
2228,CN2404354-A,TBA,"→ 写为 NULL（raw_text 保留原值 ""TBA""）"
2232,CN2404358-A,TBA,"→ 写为 NULL（raw_text 保留原值 ""TBA""）"
2235,CN2404361-A,TBA,"→ 写为 NULL（raw_text 保留原值 ""TBA""）"
2236,CN2404362-A,TBA,"→ 写为 NULL（raw_text 保留原值 ""TBA""）"
2237,CN2404363-A,TBA,"→ 写为 NULL（raw_text 保留原值 ""TBA""）"
2238,CN2404364-A,TBA,"→ 写为 NULL（raw_text 保留原值 ""TBA""）"
2239,CN2404365-A,TBA,"→ 写为 NULL（raw_text 保留原值 ""TBA""）"
2240,CN2404366-A,TBA,"→ 写为 NULL（raw_text 保留原值 ""TBA""）"
2241,CN2404367-S,TBA,"→ 写为 NULL（raw_text 保留原值 ""TBA""）"
2242,CN2404368-S,TBA,"→ 写为 NULL（raw_text 保留原值 ""TBA""）"
2243,CN2404368-S1,TBA,"→ 写为 NULL（raw_text 保留原值 ""TBA""）"
2246,CN2404371-S,TBA,"→ 写为 NULL（raw_text 保留原值 ""TBA""）"
2247,CN2404372-S,TBA,"→ 写为 NULL（raw_text 保留原值 ""TBA""）"
2248,CN2404373-S,TBA,"→ 写为 NULL（raw_text 保留原值 ""TBA""）"
2249,CN2404374-S1,TBA,"→ 写为 NULL（raw_text 保留原值 ""TBA""）"
2250,CN2404374-S2,TBA,"→ 写为 NULL（raw_text 保留原值 ""TBA""）"
2251,CN2404374-S3,TBA,"→ 写为 NULL（raw_text 保留原值 ""TBA""）"
2252,CN2404374-S4,TBA,"→ 写为 NULL（raw_text 保留原值 ""TBA""）"
2253,CN2404375-S,TBA,"→ 写为 NULL（raw_text 保留原值 ""TBA""）"
2254,CN2404376-S,TBA,"→ 写为 NULL（raw_text 保留原值 ""TBA""）"
2255,CN2404377-S,TBA,"→ 写为 NULL（raw_text 保留原值 ""TBA""）"
2259,CN2404381-A,TBA,"→ 写为 NULL（raw_text 保留原值 ""TBA""）"
2261,CN2404383-A,TBA,"→ 写为 NULL（raw_text 保留原值 ""TBA""）"
2262,CN2404384-S,TBA,"→ 写为 NULL（raw_text 保留原值 ""TBA""）"
2263,CN2404384-S1,TBA,"→ 写为 NULL（raw_text 保留原值 ""TBA""）"
2267,CN2404388-S,TBA,"→ 写为 NULL（raw_text 保留原值 ""TBA""）"
2269,CN2404390-A,TBA,"→ 写为 NULL（raw_text 保留原值 ""TBA""）"
2271,CN2404392-A1,TBA,"→ 写为 NULL（raw_text 保留原值 ""TBA""）"
2272,CN2404392-A2,TBA,"→ 写为 NULL（raw_text 保留原值 ""TBA""）"
2273,CN2404393-A,TBA,"→ 写为 NULL（raw_text 保留原值 ""TBA""）"
2274,CN2404394-A,TBA,"→ 写为 NULL（raw_text 保留原值 ""TBA""）"
2275,CN2404395-A,TBA,"→ 写为 NULL（raw_text 保留原值 ""TBA""）"
2277,CN2404397-A,TBA,"→ 写为 NULL（raw_text 保留原值 ""TBA""）"
2278,CN2404398-A,TBA,"→ 写为 NULL（raw_text 保留原值 ""TBA""）"
2279,CN2404399-A,TBA,"→ 写为 NULL（raw_text 保留原值 ""TBA""）"
2280,CN2404400-A,TBA,"→ 写为 NULL（raw_text 保留原值 ""TBA""）"
2281,CN2404401-S,TBA,"→ 写为 NULL（raw_text 保留原值 ""TBA""）"
2282,CN2404402-S,TBA,"→ 写为 NULL（raw_text 保留原值 ""TBA""）"
2283,CN2404403-S,TBA,"→ 写为 NULL（raw_text 保留原值 ""TBA""）"
2284,CN2404404-S1,TBA,"→ 写为 NULL（raw_text 保留原值 ""TBA""）"
2285,CN2404404-S2,TBA,"→ 写为 NULL（raw_text 保留原值 ""TBA""）"
2286,CN2404405-S,TBA,"→ 写为 NULL（raw_text 保留原值 ""TBA""）"
2287,CN2404406-S,TBA,"→ 写为 NULL（raw_text 保留原值 ""TBA""）"
2288,CN2404407-S,TBA,"→ 写为 NULL（raw_text 保留原值 ""TBA""）"
2289,CN2404408-S,TBA,"→ 写为 NULL（raw_text 保留原值 ""TBA""）"
2290,CN2404409-A,TBA,"→ 写为 NULL（raw_text 保留原值 ""TBA""）"
2291,CN2404410-A,TBA,"→ 写为 NULL（raw_text 保留原值 ""TBA""）"
2292,CN2404411-A,TBA,"→ 写为 NULL（raw_text 保留原值 ""TBA""）"
2293,CN2404412-A,TBA,"→ 写为 NULL（raw_text 保留原值 ""TBA""）"
2294,CN2404413-A,TBA,"→ 写为 NULL（raw_text 保留原值 ""TBA""）"
2295,CN2404414-A,TBA,"→ 写为 NULL（raw_text 保留原值 ""TBA""）"
2296,CN2404415-A,TBA,"→ 写为 NULL（raw_text 保留原值 ""TBA""）"
2297,CN2404416-A,TBA,"→ 写为 NULL（raw_text 保留原值 ""TBA""）"
2298,CN2404417-A,TBA,"→ 写为 NULL（raw_text 保留原值 ""TBA""）"
2299,CN2404418-A,TBA,"→ 写为 NULL（raw_text 保留原值 ""TBA""）"
2300,CN2404419-A,TBA,"→ 写为 NULL（raw_text 保留原值 ""TBA""）"
2301,CN2404420-S,TBA,"→ 写为 NULL（raw_text 保留原值 ""TBA""）"
2302,CN2404421-A,TBA,"→ 写为 NULL（raw_text 保留原值 ""TBA""）"
2306,CN2404425-S,TBA,"→ 写为 NULL（raw_text 保留原值 ""TBA""）"
2308,CN2404427-S,TBA,"→ 写为 NULL（raw_text 保留原值 ""TBA""）"
2309,CN2404428-S,TBA,"→ 写为 NULL（raw_text 保留原值 ""TBA""）"
2311,CN2404430-A1,TBA,"→ 写为 NULL（raw_text 保留原值 ""TBA""）"
2312,CN2404430-A2,TBA,"→ 写为 NULL（raw_text 保留原值 ""TBA""）"
2313,CN2404430-A3,TBA,"→ 写为 NULL（raw_text 保留原值 ""TBA""）"
2314,CN2404431-A,TBA,"→ 写为 NULL（raw_text 保留原值 ""TBA""）"
2315,CN2404432-S,TBA,"→ 写为 NULL（raw_text 保留原值 ""TBA""）"
2316,CN2404433-A,TBA,"→ 写为 NULL（raw_text 保留原值 ""TBA""）"
2317,CN2404434-A,TBA,"→ 写为 NULL（raw_text 保留原值 ""TBA""）"
2318,CN2404435-A,TBA,"→ 写为 NULL（raw_text 保留原值 ""TBA""）"
2319,CN2404436-A,TBA,"→ 写为 NULL（raw_text 保留原值 ""TBA""）"
2320,CN2404437-A,TBA,"→ 写为 NULL（raw_text 保留原值 ""TBA""）"
2321,CN2404438-S,TBA,"→ 写为 NULL（raw_text 保留原值 ""TBA""）"
2323,CN2404440-S,TBA,"→ 写为 NULL（raw_text 保留原值 ""TBA""）"
2324,CN2404441-AS1,TBA,"→ 写为 NULL（raw_text 保留原值 ""TBA""）"
2325,CN2404441-AS2,TBA,"→ 写为 NULL（raw_text 保留原值 ""TBA""）"
2327,CN2404442-AS,TBA,"→ 写为 NULL（raw_text 保留原值 ""TBA""）"
2328,CN2404443-A,TBA,"→ 写为 NULL（raw_text 保留原值 ""TBA""）"
2329,CN2404444-S1,TBA,"→ 写为 NULL（raw_text 保留原值 ""TBA""）"
2330,CN2404444-S2,TBA,"→ 写为 NULL（raw_text 保留原值 ""TBA""）"
2331,CN2404445-A,TBA,"→ 写为 NULL（raw_text 保留原值 ""TBA""）"
2332,CN2404446-A,TBA,"→ 写为 NULL（raw_text 保留原值 ""TBA""）"
2335,CN2404449-A,TBA,"→ 写为 NULL（raw_text 保留原值 ""TBA""）"
2336,CN2404450-S,TBA,"→ 写为 NULL（raw_text 保留原值 ""TBA""）"
2337,CN2404451-A,TBA,"→ 写为 NULL（raw_text 保留原值 ""TBA""）"
2338,CN2404452-S,TBA,"→ 写为 NULL（raw_text 保留原值 ""TBA""）"
2339,CN2404453-S,TBA,"→ 写为 NULL（raw_text 保留原值 ""TBA""）"
2340,CN2404454-A,TBA,"→ 写为 NULL（raw_text 保留原值 ""TBA""）"
2341,CN2404455-A,TBA,"→ 写为 NULL（raw_text 保留原值 ""TBA""）"
2342,CN2404456-S,TBA,"→ 写为 NULL（raw_text 保留原值 ""TBA""）"
2343,CN2404457-S,TBA,"→ 写为 NULL（raw_text 保留原值 ""TBA""）"
2344,CN2404458-A,TBA,"→ 写为 NULL（raw_text 保留原值 ""TBA""）"
2345,CN2404459-A,TBA,"→ 写为 NULL（raw_text 保留原值 ""TBA""）"
2346,CN2404460-A,TBA,"→ 写为 NULL（raw_text 保留原值 ""TBA""）"
2348,CN2404462-A,TBA,"→ 写为 NULL（raw_text 保留原值 ""TBA""）"
2350,CN2404464-A,TBA,"→ 写为 NULL（raw_text 保留原值 ""TBA""）"
2351,CN2404465-A,TBA,"→ 写为 NULL（raw_text 保留原值 ""TBA""）"
2352,CN2404466-A,TBA,"→ 写为 NULL（raw_text 保留原值 ""TBA""）"
2353,CN2404467-A,TBA,"→ 写为 NULL（raw_text 保留原值 ""TBA""）"
2354,CN2404468-A,TBA,"→ 写为 NULL（raw_text 保留原值 ""TBA""）"
2355,CN2404469-S,TBA,"→ 写为 NULL（raw_text 保留原值 ""TBA""）"
2359,CN2404473-S,TBA,"→ 写为 NULL（raw_text 保留原值 ""TBA""）"
2361,CN2404475-S,TBA,"→ 写为 NULL（raw_text 保留原值 ""TBA""）"
2362,CN2404476-S,TBA,"→ 写为 NULL（raw_text 保留原值 ""TBA""）"
2364,CN2404478-S,TBA,"→ 写为 NULL（raw_text 保留原值 ""TBA""）"
2367,CN2404481-A,TBA,"→ 写为 NULL（raw_text 保留原值 ""TBA""）"
2371,CN2404485-A,TBA,"→ 写为 NULL（raw_text 保留原值 ""TBA""）"
2372,CN2404486-A,TBA,"→ 写为 NULL（raw_text 保留原值 ""TBA""）"
2374,CN2404488-A,TBA,"→ 写为 NULL（raw_text 保留原值 ""TBA""）"
2375,CN2404489-S,TBA,"→ 写为 NULL（raw_text 保留原值 ""TBA""）"
2376,CN2404490-A,TBA,"→ 写为 NULL（raw_text 保留原值 ""TBA""）"
2377,CN2404491-A,TBA,"→ 写为 NULL（raw_text 保留原值 ""TBA""）"
2378,CN2404492-A,TBA,"→ 写为 NULL（raw_text 保留原值 ""TBA""）"
2379,CN2404493-A,TBA,"→ 写为 NULL（raw_text 保留原值 ""TBA""）"
2380,CN2404494-A,TBA,"→ 写为 NULL（raw_text 保留原值 ""TBA""）"
2381,CN2404495-A,TBA,"→ 写为 NULL（raw_text 保留原值 ""TBA""）"
2382,CN2404496-A,TBA,"→ 写为 NULL（raw_text 保留原值 ""TBA""）"
2383,CN2404497-A,TBA,"→ 写为 NULL（raw_text 保留原值 ""TBA""）"
2384,CN2404498-A,TBA,"→ 写为 NULL（raw_text 保留原值 ""TBA""）"
2385,CN2404499-A,TBA,"→ 写为 NULL（raw_text 保留原值 ""TBA""）"
2386,CN2404500-A,TBA,"→ 写为 NULL（raw_text 保留原值 ""TBA""）"
2387,CN2404501-A,TBA,"→ 写为 NULL（raw_text 保留原值 ""TBA""）"
2388,CN2404502-A,TBA,"→ 写为 NULL（raw_text 保留原值 ""TBA""）"
2389,CN2404503-A,TBA,"→ 写为 NULL（raw_text 保留原值 ""TBA""）"
2390,CN2404504-A,TBA,"→ 写为 NULL（raw_text 保留原值 ""TBA""）"
2391,CN2404505-A,TBA,"→ 写为 NULL（raw_text 保留原值 ""TBA""）"
2392,CN2404506-A,TBA,"→ 写为 NULL（raw_text 保留原值 ""TBA""）"
2393,CN2404507-A,TBA,"→ 写为 NULL（raw_text 保留原值 ""TBA""）"
2394,CN2404508-A,TBA,"→ 写为 NULL（raw_text 保留原值 ""TBA""）"
2395,CN2404509-A,TBA,"→ 写为 NULL（raw_text 保留原值 ""TBA""）"
2396,CN2404510-A,TBA,"→ 写为 NULL（raw_text 保留原值 ""TBA""）"
2397,CN2404511-A,TBA,"→ 写为 NULL（raw_text 保留原值 ""TBA""）"
2398,CN2404512-A,TBA,"→ 写为 NULL（raw_text 保留原值 ""TBA""）"
2399,CN2404513-A,TBA,"→ 写为 NULL（raw_text 保留原值 ""TBA""）"
2400,CN2404514-A,TBA,"→ 写为 NULL（raw_text 保留原值 ""TBA""）"
2401,CN2404515-A,TBA,"→ 写为 NULL（raw_text 保留原值 ""TBA""）"
2402,CN2404516-A,TBA,"→ 写为 NULL（raw_text 保留原值 ""TBA""）"
2403,CN2404517-A,TBA,"→ 写为 NULL（raw_text 保留原值 ""TBA""）"
2404,CN2404518-A,TBA,"→ 写为 NULL（raw_text 保留原值 ""TBA""）"
2405,CN2404519-A,TBA,"→ 写为 NULL（raw_text 保留原值 ""TBA""）"
2406,CN2404520-A,TBA,"→ 写为 NULL（raw_text 保留原值 ""TBA""）"
2407,CN2404521-A,TBA,"→ 写为 NULL（raw_text 保留原值 ""TBA""）"
2408,CN2404522-A,TBA,"→ 写为 NULL（raw_text 保留原值 ""TBA""）"
2409,CN2404523-A,TBA,"→ 写为 NULL（raw_text 保留原值 ""TBA""）"
2412,CN2404525-S,TBA,"→ 写为 NULL（raw_text 保留原值 ""TBA""）"
2413,CN2404526-A,TBA,"→ 写为 NULL（raw_text 保留原值 ""TBA""）"
2414,CN2404527-A,TBA,"→ 写为 NULL（raw_text 保留原值 ""TBA""）"
2415,CN2404528-S,TBA,"→ 写为 NULL（raw_text 保留原值 ""TBA""）"
2417,CN2404530-S,TBA,"→ 写为 NULL（raw_text 保留原值 ""TBA""）"
2420,CN2404533-A,TBA,"→ 写为 NULL（raw_text 保留原值 ""TBA""）"
2421,CN2404534-S,TBA,"→ 写为 NULL（raw_text 保留原值 ""TBA""）"
2422,CN2404535-A,TBA,"→ 写为 NULL（raw_text 保留原值 ""TBA""）"
2423,CN2404536-S,TBA,"→ 写为 NULL（raw_text 保留原值 ""TBA""）"
2424,CN2404537-S,TBA,"→ 写为 NULL（raw_text 保留原值 ""TBA""）"
2425,CN2404538-S,TBA,"→ 写为 NULL（raw_text 保留原值 ""TBA""）"
2426,CN2404539-S,TBA,"→ 写为 NULL（raw_text 保留原值 ""TBA""）"
2427,CN2404540-S,TBA,"→ 写为 NULL（raw_text 保留原值 ""TBA""）"
2429,CN2404542-R,TBA,"→ 写为 NULL（raw_text 保留原值 ""TBA""）"
2430,CN2404543-A,TBA,"→ 写为 NULL（raw_text 保留原值 ""TBA""）"
2431,CN2404544-AS,TBA,"→ 写为 NULL（raw_text 保留原值 ""TBA""）"
2432,CN2404544-AS1,TBA,"→ 写为 NULL（raw_text 保留原值 ""TBA""）"
2433,CN2404545-A,TBA,"→ 写为 NULL（raw_text 保留原值 ""TBA""）"
2435,CN2404547-A,TBA,"→ 写为 NULL（raw_text 保留原值 ""TBA""）"
2436,CN2404548-A,TBA,"→ 写为 NULL（raw_text 保留原值 ""TBA""）"
2437,CN2404549-A,TBA,"→ 写为 NULL（raw_text 保留原值 ""TBA""）"
2438,CN2404550-R,TBA,"→ 写为 NULL（raw_text 保留原值 ""TBA""）"
2439,CN2404551-S,TBA,"→ 写为 NULL（raw_text 保留原值 ""TBA""）"
2440,CN2404552-A,TBA,"→ 写为 NULL（raw_text 保留原值 ""TBA""）"
2441,CN2404553-A,TBA,"→ 写为 NULL（raw_text 保留原值 ""TBA""）"
2444,CN2404556-S,TBA,"→ 写为 NULL（raw_text 保留原值 ""TBA""）"
2445,CN2404557-S,TBA,"→ 写为 NULL（raw_text 保留原值 ""TBA""）"
2446,CN2404558-A,TBA,"→ 写为 NULL（raw_text 保留原值 ""TBA""）"
2447,CN2404559-S,TBA,"→ 写为 NULL（raw_text 保留原值 ""TBA""）"
2448,CN2404560-A,TBA,"→ 写为 NULL（raw_text 保留原值 ""TBA""）"
2449,CN2404561-A,TBA,"→ 写为 NULL（raw_text 保留原值 ""TBA""）"
2450,CN2404562-A,TBA,"→ 写为 NULL（raw_text 保留原值 ""TBA""）"
2451,CN2404563-A,TBA,"→ 写为 NULL（raw_text 保留原值 ""TBA""）"
2453,CN2404565-A,TBA,"→ 写为 NULL（raw_text 保留原值 ""TBA""）"
2454,CN2404566-A,TBA,"→ 写为 NULL（raw_text 保留原值 ""TBA""）"
2455,CN2404567-A,TBA,"→ 写为 NULL（raw_text 保留原值 ""TBA""）"
2456,CN2404568-S,TBA,"→ 写为 NULL（raw_text 保留原值 ""TBA""）"
2457,CN2404569-S,TBA,"→ 写为 NULL（raw_text 保留原值 ""TBA""）"
2458,CN2404570-S,TBA,"→ 写为 NULL（raw_text 保留原值 ""TBA""）"
2460,CN2404572-S,TBA,"→ 写为 NULL（raw_text 保留原值 ""TBA""）"
2461,CN2404573-S1,TBA,"→ 写为 NULL（raw_text 保留原值 ""TBA""）"
2462,CN2404573-S2,TBA,"→ 写为 NULL（raw_text 保留原值 ""TBA""）"
2463,CN2404573-S3,TBA,"→ 写为 NULL（raw_text 保留原值 ""TBA""）"
2464,CN2404574-RS,TBA,"→ 写为 NULL（raw_text 保留原值 ""TBA""）"
2465,CN2404574-RS1,TBA,"→ 写为 NULL（raw_text 保留原值 ""TBA""）"
2466,CN2404575-S,TBA,"→ 写为 NULL（raw_text 保留原值 ""TBA""）"
2467,CN2404576-S,TBA,"→ 写为 NULL（raw_text 保留原值 ""TBA""）"
2468,CN2404577-S,TBA,"→ 写为 NULL（raw_text 保留原值 ""TBA""）"
2474,CN2404583-A,TBA,"→ 写为 NULL（raw_text 保留原值 ""TBA""）"
2475,CN2404584-S,TBa,"→ 写为 NULL（raw_text 保留原值 ""TBa""）"
2477,CN2404586-A,TBA,"→ 写为 NULL（raw_text 保留原值 ""TBA""）"
2478,CN2404587-S1,TBA,"→ 写为 NULL（raw_text 保留原值 ""TBA""）"
2479,CN2404587-S2,TBA,"→ 写为 NULL（raw_text 保留原值 ""TBA""）"
2481,CN2404589-A,TBA,"→ 写为 NULL（raw_text 保留原值 ""TBA""）"
2482,CN2404590-A,TBA,"→ 写为 NULL（raw_text 保留原值 ""TBA""）"
2483,CN2404591-A,TBA,"→ 写为 NULL（raw_text 保留原值 ""TBA""）"
2485,CN2404593-A,TBA,"→ 写为 NULL（raw_text 保留原值 ""TBA""）"
2486,CN2404594-A,TBA,"→ 写为 NULL（raw_text 保留原值 ""TBA""）"
2487,CN2404595-A,TBA,"→ 写为 NULL（raw_text 保留原值 ""TBA""）"
2488,CN2404596-A,TBA,"→ 写为 NULL（raw_text 保留原值 ""TBA""）"
2489,CN2404597-A,TBA,"→ 写为 NULL（raw_text 保留原值 ""TBA""）"
2494,CN2404600-S,TBA,"→ 写为 NULL（raw_text 保留原值 ""TBA""）"
2495,CN2404601-S,TBA,"→ 写为 NULL（raw_text 保留原值 ""TBA""）"
2497,CN2404603-S,TBA,"→ 写为 NULL（raw_text 保留原值 ""TBA""）"
2498,CN2404604-S,TBA,"→ 写为 NULL（raw_text 保留原值 ""TBA""）"
2500,CN2404606-S,TBA,"→ 写为 NULL（raw_text 保留原值 ""TBA""）"
2502,CN2404608-S,TBA,"→ 写为 NULL（raw_text 保留原值 ""TBA""）"
2503,CN2404609-A,TBA,"→ 写为 NULL（raw_text 保留原值 ""TBA""）"
2504,CN2404610-A,TBA,"→ 写为 NULL（raw_text 保留原值 ""TBA""）"
2505,CN2404611-A,TBA,"→ 写为 NULL（raw_text 保留原值 ""TBA""）"
2506,CN2404612-A,TBA,"→ 写为 NULL（raw_text 保留原值 ""TBA""）"
2507,CN2404613-A,TBA,"→ 写为 NULL（raw_text 保留原值 ""TBA""）"
2508,CN2404614-A,TBA,"→ 写为 NULL（raw_text 保留原值 ""TBA""）"
2509,CN2404615-A,TBA,"→ 写为 NULL（raw_text 保留原值 ""TBA""）"
2510,CN2404616-A,TBA,"→ 写为 NULL（raw_text 保留原值 ""TBA""）"
2511,CN2404617-A,TBA,"→ 写为 NULL（raw_text 保留原值 ""TBA""）"
2512,CN2404618-A,TBA,"→ 写为 NULL（raw_text 保留原值 ""TBA""）"
2513,CN2404619-A,TBA,"→ 写为 NULL（raw_text 保留原值 ""TBA""）"
2514,CN2404620-A,TBA,"→ 写为 NULL（raw_text 保留原值 ""TBA""）"
2515,CN2404621-A,TBA,"→ 写为 NULL（raw_text 保留原值 ""TBA""）"
2516,CN2404622-A,TBA,"→ 写为 NULL（raw_text 保留原值 ""TBA""）"
2518,CN2404624-A,TBA,"→ 写为 NULL（raw_text 保留原值 ""TBA""）"
2519,CN2404625-A,TBA,"→ 写为 NULL（raw_text 保留原值 ""TBA""）"
2520,CN2404626-A,TBA,"→ 写为 NULL（raw_text 保留原值 ""TBA""）"
2521,CN2404627-A,TBA,"→ 写为 NULL（raw_text 保留原值 ""TBA""）"
2523,CN2404629-S,TBA,"→ 写为 NULL（raw_text 保留原值 ""TBA""）"
2525,CN2404631-A,TBA,"→ 写为 NULL（raw_text 保留原值 ""TBA""）"
2526,CN2404632-S,TBA,"→ 写为 NULL（raw_text 保留原值 ""TBA""）"
2528,CN2404634-S,TBA,"→ 写为 NULL（raw_text 保留原值 ""TBA""）"
2530,CN2404637-S,TBA,"→ 写为 NULL（raw_text 保留原值 ""TBA""）"
2532,CN2404639-S,TBA,"→ 写为 NULL（raw_text 保留原值 ""TBA""）"
2533,CN2404640-S,TBA,"→ 写为 NULL（raw_text 保留原值 ""TBA""）"
2537,CN2404644-A,TBA,"→ 写为 NULL（raw_text 保留原值 ""TBA""）"
2540,CN2404647-A1,TBA,"→ 写为 NULL（raw_text 保留原值 ""TBA""）"
2541,CN2404647-A2,TBA,"→ 写为 NULL（raw_text 保留原值 ""TBA""）"
2542,CN2404648-A,TBA,"→ 写为 NULL（raw_text 保留原值 ""TBA""）"
2543,CN2404649-A,TBA,"→ 写为 NULL（raw_text 保留原值 ""TBA""）"
2544,CN2404650-A,TBA,"→ 写为 NULL（raw_text 保留原值 ""TBA""）"
2545,CN2404651-A,TBA,"→ 写为 NULL（raw_text 保留原值 ""TBA""）"
2546,CN2404652-S,TBA,"→ 写为 NULL（raw_text 保留原值 ""TBA""）"
2547,CN2404653-S,TBA,"→ 写为 NULL（raw_text 保留原值 ""TBA""）"
2548,CN2404654-S,TBA,"→ 写为 NULL（raw_text 保留原值 ""TBA""）"
2552,CN2404657-S,TBA,"→ 写为 NULL（raw_text 保留原值 ""TBA""）"
2554,CN2404659-S,TBA,"→ 写为 NULL（raw_text 保留原值 ""TBA""）"
2555,CN2404660-S,TBA,"→ 写为 NULL（raw_text 保留原值 ""TBA""）"
2556,CN2404661-S1,TBA,"→ 写为 NULL（raw_text 保留原值 ""TBA""）"
2557,CN2404661-S2,TBA,"→ 写为 NULL（raw_text 保留原值 ""TBA""）"
2558,CN2404661-S3,TBA,"→ 写为 NULL（raw_text 保留原值 ""TBA""）"
2559,CN2404661-S4,TBA,"→ 写为 NULL（raw_text 保留原值 ""TBA""）"
2560,CN2404661-S5,TBA,"→ 写为 NULL（raw_text 保留原值 ""TBA""）"
2563,CN2404664-A,TBA,"→ 写为 NULL（raw_text 保留原值 ""TBA""）"
2565,CN2404666-S,TBA,"→ 写为 NULL（raw_text 保留原值 ""TBA""）"
2573,CN2405005-R,TBA,"→ 写为 NULL（raw_text 保留原值 ""TBA""）"
2574,CN2405006-S,TBA,"→ 写为 NULL（raw_text 保留原值 ""TBA""）"
2575,CN2405007-S,TBA,"→ 写为 NULL（raw_text 保留原值 ""TBA""）"
2576,CN2405008-S,TBA,"→ 写为 NULL（raw_text 保留原值 ""TBA""）"
2577,CN2405009-S,TBA,"→ 写为 NULL（raw_text 保留原值 ""TBA""）"
2578,CN2405010-S,TBA,"→ 写为 NULL（raw_text 保留原值 ""TBA""）"
2579,CN2405011-S1,TBA,"→ 写为 NULL（raw_text 保留原值 ""TBA""）"
2580,CN2405011-S2,TBA,"→ 写为 NULL（raw_text 保留原值 ""TBA""）"
2583,CN2405013-S,TBA,"→ 写为 NULL（raw_text 保留原值 ""TBA""）"
2584,CN2405014-S1,TBA,"→ 写为 NULL（raw_text 保留原值 ""TBA""）"
2585,CN2405014-S2,TBA,"→ 写为 NULL（raw_text 保留原值 ""TBA""）"
2586,CN2405014-S3,TBA,"→ 写为 NULL（raw_text 保留原值 ""TBA""）"
2587,CN2405014-S4,TBA,"→ 写为 NULL（raw_text 保留原值 ""TBA""）"
2588,CN2405014-S5,TBA,"→ 写为 NULL（raw_text 保留原值 ""TBA""）"
2589,CN2405014-S6,TBA,"→ 写为 NULL（raw_text 保留原值 ""TBA""）"
2590,CN2405015-S,TBA,"→ 写为 NULL（raw_text 保留原值 ""TBA""）"
2592,CN2405017-S,TBA,"→ 写为 NULL（raw_text 保留原值 ""TBA""）"
2593,CN2405018-A,TBA,"→ 写为 NULL（raw_text 保留原值 ""TBA""）"
2594,CN2405019-A,TBA,"→ 写为 NULL（raw_text 保留原值 ""TBA""）"
2595,CN2405020-A,TBA,"→ 写为 NULL（raw_text 保留原值 ""TBA""）"
2596,CN2405021-A,TBA,"→ 写为 NULL（raw_text 保留原值 ""TBA""）"
2597,CN2405022-S1,TBA,"→ 写为 NULL（raw_text 保留原值 ""TBA""）"
2598,CN2405022-S2,TBA,"→ 写为 NULL（raw_text 保留原值 ""TBA""）"
2599,CN2405023-A,TBA,"→ 写为 NULL（raw_text 保留原值 ""TBA""）"
2600,CN2405024-A,TBA,"→ 写为 NULL（raw_text 保留原值 ""TBA""）"
2601,CN2405025-A,TBA,"→ 写为 NULL（raw_text 保留原值 ""TBA""）"
2603,CN2405027-A,TBA,"→ 写为 NULL（raw_text 保留原值 ""TBA""）"
2604,CN2405028-A,TBA,"→ 写为 NULL（raw_text 保留原值 ""TBA""）"
2605,CN2405029-AS,TBA,"→ 写为 NULL（raw_text 保留原值 ""TBA""）"
2606,CN2405029-AS1,TBA,"→ 写为 NULL（raw_text 保留原值 ""TBA""）"
2607,CN2405029-S,TBA,"→ 写为 NULL（raw_text 保留原值 ""TBA""）"
2608,CN2405030-S,TBA,"→ 写为 NULL（raw_text 保留原值 ""TBA""）"
2609,CN2405031-S,TBA,"→ 写为 NULL（raw_text 保留原值 ""TBA""）"
2610,CN2405032-S,TBA,"→ 写为 NULL（raw_text 保留原值 ""TBA""）"
2611,CN2405033-S,TBA,"→ 写为 NULL（raw_text 保留原值 ""TBA""）"
2612,CN2405034-S,TBA,"→ 写为 NULL（raw_text 保留原值 ""TBA""）"
2614,CN2405036-S,TBA,"→ 写为 NULL（raw_text 保留原值 ""TBA""）"
2617,CN2405039-A,TBA,"→ 写为 NULL（raw_text 保留原值 ""TBA""）"
2619,CN2405041-S,TBA,"→ 写为 NULL（raw_text 保留原值 ""TBA""）"
2620,CN2405042-S,TBA,"→ 写为 NULL（raw_text 保留原值 ""TBA""）"
2621,CN2405043-S1,TBA,"→ 写为 NULL（raw_text 保留原值 ""TBA""）"
2622,CN2405043-S2,TBA,"→ 写为 NULL（raw_text 保留原值 ""TBA""）"
2623,CN2405043-S3,TBA,"→ 写为 NULL（raw_text 保留原值 ""TBA""）"
2624,CN2405043-S4,TBA,"→ 写为 NULL（raw_text 保留原值 ""TBA""）"
2625,CN2405044-A,TBA,"→ 写为 NULL（raw_text 保留原值 ""TBA""）"
2626,CN2405045-A,TBA,"→ 写为 NULL（raw_text 保留原值 ""TBA""）"
2627,CN2405046-S,TBA,"→ 写为 NULL（raw_text 保留原值 ""TBA""）"
2628,CN2405047-S,TBA,"→ 写为 NULL（raw_text 保留原值 ""TBA""）"
2629,CN2405048-A,TBA,"→ 写为 NULL（raw_text 保留原值 ""TBA""）"
2630,CN2405049-A,TBA,"→ 写为 NULL（raw_text 保留原值 ""TBA""）"
2633,CN2405052-S,TBA,"→ 写为 NULL（raw_text 保留原值 ""TBA""）"
2634,CN2405053-S1,TBA,"→ 写为 NULL（raw_text 保留原值 ""TBA""）"
2635,CN2405053-S2,TBA,"→ 写为 NULL（raw_text 保留原值 ""TBA""）"
2637,CN2405055-S1,TBA,"→ 写为 NULL（raw_text 保留原值 ""TBA""）"
2638,CN2405055-S2,TBA,"→ 写为 NULL（raw_text 保留原值 ""TBA""）"
2639,CN2405055-S3,TBA,"→ 写为 NULL（raw_text 保留原值 ""TBA""）"
2640,CN2405055-S4,TBA,"→ 写为 NULL（raw_text 保留原值 ""TBA""）"
2641,CN2405055-S5,TBA,"→ 写为 NULL（raw_text 保留原值 ""TBA""）"
2642,CN2405055-S6,TBA,"→ 写为 NULL（raw_text 保留原值 ""TBA""）"
2645,CN2405058-R,TBA,"→ 写为 NULL（raw_text 保留原值 ""TBA""）"
2646,CN2405059-S,TBA,"→ 写为 NULL（raw_text 保留原值 ""TBA""）"
2648,CN2405061-A,TBA,"→ 写为 NULL（raw_text 保留原值 ""TBA""）"
2650,CN2405063-S,TBA,"→ 写为 NULL（raw_text 保留原值 ""TBA""）"
2651,CN2405064-A,TBA,"→ 写为 NULL（raw_text 保留原值 ""TBA""）"
2652,CN2405065-A,TBA,"→ 写为 NULL（raw_text 保留原值 ""TBA""）"
2653,CN2405066-A,TBA,"→ 写为 NULL（raw_text 保留原值 ""TBA""）"
2654,CN2405067-A,TBA,"→ 写为 NULL（raw_text 保留原值 ""TBA""）"
2655,CN2405068-A,TBA,"→ 写为 NULL（raw_text 保留原值 ""TBA""）"
2656,CN2405069-A,TBA,"→ 写为 NULL（raw_text 保留原值 ""TBA""）"
2657,CN2405070-A,TBA,"→ 写为 NULL（raw_text 保留原值 ""TBA""）"
2658,CN2405071-S,TBA,"→ 写为 NULL（raw_text 保留原值 ""TBA""）"
2662,CN2405075-S,TBA,"→ 写为 NULL（raw_text 保留原值 ""TBA""）"
2663,CN2405076-A,TBA,"→ 写为 NULL（raw_text 保留原值 ""TBA""）"
2664,CN2405077-A,TBA,"→ 写为 NULL（raw_text 保留原值 ""TBA""）"
2665,CN2405078-A,TBA,"→ 写为 NULL（raw_text 保留原值 ""TBA""）"
2666,CN2405079-A,TBA,"→ 写为 NULL（raw_text 保留原值 ""TBA""）"
2667,CN2405080-A,TBA,"→ 写为 NULL（raw_text 保留原值 ""TBA""）"
2668,CN2405081-A,TBA,"→ 写为 NULL（raw_text 保留原值 ""TBA""）"
2669,CN2405082-A,TBA,"→ 写为 NULL（raw_text 保留原值 ""TBA""）"
2670,CN2405083-A,TBA,"→ 写为 NULL（raw_text 保留原值 ""TBA""）"
2671,CN2405084-A,TBA,"→ 写为 NULL（raw_text 保留原值 ""TBA""）"
2672,CN2405085-A,TBA,"→ 写为 NULL（raw_text 保留原值 ""TBA""）"
2673,CN2405086-A,TBA,"→ 写为 NULL（raw_text 保留原值 ""TBA""）"
2674,CN2405087-A,TBA,"→ 写为 NULL（raw_text 保留原值 ""TBA""）"
2675,CN2405088-A,TBA,"→ 写为 NULL（raw_text 保留原值 ""TBA""）"
2676,CN2405089-A,TBA,"→ 写为 NULL（raw_text 保留原值 ""TBA""）"
2677,CN2405090-A,TBA,"→ 写为 NULL（raw_text 保留原值 ""TBA""）"
2678,CN2405091-A,TBA,"→ 写为 NULL（raw_text 保留原值 ""TBA""）"
2679,CN2405092-A,TBA,"→ 写为 NULL（raw_text 保留原值 ""TBA""）"
2680,CN2405093-A,TBA,"→ 写为 NULL（raw_text 保留原值 ""TBA""）"
2681,CN2405094-A,TBA,"→ 写为 NULL（raw_text 保留原值 ""TBA""）"
2682,CN2405095-A,TBA,"→ 写为 NULL（raw_text 保留原值 ""TBA""）"
2683,CN2405096-A,TBA,"→ 写为 NULL（raw_text 保留原值 ""TBA""）"
2684,CN2405097-A,TBA,"→ 写为 NULL（raw_text 保留原值 ""TBA""）"
2685,CN2405098-A,TBA,"→ 写为 NULL（raw_text 保留原值 ""TBA""）"
2686,CN2405099-A,TBA,"→ 写为 NULL（raw_text 保留原值 ""TBA""）"
2687,CN2405100-A,TBA,"→ 写为 NULL（raw_text 保留原值 ""TBA""）"
2688,CN2405101-A,TBA,"→ 写为 NULL（raw_text 保留原值 ""TBA""）"
2689,CN2405102-A,TBA,"→ 写为 NULL（raw_text 保留原值 ""TBA""）"
2690,CN2405103-A,TBA,"→ 写为 NULL（raw_text 保留原值 ""TBA""）"
2691,CN2405104-A,TBA,"→ 写为 NULL（raw_text 保留原值 ""TBA""）"
2692,CN2405105-S,TBA,"→ 写为 NULL（raw_text 保留原值 ""TBA""）"
2693,CN2405106-A,TBA,"→ 写为 NULL（raw_text 保留原值 ""TBA""）"
2694,CN2405107-S,TBA,"→ 写为 NULL（raw_text 保留原值 ""TBA""）"
2695,CN2405108-A,TBA,"→ 写为 NULL（raw_text 保留原值 ""TBA""）"
2698,CN2405111-S,TBA,"→ 写为 NULL（raw_text 保留原值 ""TBA""）"
2700,CN2405113-S,TBA,"→ 写为 NULL（raw_text 保留原值 ""TBA""）"
2701,CN2405114-S,TBA,"→ 写为 NULL（raw_text 保留原值 ""TBA""）"
2703,CN2405116-S,TBA,"→ 写为 NULL（raw_text 保留原值 ""TBA""）"
2704,CN2405117-S,TBA,"→ 写为 NULL（raw_text 保留原值 ""TBA""）"
2705,CN2405118-S,TBA,"→ 写为 NULL（raw_text 保留原值 ""TBA""）"
2707,CN2405120-S,TBA,"→ 写为 NULL（raw_text 保留原值 ""TBA""）"
2708,CN2405121-S,TBA,"→ 写为 NULL（raw_text 保留原值 ""TBA""）"
2709,CN2405122-S1,TBA,"→ 写为 NULL（raw_text 保留原值 ""TBA""）"
2710,CN2405122-S2,TBA,"→ 写为 NULL（raw_text 保留原值 ""TBA""）"
2711,CN2405122-S3,TBA,"→ 写为 NULL（raw_text 保留原值 ""TBA""）"
2713,CN2405124-S,TBA,"→ 写为 NULL（raw_text 保留原值 ""TBA""）"
2714,CN2405125-S,TBA,"→ 写为 NULL（raw_text 保留原值 ""TBA""）"
2715,CN2405126-S,TBA,"→ 写为 NULL（raw_text 保留原值 ""TBA""）"
2716,CN2405127-S,TBA,"→ 写为 NULL（raw_text 保留原值 ""TBA""）"
2717,CN2405128-A,TBA,"→ 写为 NULL（raw_text 保留原值 ""TBA""）"
2718,CN2405129-A,TBA,"→ 写为 NULL（raw_text 保留原值 ""TBA""）"
2720,CN2405131-S,TBA,"→ 写为 NULL（raw_text 保留原值 ""TBA""）"
2722,CN2405133-S,TBA,"→ 写为 NULL（raw_text 保留原值 ""TBA""）"
2738,CN2405149-A,TBA,"→ 写为 NULL（raw_text 保留原值 ""TBA""）"
2739,CN2405150-A,TBA,"→ 写为 NULL（raw_text 保留原值 ""TBA""）"
2740,CN2405151-A,TBA,"→ 写为 NULL（raw_text 保留原值 ""TBA""）"
2741,CN2405152-A,TBA,"→ 写为 NULL（raw_text 保留原值 ""TBA""）"
2742,CN2405153-A,TBA,"→ 写为 NULL（raw_text 保留原值 ""TBA""）"
2743,CN2405154-A,TBA,"→ 写为 NULL（raw_text 保留原值 ""TBA""）"
2744,CN2405155-A,TBA,"→ 写为 NULL（raw_text 保留原值 ""TBA""）"
2745,CN2405156-A,TBA,"→ 写为 NULL（raw_text 保留原值 ""TBA""）"
2746,CN2405157-A,TBA,"→ 写为 NULL（raw_text 保留原值 ""TBA""）"
2747,CN2405158-A,TBA,"→ 写为 NULL（raw_text 保留原值 ""TBA""）"
2748,CN2405159-A,TBA,"→ 写为 NULL（raw_text 保留原值 ""TBA""）"
2749,CN2405160-A,TBA,"→ 写为 NULL（raw_text 保留原值 ""TBA""）"
2750,CN2405161-A,TBA,"→ 写为 NULL（raw_text 保留原值 ""TBA""）"
2754,CN2405164-A,TBA,"→ 写为 NULL（raw_text 保留原值 ""TBA""）"
2755,CN2405165-A,TBA,"→ 写为 NULL（raw_text 保留原值 ""TBA""）"
2756,CN2405166-A,TBA,"→ 写为 NULL（raw_text 保留原值 ""TBA""）"
2757,CN2405167-A,TBA,"→ 写为 NULL（raw_text 保留原值 ""TBA""）"
2758,CN2405168-A,TBA,"→ 写为 NULL（raw_text 保留原值 ""TBA""）"
2759,CN2405169-A,TBA,"→ 写为 NULL（raw_text 保留原值 ""TBA""）"
2760,CN2405170-A,TBA,"→ 写为 NULL（raw_text 保留原值 ""TBA""）"
2761,CN2405171-A,TBA,"→ 写为 NULL（raw_text 保留原值 ""TBA""）"
2762,CN2405172-A,TBA,"→ 写为 NULL（raw_text 保留原值 ""TBA""）"
2763,CN2405173-A,TBA,"→ 写为 NULL（raw_text 保留原值 ""TBA""）"
2765,CN2405175-S,TBA,"→ 写为 NULL（raw_text 保留原值 ""TBA""）"
2766,CN2405176-A,TBA,"→ 写为 NULL（raw_text 保留原值 ""TBA""）"
2767,CN2405177-A,TBA,"→ 写为 NULL（raw_text 保留原值 ""TBA""）"
2768,CN2405178-A,TBA,"→ 写为 NULL（raw_text 保留原值 ""TBA""）"
2773,CN2405182-S,TBA,"→ 写为 NULL（raw_text 保留原值 ""TBA""）"
2774,CN2405183-S,TBA,"→ 写为 NULL（raw_text 保留原值 ""TBA""）"
2776,CN2405185-S,TBA,"→ 写为 NULL（raw_text 保留原值 ""TBA""）"
2778,CN2405187-A,TBA,"→ 写为 NULL（raw_text 保留原值 ""TBA""）"
2779,CN2405188-A,TBA,"→ 写为 NULL（raw_text 保留原值 ""TBA""）"
2780,CN2405189-A,TBA,"→ 写为 NULL（raw_text 保留原值 ""TBA""）"
2781,CN2405190-A,TBA,"→ 写为 NULL（raw_text 保留原值 ""TBA""）"
2782,CN2405191-A,TBA,"→ 写为 NULL（raw_text 保留原值 ""TBA""）"
2783,CN2405192-S,TBA,"→ 写为 NULL（raw_text 保留原值 ""TBA""）"
2784,CN2405193-S1,TBA,"→ 写为 NULL（raw_text 保留原值 ""TBA""）"
2788,CN2405196-A,TBA,"→ 写为 NULL（raw_text 保留原值 ""TBA""）"
2789,CN2405197-A,TBA,"→ 写为 NULL（raw_text 保留原值 ""TBA""）"
2790,CN2405198-A,TBA,"→ 写为 NULL（raw_text 保留原值 ""TBA""）"
2791,CN2405199-A,TBA,"→ 写为 NULL（raw_text 保留原值 ""TBA""）"
2792,CN2405200-A,TBA,"→ 写为 NULL（raw_text 保留原值 ""TBA""）"
2793,CN2405201-A,TBA,"→ 写为 NULL（raw_text 保留原值 ""TBA""）"
2794,CN2405202-A,TBA,"→ 写为 NULL（raw_text 保留原值 ""TBA""）"
2795,CN2405203-A,TBA,"→ 写为 NULL（raw_text 保留原值 ""TBA""）"
2796,CN2405204-A,TBA,"→ 写为 NULL（raw_text 保留原值 ""TBA""）"
2797,CN2405205-A,TBA,"→ 写为 NULL（raw_text 保留原值 ""TBA""）"
2798,CN2405206-A1,TBA,"→ 写为 NULL（raw_text 保留原值 ""TBA""）"
2799,CN2405206-A2,TBA,"→ 写为 NULL（raw_text 保留原值 ""TBA""）"
2800,CN2405207-A,TBA,"→ 写为 NULL（raw_text 保留原值 ""TBA""）"
2803,CN2405210-S,TBA,"→ 写为 NULL（raw_text 保留原值 ""TBA""）"
2804,CN2405211-S,TBA,"→ 写为 NULL（raw_text 保留原值 ""TBA""）"
2805,CN2405212-S,TBA,"→ 写为 NULL（raw_text 保留原值 ""TBA""）"
2806,CN2405213-S1,TBA,"→ 写为 NULL（raw_text 保留原值 ""TBA""）"
2807,CN2405213-S2,TBA,"→ 写为 NULL（raw_text 保留原值 ""TBA""）"
2808,CN2405213-S3,TBA,"→ 写为 NULL（raw_text 保留原值 ""TBA""）"
2809,CN2405213-S4,TBA,"→ 写为 NULL（raw_text 保留原值 ""TBA""）"
2810,CN2405214-S,TBA,"→ 写为 NULL（raw_text 保留原值 ""TBA""）"
2813,CN2405217-AS,TBA,"→ 写为 NULL（raw_text 保留原值 ""TBA""）"
2814,CN2405217-AS1,TBA,"→ 写为 NULL（raw_text 保留原值 ""TBA""）"
2815,CN2405217-AS2,TBA,"→ 写为 NULL（raw_text 保留原值 ""TBA""）"
2816,CN2405218-S,TBA,"→ 写为 NULL（raw_text 保留原值 ""TBA""）"
2823,CN2405222-A,TBA,"→ 写为 NULL（raw_text 保留原值 ""TBA""）"
2824,CN2405223-A,TBA,"→ 写为 NULL（raw_text 保留原值 ""TBA""）"
2825,CN2405224-A,TBA,"→ 写为 NULL（raw_text 保留原值 ""TBA""）"
2826,CN2405225-A,TBA,"→ 写为 NULL（raw_text 保留原值 ""TBA""）"
2827,CN2405226-A,TBA,"→ 写为 NULL（raw_text 保留原值 ""TBA""）"
2828,CN2405227-A,TBA,"→ 写为 NULL（raw_text 保留原值 ""TBA""）"
2829,CN2405228-A,TBA,"→ 写为 NULL（raw_text 保留原值 ""TBA""）"
2830,CN2405229-A,TBA,"→ 写为 NULL（raw_text 保留原值 ""TBA""）"
2832,CN2405231-A,TBA,"→ 写为 NULL（raw_text 保留原值 ""TBA""）"
2833,CN2405232-A,TBA,"→ 写为 NULL（raw_text 保留原值 ""TBA""）"
2834,CN2405233-A1,TBA,"→ 写为 NULL（raw_text 保留原值 ""TBA""）"
2835,CN2405233-A2,TBA,"→ 写为 NULL（raw_text 保留原值 ""TBA""）"
2836,CN2405234-A,TBA,"→ 写为 NULL（raw_text 保留原值 ""TBA""）"
2837,CN2405235-A,TBA,"→ 写为 NULL（raw_text 保留原值 ""TBA""）"
2838,CN2405236-A,TBA,"→ 写为 NULL（raw_text 保留原值 ""TBA""）"
2839,CN2405237-A,TBA,"→ 写为 NULL（raw_text 保留原值 ""TBA""）"
2842,CN2405240-A,TBA,"→ 写为 NULL（raw_text 保留原值 ""TBA""）"
2843,CN2405241-A,TBA,"→ 写为 NULL（raw_text 保留原值 ""TBA""）"
2844,CN2405242-A,TBA,"→ 写为 NULL（raw_text 保留原值 ""TBA""）"
2845,CN2405243-A,TBA,"→ 写为 NULL（raw_text 保留原值 ""TBA""）"
2846,CN2405244-A,TBA,"→ 写为 NULL（raw_text 保留原值 ""TBA""）"
2847,CN2405245-AS,TBA,"→ 写为 NULL（raw_text 保留原值 ""TBA""）"
2848,CN2405245-AS1,TBA,"→ 写为 NULL（raw_text 保留原值 ""TBA""）"
2849,CN2405246-A,TBA,"→ 写为 NULL（raw_text 保留原值 ""TBA""）"
2850,CN2405247-A,TBA,"→ 写为 NULL（raw_text 保留原值 ""TBA""）"
2851,CN2405248-A,TBA,"→ 写为 NULL（raw_text 保留原值 ""TBA""）"
2854,CN2405251-S,TBA,"→ 写为 NULL（raw_text 保留原值 ""TBA""）"
2863,CN2405259-S,TBA,"→ 写为 NULL（raw_text 保留原值 ""TBA""）"
2867,CN2405263-S,TBA,"→ 写为 NULL（raw_text 保留原值 ""TBA""）"
2868,CN2405264-S,TBA,"→ 写为 NULL（raw_text 保留原值 ""TBA""）"
2869,CN2405265-S,TBA,"→ 写为 NULL（raw_text 保留原值 ""TBA""）"
2870,CN2405266-S,TBA,"→ 写为 NULL（raw_text 保留原值 ""TBA""）"
2871,CN2405267-A,TBA,"→ 写为 NULL（raw_text 保留原值 ""TBA""）"
2872,CN2405268-A,TBA,"→ 写为 NULL（raw_text 保留原值 ""TBA""）"
2873,CN2405269-S,TBA,"→ 写为 NULL（raw_text 保留原值 ""TBA""）"
2878,CN2405274-S,TBA,"→ 写为 NULL（raw_text 保留原值 ""TBA""）"
2879,CN2405275-S,TBA,"→ 写为 NULL（raw_text 保留原值 ""TBA""）"
2880,CN2405276-S,TBA,"→ 写为 NULL（raw_text 保留原值 ""TBA""）"
2881,CN2405277-S,TBA,"→ 写为 NULL（raw_text 保留原值 ""TBA""）"
2884,CN2405280-A,TBA,"→ 写为 NULL（raw_text 保留原值 ""TBA""）"
2885,CN2405281-A,TBA,"→ 写为 NULL（raw_text 保留原值 ""TBA""）"
2886,CN2405282-A,TBA,"→ 写为 NULL（raw_text 保留原值 ""TBA""）"
2887,CN2405283-A,TBA,"→ 写为 NULL（raw_text 保留原值 ""TBA""）"
2888,CN2405284-A,TBA,"→ 写为 NULL（raw_text 保留原值 ""TBA""）"
2889,CN2405285-A,TBA,"→ 写为 NULL（raw_text 保留原值 ""TBA""）"
2890,CN2405286-A,TBA,"→ 写为 NULL（raw_text 保留原值 ""TBA""）"
2891,CN2405287-A,TBA,"→ 写为 NULL（raw_text 保留原值 ""TBA""）"
2892,CN2405288-A,TBA,"→ 写为 NULL（raw_text 保留原值 ""TBA""）"
2894,CN2405290-A,TBA,"→ 写为 NULL（raw_text 保留原值 ""TBA""）"
2895,CN2405291-A,TBA,"→ 写为 NULL（raw_text 保留原值 ""TBA""）"
2896,CN2405292-A,TBA,"→ 写为 NULL（raw_text 保留原值 ""TBA""）"
2898,CN2405294-A,TBA,"→ 写为 NULL（raw_text 保留原值 ""TBA""）"
2899,CN2405295-A,TBA,"→ 写为 NULL（raw_text 保留原值 ""TBA""）"
2900,CN2405296-S,TBA,"→ 写为 NULL（raw_text 保留原值 ""TBA""）"
2901,CN2405297-S,TBA,"→ 写为 NULL（raw_text 保留原值 ""TBA""）"
2903,CN2405299-S,TBA,"→ 写为 NULL（raw_text 保留原值 ""TBA""）"
2907,CN2405303-S,TBA,"→ 写为 NULL（raw_text 保留原值 ""TBA""）"
2908,CN2405304-A,TBA,"→ 写为 NULL（raw_text 保留原值 ""TBA""）"
2909,CN2405305-A,TBA,"→ 写为 NULL（raw_text 保留原值 ""TBA""）"
2910,CN2405306-A,TBA,"→ 写为 NULL（raw_text 保留原值 ""TBA""）"
2911,CN2405307-A,TBA,"→ 写为 NULL（raw_text 保留原值 ""TBA""）"
2912,CN2405308-A,TBA,"→ 写为 NULL（raw_text 保留原值 ""TBA""）"
2913,CN2405309-A,TBA,"→ 写为 NULL（raw_text 保留原值 ""TBA""）"
2914,CN2405310-A,TBA,"→ 写为 NULL（raw_text 保留原值 ""TBA""）"
2915,CN2405311-A,TBA,"→ 写为 NULL（raw_text 保留原值 ""TBA""）"
2916,CN2405312-A,TBA,"→ 写为 NULL（raw_text 保留原值 ""TBA""）"
2917,CN2405313-A,TBA,"→ 写为 NULL（raw_text 保留原值 ""TBA""）"
2918,CN2405314-A,TBA,"→ 写为 NULL（raw_text 保留原值 ""TBA""）"
2919,CN2405315-A,TBA,"→ 写为 NULL（raw_text 保留原值 ""TBA""）"
2920,CN2405316-A,TBA,"→ 写为 NULL（raw_text 保留原值 ""TBA""）"
2921,CN2405317-A,TBA,"→ 写为 NULL（raw_text 保留原值 ""TBA""）"
2922,CN2405318-S,TBA,"→ 写为 NULL（raw_text 保留原值 ""TBA""）"
2923,CN2405319-A,TBA,"→ 写为 NULL（raw_text 保留原值 ""TBA""）"
2924,CN2405320-A,TBA,"→ 写为 NULL（raw_text 保留原值 ""TBA""）"
2925,CN2405321-A,TBA,"→ 写为 NULL（raw_text 保留原值 ""TBA""）"
2926,CN2405322-A,TBA,"→ 写为 NULL（raw_text 保留原值 ""TBA""）"
2928,CN2405324-S,TBA,"→ 写为 NULL（raw_text 保留原值 ""TBA""）"
2929,CN2405325-S,TBA,"→ 写为 NULL（raw_text 保留原值 ""TBA""）"
2930,CN2405326-A,TBA,"→ 写为 NULL（raw_text 保留原值 ""TBA""）"
2931,CN2405327-A,TBA,"→ 写为 NULL（raw_text 保留原值 ""TBA""）"
2932,CN2405328-AS,TBA,"→ 写为 NULL（raw_text 保留原值 ""TBA""）"
2933,CN2405328-AS1,TBA,"→ 写为 NULL（raw_text 保留原值 ""TBA""）"
2936,CN2405331-A,TBA,"→ 写为 NULL（raw_text 保留原值 ""TBA""）"
2937,CN2405332-A,TBA,"→ 写为 NULL（raw_text 保留原值 ""TBA""）"
2938,CN2405333-A,TBA,"→ 写为 NULL（raw_text 保留原值 ""TBA""）"
2939,CN2405334-S,TBA,"→ 写为 NULL（raw_text 保留原值 ""TBA""）"
2941,CN2405336-S,TBA,"→ 写为 NULL（raw_text 保留原值 ""TBA""）"
2945,CN2405340-A,TBA,"→ 写为 NULL（raw_text 保留原值 ""TBA""）"
2946,CN24053441-A,TBA,"→ 写为 NULL（raw_text 保留原值 ""TBA""）"
2948,CN2405443-S,TBA,"→ 写为 NULL（raw_text 保留原值 ""TBA""）"
2950,CN2405445-A,TBA,"→ 写为 NULL（raw_text 保留原值 ""TBA""）"
2951,CN2405446-A,TBA,"→ 写为 NULL（raw_text 保留原值 ""TBA""）"
2952,CN2405447-A,TBA,"→ 写为 NULL（raw_text 保留原值 ""TBA""）"
2953,CN2405448-A,TBA,"→ 写为 NULL（raw_text 保留原值 ""TBA""）"
2954,CN2405449-A,TBA,"→ 写为 NULL（raw_text 保留原值 ""TBA""）"
2955,CN2405450-A,TBA,"→ 写为 NULL（raw_text 保留原值 ""TBA""）"
2956,CN2405451-A,TBA,"→ 写为 NULL（raw_text 保留原值 ""TBA""）"
2957,CN2405452-A,TBA,"→ 写为 NULL（raw_text 保留原值 ""TBA""）"
2958,CN2405453-A,TBA,"→ 写为 NULL（raw_text 保留原值 ""TBA""）"
2959,CN2405454-A,TBA,"→ 写为 NULL（raw_text 保留原值 ""TBA""）"
2960,CN2405455-A,TBA,"→ 写为 NULL（raw_text 保留原值 ""TBA""）"
2961,CN2405456-A,TBA,"→ 写为 NULL（raw_text 保留原值 ""TBA""）"
2962,CN2405457-A,TBA,"→ 写为 NULL（raw_text 保留原值 ""TBA""）"
2963,CN2405458-A,TBA,"→ 写为 NULL（raw_text 保留原值 ""TBA""）"
2964,CN2405459-A,TBA,"→ 写为 NULL（raw_text 保留原值 ""TBA""）"
2965,CN2405460-A,TBA,"→ 写为 NULL（raw_text 保留原值 ""TBA""）"
2966,CN2405461-A,TBA,"→ 写为 NULL（raw_text 保留原值 ""TBA""）"
2967,CN2405462-A,TBA,"→ 写为 NULL（raw_text 保留原值 ""TBA""）"
2968,CN2405463-A,TBA,"→ 写为 NULL（raw_text 保留原值 ""TBA""）"
2969,CN2405464-A,TBA,"→ 写为 NULL（raw_text 保留原值 ""TBA""）"
2970,CN2405465-A,TBA,"→ 写为 NULL（raw_text 保留原值 ""TBA""）"
2971,CN2405466-A,TBA,"→ 写为 NULL（raw_text 保留原值 ""TBA""）"
2973,CN2405468-A,TBA,"→ 写为 NULL（raw_text 保留原值 ""TBA""）"
2974,CN2405469-A,TBA,"→ 写为 NULL（raw_text 保留原值 ""TBA""）"
2975,CN2405470-A,TBA,"→ 写为 NULL（raw_text 保留原值 ""TBA""）"
2976,CN2405471-S,TBA,"→ 写为 NULL（raw_text 保留原值 ""TBA""）"
2977,CN2405472-S1,TBA,"→ 写为 NULL（raw_text 保留原值 ""TBA""）"
2978,CN2405472-S2,TBA,"→ 写为 NULL（raw_text 保留原值 ""TBA""）"
2979,CN2405472-S3,TBA,"→ 写为 NULL（raw_text 保留原值 ""TBA""）"
2980,CN2405472-S4,TBA,"→ 写为 NULL（raw_text 保留原值 ""TBA""）"
2981,CN2405472-S5,TBA,"→ 写为 NULL（raw_text 保留原值 ""TBA""）"
2982,CN2405473-S,TBA,"→ 写为 NULL（raw_text 保留原值 ""TBA""）"
2983,CN2405474-S,TBA,"→ 写为 NULL（raw_text 保留原值 ""TBA""）"
2986,CN2405477-A,TBA,"→ 写为 NULL（raw_text 保留原值 ""TBA""）"
2987,CN2405478-A,TBA,"→ 写为 NULL（raw_text 保留原值 ""TBA""）"
2988,CN2405479-A,TBA,"→ 写为 NULL（raw_text 保留原值 ""TBA""）"
2989,CN2405480-A,TBA,"→ 写为 NULL（raw_text 保留原值 ""TBA""）"
2990,CN2405481-S,TBA,"→ 写为 NULL（raw_text 保留原值 ""TBA""）"
2991,CN2405482-S1,TBA,"→ 写为 NULL（raw_text 保留原值 ""TBA""）"
2992,CN2405482-S2,TBA,"→ 写为 NULL（raw_text 保留原值 ""TBA""）"
2993,CN2405482-S3,TBA,"→ 写为 NULL（raw_text 保留原值 ""TBA""）"
2994,CN2405482-S4,TBA,"→ 写为 NULL（raw_text 保留原值 ""TBA""）"
2996,CN2405484-A,TBA,"→ 写为 NULL（raw_text 保留原值 ""TBA""）"
2997,CN2405485-A,TBA,"→ 写为 NULL（raw_text 保留原值 ""TBA""）"
2998,CN2405486-A,TBA,"→ 写为 NULL（raw_text 保留原值 ""TBA""）"
2999,CN2405487-A,TBA,"→ 写为 NULL（raw_text 保留原值 ""TBA""）"
3000,CN2405488-A,TBA,"→ 写为 NULL（raw_text 保留原值 ""TBA""）"
3001,CN2405489-S,TBA,"→ 写为 NULL（raw_text 保留原值 ""TBA""）"
3002,CN2405490-S,TBA,"→ 写为 NULL（raw_text 保留原值 ""TBA""）"
3003,CN2405491-R,TBA,"→ 写为 NULL（raw_text 保留原值 ""TBA""）"
3005,CN2405493-R,TBA,"→ 写为 NULL（raw_text 保留原值 ""TBA""）"
3006,CN2405494-S,TBA,"→ 写为 NULL（raw_text 保留原值 ""TBA""）"
3009,CN2405497-A,TBA,"→ 写为 NULL（raw_text 保留原值 ""TBA""）"
3010,CN2405498-A,TBA,"→ 写为 NULL（raw_text 保留原值 ""TBA""）"
3011,CN2405499-S,TBA,"→ 写为 NULL（raw_text 保留原值 ""TBA""）"
3012,CN2405500-A,TBA,"→ 写为 NULL（raw_text 保留原值 ""TBA""）"
3013,CN2405501-A,TBA,"→ 写为 NULL（raw_text 保留原值 ""TBA""）"
3014,CN2405502-S,TBA,"→ 写为 NULL（raw_text 保留原值 ""TBA""）"
3015,CN2405503-S,TBA,"→ 写为 NULL（raw_text 保留原值 ""TBA""）"
3016,CN2405504-A,TBA,"→ 写为 NULL（raw_text 保留原值 ""TBA""）"
3017,CN2405505-A,TBA,"→ 写为 NULL（raw_text 保留原值 ""TBA""）"
3018,CN2405506-A,TBA,"→ 写为 NULL（raw_text 保留原值 ""TBA""）"
3019,CN2405507-S,TBA,"→ 写为 NULL（raw_text 保留原值 ""TBA""）"
3020,CN2405508-S,TBA,"→ 写为 NULL（raw_text 保留原值 ""TBA""）"
3021,CN2405509-A,TBA,"→ 写为 NULL（raw_text 保留原值 ""TBA""）"
3022,CN2405510-A,TBA,"→ 写为 NULL（raw_text 保留原值 ""TBA""）"
3023,CN2405511-A,TBA,"→ 写为 NULL（raw_text 保留原值 ""TBA""）"
3024,CN2405512-A,TBA,"→ 写为 NULL（raw_text 保留原值 ""TBA""）"
3025,CN2405513-A,TBA,"→ 写为 NULL（raw_text 保留原值 ""TBA""）"
3026,CN2405514-A,TBA,"→ 写为 NULL（raw_text 保留原值 ""TBA""）"
3027,CN2405515-A1,TBA,"→ 写为 NULL（raw_text 保留原值 ""TBA""）"
3028,CN2405515-A2,TBA,"→ 写为 NULL（raw_text 保留原值 ""TBA""）"
3029,CN2405516-A,TBA,"→ 写为 NULL（raw_text 保留原值 ""TBA""）"
3030,CN2405517-A,TBA,"→ 写为 NULL（raw_text 保留原值 ""TBA""）"
3031,CN2405518-A,TBA,"→ 写为 NULL（raw_text 保留原值 ""TBA""）"
3032,CN2405519-A,TBA,"→ 写为 NULL（raw_text 保留原值 ""TBA""）"
3033,CN2405520-A,TBA,"→ 写为 NULL（raw_text 保留原值 ""TBA""）"
3035,CN2405522-A,TBA,"→ 写为 NULL（raw_text 保留原值 ""TBA""）"
3036,CN2405523-A,TBA,"→ 写为 NULL（raw_text 保留原值 ""TBA""）"
3037,CN2405524-A,TBA,"→ 写为 NULL（raw_text 保留原值 ""TBA""）"
3038,CN2405525-A,TBA,"→ 写为 NULL（raw_text 保留原值 ""TBA""）"
3039,CN2405526-S,TBA,"→ 写为 NULL（raw_text 保留原值 ""TBA""）"
3040,CN2405527-S,TBA,"→ 写为 NULL（raw_text 保留原值 ""TBA""）"
3042,CN2405529-S,TBA,"→ 写为 NULL（raw_text 保留原值 ""TBA""）"
3044,CN2405531-S1,TBA,"→ 写为 NULL（raw_text 保留原值 ""TBA""）"
3045,CN2405531-S2,TBA,"→ 写为 NULL（raw_text 保留原值 ""TBA""）"
3049,CN2405535-S,TBA,"→ 写为 NULL（raw_text 保留原值 ""TBA""）"
3051,CN2405537-S,TBA,"→ 写为 NULL（raw_text 保留原值 ""TBA""）"
3055,CN2405541-A,TBA,"→ 写为 NULL（raw_text 保留原值 ""TBA""）"
3056,CN2405542-A,TBA,"→ 写为 NULL（raw_text 保留原值 ""TBA""）"
3057,CN2405543-A,TBA,"→ 写为 NULL（raw_text 保留原值 ""TBA""）"
3058,CN2405544-A,TBA,"→ 写为 NULL（raw_text 保留原值 ""TBA""）"
3059,CN2405545-A,TBA,"→ 写为 NULL（raw_text 保留原值 ""TBA""）"
3060,CN2405546-A,TBA,"→ 写为 NULL（raw_text 保留原值 ""TBA""）"
3061,CN2405547-A,TBA,"→ 写为 NULL（raw_text 保留原值 ""TBA""）"
3066,CN2405552-A,TBA,"→ 写为 NULL（raw_text 保留原值 ""TBA""）"
3067,CN2405553-S,TBA,"→ 写为 NULL（raw_text 保留原值 ""TBA""）"
3068,CN2405554-S1,TBA,"→ 写为 NULL（raw_text 保留原值 ""TBA""）"
3069,CN2405554-S2,TBA,"→ 写为 NULL（raw_text 保留原值 ""TBA""）"
3071,CN2405556-A,TBA,"→ 写为 NULL（raw_text 保留原值 ""TBA""）"
3072,CN2405557-S,TBA,"→ 写为 NULL（raw_text 保留原值 ""TBA""）"
3073,CN2405558-S,TBA,"→ 写为 NULL（raw_text 保留原值 ""TBA""）"
3074,CN2405559-A,TBA,"→ 写为 NULL（raw_text 保留原值 ""TBA""）"
3075,CN2405560-A,TBA,"→ 写为 NULL（raw_text 保留原值 ""TBA""）"
3076,CN2405561-A,TBA,"→ 写为 NULL（raw_text 保留原值 ""TBA""）"
3077,CN2405562-A,TBA,"→ 写为 NULL（raw_text 保留原值 ""TBA""）"
3078,CN2405563-A,TBA,"→ 写为 NULL（raw_text 保留原值 ""TBA""）"
3079,CN2405564-A,TBA,"→ 写为 NULL（raw_text 保留原值 ""TBA""）"
3081,CN2405566-A,TBA,"→ 写为 NULL（raw_text 保留原值 ""TBA""）"
3082,CN2405567-A,TBA,"→ 写为 NULL（raw_text 保留原值 ""TBA""）"
3083,CN2405568-S,TBA,"→ 写为 NULL（raw_text 保留原值 ""TBA""）"
3084,CN2405569-S,TBA,"→ 写为 NULL（raw_text 保留原值 ""TBA""）"
3085,CN2405570-S1,TBA,"→ 写为 NULL（raw_text 保留原值 ""TBA""）"
3086,CN2405570-S2,TBA,"→ 写为 NULL（raw_text 保留原值 ""TBA""）"
3088,CN2405572-S,TBA,"→ 写为 NULL（raw_text 保留原值 ""TBA""）"
3089,CN2405573-S,TBA,"→ 写为 NULL（raw_text 保留原值 ""TBA""）"
3090,CN2405574-S,TBA,"→ 写为 NULL（raw_text 保留原值 ""TBA""）"
3094,CN2405577-A,TBA,"→ 写为 NULL（raw_text 保留原值 ""TBA""）"
3097,CN2405580-A,TBA,"→ 写为 NULL（raw_text 保留原值 ""TBA""）"
3098,CN2405581-S1,TBA,"→ 写为 NULL（raw_text 保留原值 ""TBA""）"
3099,CN2405581-S2,TBA,"→ 写为 NULL（raw_text 保留原值 ""TBA""）"
3100,CN2405582-A,TBA,"→ 写为 NULL（raw_text 保留原值 ""TBA""）"
3101,CN2405583-A,TBA,"→ 写为 NULL（raw_text 保留原值 ""TBA""）"
3102,CN2405584-A,TBA,"→ 写为 NULL（raw_text 保留原值 ""TBA""）"
3103,CN2405585-S,TBA,"→ 写为 NULL（raw_text 保留原值 ""TBA""）"
3104,CN2405586-A,TBA,"→ 写为 NULL（raw_text 保留原值 ""TBA""）"
3105,CN2405587-A,TBA,"→ 写为 NULL（raw_text 保留原值 ""TBA""）"
3106,CN2405588-S,TBA,"→ 写为 NULL（raw_text 保留原值 ""TBA""）"
3107,CN2405589-S,TBA,"→ 写为 NULL（raw_text 保留原值 ""TBA""）"
3108,CN2405590-S,TBA,"→ 写为 NULL（raw_text 保留原值 ""TBA""）"
3110,CN2405592-A,TBA,"→ 写为 NULL（raw_text 保留原值 ""TBA""）"
3112,CN2405594-A,TBA,"→ 写为 NULL（raw_text 保留原值 ""TBA""）"
3113,CN2405595-AS,TBA,"→ 写为 NULL（raw_text 保留原值 ""TBA""）"
3114,CN2405595-AS1,TBA,"→ 写为 NULL（raw_text 保留原值 ""TBA""）"
3117,CN2405598-S,TBA,"→ 写为 NULL（raw_text 保留原值 ""TBA""）"
3119,CN2405600-S,TBA,"→ 写为 NULL（raw_text 保留原值 ""TBA""）"
3121,CN2405602-S,TBA,"→ 写为 NULL（raw_text 保留原值 ""TBA""）"
3122,CN2405603-A,TBA,"→ 写为 NULL（raw_text 保留原值 ""TBA""）"
3123,CN2405604-A,TBA,"→ 写为 NULL（raw_text 保留原值 ""TBA""）"
3124,CN2405605-A,TBA,"→ 写为 NULL（raw_text 保留原值 ""TBA""）"
3126,CN2405607-S1,TBA,"→ 写为 NULL（raw_text 保留原值 ""TBA""）"
3127,CN2405607-S2,TBA,"→ 写为 NULL（raw_text 保留原值 ""TBA""）"
3128,CN2405607-S3,TBA,"→ 写为 NULL（raw_text 保留原值 ""TBA""）"
3129,CN2405608-A1,TBA,"→ 写为 NULL（raw_text 保留原值 ""TBA""）"
3130,CN2405609-AS,TBA,"→ 写为 NULL（raw_text 保留原值 ""TBA""）"
3131,CN2405609-AS1,TBA,"→ 写为 NULL（raw_text 保留原值 ""TBA""）"
3133,CN2405611-S,TBA,"→ 写为 NULL（raw_text 保留原值 ""TBA""）"
3135,CN2405613-A,TBA,"→ 写为 NULL（raw_text 保留原值 ""TBA""）"
3137,CN2405615-A,TBA,"→ 写为 NULL（raw_text 保留原值 ""TBA""）"
3138,CN2405616-S,TBA,"→ 写为 NULL（raw_text 保留原值 ""TBA""）"
3139,CN2405617-A,TBA,"→ 写为 NULL（raw_text 保留原值 ""TBA""）"
3140,CN2405618-A,TBA,"→ 写为 NULL（raw_text 保留原值 ""TBA""）"
3142,CN2405620-A,TBA,"→ 写为 NULL（raw_text 保留原值 ""TBA""）"
3144,CN2405622-A,TBA,"→ 写为 NULL（raw_text 保留原值 ""TBA""）"
3145,CN2405623-A,TBA,"→ 写为 NULL（raw_text 保留原值 ""TBA""）"
3146,CN2405624-S1,TBA,"→ 写为 NULL（raw_text 保留原值 ""TBA""）"
3147,CN2405624-S2,TBA,"→ 写为 NULL（raw_text 保留原值 ""TBA""）"
3148,CN2405625-S,TBA,"→ 写为 NULL（raw_text 保留原值 ""TBA""）"
3149,CN2405626-S,TBA,"→ 写为 NULL（raw_text 保留原值 ""TBA""）"
3150,CN2405627-S,TBA,"→ 写为 NULL（raw_text 保留原值 ""TBA""）"
3154,CN2405631-S,TBA,"→ 写为 NULL（raw_text 保留原值 ""TBA""）"
3158,CN2405635-S,TBA,"→ 写为 NULL（raw_text 保留原值 ""TBA""）"
3159,CN2405636-A,TBA,"→ 写为 NULL（raw_text 保留原值 ""TBA""）"
3160,CN2405637-A,TBA,"→ 写为 NULL（raw_text 保留原值 ""TBA""）"
3161,CN2405638-A,TBA,"→ 写为 NULL（raw_text 保留原值 ""TBA""）"
3162,CN2405639-S,TBA,"→ 写为 NULL（raw_text 保留原值 ""TBA""）"
3163,CN2405640-A,TBA,"→ 写为 NULL（raw_text 保留原值 ""TBA""）"
3165,CN2405642-A,TBA,"→ 写为 NULL（raw_text 保留原值 ""TBA""）"
3166,CN2405643-A,TBA,"→ 写为 NULL（raw_text 保留原值 ""TBA""）"
3167,CN2405644-A,TBA,"→ 写为 NULL（raw_text 保留原值 ""TBA""）"
3170,CN2405647-A,TBA,"→ 写为 NULL（raw_text 保留原值 ""TBA""）"
3171,CN2405648-A,TBA,"→ 写为 NULL（raw_text 保留原值 ""TBA""）"
3173,CN2405650-A,TBA,"→ 写为 NULL（raw_text 保留原值 ""TBA""）"
3174,CN2405651-A,TBA,"→ 写为 NULL（raw_text 保留原值 ""TBA""）"
3177,CN2405654-S,TBA,"→ 写为 NULL（raw_text 保留原值 ""TBA""）"
3180,CN2405657-S,TBA,"→ 写为 NULL（raw_text 保留原值 ""TBA""）"
3183,CN2405660-S,TBA,"→ 写为 NULL（raw_text 保留原值 ""TBA""）"
3184,CN2405661-A,TBA,"→ 写为 NULL（raw_text 保留原值 ""TBA""）"
3185,CN2405662-A,TBA,"→ 写为 NULL（raw_text 保留原值 ""TBA""）"
3186,CN2405663-A,TBA,"→ 写为 NULL（raw_text 保留原值 ""TBA""）"
3187,CN2405664-A,TBA,"→ 写为 NULL（raw_text 保留原值 ""TBA""）"
3188,CN2405665-S,TBA,"→ 写为 NULL（raw_text 保留原值 ""TBA""）"
3189,CN2405666-S,TBA,"→ 写为 NULL（raw_text 保留原值 ""TBA""）"
3190,CN2405667-S1,TBA,"→ 写为 NULL（raw_text 保留原值 ""TBA""）"
3191,CN2405667-S2,TBA,"→ 写为 NULL（raw_text 保留原值 ""TBA""）"
3192,CN2405667-S3,TBA,"→ 写为 NULL（raw_text 保留原值 ""TBA""）"
3193,CN2405667-S4,TBA,"→ 写为 NULL（raw_text 保留原值 ""TBA""）"
3194,CN2405667-S5,TBA,"→ 写为 NULL（raw_text 保留原值 ""TBA""）"
3195,CN2405667-S6,TBA,"→ 写为 NULL（raw_text 保留原值 ""TBA""）"
3197,CN2405669-A,TBA,"→ 写为 NULL（raw_text 保留原值 ""TBA""）"
3199,CN2405671-S,TBA,"→ 写为 NULL（raw_text 保留原值 ""TBA""）"
3200,CN2405672-S,TBA,"→ 写为 NULL（raw_text 保留原值 ""TBA""）"
3203,CN2405675-A,TBA,"→ 写为 NULL（raw_text 保留原值 ""TBA""）"
3204,CN2405676-A,TBA,"→ 写为 NULL（raw_text 保留原值 ""TBA""）"
3206,CN2405678-A,TBA,"→ 写为 NULL（raw_text 保留原值 ""TBA""）"
3207,CN2405679-A,TBA,"→ 写为 NULL（raw_text 保留原值 ""TBA""）"
3208,CN2405680-A,TBA,"→ 写为 NULL（raw_text 保留原值 ""TBA""）"
3209,CN2405681-A,TBA,"→ 写为 NULL（raw_text 保留原值 ""TBA""）"
3210,CN2405682-A,TBA,"→ 写为 NULL（raw_text 保留原值 ""TBA""）"
3211,CN2405683-A,TBA,"→ 写为 NULL（raw_text 保留原值 ""TBA""）"
3212,CN2405684-S,TBA,"→ 写为 NULL（raw_text 保留原值 ""TBA""）"
3213,CN2405685-A,TBA,"→ 写为 NULL（raw_text 保留原值 ""TBA""）"
3214,CN2405686-A,TBA,"→ 写为 NULL（raw_text 保留原值 ""TBA""）"
3215,CN2405687-A,TBA,"→ 写为 NULL（raw_text 保留原值 ""TBA""）"
3216,CN2405688-A,TBA,"→ 写为 NULL（raw_text 保留原值 ""TBA""）"
3218,CN2405690-A,TBA,"→ 写为 NULL（raw_text 保留原值 ""TBA""）"
3222,CN2405694-S,TBA,"→ 写为 NULL（raw_text 保留原值 ""TBA""）"
3223,CN2405695-S,TBA,"→ 写为 NULL（raw_text 保留原值 ""TBA""）"
3226,CN2405698-S,TBA,"→ 写为 NULL（raw_text 保留原值 ""TBA""）"
3227,CN2405699-A,TBA,"→ 写为 NULL（raw_text 保留原值 ""TBA""）"
3228,CN2405700-A,TBA,"→ 写为 NULL（raw_text 保留原值 ""TBA""）"
3229,CN2405701-A,TBA,"→ 写为 NULL（raw_text 保留原值 ""TBA""）"
3230,CN2405702-A,TBA,"→ 写为 NULL（raw_text 保留原值 ""TBA""）"
3231,CN2405703-A,TBA,"→ 写为 NULL（raw_text 保留原值 ""TBA""）"
3232,CN2405704-A,TBA,"→ 写为 NULL（raw_text 保留原值 ""TBA""）"
3234,CN2405706-A,TBA,"→ 写为 NULL（raw_text 保留原值 ""TBA""）"
3235,CN2405707-A,TBA,"→ 写为 NULL（raw_text 保留原值 ""TBA""）"
3236,CN2405708-A,TBA,"→ 写为 NULL（raw_text 保留原值 ""TBA""）"
3237,CN2405709-A,TBA,"→ 写为 NULL（raw_text 保留原值 ""TBA""）"
3240,CN2405712-S,TBA,"→ 写为 NULL（raw_text 保留原值 ""TBA""）"
3241,CN2405713-A,TBA,"→ 写为 NULL（raw_text 保留原值 ""TBA""）"
3243,CN2405715-A,TBA,"→ 写为 NULL（raw_text 保留原值 ""TBA""）"
3245,CN2405717-A,TBA,"→ 写为 NULL（raw_text 保留原值 ""TBA""）"
3248,CN2405720-A,TBA,"→ 写为 NULL（raw_text 保留原值 ""TBA""）"
3249,CN2405721-A,TBA,"→ 写为 NULL（raw_text 保留原值 ""TBA""）"
3251,CN2405723-S,TBA,"→ 写为 NULL（raw_text 保留原值 ""TBA""）"
3261,CN2405733-S,TBA,"→ 写为 NULL（raw_text 保留原值 ""TBA""）"
3262,CN2405734-S,TBA,"→ 写为 NULL（raw_text 保留原值 ""TBA""）"
3263,CN2405735-S,TBA,"→ 写为 NULL（raw_text 保留原值 ""TBA""）"
3264,CN2405736-A1,TBA,"→ 写为 NULL（raw_text 保留原值 ""TBA""）"
3265,CN2405736-A2,TBA,"→ 写为 NULL（raw_text 保留原值 ""TBA""）"
3266,CN2405737-S,TBA,"→ 写为 NULL（raw_text 保留原值 ""TBA""）"
3267,CN2405738-A,TBA,"→ 写为 NULL（raw_text 保留原值 ""TBA""）"
3268,CN2405739-A,TBA,"→ 写为 NULL（raw_text 保留原值 ""TBA""）"
3269,CN2405740-A,TBA,"→ 写为 NULL（raw_text 保留原值 ""TBA""）"
3270,CN2405741-A,TBA,"→ 写为 NULL（raw_text 保留原值 ""TBA""）"
3271,CN2405742-A,TBA,"→ 写为 NULL（raw_text 保留原值 ""TBA""）"
3272,CN2405743-A,TBA,"→ 写为 NULL（raw_text 保留原值 ""TBA""）"
3273,CN2405744-A,TBA,"→ 写为 NULL（raw_text 保留原值 ""TBA""）"
3274,CN2405745-A,TBA,"→ 写为 NULL（raw_text 保留原值 ""TBA""）"
3275,CN2405746-A,TBA,"→ 写为 NULL（raw_text 保留原值 ""TBA""）"
3276,CN2405747-A,TBA,"→ 写为 NULL（raw_text 保留原值 ""TBA""）"
3277,CN2405748-A,TBA,"→ 写为 NULL（raw_text 保留原值 ""TBA""）"
3278,CN2405749-A,TBA,"→ 写为 NULL（raw_text 保留原值 ""TBA""）"
3279,CN2405750-A,TBA,"→ 写为 NULL（raw_text 保留原值 ""TBA""）"
3280,CN2406001-A,TBA,"→ 写为 NULL（raw_text 保留原值 ""TBA""）"
3281,CN2406002-A,TBA,"→ 写为 NULL（raw_text 保留原值 ""TBA""）"
3283,CN2406004-A,TBA,"→ 写为 NULL（raw_text 保留原值 ""TBA""）"
3284,CN2406005-A,TBA,"→ 写为 NULL（raw_text 保留原值 ""TBA""）"
3285,CN2406006-AS,TBA,"→ 写为 NULL（raw_text 保留原值 ""TBA""）"
3286,CN2406006-AS1,TBA,"→ 写为 NULL（raw_text 保留原值 ""TBA""）"
3287,CN2406007-A,TBA,"→ 写为 NULL（raw_text 保留原值 ""TBA""）"
3288,CN2406008-A,TBA,"→ 写为 NULL（raw_text 保留原值 ""TBA""）"
3289,CN2406009-S,TBA,"→ 写为 NULL（raw_text 保留原值 ""TBA""）"
3290,CN2406010-S,TBA,"→ 写为 NULL（raw_text 保留原值 ""TBA""）"
3291,CN2406011-S,TBA,"→ 写为 NULL（raw_text 保留原值 ""TBA""）"
3292,CN2406012-S,TBA,"→ 写为 NULL（raw_text 保留原值 ""TBA""）"
3293,CN2406013-S,TBA,"→ 写为 NULL（raw_text 保留原值 ""TBA""）"
3294,CN2406014-S,TBA,"→ 写为 NULL（raw_text 保留原值 ""TBA""）"
3295,CN2406015-S,TBA,"→ 写为 NULL（raw_text 保留原值 ""TBA""）"
3298,CN2406018-S,TBA,"→ 写为 NULL（raw_text 保留原值 ""TBA""）"
3300,CN2406020-A,TBA,"→ 写为 NULL（raw_text 保留原值 ""TBA""）"
3301,CN2406021-A,TBA,"→ 写为 NULL（raw_text 保留原值 ""TBA""）"
3304,CN2406024-S,TBA,"→ 写为 NULL（raw_text 保留原值 ""TBA""）"
3307,CN2406027-A,TBA,"→ 写为 NULL（raw_text 保留原值 ""TBA""）"
3308,CN2406028-A,TBA,"→ 写为 NULL（raw_text 保留原值 ""TBA""）"
3309,CN2406029-A,TBA,"→ 写为 NULL（raw_text 保留原值 ""TBA""）"
3310,CN2406030-A,TBA,"→ 写为 NULL（raw_text 保留原值 ""TBA""）"
3311,CN2406031-A,TBA,"→ 写为 NULL（raw_text 保留原值 ""TBA""）"
3313,CN2406033-S,TBA,"→ 写为 NULL（raw_text 保留原值 ""TBA""）"
3316,CN2406036-S,TBA,"→ 写为 NULL（raw_text 保留原值 ""TBA""）"
3318,CN2406038-R1,TBA,"→ 写为 NULL（raw_text 保留原值 ""TBA""）"
3319,CN2406038-R2,TBA,"→ 写为 NULL（raw_text 保留原值 ""TBA""）"
3326,CN2406044-A,TBA,"→ 写为 NULL（raw_text 保留原值 ""TBA""）"
3329,CN2406047-S,TBA,"→ 写为 NULL（raw_text 保留原值 ""TBA""）"
3330,CN2406048-A,TBA,"→ 写为 NULL（raw_text 保留原值 ""TBA""）"
3331,CN2406049-A,TBA,"→ 写为 NULL（raw_text 保留原值 ""TBA""）"
3332,CN2406050-A,TBA,"→ 写为 NULL（raw_text 保留原值 ""TBA""）"
3333,CN2406051-S,TBA,"→ 写为 NULL（raw_text 保留原值 ""TBA""）"
3334,CN2406052-S,TBA,"→ 写为 NULL（raw_text 保留原值 ""TBA""）"
3335,CN2406053-S,TBA,"→ 写为 NULL（raw_text 保留原值 ""TBA""）"
3337,CN2406055-S,TBA,"→ 写为 NULL（raw_text 保留原值 ""TBA""）"
3338,CN2406056-S,TBA,"→ 写为 NULL（raw_text 保留原值 ""TBA""）"
3339,CN2406057-S,TBA,"→ 写为 NULL（raw_text 保留原值 ""TBA""）"
3340,CN2406058-S,TBA,"→ 写为 NULL（raw_text 保留原值 ""TBA""）"
3341,CN2406059-R,TBA,"→ 写为 NULL（raw_text 保留原值 ""TBA""）"
3342,CN2406060-A,TBA,"→ 写为 NULL（raw_text 保留原值 ""TBA""）"
3343,CN2406061-A,TBA,"→ 写为 NULL（raw_text 保留原值 ""TBA""）"
3344,CN2406062-A,TBA,"→ 写为 NULL（raw_text 保留原值 ""TBA""）"
3345,CN2406063-S,TBA,"→ 写为 NULL（raw_text 保留原值 ""TBA""）"
3347,CN2406065-S1,TBA,"→ 写为 NULL（raw_text 保留原值 ""TBA""）"
3348,CN2406065-S2,TBA,"→ 写为 NULL（raw_text 保留原值 ""TBA""）"
3349,CN2406066-S,TBA,"→ 写为 NULL（raw_text 保留原值 ""TBA""）"
3350,CN2406067-S,TBA,"→ 写为 NULL（raw_text 保留原值 ""TBA""）"
3351,CN2406068-S,TBA,"→ 写为 NULL（raw_text 保留原值 ""TBA""）"
3352,CN2406069-S,TBA,"→ 写为 NULL（raw_text 保留原值 ""TBA""）"
3353,CN2406070-S,TBA,"→ 写为 NULL（raw_text 保留原值 ""TBA""）"
3354,CN2406071-S,TBA,"→ 写为 NULL（raw_text 保留原值 ""TBA""）"
3355,CN2406072-S,TBA,"→ 写为 NULL（raw_text 保留原值 ""TBA""）"
3356,CN2406073-S,TBA,"→ 写为 NULL（raw_text 保留原值 ""TBA""）"
3357,CN2406074-S,TBA,"→ 写为 NULL（raw_text 保留原值 ""TBA""）"
3358,CN2406075-S1,TBA,"→ 写为 NULL（raw_text 保留原值 ""TBA""）"
3359,CN2406076-A,TBA,"→ 写为 NULL（raw_text 保留原值 ""TBA""）"
3360,CN2406077-S,TBA,"→ 写为 NULL（raw_text 保留原值 ""TBA""）"
3362,CN2406079-S,TBA,"→ 写为 NULL（raw_text 保留原值 ""TBA""）"
3363,CN2406080-A,TBA,"→ 写为 NULL（raw_text 保留原值 ""TBA""）"
3364,CN2406081-S,TBA,"→ 写为 NULL（raw_text 保留原值 ""TBA""）"
3365,CN2406082-A,TBA,"→ 写为 NULL（raw_text 保留原值 ""TBA""）"
3366,CN2406083-S,TBA,"→ 写为 NULL（raw_text 保留原值 ""TBA""）"
3367,CN2406084-S,TBA,"→ 写为 NULL（raw_text 保留原值 ""TBA""）"
3368,CN2406085-A,TBA,"→ 写为 NULL（raw_text 保留原值 ""TBA""）"
3369,CN2406086-S,TBA,"→ 写为 NULL（raw_text 保留原值 ""TBA""）"
3370,CN2406087-A,TBA,"→ 写为 NULL（raw_text 保留原值 ""TBA""）"
3371,CN2406088-A,TBA,"→ 写为 NULL（raw_text 保留原值 ""TBA""）"
3372,CN2406089-S,TBA,"→ 写为 NULL（raw_text 保留原值 ""TBA""）"
3373,CN2406090-S,TBA,"→ 写为 NULL（raw_text 保留原值 ""TBA""）"
3374,CN2406091-S,TBA,"→ 写为 NULL（raw_text 保留原值 ""TBA""）"
3375,CN2406092-A,TBA,"→ 写为 NULL（raw_text 保留原值 ""TBA""）"
3376,CN2406093-S1,TBA,"→ 写为 NULL（raw_text 保留原值 ""TBA""）"
3377,CN2406093-S2,TBA,"→ 写为 NULL（raw_text 保留原值 ""TBA""）"
3378,CN2406093-S3,TBA,"→ 写为 NULL（raw_text 保留原值 ""TBA""）"
3379,CN2406093-S4,TBA,"→ 写为 NULL（raw_text 保留原值 ""TBA""）"
3380,CN2406094-A,TBA,"→ 写为 NULL（raw_text 保留原值 ""TBA""）"
3382,CN2406096-A,TBA,"→ 写为 NULL（raw_text 保留原值 ""TBA""）"
3383,CN2406097-A,TBA,"→ 写为 NULL（raw_text 保留原值 ""TBA""）"
3384,CN2406098-A,TBA,"→ 写为 NULL（raw_text 保留原值 ""TBA""）"
3385,CN2406099-A,TBA,"→ 写为 NULL（raw_text 保留原值 ""TBA""）"
3386,CN2406100-S,TBA,"→ 写为 NULL（raw_text 保留原值 ""TBA""）"
3388,CN2406102-S,TBA,"→ 写为 NULL（raw_text 保留原值 ""TBA""）"
3390,CN2406104-S,TBA,"→ 写为 NULL（raw_text 保留原值 ""TBA""）"
3391,CN2406105-A,TBA,"→ 写为 NULL（raw_text 保留原值 ""TBA""）"
3392,CN2406106-A,TBA,"→ 写为 NULL（raw_text 保留原值 ""TBA""）"
3393,CN2406107-A,TBA,"→ 写为 NULL（raw_text 保留原值 ""TBA""）"
3394,CN2406108-A,TBA,"→ 写为 NULL（raw_text 保留原值 ""TBA""）"
3395,CN2406109-A,TBA,"→ 写为 NULL（raw_text 保留原值 ""TBA""）"
3396,CN2406110-A,TBA,"→ 写为 NULL（raw_text 保留原值 ""TBA""）"
3397,CN2406111-A,TBA,"→ 写为 NULL（raw_text 保留原值 ""TBA""）"
3398,CN2406112-A,TBA,"→ 写为 NULL（raw_text 保留原值 ""TBA""）"
3399,CN2406113-A,TBA,"→ 写为 NULL（raw_text 保留原值 ""TBA""）"
3400,CN2406114-A,TBA,"→ 写为 NULL（raw_text 保留原值 ""TBA""）"
3401,CN2406115-A,TBA,"→ 写为 NULL（raw_text 保留原值 ""TBA""）"
3402,CN2406116-A,TBA,"→ 写为 NULL（raw_text 保留原值 ""TBA""）"
3403,CN2406117-A,TBA,"→ 写为 NULL（raw_text 保留原值 ""TBA""）"
3404,CN2406118-A,TBA,"→ 写为 NULL（raw_text 保留原值 ""TBA""）"
3405,CN2406119-A,TBA,"→ 写为 NULL（raw_text 保留原值 ""TBA""）"
3406,CN2406120-A,TBA,"→ 写为 NULL（raw_text 保留原值 ""TBA""）"
3407,CN2406121-A,TBA,"→ 写为 NULL（raw_text 保留原值 ""TBA""）"
3408,CN2406122-A,TBA,"→ 写为 NULL（raw_text 保留原值 ""TBA""）"
3409,CN2406123-A,TBA,"→ 写为 NULL（raw_text 保留原值 ""TBA""）"
3410,CN2406124-A,TBA,"→ 写为 NULL（raw_text 保留原值 ""TBA""）"
3411,CN2406125-A,TBA,"→ 写为 NULL（raw_text 保留原值 ""TBA""）"
3412,CN2406126-A,TBA,"→ 写为 NULL（raw_text 保留原值 ""TBA""）"
3413,CN2406127-A,TBA,"→ 写为 NULL（raw_text 保留原值 ""TBA""）"
3414,CN2406128-A,TBA,"→ 写为 NULL（raw_text 保留原值 ""TBA""）"
3415,CN2406129-A,TBA,"→ 写为 NULL（raw_text 保留原值 ""TBA""）"
3416,CN2406130-A,TBA,"→ 写为 NULL（raw_text 保留原值 ""TBA""）"
3417,CN2406131-A,TBA,"→ 写为 NULL（raw_text 保留原值 ""TBA""）"
3418,CN2406132-A,TBA,"→ 写为 NULL（raw_text 保留原值 ""TBA""）"
3419,CN2406133-A,TBA,"→ 写为 NULL（raw_text 保留原值 ""TBA""）"
3420,CN2406134-A,TBA,"→ 写为 NULL（raw_text 保留原值 ""TBA""）"
3427,CN2406141-S,TBA,"→ 写为 NULL（raw_text 保留原值 ""TBA""）"
3428,CN2406142-S,TBA,"→ 写为 NULL（raw_text 保留原值 ""TBA""）"
3430,CN2406144-S,TBA,"→ 写为 NULL（raw_text 保留原值 ""TBA""）"
3431,CN2406145-S,TBA,"→ 写为 NULL（raw_text 保留原值 ""TBA""）"
3432,CN2406146-A,TBA,"→ 写为 NULL（raw_text 保留原值 ""TBA""）"
3433,CN2406147-A,TBA,"→ 写为 NULL（raw_text 保留原值 ""TBA""）"
3434,CN2406148-A,TBA,"→ 写为 NULL（raw_text 保留原值 ""TBA""）"
3435,CN2406149-A,TBA,"→ 写为 NULL（raw_text 保留原值 ""TBA""）"
3437,CN2406151-A,TBA,"→ 写为 NULL（raw_text 保留原值 ""TBA""）"
3438,CN2406152-A,TBA,"→ 写为 NULL（raw_text 保留原值 ""TBA""）"
3439,CN2406153-A,TBA,"→ 写为 NULL（raw_text 保留原值 ""TBA""）"
3440,CN2406154-S,TBA,"→ 写为 NULL（raw_text 保留原值 ""TBA""）"
3441,CN2406155-S,TBA,"→ 写为 NULL（raw_text 保留原值 ""TBA""）"
3445,CN2406158-S,TBA,"→ 写为 NULL（raw_text 保留原值 ""TBA""）"
3447,CN2406160-S,TBA,"→ 写为 NULL（raw_text 保留原值 ""TBA""）"
3449,CN2406162-A,TBA,"→ 写为 NULL（raw_text 保留原值 ""TBA""）"
3450,CN2406163-A,TBA,"→ 写为 NULL（raw_text 保留原值 ""TBA""）"
3451,CN2406164-A,TBA,"→ 写为 NULL（raw_text 保留原值 ""TBA""）"
3452,CN2406165-A,TBA,"→ 写为 NULL（raw_text 保留原值 ""TBA""）"
3453,CN2406166-A,TBA,"→ 写为 NULL（raw_text 保留原值 ""TBA""）"
3454,CN2406167-A,TBA,"→ 写为 NULL（raw_text 保留原值 ""TBA""）"
3455,CN2406168-A,TBA,"→ 写为 NULL（raw_text 保留原值 ""TBA""）"
3456,CN2406169-A,TBA,"→ 写为 NULL（raw_text 保留原值 ""TBA""）"
3460,CN2406173-A,TBA,"→ 写为 NULL（raw_text 保留原值 ""TBA""）"
3462,CN2406175-S,TBA,"→ 写为 NULL（raw_text 保留原值 ""TBA""）"
3463,CN2406176-A,TBA,"→ 写为 NULL（raw_text 保留原值 ""TBA""）"
3464,CN2406177-A,TBA,"→ 写为 NULL（raw_text 保留原值 ""TBA""）"
3465,CN2406178-A,TBA,"→ 写为 NULL（raw_text 保留原值 ""TBA""）"
3467,CN2406180-A,TBA,"→ 写为 NULL（raw_text 保留原值 ""TBA""）"
3468,CN2406181-A,TBA,"→ 写为 NULL（raw_text 保留原值 ""TBA""）"
3469,CN2406182-A,TBA,"→ 写为 NULL（raw_text 保留原值 ""TBA""）"
3470,CN2406183-AS,TBA,"→ 写为 NULL（raw_text 保留原值 ""TBA""）"
3471,CN2406183-AS1,TBA,"→ 写为 NULL（raw_text 保留原值 ""TBA""）"
3472,CN2406184-AS,TBA,"→ 写为 NULL（raw_text 保留原值 ""TBA""）"
3473,CN2406184-AS1,TBA,"→ 写为 NULL（raw_text 保留原值 ""TBA""）"
3474,CN2406185-AS,TBA,"→ 写为 NULL（raw_text 保留原值 ""TBA""）"
3475,CN2406185-AS1,TBA,"→ 写为 NULL（raw_text 保留原值 ""TBA""）"
3476,CN2406186-A,TBA,"→ 写为 NULL（raw_text 保留原值 ""TBA""）"
3477,CN2406187-A,TBA,"→ 写为 NULL（raw_text 保留原值 ""TBA""）"
3478,CN2406188-A,TBA,"→ 写为 NULL（raw_text 保留原值 ""TBA""）"
3479,CN2406189-A,TBA,"→ 写为 NULL（raw_text 保留原值 ""TBA""）"
3481,CN2406191-S,TBA,"→ 写为 NULL（raw_text 保留原值 ""TBA""）"
3482,CN2406192-S,TBA,"→ 写为 NULL（raw_text 保留原值 ""TBA""）"
3483,CN2406193-S,TBA,"→ 写为 NULL（raw_text 保留原值 ""TBA""）"
3484,CN2406194-S,TBA,"→ 写为 NULL（raw_text 保留原值 ""TBA""）"
3486,CN2406196-S,TBA,"→ 写为 NULL（raw_text 保留原值 ""TBA""）"
3487,CN2406197-S,TBA,"→ 写为 NULL（raw_text 保留原值 ""TBA""）"
3489,CN2406199-S1,TBA,"→ 写为 NULL（raw_text 保留原值 ""TBA""）"
3490,CN2406199-S2,TBA,"→ 写为 NULL（raw_text 保留原值 ""TBA""）"
3491,CN2406200-S,TBA,"→ 写为 NULL（raw_text 保留原值 ""TBA""）"
3493,CN2406202-AS,TBA,"→ 写为 NULL（raw_text 保留原值 ""TBA""）"
3494,CN2406202-AS1,TBA,"→ 写为 NULL（raw_text 保留原值 ""TBA""）"
3495,CN2406203-S,TBA,"→ 写为 NULL（raw_text 保留原值 ""TBA""）"
3502,CN2406209-RS,TBA,"→ 写为 NULL（raw_text 保留原值 ""TBA""）"
3503,CN2406209-RS1,TBA,"→ 写为 NULL（raw_text 保留原值 ""TBA""）"
3507,CN2406213-A,TBA,"→ 写为 NULL（raw_text 保留原值 ""TBA""）"
3508,CN2406214-A,TBA,"→ 写为 NULL（raw_text 保留原值 ""TBA""）"
3509,CN2406215-A,TBA,"→ 写为 NULL（raw_text 保留原值 ""TBA""）"
3511,CN2406217-A,TBA,"→ 写为 NULL（raw_text 保留原值 ""TBA""）"
3512,CN2406218-A,TBA,"→ 写为 NULL（raw_text 保留原值 ""TBA""）"
3513,CN2406219-A,TBA,"→ 写为 NULL（raw_text 保留原值 ""TBA""）"
3514,CN2406220-A,TBA,"→ 写为 NULL（raw_text 保留原值 ""TBA""）"
3515,CN2406221-A,TBA,"→ 写为 NULL（raw_text 保留原值 ""TBA""）"
3518,CN2406224-A,TBA,"→ 写为 NULL（raw_text 保留原值 ""TBA""）"
3519,CN2406225-A,TBA,"→ 写为 NULL（raw_text 保留原值 ""TBA""）"
3520,CN2406226-A,TBA,"→ 写为 NULL（raw_text 保留原值 ""TBA""）"
3522,CN2406228-A,TBA,"→ 写为 NULL（raw_text 保留原值 ""TBA""）"
3524,CN2406230-AS,TBA,"→ 写为 NULL（raw_text 保留原值 ""TBA""）"
3525,CN2406230-AS1,TBA,"→ 写为 NULL（raw_text 保留原值 ""TBA""）"
3527,CN2406232-S,TBA,"→ 写为 NULL（raw_text 保留原值 ""TBA""）"
3528,CN2406233-S,TBA,"→ 写为 NULL（raw_text 保留原值 ""TBA""）"
3529,CN2406234-S,TBA,"→ 写为 NULL（raw_text 保留原值 ""TBA""）"
3530,CN2406235-S1,TBA,"→ 写为 NULL（raw_text 保留原值 ""TBA""）"
3531,CN2406235-S2,TBA,"→ 写为 NULL（raw_text 保留原值 ""TBA""）"
3532,CN2406235-S3,TBA,"→ 写为 NULL（raw_text 保留原值 ""TBA""）"
3533,CN2406235-S4,TBA,"→ 写为 NULL（raw_text 保留原值 ""TBA""）"
3534,CN2406235-S5,TBA,"→ 写为 NULL（raw_text 保留原值 ""TBA""）"
3535,CN2406235-S6,TBA,"→ 写为 NULL（raw_text 保留原值 ""TBA""）"
3540,CN2406240-S,TBA,"→ 写为 NULL（raw_text 保留原值 ""TBA""）"
3541,CN2406241-A,TBA,"→ 写为 NULL（raw_text 保留原值 ""TBA""）"
3542,CN2406242-A,TBA,"→ 写为 NULL（raw_text 保留原值 ""TBA""）"
3543,CN2406243-A,TBA,"→ 写为 NULL（raw_text 保留原值 ""TBA""）"
3544,CN2406244-A,TBA,"→ 写为 NULL（raw_text 保留原值 ""TBA""）"
3545,CN2406245-A,TBA,"→ 写为 NULL（raw_text 保留原值 ""TBA""）"
3546,CN2406246-A,TBA,"→ 写为 NULL（raw_text 保留原值 ""TBA""）"
3547,CN2406247-A1,TBA,"→ 写为 NULL（raw_text 保留原值 ""TBA""）"
3548,CN2406247-A2,TBA,"→ 写为 NULL（raw_text 保留原值 ""TBA""）"
3549,CN2406248-A,TBA,"→ 写为 NULL（raw_text 保留原值 ""TBA""）"
3550,CN2406249-A,TBA,"→ 写为 NULL（raw_text 保留原值 ""TBA""）"
3551,CN2406250-S,TBA,"→ 写为 NULL（raw_text 保留原值 ""TBA""）"
3552,CN2406251-A1,TBA,"→ 写为 NULL（raw_text 保留原值 ""TBA""）"
3553,CN2406251-A2,TBA,"→ 写为 NULL（raw_text 保留原值 ""TBA""）"
3554,CN2406252-A,TBA,"→ 写为 NULL（raw_text 保留原值 ""TBA""）"
3558,CN2406256-S,TBA,"→ 写为 NULL（raw_text 保留原值 ""TBA""）"
3559,CN2406257-S,TBA,"→ 写为 NULL（raw_text 保留原值 ""TBA""）"
3560,CN2406258-S,TBA,"→ 写为 NULL（raw_text 保留原值 ""TBA""）"
3561,CN2406259-S,TBA,"→ 写为 NULL（raw_text 保留原值 ""TBA""）"
3568,CN2406266-A,TBA,"→ 写为 NULL（raw_text 保留原值 ""TBA""）"
3569,CN2406267-A1,TBA,"→ 写为 NULL（raw_text 保留原值 ""TBA""）"
3570,CN2406267-A2,TBA,"→ 写为 NULL（raw_text 保留原值 ""TBA""）"
3572,CN2406269-A,TBA,"→ 写为 NULL（raw_text 保留原值 ""TBA""）"
3573,CN2406270-S1,TBA,"→ 写为 NULL（raw_text 保留原值 ""TBA""）"
3574,CN2406270-S2,TBA,"→ 写为 NULL（raw_text 保留原值 ""TBA""）"
3575,CN2406270-S3,TBA,"→ 写为 NULL（raw_text 保留原值 ""TBA""）"
3576,CN2406271-S,TBA,"→ 写为 NULL（raw_text 保留原值 ""TBA""）"
3577,CN2406272-A,TBA,"→ 写为 NULL（raw_text 保留原值 ""TBA""）"
3578,CN2406273-A,TBA,"→ 写为 NULL（raw_text 保留原值 ""TBA""）"
3579,CN2406274-A,TBA,"→ 写为 NULL（raw_text 保留原值 ""TBA""）"
3580,CN2406275-A,TBA,"→ 写为 NULL（raw_text 保留原值 ""TBA""）"
3581,CN2406276-A,TBA,"→ 写为 NULL（raw_text 保留原值 ""TBA""）"
3582,CN2406277-A1,TBA,"→ 写为 NULL（raw_text 保留原值 ""TBA""）"
3583,CN2406277-A2,TBA,"→ 写为 NULL（raw_text 保留原值 ""TBA""）"
3584,CN2406277-A3,TBA,"→ 写为 NULL（raw_text 保留原值 ""TBA""）"
3587,CN2406279-S,TBA,"→ 写为 NULL（raw_text 保留原值 ""TBA""）"
3588,CN2406280-S1,TBA,"→ 写为 NULL（raw_text 保留原值 ""TBA""）"
3589,CN2406280-S2,TBA,"→ 写为 NULL（raw_text 保留原值 ""TBA""）"
3590,CN2406280-S3,TBA,"→ 写为 NULL（raw_text 保留原值 ""TBA""）"
3591,CN2406281-S,TBA,"→ 写为 NULL（raw_text 保留原值 ""TBA""）"
3592,CN2406282-S,TBA,"→ 写为 NULL（raw_text 保留原值 ""TBA""）"
3593,CN2406283-S,TBA,"→ 写为 NULL（raw_text 保留原值 ""TBA""）"
3594,CN2406284-S,TBA,"→ 写为 NULL（raw_text 保留原值 ""TBA""）"
3595,CN2406285-S,TBA,"→ 写为 NULL（raw_text 保留原值 ""TBA""）"
3596,CN2406286-A,TBA,"→ 写为 NULL（raw_text 保留原值 ""TBA""）"
3597,CN2406287-A,TBA,"→ 写为 NULL（raw_text 保留原值 ""TBA""）"
3598,CN2406288-A,TBA,"→ 写为 NULL（raw_text 保留原值 ""TBA""）"
3599,CN2406289-A,TBA,"→ 写为 NULL（raw_text 保留原值 ""TBA""）"
3600,CN2406290-A,TBA,"→ 写为 NULL（raw_text 保留原值 ""TBA""）"
3601,CN2406291-A,TBA,"→ 写为 NULL（raw_text 保留原值 ""TBA""）"
3602,CN2406292-A,TBA,"→ 写为 NULL（raw_text 保留原值 ""TBA""）"
3604,CN2406294-A,TBA,"→ 写为 NULL（raw_text 保留原值 ""TBA""）"
3608,CN2406298-A,TBA,"→ 写为 NULL（raw_text 保留原值 ""TBA""）"
3610,CN2406300-A,TBA,"→ 写为 NULL（raw_text 保留原值 ""TBA""）"
3611,CN2406301-A,TBA,"→ 写为 NULL（raw_text 保留原值 ""TBA""）"
3612,CN2406302-S,TBA,"→ 写为 NULL（raw_text 保留原值 ""TBA""）"
3614,CN2406304-A,TBA,"→ 写为 NULL（raw_text 保留原值 ""TBA""）"
3615,CN2406305-A,TBA,"→ 写为 NULL（raw_text 保留原值 ""TBA""）"
3616,CN2406306-A,TBA,"→ 写为 NULL（raw_text 保留原值 ""TBA""）"
3617,CN2406307-A,TBA,"→ 写为 NULL（raw_text 保留原值 ""TBA""）"
3619,CN2406309-S,TBA,"→ 写为 NULL（raw_text 保留原值 ""TBA""）"
3620,CN2406310-S,TBA,"→ 写为 NULL（raw_text 保留原值 ""TBA""）"
3621,CN2406311-S,TBA,"→ 写为 NULL（raw_text 保留原值 ""TBA""）"
3622,CN2406312-S,TBA,"→ 写为 NULL（raw_text 保留原值 ""TBA""）"
3623,CN2406313-S,TBA,"→ 写为 NULL（raw_text 保留原值 ""TBA""）"
3624,CN2406314-S,TBA,"→ 写为 NULL（raw_text 保留原值 ""TBA""）"
3625,CN2406315-S,TBA,"→ 写为 NULL（raw_text 保留原值 ""TBA""）"
3626,CN2406316-S,TBA,"→ 写为 NULL（raw_text 保留原值 ""TBA""）"
3627,CN2406317-S,TBA,"→ 写为 NULL（raw_text 保留原值 ""TBA""）"
3628,CN2406318-S,TBA,"→ 写为 NULL（raw_text 保留原值 ""TBA""）"
3629,CN2406319-A,TBA,"→ 写为 NULL（raw_text 保留原值 ""TBA""）"
3630,CN2406320-A1,TBA,"→ 写为 NULL（raw_text 保留原值 ""TBA""）"
3631,CN2406320-A2,TBA,"→ 写为 NULL（raw_text 保留原值 ""TBA""）"
3632,CN2406321-A,TBA,"→ 写为 NULL（raw_text 保留原值 ""TBA""）"
3633,CN2406322-S,TBA,"→ 写为 NULL（raw_text 保留原值 ""TBA""）"
3634,CN2406323-A,TBA,"→ 写为 NULL（raw_text 保留原值 ""TBA""）"
3635,CN2406324-A1,TBA,"→ 写为 NULL（raw_text 保留原值 ""TBA""）"
3636,CN2406324-A2,TBA,"→ 写为 NULL（raw_text 保留原值 ""TBA""）"
3637,CN2406325-A,TBA,"→ 写为 NULL（raw_text 保留原值 ""TBA""）"
3638,CN2406326-A,TBA,"→ 写为 NULL（raw_text 保留原值 ""TBA""）"
3639,CN2406327-A,TBA,"→ 写为 NULL（raw_text 保留原值 ""TBA""）"
3640,CN2406328-A,TBA,"→ 写为 NULL（raw_text 保留原值 ""TBA""）"
3641,CN2406329-S,TBA,"→ 写为 NULL（raw_text 保留原值 ""TBA""）"
3642,CN2406330-S,TBA,"→ 写为 NULL（raw_text 保留原值 ""TBA""）"
3643,CN2406331-S,TBA,"→ 写为 NULL（raw_text 保留原值 ""TBA""）"
3644,CN2406332-S1,TBA,"→ 写为 NULL（raw_text 保留原值 ""TBA""）"
3645,CN2406332-S2,TBA,"→ 写为 NULL（raw_text 保留原值 ""TBA""）"
3646,CN2406333-R,TBA,"→ 写为 NULL（raw_text 保留原值 ""TBA""）"
3651,CN2406338-S1,TBA,"→ 写为 NULL（raw_text 保留原值 ""TBA""）"
3652,CN2406338-S2,TBA,"→ 写为 NULL（raw_text 保留原值 ""TBA""）"
3653,CN2406339-S,TBA,"→ 写为 NULL（raw_text 保留原值 ""TBA""）"
3654,CN2406340-A,TBA,"→ 写为 NULL（raw_text 保留原值 ""TBA""）"
3655,CN2406341-A,TBA,"→ 写为 NULL（raw_text 保留原值 ""TBA""）"
3656,CN2406342-A,TBA,"→ 写为 NULL（raw_text 保留原值 ""TBA""）"
3657,CN2406343-S,TBA,"→ 写为 NULL（raw_text 保留原值 ""TBA""）"
3658,CN2406344-S,TBA,"→ 写为 NULL（raw_text 保留原值 ""TBA""）"
3659,CN2406345-A,TBA,"→ 写为 NULL（raw_text 保留原值 ""TBA""）"
3660,CN2406346-A,TBA,"→ 写为 NULL（raw_text 保留原值 ""TBA""）"
3661,CN2406347-A,TBA,"→ 写为 NULL（raw_text 保留原值 ""TBA""）"
3662,CN2406348-A,TBA,"→ 写为 NULL（raw_text 保留原值 ""TBA""）"
3663,CN2406349-A,TBA,"→ 写为 NULL（raw_text 保留原值 ""TBA""）"
3664,CN2406350-A,TBA,"→ 写为 NULL（raw_text 保留原值 ""TBA""）"
3665,CN2406351-A,TBA,"→ 写为 NULL（raw_text 保留原值 ""TBA""）"
3666,CN2406352-A,TBA,"→ 写为 NULL（raw_text 保留原值 ""TBA""）"
3667,CN2406353-A,TBA,"→ 写为 NULL（raw_text 保留原值 ""TBA""）"
3668,CN2406354-A,TBA,"→ 写为 NULL（raw_text 保留原值 ""TBA""）"
3669,CN2406355-AS1,TBA,"→ 写为 NULL（raw_text 保留原值 ""TBA""）"
3670,CN2406355-AS2,TBA,"→ 写为 NULL（raw_text 保留原值 ""TBA""）"
3671,CN2406355-AS3,TBA,"→ 写为 NULL（raw_text 保留原值 ""TBA""）"
3672,CN2406356-S,TBA,"→ 写为 NULL（raw_text 保留原值 ""TBA""）"
3674,CN2406358-S,TBA,"→ 写为 NULL（raw_text 保留原值 ""TBA""）"
3675,CN2406359-S,TBA,"→ 写为 NULL（raw_text 保留原值 ""TBA""）"
3676,CN2406360-S,TBA,"→ 写为 NULL（raw_text 保留原值 ""TBA""）"
3682,CN2406365-S,TBA,"→ 写为 NULL（raw_text 保留原值 ""TBA""）"
3688,CN2406371-A,TBA,"→ 写为 NULL（raw_text 保留原值 ""TBA""）"
3689,CN2406372-A,TBA,"→ 写为 NULL（raw_text 保留原值 ""TBA""）"
3690,CN2406373-A,TBA,"→ 写为 NULL（raw_text 保留原值 ""TBA""）"
3691,CN2406374-A,TBA,"→ 写为 NULL（raw_text 保留原值 ""TBA""）"
3692,CN2406375-A,TBA,"→ 写为 NULL（raw_text 保留原值 ""TBA""）"
3693,CN2406376-A,TBA,"→ 写为 NULL（raw_text 保留原值 ""TBA""）"
3694,CN2406377-A,TBA,"→ 写为 NULL（raw_text 保留原值 ""TBA""）"
3695,CN2406378-A,TBA,"→ 写为 NULL（raw_text 保留原值 ""TBA""）"
3696,CN2406379-S,TBA,"→ 写为 NULL（raw_text 保留原值 ""TBA""）"
3701,CN2406384-S,TBA,"→ 写为 NULL（raw_text 保留原值 ""TBA""）"
3703,CN2406386-S,TBA,"→ 写为 NULL（raw_text 保留原值 ""TBA""）"
3705,CN2406388-S,TBA,"→ 写为 NULL（raw_text 保留原值 ""TBA""）"
3706,CN2406389-S,TBA,"→ 写为 NULL（raw_text 保留原值 ""TBA""）"
3707,CN2406390-S,TBA,"→ 写为 NULL（raw_text 保留原值 ""TBA""）"
3708,CN2406391-S,TBA,"→ 写为 NULL（raw_text 保留原值 ""TBA""）"
3709,CN2406392-S,TBA,"→ 写为 NULL（raw_text 保留原值 ""TBA""）"
3711,CN2406394-S,TBA,"→ 写为 NULL（raw_text 保留原值 ""TBA""）"
3715,CN2406397-A,TBA,"→ 写为 NULL（raw_text 保留原值 ""TBA""）"
3717,CN2406399-S,TBA,"→ 写为 NULL（raw_text 保留原值 ""TBA""）"
3718,CN2406400-A,TBA,"→ 写为 NULL（raw_text 保留原值 ""TBA""）"
3719,CN2406401-A,TBA,"→ 写为 NULL（raw_text 保留原值 ""TBA""）"
3720,CN2406402-A,TBA,"→ 写为 NULL（raw_text 保留原值 ""TBA""）"
3721,CN2406403-A,TBA,"→ 写为 NULL（raw_text 保留原值 ""TBA""）"
3722,CN2406404-A,TBA,"→ 写为 NULL（raw_text 保留原值 ""TBA""）"
3723,CN2406405-A,TBA,"→ 写为 NULL（raw_text 保留原值 ""TBA""）"
3724,CN2406406-A,TBA,"→ 写为 NULL（raw_text 保留原值 ""TBA""）"
3725,CN2406407-A,TBA,"→ 写为 NULL（raw_text 保留原值 ""TBA""）"
3726,CN2406408-A,TBA,"→ 写为 NULL（raw_text 保留原值 ""TBA""）"
3727,CN2406409-A,TBA,"→ 写为 NULL（raw_text 保留原值 ""TBA""）"
3728,CN2406410-S,TBA,"→ 写为 NULL（raw_text 保留原值 ""TBA""）"
3729,CN2406411-S,TBA,"→ 写为 NULL（raw_text 保留原值 ""TBA""）"
3730,CN2406412-S,TBA,"→ 写为 NULL（raw_text 保留原值 ""TBA""）"
3731,CN2406413-S,TBA,"→ 写为 NULL（raw_text 保留原值 ""TBA""）"
3732,CN2406414-S1,TBA,"→ 写为 NULL（raw_text 保留原值 ""TBA""）"
3733,CN2406414-S2,TBA,"→ 写为 NULL（raw_text 保留原值 ""TBA""）"
3734,CN2406414-S3,TBA,"→ 写为 NULL（raw_text 保留原值 ""TBA""）"
3741,CN2406421-S,TBA,"→ 写为 NULL（raw_text 保留原值 ""TBA""）"
3744,CN2406424-A,TBA,"→ 写为 NULL（raw_text 保留原值 ""TBA""）"
3745,CN2406425-A,TBA,"→ 写为 NULL（raw_text 保留原值 ""TBA""）"
3747,CN2406427-S,TBA,"→ 写为 NULL（raw_text 保留原值 ""TBA""）"
3748,CN2406428-A,TBA,"→ 写为 NULL（raw_text 保留原值 ""TBA""）"
3749,CN2406429-A,TBA,"→ 写为 NULL（raw_text 保留原值 ""TBA""）"
3750,CN2406430-A,TBA,"→ 写为 NULL（raw_text 保留原值 ""TBA""）"
3751,CN2406431-A,TBA,"→ 写为 NULL（raw_text 保留原值 ""TBA""）"
3752,CN2406432-A,TBA,"→ 写为 NULL（raw_text 保留原值 ""TBA""）"
3753,CN2406433-A,TBA,"→ 写为 NULL（raw_text 保留原值 ""TBA""）"
3754,CN2406434-A,TBA,"→ 写为 NULL（raw_text 保留原值 ""TBA""）"
3755,CN2406435-A,TBA,"→ 写为 NULL（raw_text 保留原值 ""TBA""）"
3756,CN2406436-A,TBA,"→ 写为 NULL（raw_text 保留原值 ""TBA""）"
3757,CN2406437-A,TBA,"→ 写为 NULL（raw_text 保留原值 ""TBA""）"
3758,CN2406438-A,TBA,"→ 写为 NULL（raw_text 保留原值 ""TBA""）"
3759,CN2406439-A,TBA,"→ 写为 NULL（raw_text 保留原值 ""TBA""）"
3760,CN2406440-S,TBA,"→ 写为 NULL（raw_text 保留原值 ""TBA""）"
3761,CN2406441-A,TBA,"→ 写为 NULL（raw_text 保留原值 ""TBA""）"
3762,CN2406442-S,TBA,"→ 写为 NULL（raw_text 保留原值 ""TBA""）"
3763,CN2406443-S,TBA,"→ 写为 NULL（raw_text 保留原值 ""TBA""）"
3764,CN2406444-S,TBA,"→ 写为 NULL（raw_text 保留原值 ""TBA""）"
3765,CN2406445-S,TBA,"→ 写为 NULL（raw_text 保留原值 ""TBA""）"
3766,CN2406446-A,TBA,"→ 写为 NULL（raw_text 保留原值 ""TBA""）"
3767,CN2406447-S,TBA,"→ 写为 NULL（raw_text 保留原值 ""TBA""）"
3768,CN2406448-S,TBA,"→ 写为 NULL（raw_text 保留原值 ""TBA""）"
3769,CN2406449-S,TBA,"→ 写为 NULL（raw_text 保留原值 ""TBA""）"
3771,CN2406451-A,TBA,"→ 写为 NULL（raw_text 保留原值 ""TBA""）"
3773,CN2406453-A,TBA,"→ 写为 NULL（raw_text 保留原值 ""TBA""）"
3774,CN2406454-A,TBA,"→ 写为 NULL（raw_text 保留原值 ""TBA""）"
3780,CN2406460-S,TBA,"→ 写为 NULL（raw_text 保留原值 ""TBA""）"
3781,CN2406461-A,TBA,"→ 写为 NULL（raw_text 保留原值 ""TBA""）"
3782,CN2406462-S,TBA,"→ 写为 NULL（raw_text 保留原值 ""TBA""）"
3783,CN2406463-S,TBA,"→ 写为 NULL（raw_text 保留原值 ""TBA""）"
3787,CN2406465-S,TBA,"→ 写为 NULL（raw_text 保留原值 ""TBA""）"
3788,CN2406466-A,TBA,"→ 写为 NULL（raw_text 保留原值 ""TBA""）"
3789,CN2406467-A,TBA,"→ 写为 NULL（raw_text 保留原值 ""TBA""）"
3790,CN2406468-A,TBA,"→ 写为 NULL（raw_text 保留原值 ""TBA""）"
3791,CN2406469-A,TBA,"→ 写为 NULL（raw_text 保留原值 ""TBA""）"
3792,CN2406470-A,TBA,"→ 写为 NULL（raw_text 保留原值 ""TBA""）"
3793,CN2406471-A,TBA,"→ 写为 NULL（raw_text 保留原值 ""TBA""）"
3794,CN2406472-A,TBA,"→ 写为 NULL（raw_text 保留原值 ""TBA""）"
3795,CN2406473-S,TBA,"→ 写为 NULL（raw_text 保留原值 ""TBA""）"
3798,CN2406475-S,TBA,"→ 写为 NULL（raw_text 保留原值 ""TBA""）"
3799,CN2406476-S,TBA,"→ 写为 NULL（raw_text 保留原值 ""TBA""）"
3800,CN2406477-S,TBA,"→ 写为 NULL（raw_text 保留原值 ""TBA""）"
3801,CN2406478-S,TBA,"→ 写为 NULL（raw_text 保留原值 ""TBA""）"
3802,CN2406479-S,TBA,"→ 写为 NULL（raw_text 保留原值 ""TBA""）"
3803,CN2406480-S,TBA,"→ 写为 NULL（raw_text 保留原值 ""TBA""）"
3805,CN2406482-S,TBA,"→ 写为 NULL（raw_text 保留原值 ""TBA""）"
3806,CN2406483-S1,TBA,"→ 写为 NULL（raw_text 保留原值 ""TBA""）"
3807,CN2406483-S2,TBA,"→ 写为 NULL（raw_text 保留原值 ""TBA""）"
3809,CN2406485-S1,TBA,"→ 写为 NULL（raw_text 保留原值 ""TBA""）"
3810,CN2406485-S2,TBA,"→ 写为 NULL（raw_text 保留原值 ""TBA""）"
3812,CN2406487-A,TBA,"→ 写为 NULL（raw_text 保留原值 ""TBA""）"
3813,CN2406488-A,TBA,"→ 写为 NULL（raw_text 保留原值 ""TBA""）"
3814,CN2406489-A,TBA,"→ 写为 NULL（raw_text 保留原值 ""TBA""）"
3815,CN2406490-A,TBA,"→ 写为 NULL（raw_text 保留原值 ""TBA""）"
3816,CN2406491-A,TBA,"→ 写为 NULL（raw_text 保留原值 ""TBA""）"
3817,CN2406492-A,TBA,"→ 写为 NULL（raw_text 保留原值 ""TBA""）"
3818,CN2406493-A,TBA,"→ 写为 NULL（raw_text 保留原值 ""TBA""）"
3819,CN2406494-A,TBA,"→ 写为 NULL（raw_text 保留原值 ""TBA""）"
3820,CN2406495-A,TBA,"→ 写为 NULL（raw_text 保留原值 ""TBA""）"
3821,CN2406496-A,TBA,"→ 写为 NULL（raw_text 保留原值 ""TBA""）"
3822,CN2406497-S,TBA,"→ 写为 NULL（raw_text 保留原值 ""TBA""）"
3824,CN2406499-S1,TBA,"→ 写为 NULL（raw_text 保留原值 ""TBA""）"
3825,CN2406499-S2,TBA,"→ 写为 NULL（raw_text 保留原值 ""TBA""）"
3828,CN2406502-S,TBA,"→ 写为 NULL（raw_text 保留原值 ""TBA""）"
3830,CN2406504-S,TBA,"→ 写为 NULL（raw_text 保留原值 ""TBA""）"
3832,CN2406506-S,TBA,"→ 写为 NULL（raw_text 保留原值 ""TBA""）"
3833,CN2406507-S,TBA,"→ 写为 NULL（raw_text 保留原值 ""TBA""）"
3834,CN2406508-A,TBA,"→ 写为 NULL（raw_text 保留原值 ""TBA""）"
3837,CN2406510-A,TBA,"→ 写为 NULL（raw_text 保留原值 ""TBA""）"
3838,CN2406511-S,TBA,"→ 写为 NULL（raw_text 保留原值 ""TBA""）"
3839,CN2406512-A,TBA,"→ 写为 NULL（raw_text 保留原值 ""TBA""）"
3842,CN2406515-A,TBA,"→ 写为 NULL（raw_text 保留原值 ""TBA""）"
3843,CN2406516-A,TBA,"→ 写为 NULL（raw_text 保留原值 ""TBA""）"
3844,CN2406517-A,TBA,"→ 写为 NULL（raw_text 保留原值 ""TBA""）"
3845,CN2406518-A,TBA,"→ 写为 NULL（raw_text 保留原值 ""TBA""）"
3846,CN2406519-A,TBA,"→ 写为 NULL（raw_text 保留原值 ""TBA""）"
3847,CN2406520-A,TBA,"→ 写为 NULL（raw_text 保留原值 ""TBA""）"
3848,CN2406521-S,TBA,"→ 写为 NULL（raw_text 保留原值 ""TBA""）"
3849,CN2406522-S,TBA,"→ 写为 NULL（raw_text 保留原值 ""TBA""）"
3850,CN2406523-S,TBA,"→ 写为 NULL（raw_text 保留原值 ""TBA""）"
3852,CN2406525-S,TBA,"→ 写为 NULL（raw_text 保留原值 ""TBA""）"
3853,CN2406526-S,TBA,"→ 写为 NULL（raw_text 保留原值 ""TBA""）"
3856,CN2406529-A,TBA,"→ 写为 NULL（raw_text 保留原值 ""TBA""）"
3857,CN2406530-A,TBA,"→ 写为 NULL（raw_text 保留原值 ""TBA""）"
3858,CN2406531-A,TBA,"→ 写为 NULL（raw_text 保留原值 ""TBA""）"
3860,CN2406533-S,TBA,"→ 写为 NULL（raw_text 保留原值 ""TBA""）"
3861,CN2406534-A,TBA,"→ 写为 NULL（raw_text 保留原值 ""TBA""）"
3862,CN2406535-A,TBA,"→ 写为 NULL（raw_text 保留原值 ""TBA""）"
3863,CN2406536-A,TBA,"→ 写为 NULL（raw_text 保留原值 ""TBA""）"
3864,CN2406537-S,TBA,"→ 写为 NULL（raw_text 保留原值 ""TBA""）"
3865,CN2406538-S,TBA,"→ 写为 NULL（raw_text 保留原值 ""TBA""）"
3866,CN2406539-S1,TBA,"→ 写为 NULL（raw_text 保留原值 ""TBA""）"
3867,CN2406539-S2,TBA,"→ 写为 NULL（raw_text 保留原值 ""TBA""）"
3868,CN2406539-S3,TBA,"→ 写为 NULL（raw_text 保留原值 ""TBA""）"
3869,CN2406539-S4,TBA,"→ 写为 NULL（raw_text 保留原值 ""TBA""）"
3870,CN2406540-A,TBA,"→ 写为 NULL（raw_text 保留原值 ""TBA""）"
3871,CN2406541-A,TBA,"→ 写为 NULL（raw_text 保留原值 ""TBA""）"
3872,CN2406542-A,TBA,"→ 写为 NULL（raw_text 保留原值 ""TBA""）"
3873,CN2406543-A,TBA,"→ 写为 NULL（raw_text 保留原值 ""TBA""）"
3876,CN2406545-A,TBA,"→ 写为 NULL（raw_text 保留原值 ""TBA""）"
3877,CN2406546-S,TBA,"→ 写为 NULL（raw_text 保留原值 ""TBA""）"
3880,CN2406549-A,TBA,"→ 写为 NULL（raw_text 保留原值 ""TBA""）"
3881,CN2406550-A,TBA,"→ 写为 NULL（raw_text 保留原值 ""TBA""）"
3882,CN2406551-A,TBA,"→ 写为 NULL（raw_text 保留原值 ""TBA""）"
3884,CN2406553-A,TBA,"→ 写为 NULL（raw_text 保留原值 ""TBA""）"
3885,CN2406554-A,TBA,"→ 写为 NULL（raw_text 保留原值 ""TBA""）"
3886,CN2406555-A,TBA,"→ 写为 NULL（raw_text 保留原值 ""TBA""）"
3887,CN2406556-A,TBA,"→ 写为 NULL（raw_text 保留原值 ""TBA""）"
3888,CN2406557-A,TBA,"→ 写为 NULL（raw_text 保留原值 ""TBA""）"
3889,CN2406558-A,TBA,"→ 写为 NULL（raw_text 保留原值 ""TBA""）"
3890,CN2406559-A,TBA,"→ 写为 NULL（raw_text 保留原值 ""TBA""）"
3891,CN2406560-A,TBA,"→ 写为 NULL（raw_text 保留原值 ""TBA""）"
3892,CN2406561-A,TBA,"→ 写为 NULL（raw_text 保留原值 ""TBA""）"
3893,CN2407001-A,TBA,"→ 写为 NULL（raw_text 保留原值 ""TBA""）"
3894,CN2407002-A,TBA,"→ 写为 NULL（raw_text 保留原值 ""TBA""）"
3895,CN2407003-A,TBA,"→ 写为 NULL（raw_text 保留原值 ""TBA""）"
3896,CN2407004-A,TBA,"→ 写为 NULL（raw_text 保留原值 ""TBA""）"
3897,CN2407005-A,TBA,"→ 写为 NULL（raw_text 保留原值 ""TBA""）"
3898,CN2407006-A,TBA,"→ 写为 NULL（raw_text 保留原值 ""TBA""）"
3899,CN2407007-A,TBA,"→ 写为 NULL（raw_text 保留原值 ""TBA""）"
3900,CN2407008-A,TBA,"→ 写为 NULL（raw_text 保留原值 ""TBA""）"
3901,CN2407009-A1,TBA,"→ 写为 NULL（raw_text 保留原值 ""TBA""）"
3902,CN2407010-A,TBA,"→ 写为 NULL（raw_text 保留原值 ""TBA""）"
3903,CN2407011-A,TBA,"→ 写为 NULL（raw_text 保留原值 ""TBA""）"
3904,CN2407012-A,TBA,"→ 写为 NULL（raw_text 保留原值 ""TBA""）"
3905,CN2407013-A,TBA,"→ 写为 NULL（raw_text 保留原值 ""TBA""）"
3906,CN2407014-A,TBA,"→ 写为 NULL（raw_text 保留原值 ""TBA""）"
3907,CN2407015-A,TBA,"→ 写为 NULL（raw_text 保留原值 ""TBA""）"
3908,CN2407016-A,TBA,"→ 写为 NULL（raw_text 保留原值 ""TBA""）"
3909,CN2407017-A,TBA,"→ 写为 NULL（raw_text 保留原值 ""TBA""）"
3910,CN2407018-A,TBA,"→ 写为 NULL（raw_text 保留原值 ""TBA""）"
3911,CN2407019-AS,TBA,"→ 写为 NULL（raw_text 保留原值 ""TBA""）"
3912,CN2407019-AS1,TBA,"→ 写为 NULL（raw_text 保留原值 ""TBA""）"
3913,CN2407020-A,TBA,"→ 写为 NULL（raw_text 保留原值 ""TBA""）"
3914,CN2407021-A,TBA,"→ 写为 NULL（raw_text 保留原值 ""TBA""）"
3915,CN2407022-A,TBA,"→ 写为 NULL（raw_text 保留原值 ""TBA""）"
3916,CN2407023-A,TBA,"→ 写为 NULL（raw_text 保留原值 ""TBA""）"
3917,CN2407024-S,TBA,"→ 写为 NULL（raw_text 保留原值 ""TBA""）"
3918,CN2407025-S,TBA,"→ 写为 NULL（raw_text 保留原值 ""TBA""）"
3919,CN2407026-S,TBA,"→ 写为 NULL（raw_text 保留原值 ""TBA""）"
3920,CN2407027-S,TBA,"→ 写为 NULL（raw_text 保留原值 ""TBA""）"
3921,CN2407028-S,TBA,"→ 写为 NULL（raw_text 保留原值 ""TBA""）"
3923,CN2407030-S,TBA,"→ 写为 NULL（raw_text 保留原值 ""TBA""）"
3925,CN2407032-S,TBA,"→ 写为 NULL（raw_text 保留原值 ""TBA""）"
3926,CN2407033-S,TBA,"→ 写为 NULL（raw_text 保留原值 ""TBA""）"
3928,CN2407035-S,TBA,"→ 写为 NULL（raw_text 保留原值 ""TBA""）"
3931,CN2407038-S,TBA,"→ 写为 NULL（raw_text 保留原值 ""TBA""）"
3933,CN2407040-AS,TBA,"→ 写为 NULL（raw_text 保留原值 ""TBA""）"
3934,CN2407040-AS1,TBA,"→ 写为 NULL（raw_text 保留原值 ""TBA""）"
3936,CN2407041-S,TBA,"→ 写为 NULL（raw_text 保留原值 ""TBA""）"
3937,CN2407042-S1,TBA,"→ 写为 NULL（raw_text 保留原值 ""TBA""）"
3938,CN2407042-S2,TBA,"→ 写为 NULL（raw_text 保留原值 ""TBA""）"
3939,CN2407043-S,TBA,"→ 写为 NULL（raw_text 保留原值 ""TBA""）"
3941,CN2407045-S,TBA,"→ 写为 NULL（raw_text 保留原值 ""TBA""）"
3942,CN2407046-S,TBA,"→ 写为 NULL（raw_text 保留原值 ""TBA""）"
3946,CN2407050-A,TBA,"→ 写为 NULL（raw_text 保留原值 ""TBA""）"
3947,CN2407051-A,TBA,"→ 写为 NULL（raw_text 保留原值 ""TBA""）"
3948,CN2407052-A,TBA,"→ 写为 NULL（raw_text 保留原值 ""TBA""）"
3949,CN2407053-AS,TBA,"→ 写为 NULL（raw_text 保留原值 ""TBA""）"
3950,CN2407053-AS1,TBA,"→ 写为 NULL（raw_text 保留原值 ""TBA""）"
3951,CN2407054-A1,TBA,"→ 写为 NULL（raw_text 保留原值 ""TBA""）"
3952,CN2407054-A2,TBA,"→ 写为 NULL（raw_text 保留原值 ""TBA""）"
3953,CN2407055-S,TBA,"→ 写为 NULL（raw_text 保留原值 ""TBA""）"
3954,CN2407056-S,TBA,"→ 写为 NULL（raw_text 保留原值 ""TBA""）"
3955,CN2407057-S,TBA,"→ 写为 NULL（raw_text 保留原值 ""TBA""）"
3957,CN2407059-S,TBA,"→ 写为 NULL（raw_text 保留原值 ""TBA""）"
3959,CN2407061-S,TBA,"→ 写为 NULL（raw_text 保留原值 ""TBA""）"
3961,CN2407063-A,TBA,"→ 写为 NULL（raw_text 保留原值 ""TBA""）"
3962,CN2407064-A,TBA,"→ 写为 NULL（raw_text 保留原值 ""TBA""）"
3963,CN2407065-A,TBA,"→ 写为 NULL（raw_text 保留原值 ""TBA""）"
3965,CN2407067-S,TBA,"→ 写为 NULL（raw_text 保留原值 ""TBA""）"
3967,CN2407069-S,TBA,"→ 写为 NULL（raw_text 保留原值 ""TBA""）"
3968,CN2407070-S1,TBA,"→ 写为 NULL（raw_text 保留原值 ""TBA""）"
3969,CN2407070-S2,TBA,"→ 写为 NULL（raw_text 保留原值 ""TBA""）"
3970,CN2407070-S3,TBA,"→ 写为 NULL（raw_text 保留原值 ""TBA""）"
3971,CN2407070-S4,TBA,"→ 写为 NULL（raw_text 保留原值 ""TBA""）"
3972,CN2407070-S5,TBA,"→ 写为 NULL（raw_text 保留原值 ""TBA""）"
3973,CN2407071-S1,TBA,"→ 写为 NULL（raw_text 保留原值 ""TBA""）"
3974,CN2407071-S2,TBA,"→ 写为 NULL（raw_text 保留原值 ""TBA""）"
3975,CN2407072-S,TBA,"→ 写为 NULL（raw_text 保留原值 ""TBA""）"
3981,CN2407078-A,TBA,"→ 写为 NULL（raw_text 保留原值 ""TBA""）"
3982,CN2407079-A,TBA,"→ 写为 NULL（raw_text 保留原值 ""TBA""）"
3983,CN2407080-A,TBA,"→ 写为 NULL（raw_text 保留原值 ""TBA""）"
3985,CN2407082-A,TBA,"→ 写为 NULL（raw_text 保留原值 ""TBA""）"
3986,CN2407083-A,TBA,"→ 写为 NULL（raw_text 保留原值 ""TBA""）"
3987,CN2407084-AS,TBA,"→ 写为 NULL（raw_text 保留原值 ""TBA""）"
3988,CN2407084-AS1,TBA,"→ 写为 NULL（raw_text 保留原值 ""TBA""）"
3989,CN2407085-S,TBA,"→ 写为 NULL（raw_text 保留原值 ""TBA""）"
3990,CN2407086-S,TBA,"→ 写为 NULL（raw_text 保留原值 ""TBA""）"
3991,CN2407087-S1,TBA,"→ 写为 NULL（raw_text 保留原值 ""TBA""）"
3992,CN2407087-S2,TBA,"→ 写为 NULL（raw_text 保留原值 ""TBA""）"
3996,CN2407091-S,TBA,"→ 写为 NULL（raw_text 保留原值 ""TBA""）"
3997,CN2407092-S,TBA,"→ 写为 NULL（raw_text 保留原值 ""TBA""）"
4001,CN2407096-S,TBA,"→ 写为 NULL（raw_text 保留原值 ""TBA""）"
4002,CN2407097-S,TBA,"→ 写为 NULL（raw_text 保留原值 ""TBA""）"
4003,CN2407098-A,TBA,"→ 写为 NULL（raw_text 保留原值 ""TBA""）"
4004,CN2407099-A,TBA,"→ 写为 NULL（raw_text 保留原值 ""TBA""）"
4005,CN2407100-A,TBA,"→ 写为 NULL（raw_text 保留原值 ""TBA""）"
4006,CN2407101-A,TBA,"→ 写为 NULL（raw_text 保留原值 ""TBA""）"
4007,CN2407102-A,TBA,"→ 写为 NULL（raw_text 保留原值 ""TBA""）"
4008,CN2407103-A,TBA,"→ 写为 NULL（raw_text 保留原值 ""TBA""）"
4009,CN2407104-A,TBA,"→ 写为 NULL（raw_text 保留原值 ""TBA""）"
4010,CN2407105-A,TBA,"→ 写为 NULL（raw_text 保留原值 ""TBA""）"
4011,CN2407106-A,TBA,"→ 写为 NULL（raw_text 保留原值 ""TBA""）"
4012,CN2407107-A,TBA,"→ 写为 NULL（raw_text 保留原值 ""TBA""）"
4013,CN2407108-A,TBA,"→ 写为 NULL（raw_text 保留原值 ""TBA""）"
4014,CN2407109-A,TBA,"→ 写为 NULL（raw_text 保留原值 ""TBA""）"
4015,CN2407110-A,TBA,"→ 写为 NULL（raw_text 保留原值 ""TBA""）"
4016,CN2407111-A,TBA,"→ 写为 NULL（raw_text 保留原值 ""TBA""）"
4017,CN2407112-A,TBA,"→ 写为 NULL（raw_text 保留原值 ""TBA""）"
4018,CN2407113-A,TBA,"→ 写为 NULL（raw_text 保留原值 ""TBA""）"
4019,CN2407114-A,TBA,"→ 写为 NULL（raw_text 保留原值 ""TBA""）"
4020,CN2407115-A1,TBA,"→ 写为 NULL（raw_text 保留原值 ""TBA""）"
4021,CN2407115-A2,TBA,"→ 写为 NULL（raw_text 保留原值 ""TBA""）"
4022,CN2407116-A,TBA,"→ 写为 NULL（raw_text 保留原值 ""TBA""）"
4025,CN2407119-S,TBA,"→ 写为 NULL（raw_text 保留原值 ""TBA""）"
4026,CN2407120-S,TBA,"→ 写为 NULL（raw_text 保留原值 ""TBA""）"
4027,CN2407121-S,TBA,"→ 写为 NULL（raw_text 保留原值 ""TBA""）"
4029,CN2407123-S,TBA,"→ 写为 NULL（raw_text 保留原值 ""TBA""）"
4031,CN2407125-S,TBA,"→ 写为 NULL（raw_text 保留原值 ""TBA""）"
4032,CN2407126-S1,TBA,"→ 写为 NULL（raw_text 保留原值 ""TBA""）"
4033,CN2407126-S2,TBA,"→ 写为 NULL（raw_text 保留原值 ""TBA""）"
4034,CN2407126-S3,TBA,"→ 写为 NULL（raw_text 保留原值 ""TBA""）"
4037,CN2407129-S,TBA,"→ 写为 NULL（raw_text 保留原值 ""TBA""）"
4038,CN2407130-A,TBA,"→ 写为 NULL（raw_text 保留原值 ""TBA""）"
4039,CN2407131-AS,TBA,"→ 写为 NULL（raw_text 保留原值 ""TBA""）"
4040,CN2407131-AS1,TBA,"→ 写为 NULL（raw_text 保留原值 ""TBA""）"
4041,CN2407132-S,TBA,"→ 写为 NULL（raw_text 保留原值 ""TBA""）"
4042,CN2407133-S,TBA,"→ 写为 NULL（raw_text 保留原值 ""TBA""）"
4043,CN2407134-A,TBA,"→ 写为 NULL（raw_text 保留原值 ""TBA""）"
4044,CN2407135-A,TBA,"→ 写为 NULL（raw_text 保留原值 ""TBA""）"
4045,CN2407136-A,TBA,"→ 写为 NULL（raw_text 保留原值 ""TBA""）"
4046,CN2407137-A,TBA,"→ 写为 NULL（raw_text 保留原值 ""TBA""）"
4047,CN2407138-A,TBA,"→ 写为 NULL（raw_text 保留原值 ""TBA""）"
4051,CN2407141-A,TBA,"→ 写为 NULL（raw_text 保留原值 ""TBA""）"
4052,CN2407142-A,TBA,"→ 写为 NULL（raw_text 保留原值 ""TBA""）"
4053,CN2407143-S,TBA,"→ 写为 NULL（raw_text 保留原值 ""TBA""）"
4055,CN2407145-S,TBA,"→ 写为 NULL（raw_text 保留原值 ""TBA""）"
4057,CN2407147-S,TBA,"→ 写为 NULL（raw_text 保留原值 ""TBA""）"
4058,CN2407148-S,TBA,"→ 写为 NULL（raw_text 保留原值 ""TBA""）"
4059,CN2407149-S1,TBA,"→ 写为 NULL（raw_text 保留原值 ""TBA""）"
4064,CN2407153-A,TBA,"→ 写为 NULL（raw_text 保留原值 ""TBA""）"
4066,CN2407155-S,TBA,"→ 写为 NULL（raw_text 保留原值 ""TBA""）"
4067,CN2407156-A,TBA,"→ 写为 NULL（raw_text 保留原值 ""TBA""）"
4069,CN2407158-S,TBA,"→ 写为 NULL（raw_text 保留原值 ""TBA""）"
4071,CN2407160-A,TBA,"→ 写为 NULL（raw_text 保留原值 ""TBA""）"
4072,CN2407161-A,TBA,"→ 写为 NULL（raw_text 保留原值 ""TBA""）"
4073,CN2407162-A,TBA,"→ 写为 NULL（raw_text 保留原值 ""TBA""）"
4074,CN2407163-A,TBA,"→ 写为 NULL（raw_text 保留原值 ""TBA""）"
4075,CN2407164-A,TBA,"→ 写为 NULL（raw_text 保留原值 ""TBA""）"
4076,CN2407165-A,TBA,"→ 写为 NULL（raw_text 保留原值 ""TBA""）"
4078,CN2407167-A,TBA,"→ 写为 NULL（raw_text 保留原值 ""TBA""）"
4081,CN2407170-S,TBA,"→ 写为 NULL（raw_text 保留原值 ""TBA""）"
4082,CN2407171-S,TBA,"→ 写为 NULL（raw_text 保留原值 ""TBA""）"
4083,CN2407172-S,TBA,"→ 写为 NULL（raw_text 保留原值 ""TBA""）"
4087,CN2407176-S1,TBA,"→ 写为 NULL（raw_text 保留原值 ""TBA""）"
4088,CN2407176-S2,TBA,"→ 写为 NULL（raw_text 保留原值 ""TBA""）"
4090,CN2407178-S,TBA,"→ 写为 NULL（raw_text 保留原值 ""TBA""）"
4093,CN2407180-S1,TBA,"→ 写为 NULL（raw_text 保留原值 ""TBA""）"
4094,CN2407180-S2,TBA,"→ 写为 NULL（raw_text 保留原值 ""TBA""）"
4095,CN2407180-S3,TBA,"→ 写为 NULL（raw_text 保留原值 ""TBA""）"
4096,CN2407180-S4,TBA,"→ 写为 NULL（raw_text 保留原值 ""TBA""）"
4097,CN2407180-S5,TBA,"→ 写为 NULL（raw_text 保留原值 ""TBA""）"
4099,CN2407182-S,TBA,"→ 写为 NULL（raw_text 保留原值 ""TBA""）"
4100,CN2407183-A,TBA,"→ 写为 NULL（raw_text 保留原值 ""TBA""）"
4101,CN2407184-R,TBA,"→ 写为 NULL（raw_text 保留原值 ""TBA""）"
4102,CN2407185-A,TBA,"→ 写为 NULL（raw_text 保留原值 ""TBA""）"
4103,CN2407186-S,TBA,"→ 写为 NULL（raw_text 保留原值 ""TBA""）"
4104,CN2407187-A,TBA,"→ 写为 NULL（raw_text 保留原值 ""TBA""）"
4105,CN2407188-S,TBA,"→ 写为 NULL（raw_text 保留原值 ""TBA""）"
4106,CN2407189-A,TBA,"→ 写为 NULL（raw_text 保留原值 ""TBA""）"
4107,CN2407190-A,TBA,"→ 写为 NULL（raw_text 保留原值 ""TBA""）"
4108,CN2407191-A,TBA,"→ 写为 NULL（raw_text 保留原值 ""TBA""）"
4109,CN2407192-A,TBA,"→ 写为 NULL（raw_text 保留原值 ""TBA""）"
4110,CN2407193-S,TBA,"→ 写为 NULL（raw_text 保留原值 ""TBA""）"
4111,CN2407194-A,TBA,"→ 写为 NULL（raw_text 保留原值 ""TBA""）"
4114,CN2407197-A,TBA,"→ 写为 NULL（raw_text 保留原值 ""TBA""）"
4115,CN2407198-A,TBA,"→ 写为 NULL（raw_text 保留原值 ""TBA""）"
4116,CN2407199-A,TBA,"→ 写为 NULL（raw_text 保留原值 ""TBA""）"
4117,CN2407200-A,TBA,"→ 写为 NULL（raw_text 保留原值 ""TBA""）"
4118,CN2407201-A,TBA,"→ 写为 NULL（raw_text 保留原值 ""TBA""）"
4119,CN2407202-A,TBA,"→ 写为 NULL（raw_text 保留原值 ""TBA""）"
4120,CN2407203-S,TBA,"→ 写为 NULL（raw_text 保留原值 ""TBA""）"
4122,CN2407205-S,TBA,"→ 写为 NULL（raw_text 保留原值 ""TBA""）"
4123,CN2407206-S,TBA,"→ 写为 NULL（raw_text 保留原值 ""TBA""）"
4124,CN2407207-A,TBA,"→ 写为 NULL（raw_text 保留原值 ""TBA""）"
4125,CN2407208-S,TBA,"→ 写为 NULL（raw_text 保留原值 ""TBA""）"
4126,CN2407209-A,TBA,"→ 写为 NULL（raw_text 保留原值 ""TBA""）"
4127,CN2407210-A,TBA,"→ 写为 NULL（raw_text 保留原值 ""TBA""）"
4128,CN2407211-A,TBA,"→ 写为 NULL（raw_text 保留原值 ""TBA""）"
4129,CN2407212-A,TBA,"→ 写为 NULL（raw_text 保留原值 ""TBA""）"
4130,CN2407213-A,TBA,"→ 写为 NULL（raw_text 保留原值 ""TBA""）"
4131,CN2407214-A,TBA,"→ 写为 NULL（raw_text 保留原值 ""TBA""）"
4133,CN2407216-S,TBA,"→ 写为 NULL（raw_text 保留原值 ""TBA""）"
4134,CN2407217-A,TBA,"→ 写为 NULL（raw_text 保留原值 ""TBA""）"
4135,CN2407218-A,TBA,"→ 写为 NULL（raw_text 保留原值 ""TBA""）"
4136,CN2407219-A,TBA,"→ 写为 NULL（raw_text 保留原值 ""TBA""）"
4137,CN2407220-A,TBA,"→ 写为 NULL（raw_text 保留原值 ""TBA""）"
4138,CN2407221-A,TBA,"→ 写为 NULL（raw_text 保留原值 ""TBA""）"
4139,CN2407222-A,TBA,"→ 写为 NULL（raw_text 保留原值 ""TBA""）"
4140,CN2407223-A,TBA,"→ 写为 NULL（raw_text 保留原值 ""TBA""）"
4141,CN2407224-A,TBA,"→ 写为 NULL（raw_text 保留原值 ""TBA""）"
4142,CN2407225-S,TBA,"→ 写为 NULL（raw_text 保留原值 ""TBA""）"
4143,CN2407226-S,TBA,"→ 写为 NULL（raw_text 保留原值 ""TBA""）"
4144,CN2407227-S,TBA,"→ 写为 NULL（raw_text 保留原值 ""TBA""）"
4147,CN2407229-S,TBA,"→ 写为 NULL（raw_text 保留原值 ""TBA""）"
4149,CN2407231-S,TBA,"→ 写为 NULL（raw_text 保留原值 ""TBA""）"
4152,CN2407234-A,TBA,"→ 写为 NULL（raw_text 保留原值 ""TBA""）"
4153,CN2407235-S,TBA,"→ 写为 NULL（raw_text 保留原值 ""TBA""）"
4156,CN2407238-A,TBA,"→ 写为 NULL（raw_text 保留原值 ""TBA""）"
4157,CN2407239-A,TBA,"→ 写为 NULL（raw_text 保留原值 ""TBA""）"
4158,CN2407240-S,TBA,"→ 写为 NULL（raw_text 保留原值 ""TBA""）"
4159,CN2407241-A,TBA,"→ 写为 NULL（raw_text 保留原值 ""TBA""）"
4160,CN2407242-A,TBA,"→ 写为 NULL（raw_text 保留原值 ""TBA""）"
4167,CN2407244-A,TBA,"→ 写为 NULL（raw_text 保留原值 ""TBA""）"
4168,CN2407245-AS,TBA,"→ 写为 NULL（raw_text 保留原值 ""TBA""）"
4169,CN2407245-AS1,TBA,"→ 写为 NULL（raw_text 保留原值 ""TBA""）"
4170,CN2407246-A,TBA,"→ 写为 NULL（raw_text 保留原值 ""TBA""）"
4172,CN2407248-S,TBA,"→ 写为 NULL（raw_text 保留原值 ""TBA""）"
4173,CN2407249-S,TBA,"→ 写为 NULL（raw_text 保留原值 ""TBA""）"
4174,CN2407250-AS,TBA,"→ 写为 NULL（raw_text 保留原值 ""TBA""）"
4175,CN2407250-AS1,TBA,"→ 写为 NULL（raw_text 保留原值 ""TBA""）"
4176,CN2407251-S,TBA,"→ 写为 NULL（raw_text 保留原值 ""TBA""）"
4177,CN2407252-S,TBA,"→ 写为 NULL（raw_text 保留原值 ""TBA""）"
4178,CN2407253-S,TBA,"→ 写为 NULL（raw_text 保留原值 ""TBA""）"
4181,CN2407256-S,TBA,"→ 写为 NULL（raw_text 保留原值 ""TBA""）"
4183,CN2407258-S,TBA,"→ 写为 NULL（raw_text 保留原值 ""TBA""）"
4184,CN2407259-S,TBA,"→ 写为 NULL（raw_text 保留原值 ""TBA""）"
4185,CN2407260-A,TBA,"→ 写为 NULL（raw_text 保留原值 ""TBA""）"
4186,CN2407261-A,TBA,"→ 写为 NULL（raw_text 保留原值 ""TBA""）"
4187,CN2407262-A,TBA,"→ 写为 NULL（raw_text 保留原值 ""TBA""）"
4188,CN2407263-A,TBA,"→ 写为 NULL（raw_text 保留原值 ""TBA""）"
4189,CN2407264-A,TBA,"→ 写为 NULL（raw_text 保留原值 ""TBA""）"
4191,CN2407266-A,TBA,"→ 写为 NULL（raw_text 保留原值 ""TBA""）"
4192,CN2407267-A,TBA,"→ 写为 NULL（raw_text 保留原值 ""TBA""）"
4193,CN2407268-S,TBA,"→ 写为 NULL（raw_text 保留原值 ""TBA""）"
4194,CN2407269-S,TBA,"→ 写为 NULL（raw_text 保留原值 ""TBA""）"
4195,CN2407270-S,TBA,"→ 写为 NULL（raw_text 保留原值 ""TBA""）"
4197,CN2407272-S,TBA,"→ 写为 NULL（raw_text 保留原值 ""TBA""）"
4199,CN2407274-S,TBA,"→ 写为 NULL（raw_text 保留原值 ""TBA""）"
4201,CN2407276-S,TBA,"→ 写为 NULL（raw_text 保留原值 ""TBA""）"
4202,CN2407277-A,TBA,"→ 写为 NULL（raw_text 保留原值 ""TBA""）"
4203,CN2407278-S,TBA,"→ 写为 NULL（raw_text 保留原值 ""TBA""）"
4204,CN2407279-A,TBA,"→ 写为 NULL（raw_text 保留原值 ""TBA""）"
4205,CN2407280-A,TBA,"→ 写为 NULL（raw_text 保留原值 ""TBA""）"
4206,CN2407281-S,TBA,"→ 写为 NULL（raw_text 保留原值 ""TBA""）"
4209,CN2407283-A1,TBA,"→ 写为 NULL（raw_text 保留原值 ""TBA""）"
4210,CN2407283-A2,TBA,"→ 写为 NULL（raw_text 保留原值 ""TBA""）"
4211,CN2407284-A,TBA,"→ 写为 NULL（raw_text 保留原值 ""TBA""）"
4212,CN2407285-A1,TBA,"→ 写为 NULL（raw_text 保留原值 ""TBA""）"
4213,CN2407285-A2,TBA,"→ 写为 NULL（raw_text 保留原值 ""TBA""）"
4214,CN2407286-A,TBA,"→ 写为 NULL（raw_text 保留原值 ""TBA""）"
4215,CN2407287-A,TBA,"→ 写为 NULL（raw_text 保留原值 ""TBA""）"
4216,CN2407288-A,TBA,"→ 写为 NULL（raw_text 保留原值 ""TBA""）"
4218,CN2407290-A,TBA,"→ 写为 NULL（raw_text 保留原值 ""TBA""）"
4220,CN2407292-S,TBA,"→ 写为 NULL（raw_text 保留原值 ""TBA""）"
4221,CN2407293-S,TBA,"→ 写为 NULL（raw_text 保留原值 ""TBA""）"
4222,CN2407294-S,TBA,"→ 写为 NULL（raw_text 保留原值 ""TBA""）"
4223,CN2407295-A,TBA,"→ 写为 NULL（raw_text 保留原值 ""TBA""）"
4224,CN2407296-S,TBA,"→ 写为 NULL（raw_text 保留原值 ""TBA""）"
4225,CN2407297-S,TBA,"→ 写为 NULL（raw_text 保留原值 ""TBA""）"
4226,CN2407298-R,TBA,"→ 写为 NULL（raw_text 保留原值 ""TBA""）"
4227,CN2407299-S,TBA,"→ 写为 NULL（raw_text 保留原值 ""TBA""）"
4228,CN2407300-S,TBA,"→ 写为 NULL（raw_text 保留原值 ""TBA""）"
4229,CN2407301-A,TBA,"→ 写为 NULL（raw_text 保留原值 ""TBA""）"
4230,CN2407302-A,TBA,"→ 写为 NULL（raw_text 保留原值 ""TBA""）"
4231,CN2407303-A1,TBA,"→ 写为 NULL（raw_text 保留原值 ""TBA""）"
4232,CN2407303-A2,TBA,"→ 写为 NULL（raw_text 保留原值 ""TBA""）"
4233,CN2407303-A3,TBA,"→ 写为 NULL（raw_text 保留原值 ""TBA""）"
4234,CN2407304-A,TBA,"→ 写为 NULL（raw_text 保留原值 ""TBA""）"
4235,CN2407305-A1,TBA,"→ 写为 NULL（raw_text 保留原值 ""TBA""）"
4236,CN2407305-A2,TBA,"→ 写为 NULL（raw_text 保留原值 ""TBA""）"
4237,CN2407306-A,TBA,"→ 写为 NULL（raw_text 保留原值 ""TBA""）"
4238,CN2407307-A,TBA,"→ 写为 NULL（raw_text 保留原值 ""TBA""）"
4239,CN2407308-A,TBA,"→ 写为 NULL（raw_text 保留原值 ""TBA""）"
4241,CN2407310-S,TBA,"→ 写为 NULL（raw_text 保留原值 ""TBA""）"
4243,CN2407312-S,TBA,"→ 写为 NULL（raw_text 保留原值 ""TBA""）"
4244,CN2407313-A,TBA,"→ 写为 NULL（raw_text 保留原值 ""TBA""）"
4245,CN2407314-A,TBA,"→ 写为 NULL（raw_text 保留原值 ""TBA""）"
4247,CN2407316-A,TBA,"→ 写为 NULL（raw_text 保留原值 ""TBA""）"
4248,CN2407317-A,TBA,"→ 写为 NULL（raw_text 保留原值 ""TBA""）"
4249,CN2407318-A,TBA,"→ 写为 NULL（raw_text 保留原值 ""TBA""）"
4250,CN2407319-A,TBA,"→ 写为 NULL（raw_text 保留原值 ""TBA""）"
4251,CN2407320-A,TBA,"→ 写为 NULL（raw_text 保留原值 ""TBA""）"
4252,CN2407321-A,TBA,"→ 写为 NULL（raw_text 保留原值 ""TBA""）"
4253,CN2407322-A,TBA,"→ 写为 NULL（raw_text 保留原值 ""TBA""）"
4254,CN2407323-A,TBA,"→ 写为 NULL（raw_text 保留原值 ""TBA""）"
4255,CN2407324-S,TBA,"→ 写为 NULL（raw_text 保留原值 ""TBA""）"
4256,CN2407325-S,TBA,"→ 写为 NULL（raw_text 保留原值 ""TBA""）"
4257,CN2407326-A,TBA,"→ 写为 NULL（raw_text 保留原值 ""TBA""）"
4258,CN2407327-A,TBA,"→ 写为 NULL（raw_text 保留原值 ""TBA""）"
4259,CN2407328-A,TBA,"→ 写为 NULL（raw_text 保留原值 ""TBA""）"
4260,CN2407329-S,TBA,"→ 写为 NULL（raw_text 保留原值 ""TBA""）"
4261,CN2407330-S,TBA,"→ 写为 NULL（raw_text 保留原值 ""TBA""）"
4262,CN2407331-S,TBA,"→ 写为 NULL（raw_text 保留原值 ""TBA""）"
4263,CN2407332-S,TBA,"→ 写为 NULL（raw_text 保留原值 ""TBA""）"
4264,CN2407333-S,TBA,"→ 写为 NULL（raw_text 保留原值 ""TBA""）"
4265,CN2407334-A,TBA,"→ 写为 NULL（raw_text 保留原值 ""TBA""）"
4269,CN2407338-A,TBA,"→ 写为 NULL（raw_text 保留原值 ""TBA""）"
4270,CN2407339-S,TBA,"→ 写为 NULL（raw_text 保留原值 ""TBA""）"
4272,CN2407341-S,TBA,"→ 写为 NULL（raw_text 保留原值 ""TBA""）"
4273,CN2407342-S,TBA,"→ 写为 NULL（raw_text 保留原值 ""TBA""）"
4274,CN2407343-S,TBA,"→ 写为 NULL（raw_text 保留原值 ""TBA""）"
4275,CN2407344-A,TBA,"→ 写为 NULL（raw_text 保留原值 ""TBA""）"
4276,CN2407345-A,TBA,"→ 写为 NULL（raw_text 保留原值 ""TBA""）"
4277,CN2407346-A,TBA,"→ 写为 NULL（raw_text 保留原值 ""TBA""）"
4278,CN2407347-A,TBA,"→ 写为 NULL（raw_text 保留原值 ""TBA""）"
4279,CN2407348-A,TBA,"→ 写为 NULL（raw_text 保留原值 ""TBA""）"
4280,CN2407349-A,TBA,"→ 写为 NULL（raw_text 保留原值 ""TBA""）"
4281,CN2407350-A,TBA,"→ 写为 NULL（raw_text 保留原值 ""TBA""）"
4283,CN2407352-A,TBA,"→ 写为 NULL（raw_text 保留原值 ""TBA""）"
4284,CN2407353-S,TBA,"→ 写为 NULL（raw_text 保留原值 ""TBA""）"
4288,CN2407357-S,TBA,"→ 写为 NULL（raw_text 保留原值 ""TBA""）"
4291,CN2407360-S,TBA,"→ 写为 NULL（raw_text 保留原值 ""TBA""）"
4295,CN2407364-A,TBA,"→ 写为 NULL（raw_text 保留原值 ""TBA""）"
4296,CN2407365-A,TBA,"→ 写为 NULL（raw_text 保留原值 ""TBA""）"
4297,CN2407366-A,TBA,"→ 写为 NULL（raw_text 保留原值 ""TBA""）"
4298,CN2407367-A,TBA,"→ 写为 NULL（raw_text 保留原值 ""TBA""）"
4300,CN2407369-S,TBA,"→ 写为 NULL（raw_text 保留原值 ""TBA""）"
4301,CN2407370-A,TBA,"→ 写为 NULL（raw_text 保留原值 ""TBA""）"
4302,CN2407371-A,TBA,"→ 写为 NULL（raw_text 保留原值 ""TBA""）"
4303,CN2407372-A,TBA,"→ 写为 NULL（raw_text 保留原值 ""TBA""）"
4304,CN2407373-A,TBA,"→ 写为 NULL（raw_text 保留原值 ""TBA""）"
4305,CN2407374-A,TBA,"→ 写为 NULL（raw_text 保留原值 ""TBA""）"
4306,CN2407375-A,TBA,"→ 写为 NULL（raw_text 保留原值 ""TBA""）"
4309,CN2407377-A,TBA,"→ 写为 NULL（raw_text 保留原值 ""TBA""）"
4310,CN2407378-A,TBA,"→ 写为 NULL（raw_text 保留原值 ""TBA""）"
4311,CN2407379-A,TBA,"→ 写为 NULL（raw_text 保留原值 ""TBA""）"
4312,CN2407380-S,TBA,"→ 写为 NULL（raw_text 保留原值 ""TBA""）"
4313,CN2407381-S,TBA,"→ 写为 NULL（raw_text 保留原值 ""TBA""）"
4314,CN2407382-S,TBA,"→ 写为 NULL（raw_text 保留原值 ""TBA""）"
4319,CN2407387-S,TBA,"→ 写为 NULL（raw_text 保留原值 ""TBA""）"
4321,CN2407389-S,TBA,"→ 写为 NULL（raw_text 保留原值 ""TBA""）"
4322,CN2407390-S,TBA,"→ 写为 NULL（raw_text 保留原值 ""TBA""）"
4323,CN2407391-A,TBA,"→ 写为 NULL（raw_text 保留原值 ""TBA""）"
4324,CN2407392-A,TBA,"→ 写为 NULL（raw_text 保留原值 ""TBA""）"
4325,CN2407393-S,TBA,"→ 写为 NULL（raw_text 保留原值 ""TBA""）"
4326,CN2407394-A,TBA,"→ 写为 NULL（raw_text 保留原值 ""TBA""）"
4327,CN2407395-A,TBA,"→ 写为 NULL（raw_text 保留原值 ""TBA""）"
4328,CN2407396-A,TBA,"→ 写为 NULL（raw_text 保留原值 ""TBA""）"
4330,CN2407398-A,TBA,"→ 写为 NULL（raw_text 保留原值 ""TBA""）"
4332,CN2407400-S,TBA,"→ 写为 NULL（raw_text 保留原值 ""TBA""）"
4333,CN2407401-S,TBA,"→ 写为 NULL（raw_text 保留原值 ""TBA""）"
4334,CN2407402-S,TBA,"→ 写为 NULL（raw_text 保留原值 ""TBA""）"
4335,CN2407403-S1,TBA,"→ 写为 NULL（raw_text 保留原值 ""TBA""）"
4336,CN2407403-S2,TBA,"→ 写为 NULL（raw_text 保留原值 ""TBA""）"
4337,CN2407403-S3,TBA,"→ 写为 NULL（raw_text 保留原值 ""TBA""）"
4338,CN2407404-S,TBA,"→ 写为 NULL（raw_text 保留原值 ""TBA""）"
4339,CN2407405-R,TBA,"→ 写为 NULL（raw_text 保留原值 ""TBA""）"
4340,CN2407406-S,TBA,"→ 写为 NULL（raw_text 保留原值 ""TBA""）"
4341,CN2407407-S,TBA,"→ 写为 NULL（raw_text 保留原值 ""TBA""）"
4342,CN2407408-S,TBA,"→ 写为 NULL（raw_text 保留原值 ""TBA""）"
4345,CN2407411-A,TBA,"→ 写为 NULL（raw_text 保留原值 ""TBA""）"
4346,CN2407412-A,TBA,"→ 写为 NULL（raw_text 保留原值 ""TBA""）"
4347,CN2407413-S,TBA,"→ 写为 NULL（raw_text 保留原值 ""TBA""）"
4348,CN2407414-S,TBA,"→ 写为 NULL（raw_text 保留原值 ""TBA""）"
4350,CN2407416-A,TBA,"→ 写为 NULL（raw_text 保留原值 ""TBA""）"
4351,CN2407417-A,TBA,"→ 写为 NULL（raw_text 保留原值 ""TBA""）"
4352,CN2407418-A,TBA,"→ 写为 NULL（raw_text 保留原值 ""TBA""）"
4355,CN2407421-S,TBA,"→ 写为 NULL（raw_text 保留原值 ""TBA""）"
4356,CN2407422-AS,TBA,"→ 写为 NULL（raw_text 保留原值 ""TBA""）"
4357,CN2407422-AS1,TBA,"→ 写为 NULL（raw_text 保留原值 ""TBA""）"
4359,CN2407424-AS,TBA,"→ 写为 NULL（raw_text 保留原值 ""TBA""）"
4360,CN2407424-AS1,TBA,"→ 写为 NULL（raw_text 保留原值 ""TBA""）"
4361,CN2407424-AS2,TBA,"→ 写为 NULL（raw_text 保留原值 ""TBA""）"
4362,CN2407424-AS3,TBA,"→ 写为 NULL（raw_text 保留原值 ""TBA""）"
4363,CN2407425-AS,TBA,"→ 写为 NULL（raw_text 保留原值 ""TBA""）"
4364,CN2407425-AS1,TBA,"→ 写为 NULL（raw_text 保留原值 ""TBA""）"
4365,CN2407426-A,TBA,"→ 写为 NULL（raw_text 保留原值 ""TBA""）"
4366,CN2407427-A,TBA,"→ 写为 NULL（raw_text 保留原值 ""TBA""）"
4367,CN2407428-A,TBA,"→ 写为 NULL（raw_text 保留原值 ""TBA""）"
4368,CN2407429-A,TBA,"→ 写为 NULL（raw_text 保留原值 ""TBA""）"
4369,CN2407430-A,TBA,"→ 写为 NULL（raw_text 保留原值 ""TBA""）"
4370,CN2407431-A,TBA,"→ 写为 NULL（raw_text 保留原值 ""TBA""）"
4371,CN2407432-A,TBA,"→ 写为 NULL（raw_text 保留原值 ""TBA""）"
4372,CN2407433-A,TBA,"→ 写为 NULL（raw_text 保留原值 ""TBA""）"
4373,CN2407434-A,TBA,"→ 写为 NULL（raw_text 保留原值 ""TBA""）"
4374,CN2407435-AS,TBA,"→ 写为 NULL（raw_text 保留原值 ""TBA""）"
4375,CN2407435-AS1,TBA,"→ 写为 NULL（raw_text 保留原值 ""TBA""）"
4378,CN2407438-A,TBA,"→ 写为 NULL（raw_text 保留原值 ""TBA""）"
4379,CN2407439-A,TBA,"→ 写为 NULL（raw_text 保留原值 ""TBA""）"
4381,CN2407441-A,TBA,"→ 写为 NULL（raw_text 保留原值 ""TBA""）"
4384,CN2407444-S,TBA,"→ 写为 NULL（raw_text 保留原值 ""TBA""）"
4385,CN2407445-S,TBA,"→ 写为 NULL（raw_text 保留原值 ""TBA""）"
4386,CN2407446-S,TBA,"→ 写为 NULL（raw_text 保留原值 ""TBA""）"
4387,CN2407447-S,TBA,"→ 写为 NULL（raw_text 保留原值 ""TBA""）"
4391,CN2407450-S,TBA,"→ 写为 NULL（raw_text 保留原值 ""TBA""）"
4392,CN2407451-A,TBA,"→ 写为 NULL（raw_text 保留原值 ""TBA""）"
4393,CN2407452-A,TBA,"→ 写为 NULL（raw_text 保留原值 ""TBA""）"
4394,CN2407453-A,TBA,"→ 写为 NULL（raw_text 保留原值 ""TBA""）"
4395,CN2407454-A,TBA,"→ 写为 NULL（raw_text 保留原值 ""TBA""）"
4396,CN2407455-A,TBA,"→ 写为 NULL（raw_text 保留原值 ""TBA""）"
4397,CN2407456-A,TBA,"→ 写为 NULL（raw_text 保留原值 ""TBA""）"
4398,CN2407457-A,TBA,"→ 写为 NULL（raw_text 保留原值 ""TBA""）"
4399,CN2407458-A,TBA,"→ 写为 NULL（raw_text 保留原值 ""TBA""）"
4400,CN2407459-A,TBA,"→ 写为 NULL（raw_text 保留原值 ""TBA""）"
4401,CN2407460-A,TBA,"→ 写为 NULL（raw_text 保留原值 ""TBA""）"
4402,CN2407461-A,TBA,"→ 写为 NULL（raw_text 保留原值 ""TBA""）"
4403,CN2407462-S,TBA,"→ 写为 NULL（raw_text 保留原值 ""TBA""）"
4410,CN2407468-S,TBA,"→ 写为 NULL（raw_text 保留原值 ""TBA""）"
4411,CN2407469-S,TBA,"→ 写为 NULL（raw_text 保留原值 ""TBA""）"
4412,CN2407470-S,TBA,"→ 写为 NULL（raw_text 保留原值 ""TBA""）"
4413,CN2407471-RS,TBA,"→ 写为 NULL（raw_text 保留原值 ""TBA""）"
4414,CN2407471-RS1,TBA,"→ 写为 NULL（raw_text 保留原值 ""TBA""）"
4415,CN2407472-A,TBA,"→ 写为 NULL（raw_text 保留原值 ""TBA""）"
4416,CN2407473-S,TBA,"→ 写为 NULL（raw_text 保留原值 ""TBA""）"
4417,CN2407474-S,TBA,"→ 写为 NULL（raw_text 保留原值 ""TBA""）"
4418,CN2407475-S,TBA,"→ 写为 NULL（raw_text 保留原值 ""TBA""）"
4419,CN2407476-A,TBA,"→ 写为 NULL（raw_text 保留原值 ""TBA""）"
4420,CN2407477-A,TBA,"→ 写为 NULL（raw_text 保留原值 ""TBA""）"
4421,CN2407478-A,TBA,"→ 写为 NULL（raw_text 保留原值 ""TBA""）"
4422,CN2407479-A,TBA,"→ 写为 NULL（raw_text 保留原值 ""TBA""）"
4423,CN2407480-A,TBA,"→ 写为 NULL（raw_text 保留原值 ""TBA""）"
4424,CN2407481-A,TBA,"→ 写为 NULL（raw_text 保留原值 ""TBA""）"
4425,CN2407482-A,TBA,"→ 写为 NULL（raw_text 保留原值 ""TBA""）"
4426,CN2407483-A,TBA,"→ 写为 NULL（raw_text 保留原值 ""TBA""）"
4427,CN2407484-A,TBA,"→ 写为 NULL（raw_text 保留原值 ""TBA""）"
4428,CN2407485-S,TBA,"→ 写为 NULL（raw_text 保留原值 ""TBA""）"
4429,CN2407486-S,TBA,"→ 写为 NULL（raw_text 保留原值 ""TBA""）"
4430,CN2407487-S,TBA,"→ 写为 NULL（raw_text 保留原值 ""TBA""）"
4432,CN2407489-S1,TBA,"→ 写为 NULL（raw_text 保留原值 ""TBA""）"
4433,CN2407489-S2,TBA,"→ 写为 NULL（raw_text 保留原值 ""TBA""）"
4434,CN2407489-S3,TBA,"→ 写为 NULL（raw_text 保留原值 ""TBA""）"
4435,CN2407489-S4,TBA,"→ 写为 NULL（raw_text 保留原值 ""TBA""）"
4436,CN2407490-S,TBA,"→ 写为 NULL（raw_text 保留原值 ""TBA""）"
4437,CN2407491-S,TBA,"→ 写为 NULL（raw_text 保留原值 ""TBA""）"
4438,CN2407492-S1,TBA,"→ 写为 NULL（raw_text 保留原值 ""TBA""）"
4439,CN2407492-S2,TBA,"→ 写为 NULL（raw_text 保留原值 ""TBA""）"
4440,CN2407492-S3,TBA,"→ 写为 NULL（raw_text 保留原值 ""TBA""）"
4441,CN2407492-S4,TBA,"→ 写为 NULL（raw_text 保留原值 ""TBA""）"
4445,CN2407496-S,TBA,"→ 写为 NULL（raw_text 保留原值 ""TBA""）"
4446,CN2407497-A,TBA,"→ 写为 NULL（raw_text 保留原值 ""TBA""）"
4447,CN2407498-S,TBA,"→ 写为 NULL（raw_text 保留原值 ""TBA""）"
4449,CN2407500-S,TBA,"→ 写为 NULL（raw_text 保留原值 ""TBA""）"
4450,CN2407501-A,TBA,"→ 写为 NULL（raw_text 保留原值 ""TBA""）"
4452,CN2408002-A,TBA,"→ 写为 NULL（raw_text 保留原值 ""TBA""）"
4453,CN2408003-A,TBA,"→ 写为 NULL（raw_text 保留原值 ""TBA""）"
4454,CN2408004-A,TBA,"→ 写为 NULL（raw_text 保留原值 ""TBA""）"
4455,CN2408005-A,TBA,"→ 写为 NULL（raw_text 保留原值 ""TBA""）"
4456,CN2408006-A,TBA,"→ 写为 NULL（raw_text 保留原值 ""TBA""）"
4457,CN2408007-A,TBA,"→ 写为 NULL（raw_text 保留原值 ""TBA""）"
4458,CN2408008-A,TBA,"→ 写为 NULL（raw_text 保留原值 ""TBA""）"
4461,CN2408011-S,TBA,"→ 写为 NULL（raw_text 保留原值 ""TBA""）"
4462,CN2408012-S,TBA,"→ 写为 NULL（raw_text 保留原值 ""TBA""）"
4467,CN2408017.-S,TBA,"→ 写为 NULL（raw_text 保留原值 ""TBA""）"
4469,CN2408019-S,TBA,"→ 写为 NULL（raw_text 保留原值 ""TBA""）"
4470,CN2408020-S,TBA,"→ 写为 NULL（raw_text 保留原值 ""TBA""）"
4476,CN2408026-S,TBA,"→ 写为 NULL（raw_text 保留原值 ""TBA""）"
4477,CN2408027-S,TBA,"→ 写为 NULL（raw_text 保留原值 ""TBA""）"
4480,CN2408030-S,TBA,"→ 写为 NULL（raw_text 保留原值 ""TBA""）"
4481,CN2408031-S,TBA,"→ 写为 NULL（raw_text 保留原值 ""TBA""）"
4482,CN2408032-A,TBA,"→ 写为 NULL（raw_text 保留原值 ""TBA""）"
4485,CN2408035-A,TBA,"→ 写为 NULL（raw_text 保留原值 ""TBA""）"
4486,CN2408036-A,TBA,"→ 写为 NULL（raw_text 保留原值 ""TBA""）"
4487,CN2408037-A,TBA,"→ 写为 NULL（raw_text 保留原值 ""TBA""）"
4491,CN2408041-S,TBA,"→ 写为 NULL（raw_text 保留原值 ""TBA""）"
4492,CN2408042-S,TBA,"→ 写为 NULL（raw_text 保留原值 ""TBA""）"
4494,CN2408044-S,TBA,"→ 写为 NULL（raw_text 保留原值 ""TBA""）"
4495,CN2408045-S,TBA,"→ 写为 NULL（raw_text 保留原值 ""TBA""）"
4497,CN2408047-S,TBA,"→ 写为 NULL（raw_text 保留原值 ""TBA""）"
4499,CN2408049-A,TBA,"→ 写为 NULL（raw_text 保留原值 ""TBA""）"
4500,CN2408050-A,TBA,"→ 写为 NULL（raw_text 保留原值 ""TBA""）"
4501,CN2408051-A,TBA,"→ 写为 NULL（raw_text 保留原值 ""TBA""）"
4502,CN2408052-A,TBA,"→ 写为 NULL（raw_text 保留原值 ""TBA""）"
4503,CN2408053-A,TBA,"→ 写为 NULL（raw_text 保留原值 ""TBA""）"
4504,CN2408054-A,TBA,"→ 写为 NULL（raw_text 保留原值 ""TBA""）"
4506,CN2408056-S,TBA,"→ 写为 NULL（raw_text 保留原值 ""TBA""）"
4507,CN2408057-S,TBA,"→ 写为 NULL（raw_text 保留原值 ""TBA""）"
4509,CN2408059-A,TBA,"→ 写为 NULL（raw_text 保留原值 ""TBA""）"
4511,CN2408061-A,TBA,"→ 写为 NULL（raw_text 保留原值 ""TBA""）"
4514,CN2408064-A,TBA,"→ 写为 NULL（raw_text 保留原值 ""TBA""）"
4516,CN2408066-A,TBA,"→ 写为 NULL（raw_text 保留原值 ""TBA""）"
4517,CN2408067-S,TBA,"→ 写为 NULL（raw_text 保留原值 ""TBA""）"
4518,CN2408068-S,TBA,"→ 写为 NULL（raw_text 保留原值 ""TBA""）"
4520,CN2408070-S1,TBA,"→ 写为 NULL（raw_text 保留原值 ""TBA""）"
4521,CN2408070-S2,TBA,"→ 写为 NULL（raw_text 保留原值 ""TBA""）"
4522,CN2408070-S3,TBA,"→ 写为 NULL（raw_text 保留原值 ""TBA""）"
4528,CN2408076-A,TBA,"→ 写为 NULL（raw_text 保留原值 ""TBA""）"
4529,CN2408077-A,TBA,"→ 写为 NULL（raw_text 保留原值 ""TBA""）"
4530,CN2408078-A,TBA,"→ 写为 NULL（raw_text 保留原值 ""TBA""）"
4531,CN2408079-A,TBA,"→ 写为 NULL（raw_text 保留原值 ""TBA""）"
4532,CN2408080-A,TBA,"→ 写为 NULL（raw_text 保留原值 ""TBA""）"
4533,CN2408081-S,TBA,"→ 写为 NULL（raw_text 保留原值 ""TBA""）"
4534,CN2408082-A,TBA,"→ 写为 NULL（raw_text 保留原值 ""TBA""）"
4538,CN2408086-A,TBA,"→ 写为 NULL（raw_text 保留原值 ""TBA""）"
4539,CN2408087-A,TBA,"→ 写为 NULL（raw_text 保留原值 ""TBA""）"
4540,CN2408088-A,TBA,"→ 写为 NULL（raw_text 保留原值 ""TBA""）"
4542,CN2408090-S,TBA,"→ 写为 NULL（raw_text 保留原值 ""TBA""）"
4544,CN2408092-S,TBA,"→ 写为 NULL（raw_text 保留原值 ""TBA""）"
4545,CN2408093-S,TBA,"→ 写为 NULL（raw_text 保留原值 ""TBA""）"
4546,CN2408094-S,TBA,"→ 写为 NULL（raw_text 保留原值 ""TBA""）"
4547,CN2408095-S,TBA,"→ 写为 NULL（raw_text 保留原值 ""TBA""）"
4550,CN2408098-A,TBA,"→ 写为 NULL（raw_text 保留原值 ""TBA""）"
4551,CN2408099-A,TBA,"→ 写为 NULL（raw_text 保留原值 ""TBA""）"
4552,CN2408100-A,TBA,"→ 写为 NULL（raw_text 保留原值 ""TBA""）"
4553,CN2408101-A,TBA,"→ 写为 NULL（raw_text 保留原值 ""TBA""）"
4554,CN2408102-A,TBA,"→ 写为 NULL（raw_text 保留原值 ""TBA""）"
4555,CN2408103-A,TBA,"→ 写为 NULL（raw_text 保留原值 ""TBA""）"
4558,CN2408106-A,TBA,"→ 写为 NULL（raw_text 保留原值 ""TBA""）"
4559,CN2408107-A,TBA,"→ 写为 NULL（raw_text 保留原值 ""TBA""）"
4560,CN2408108-A,TBA,"→ 写为 NULL（raw_text 保留原值 ""TBA""）"
4561,CN2408109-A,TBA,"→ 写为 NULL（raw_text 保留原值 ""TBA""）"
4562,CN2408110-A,TBA,"→ 写为 NULL（raw_text 保留原值 ""TBA""）"
4563,CN2408111-S,TBA,"→ 写为 NULL（raw_text 保留原值 ""TBA""）"
4564,CN2408112-R,TBA,"→ 写为 NULL（raw_text 保留原值 ""TBA""）"
4566,CN2408114-S,TBA,"→ 写为 NULL（raw_text 保留原值 ""TBA""）"
4567,CN2408115-A1,TBA,"→ 写为 NULL（raw_text 保留原值 ""TBA""）"
4568,CN2408115-A2,TBA,"→ 写为 NULL（raw_text 保留原值 ""TBA""）"
4569,CN2408116-S,TBA,"→ 写为 NULL（raw_text 保留原值 ""TBA""）"
4570,CN2408117-S,TBA,"→ 写为 NULL（raw_text 保留原值 ""TBA""）"
4571,CN2408118-A,TBA,"→ 写为 NULL（raw_text 保留原值 ""TBA""）"
4572,CN2408119-A,TBA,"→ 写为 NULL（raw_text 保留原值 ""TBA""）"
4573,CN2408120-S,TBA,"→ 写为 NULL（raw_text 保留原值 ""TBA""）"
4574,CN2408121-A,TBA,"→ 写为 NULL（raw_text 保留原值 ""TBA""）"
4575,CN2408122-A,TBA,"→ 写为 NULL（raw_text 保留原值 ""TBA""）"
4576,CN2408123-A,TBA,"→ 写为 NULL（raw_text 保留原值 ""TBA""）"
4577,CN2408124-A,TBA,"→ 写为 NULL（raw_text 保留原值 ""TBA""）"
4578,CN2408125-A,TBA,"→ 写为 NULL（raw_text 保留原值 ""TBA""）"
4579,CN2408126-A,TBA,"→ 写为 NULL（raw_text 保留原值 ""TBA""）"
4581,CN2408128-A,TBA,"→ 写为 NULL（raw_text 保留原值 ""TBA""）"
4583,CN2408130-S,TBA,"→ 写为 NULL（raw_text 保留原值 ""TBA""）"
4586,CN2408133-S,TBA,"→ 写为 NULL（raw_text 保留原值 ""TBA""）"
4588,CN2408135-S,TBA,"→ 写为 NULL（raw_text 保留原值 ""TBA""）"
4589,CN2408136-S1,TBA,"→ 写为 NULL（raw_text 保留原值 ""TBA""）"
4592,CN2408138-S,TBA,"→ 写为 NULL（raw_text 保留原值 ""TBA""）"
4595,CN2408141-S,TBA,"→ 写为 NULL（raw_text 保留原值 ""TBA""）"
4601,CN2408147-A1,TBA,"→ 写为 NULL（raw_text 保留原值 ""TBA""）"
4602,CN2408147-A2,TBA,"→ 写为 NULL（raw_text 保留原值 ""TBA""）"
4603,CN2408148-A,TBA,"→ 写为 NULL（raw_text 保留原值 ""TBA""）"
4604,CN2408148-A1,TBA,"→ 写为 NULL（raw_text 保留原值 ""TBA""）"
4605,CN2408149-A,TBA,"→ 写为 NULL（raw_text 保留原值 ""TBA""）"
4606,CN2408150-A,TBA,"→ 写为 NULL（raw_text 保留原值 ""TBA""）"
4609,CN2408152-A1,TBA,"→ 写为 NULL（raw_text 保留原值 ""TBA""）"
4610,CN2408152-A2,TBA,"→ 写为 NULL（raw_text 保留原值 ""TBA""）"
4611,CN2408152-A3,TBA,"→ 写为 NULL（raw_text 保留原值 ""TBA""）"
4612,CN2408153-A,TBA,"→ 写为 NULL（raw_text 保留原值 ""TBA""）"
4613,CN2408154-A,TBA,"→ 写为 NULL（raw_text 保留原值 ""TBA""）"
4614,CN2408155-A,TBA,"→ 写为 NULL（raw_text 保留原值 ""TBA""）"
4615,CN2408156-S,TBA,"→ 写为 NULL（raw_text 保留原值 ""TBA""）"
4617,CN2408158-S,TBA,"→ 写为 NULL（raw_text 保留原值 ""TBA""）"
4619,CN2408160-S,TBA,"→ 写为 NULL（raw_text 保留原值 ""TBA""）"
4624,CN2408165-S1,TBA,"→ 写为 NULL（raw_text 保留原值 ""TBA""）"
4625,CN2408165-S2,TBA,"→ 写为 NULL（raw_text 保留原值 ""TBA""）"
4626,CN2408165-S3,TBA,"→ 写为 NULL（raw_text 保留原值 ""TBA""）"
4627,CN2408165-S4,TBA,"→ 写为 NULL（raw_text 保留原值 ""TBA""）"
4629,CN2408167-S,TBA,"→ 写为 NULL（raw_text 保留原值 ""TBA""）"
4630,CN2408168-A2,TBA,"→ 写为 NULL（raw_text 保留原值 ""TBA""）"
4631,CN2408169-A,TBA,"→ 写为 NULL（raw_text 保留原值 ""TBA""）"
4632,CN2408170-A,TBA,"→ 写为 NULL（raw_text 保留原值 ""TBA""）"
4633,CN2408171-S,TBA,"→ 写为 NULL（raw_text 保留原值 ""TBA""）"
4634,CN2408172-A,TBA,"→ 写为 NULL（raw_text 保留原值 ""TBA""）"
4635,CN2408173-A,TBA,"→ 写为 NULL（raw_text 保留原值 ""TBA""）"
4636,CN2408174-A,TBA,"→ 写为 NULL（raw_text 保留原值 ""TBA""）"
4637,CN2408175-A,TBA,"→ 写为 NULL（raw_text 保留原值 ""TBA""）"
4638,CN2408176-A,TBA,"→ 写为 NULL（raw_text 保留原值 ""TBA""）"
4639,CN2408177-A,TBA,"→ 写为 NULL（raw_text 保留原值 ""TBA""）"
4640,CN2408178-A1,TBA,"→ 写为 NULL（raw_text 保留原值 ""TBA""）"
4641,CN2408178-A2,TBA,"→ 写为 NULL（raw_text 保留原值 ""TBA""）"
4642,CN2408179-A,TBA,"→ 写为 NULL（raw_text 保留原值 ""TBA""）"
4643,CN2408180-A,TBA,"→ 写为 NULL（raw_text 保留原值 ""TBA""）"
4644,CN2408181-A,TBA,"→ 写为 NULL（raw_text 保留原值 ""TBA""）"
4645,CN2408182-A,TBA,"→ 写为 NULL（raw_text 保留原值 ""TBA""）"
4646,CN2408183-A,TBA,"→ 写为 NULL（raw_text 保留原值 ""TBA""）"
4647,CN2408184-S,TBA,"→ 写为 NULL（raw_text 保留原值 ""TBA""）"
4649,CN2408186-S,TBA,"→ 写为 NULL（raw_text 保留原值 ""TBA""）"
4651,CN2408188-A,TBA,"→ 写为 NULL（raw_text 保留原值 ""TBA""）"
4657,CN2408191-S,TBA,"→ 写为 NULL（raw_text 保留原值 ""TBA""）"
4658,CN2408192-S1,TBA,"→ 写为 NULL（raw_text 保留原值 ""TBA""）"
4659,CN2408192-S2,TBA,"→ 写为 NULL（raw_text 保留原值 ""TBA""）"
4660,CN2408193-S,TBA,"→ 写为 NULL（raw_text 保留原值 ""TBA""）"
4661,CN2408194-S,TBA,"→ 写为 NULL（raw_text 保留原值 ""TBA""）"
4662,CN2408195-S,TBA,"→ 写为 NULL（raw_text 保留原值 ""TBA""）"
4663,CN2408196-A,TBA,"→ 写为 NULL（raw_text 保留原值 ""TBA""）"
4666,CN2408198-A,TBA,"→ 写为 NULL（raw_text 保留原值 ""TBA""）"
4667,CN2408199-A,TBA,"→ 写为 NULL（raw_text 保留原值 ""TBA""）"
4668,CN2408200-A,TBA,"→ 写为 NULL（raw_text 保留原值 ""TBA""）"
4669,CN2408201-A,TBA,"→ 写为 NULL（raw_text 保留原值 ""TBA""）"
4671,CN2408203-A,TBA,"→ 写为 NULL（raw_text 保留原值 ""TBA""）"
4672,CN2408204-S,TBA,"→ 写为 NULL（raw_text 保留原值 ""TBA""）"
4673,CN2408205-S1,TBA,"→ 写为 NULL（raw_text 保留原值 ""TBA""）"
4674,CN2408205-S2,TBA,"→ 写为 NULL（raw_text 保留原值 ""TBA""）"
4675,CN2408205-S3,TBA,"→ 写为 NULL（raw_text 保留原值 ""TBA""）"
4676,CN2408205-S4,TBA,"→ 写为 NULL（raw_text 保留原值 ""TBA""）"
4677,CN2408205-S5,TBA,"→ 写为 NULL（raw_text 保留原值 ""TBA""）"
4679,CN2408207-S,TBA,"→ 写为 NULL（raw_text 保留原值 ""TBA""）"
4681,CN2408209-AS,TBA,"→ 写为 NULL（raw_text 保留原值 ""TBA""）"
4682,CN2408209-AS1,TBA,"→ 写为 NULL（raw_text 保留原值 ""TBA""）"
4683,CN2408209-AS2,TBA,"→ 写为 NULL（raw_text 保留原值 ""TBA""）"
4684,CN2408209-AS3,TBA,"→ 写为 NULL（raw_text 保留原值 ""TBA""）"
4685,CN2408209-AS4,TBA,"→ 写为 NULL（raw_text 保留原值 ""TBA""）"
4686,CN2408209-AS5,TBA,"→ 写为 NULL（raw_text 保留原值 ""TBA""）"
4687,CN2408209-AS6,TBA,"→ 写为 NULL（raw_text 保留原值 ""TBA""）"
4688,CN2408210-S,TBA,"→ 写为 NULL（raw_text 保留原值 ""TBA""）"
4689,CN2408211-S1,TBA,"→ 写为 NULL（raw_text 保留原值 ""TBA""）"
4690,CN2408211-S2,TBA,"→ 写为 NULL（raw_text 保留原值 ""TBA""）"
4691,CN2408211-S3,TBA,"→ 写为 NULL（raw_text 保留原值 ""TBA""）"
4692,CN2408211-S4,TBA,"→ 写为 NULL（raw_text 保留原值 ""TBA""）"
4693,CN2408212-S,TBA,"→ 写为 NULL（raw_text 保留原值 ""TBA""）"
4694,CN2408213-S,TBA,"→ 写为 NULL（raw_text 保留原值 ""TBA""）"
4696,CN2408215-A,TBA,"→ 写为 NULL（raw_text 保留原值 ""TBA""）"
4698,CN2408217-A,TBA,"→ 写为 NULL（raw_text 保留原值 ""TBA""）"
4700,CN2408219-S,TBA,"→ 写为 NULL（raw_text 保留原值 ""TBA""）"
4702,CN2408221-S,TBA,"→ 写为 NULL（raw_text 保留原值 ""TBA""）"
4703,CN2408222-S,TBA,"→ 写为 NULL（raw_text 保留原值 ""TBA""）"
4704,CN2408223-R1,TBA,"→ 写为 NULL（raw_text 保留原值 ""TBA""）"
4705,CN2408223-R2,TBA,"→ 写为 NULL（raw_text 保留原值 ""TBA""）"
4706,CN2408223-R3,TBA,"→ 写为 NULL（raw_text 保留原值 ""TBA""）"
4707,CN2408224-S,TBA,"→ 写为 NULL（raw_text 保留原值 ""TBA""）"
4708,CN2408225-S,TBA,"→ 写为 NULL（raw_text 保留原值 ""TBA""）"
4709,CN2408226-S,TBA,"→ 写为 NULL（raw_text 保留原值 ""TBA""）"
4711,CN2408228-S,TBA,"→ 写为 NULL（raw_text 保留原值 ""TBA""）"
4712,CN2408229-A,TBA,"→ 写为 NULL（raw_text 保留原值 ""TBA""）"
4713,CN2408230-A,TBA,"→ 写为 NULL（raw_text 保留原值 ""TBA""）"
4714,CN2408231-S,TBA,"→ 写为 NULL（raw_text 保留原值 ""TBA""）"
4715,CN2408232-S,TBA,"→ 写为 NULL（raw_text 保留原值 ""TBA""）"
4716,CN2408233-A,TBA,"→ 写为 NULL（raw_text 保留原值 ""TBA""）"
4717,CN2408234-S1,TBA,"→ 写为 NULL（raw_text 保留原值 ""TBA""）"
4718,CN2408234-S2,TBA,"→ 写为 NULL（raw_text 保留原值 ""TBA""）"
4719,CN2408234-S3,TBA,"→ 写为 NULL（raw_text 保留原值 ""TBA""）"
4720,CN2408234-S4,TBA,"→ 写为 NULL（raw_text 保留原值 ""TBA""）"
4721,CN2408235-S,TBA,"→ 写为 NULL（raw_text 保留原值 ""TBA""）"
4723,CN2408237-S,TBA,"→ 写为 NULL（raw_text 保留原值 ""TBA""）"
4727,CN2408240-S1,TBA,"→ 写为 NULL（raw_text 保留原值 ""TBA""）"
4728,CN2408240-S2,TBA,"→ 写为 NULL（raw_text 保留原值 ""TBA""）"
4729,CN2408241-S,TBA,"→ 写为 NULL（raw_text 保留原值 ""TBA""）"
4730,CN2408242-S,TBA,"→ 写为 NULL（raw_text 保留原值 ""TBA""）"
4731,CN2408243-A,TBA,"→ 写为 NULL（raw_text 保留原值 ""TBA""）"
4732,CN2408244-S,TBA,"→ 写为 NULL（raw_text 保留原值 ""TBA""）"
4733,CN2408245-A,TBA,"→ 写为 NULL（raw_text 保留原值 ""TBA""）"
4734,CN2408246-S,TBA,"→ 写为 NULL（raw_text 保留原值 ""TBA""）"
4735,CN2408247-S1,TBA,"→ 写为 NULL（raw_text 保留原值 ""TBA""）"
4736,CN2408247-S2,TBA,"→ 写为 NULL（raw_text 保留原值 ""TBA""）"
4742,CN2408251-A,TBA,"→ 写为 NULL（raw_text 保留原值 ""TBA""）"
4743,CN2408252-A,TBA,"→ 写为 NULL（raw_text 保留原值 ""TBA""）"
4744,CN2408253-A1,TBA,"→ 写为 NULL（raw_text 保留原值 ""TBA""）"
4745,CN2408253-A2,TBA,"→ 写为 NULL（raw_text 保留原值 ""TBA""）"
4747,CN2408255-A,TBA,"→ 写为 NULL（raw_text 保留原值 ""TBA""）"
4748,CN2408256-A,TBA,"→ 写为 NULL（raw_text 保留原值 ""TBA""）"
4749,CN2408257-A,TBA,"→ 写为 NULL（raw_text 保留原值 ""TBA""）"
4750,CN2408258-A,TBA,"→ 写为 NULL（raw_text 保留原值 ""TBA""）"
4751,CN2408259-A,TBA,"→ 写为 NULL（raw_text 保留原值 ""TBA""）"
4753,CN2408261-S,TBA,"→ 写为 NULL（raw_text 保留原值 ""TBA""）"
4754,CN2408262-S,TBA,"→ 写为 NULL（raw_text 保留原值 ""TBA""）"
4755,CN2408263-S,TBA,"→ 写为 NULL（raw_text 保留原值 ""TBA""）"
4756,CN2408264-A,TBA,"→ 写为 NULL（raw_text 保留原值 ""TBA""）"
4757,CN2408265-A,TBA,"→ 写为 NULL（raw_text 保留原值 ""TBA""）"
4758,CN2408266-A,TBA,"→ 写为 NULL（raw_text 保留原值 ""TBA""）"
4759,CN2408267-A,TBA,"→ 写为 NULL（raw_text 保留原值 ""TBA""）"
4760,CN2408268-A,TBA,"→ 写为 NULL（raw_text 保留原值 ""TBA""）"
4761,CN2408269-A,TBA,"→ 写为 NULL（raw_text 保留原值 ""TBA""）"
4763,CN2408271-A,TBA,"→ 写为 NULL（raw_text 保留原值 ""TBA""）"
4764,CN2408272-A,TBA,"→ 写为 NULL（raw_text 保留原值 ""TBA""）"
4766,CN2408274-A,TBA,"→ 写为 NULL（raw_text 保留原值 ""TBA""）"
4768,CN2408276-S,TBA,"→ 写为 NULL（raw_text 保留原值 ""TBA""）"
4771,CN2408279-A,TBA,"→ 写为 NULL（raw_text 保留原值 ""TBA""）"
4773,CN2408281-S1,TBA,"→ 写为 NULL（raw_text 保留原值 ""TBA""）"
4774,CN2408281-S2,TBA,"→ 写为 NULL（raw_text 保留原值 ""TBA""）"
4775,CN2408281-S3,TBA,"→ 写为 NULL（raw_text 保留原值 ""TBA""）"
4776,CN2408282-S,TBA,"→ 写为 NULL（raw_text 保留原值 ""TBA""）"
4778,CN2408284-S,TBA,"→ 写为 NULL（raw_text 保留原值 ""TBA""）"
4780,CN2408286-A,TBA,"→ 写为 NULL（raw_text 保留原值 ""TBA""）"
4781,CN2408287-A,TBA,"→ 写为 NULL（raw_text 保留原值 ""TBA""）"
4782,CN2408288-A,TBA,"→ 写为 NULL（raw_text 保留原值 ""TBA""）"
4787,CN2408293-A,TBA,"→ 写为 NULL（raw_text 保留原值 ""TBA""）"
4788,CN2408294-A,TBA,"→ 写为 NULL（raw_text 保留原值 ""TBA""）"
4790,CN2408296-S,TBA,"→ 写为 NULL（raw_text 保留原值 ""TBA""）"
4791,CN2408297-A,TBA,"→ 写为 NULL（raw_text 保留原值 ""TBA""）"
4792,CN2408298-S,TBA,"→ 写为 NULL（raw_text 保留原值 ""TBA""）"
4795,CN2408301-S,TBA,"→ 写为 NULL（raw_text 保留原值 ""TBA""）"
4796,CN2408302-S,TBA,"→ 写为 NULL（raw_text 保留原值 ""TBA""）"
4797,CN2408303-A,TBA,"→ 写为 NULL（raw_text 保留原值 ""TBA""）"
4798,CN2408304-A,TBA,"→ 写为 NULL（raw_text 保留原值 ""TBA""）"
4799,CN2408305-A,TBA,"→ 写为 NULL（raw_text 保留原值 ""TBA""）"
4800,CN2408306-A,TBA,"→ 写为 NULL（raw_text 保留原值 ""TBA""）"
4801,CN2408307-A,TBA,"→ 写为 NULL（raw_text 保留原值 ""TBA""）"
4803,CN2408309-A,TBA,"→ 写为 NULL（raw_text 保留原值 ""TBA""）"
4804,CN2408310-S,TBA,"→ 写为 NULL（raw_text 保留原值 ""TBA""）"
4805,CN2408311-S,TBA,"→ 写为 NULL（raw_text 保留原值 ""TBA""）"
4807,CN2408313-S,TBA,"→ 写为 NULL（raw_text 保留原值 ""TBA""）"
4808,CN2408314-S,TBA,"→ 写为 NULL（raw_text 保留原值 ""TBA""）"
4809,CN2408315-S,TBA,"→ 写为 NULL（raw_text 保留原值 ""TBA""）"
4812,CN2408318-S1,TBA,"→ 写为 NULL（raw_text 保留原值 ""TBA""）"
4813,CN2408318-S2,TBA,"→ 写为 NULL（raw_text 保留原值 ""TBA""）"
4814,CN2408318-S3,TBA,"→ 写为 NULL（raw_text 保留原值 ""TBA""）"
4815,CN2408318-S4,TBA,"→ 写为 NULL（raw_text 保留原值 ""TBA""）"
4817,CN2408320-S,TBA,"→ 写为 NULL（raw_text 保留原值 ""TBA""）"
4818,CN2408321-S,TBA,"→ 写为 NULL（raw_text 保留原值 ""TBA""）"
4819,CN2408322-S,TBA,"→ 写为 NULL（raw_text 保留原值 ""TBA""）"
4823,CN2408326-A,TBA,"→ 写为 NULL（raw_text 保留原值 ""TBA""）"
4824,CN2408327-S,TBA,"→ 写为 NULL（raw_text 保留原值 ""TBA""）"
4825,CN2408328-A,TBA,"→ 写为 NULL（raw_text 保留原值 ""TBA""）"
4826,CN2408329-A,TBA,"→ 写为 NULL（raw_text 保留原值 ""TBA""）"
4829,CN2408332-A,TBA,"→ 写为 NULL（raw_text 保留原值 ""TBA""）"
4830,CN2408333-A,TBA,"→ 写为 NULL（raw_text 保留原值 ""TBA""）"
4831,CN2408334-A,TBA,"→ 写为 NULL（raw_text 保留原值 ""TBA""）"
4832,CN2408335-A1,TBA,"→ 写为 NULL（raw_text 保留原值 ""TBA""）"
4833,CN2408335-A2,TBA,"→ 写为 NULL（raw_text 保留原值 ""TBA""）"
4836,CN2408338-S,TBA,"→ 写为 NULL（raw_text 保留原值 ""TBA""）"
4837,CN2408339-S,TBA,"→ 写为 NULL（raw_text 保留原值 ""TBA""）"
4838,CN2408340-S,TBA,"→ 写为 NULL（raw_text 保留原值 ""TBA""）"
4841,CN2408343-S,TBA,"→ 写为 NULL（raw_text 保留原值 ""TBA""）"
4843,CN2408345-A,TBA,"→ 写为 NULL（raw_text 保留原值 ""TBA""）"
4844,CN2408346-A,TBA,"→ 写为 NULL（raw_text 保留原值 ""TBA""）"
4845,CN2408347-A,TBA,"→ 写为 NULL（raw_text 保留原值 ""TBA""）"
4848,CN2408350-S,TBA,"→ 写为 NULL（raw_text 保留原值 ""TBA""）"
4850,CN2408352-S,TBA,"→ 写为 NULL（raw_text 保留原值 ""TBA""）"
4851,CN2408353-S,TBA,"→ 写为 NULL（raw_text 保留原值 ""TBA""）"
4852,CN2408354-S,TBA,"→ 写为 NULL（raw_text 保留原值 ""TBA""）"
4853,CN2408355-S,TBA,"→ 写为 NULL（raw_text 保留原值 ""TBA""）"
4854,CN2408356-S,TBA,"→ 写为 NULL（raw_text 保留原值 ""TBA""）"
4856,CN2408358-A,TBA,"→ 写为 NULL（raw_text 保留原值 ""TBA""）"
4857,CN2408359-A,TBA,"→ 写为 NULL（raw_text 保留原值 ""TBA""）"
4858,CN2408360-S,TBA,"→ 写为 NULL（raw_text 保留原值 ""TBA""）"
4862,CN2408364-A1,TBA,"→ 写为 NULL（raw_text 保留原值 ""TBA""）"
4863,CN2408364-A2,TBA,"→ 写为 NULL（raw_text 保留原值 ""TBA""）"
4864,CN2408364-A3,TBA,"→ 写为 NULL（raw_text 保留原值 ""TBA""）"
4865,CN2408365-S,TBA,"→ 写为 NULL（raw_text 保留原值 ""TBA""）"
4866,CN2408366-S,TBA,"→ 写为 NULL（raw_text 保留原值 ""TBA""）"
4867,CN2408367-S,TBA,"→ 写为 NULL（raw_text 保留原值 ""TBA""）"
4868,CN2408368-S1,TBA,"→ 写为 NULL（raw_text 保留原值 ""TBA""）"
4869,CN2408368-S2,TBA,"→ 写为 NULL（raw_text 保留原值 ""TBA""）"
4870,CN2408369-A,TBA,"→ 写为 NULL（raw_text 保留原值 ""TBA""）"
4871,CN2408370-A,TBA,"→ 写为 NULL（raw_text 保留原值 ""TBA""）"
4875,CN2408373-S,TBA,"→ 写为 NULL（raw_text 保留原值 ""TBA""）"
4876,CN2408374-S,TBA,"→ 写为 NULL（raw_text 保留原值 ""TBA""）"
4877,CN2408375-A1,TBA,"→ 写为 NULL（raw_text 保留原值 ""TBA""）"
4878,CN2408375-A2,TBA,"→ 写为 NULL（raw_text 保留原值 ""TBA""）"
4879,CN2408376-A,TBA,"→ 写为 NULL（raw_text 保留原值 ""TBA""）"
4880,CN2408377-S,TBA,"→ 写为 NULL（raw_text 保留原值 ""TBA""）"
4881,CN2408377-S1,TBA,"→ 写为 NULL（raw_text 保留原值 ""TBA""）"
4882,CN2408377-S2,TBA,"→ 写为 NULL（raw_text 保留原值 ""TBA""）"
4886,CN2408381-S,TBA,"→ 写为 NULL（raw_text 保留原值 ""TBA""）"
4889,CN2408384-A,TBA,"→ 写为 NULL（raw_text 保留原值 ""TBA""）"
4890,CN2408385-A,TBA,"→ 写为 NULL（raw_text 保留原值 ""TBA""）"
4891,CN2408386-A,TBA,"→ 写为 NULL（raw_text 保留原值 ""TBA""）"
4892,CN2408387-A,TBA,"→ 写为 NULL（raw_text 保留原值 ""TBA""）"
4893,CN2408388-A,TBA,"→ 写为 NULL（raw_text 保留原值 ""TBA""）"
4894,CN2408389-A,TBA,"→ 写为 NULL（raw_text 保留原值 ""TBA""）"
4895,CN2408390-A,TBA,"→ 写为 NULL（raw_text 保留原值 ""TBA""）"
4896,CN2408391-A,TBA,"→ 写为 NULL（raw_text 保留原值 ""TBA""）"
4897,CN2408392-A,TBA,"→ 写为 NULL（raw_text 保留原值 ""TBA""）"
4898,CN2408393-S,TBA,"→ 写为 NULL（raw_text 保留原值 ""TBA""）"
4899,CN2408394-A,TBA,"→ 写为 NULL（raw_text 保留原值 ""TBA""）"
4900,CN2408395-A,TBA,"→ 写为 NULL（raw_text 保留原值 ""TBA""）"
4901,CN2408396-A,TBA,"→ 写为 NULL（raw_text 保留原值 ""TBA""）"
4903,CN2408398-A,TBA,"→ 写为 NULL（raw_text 保留原值 ""TBA""）"
4905,CN2408400-S,TBA,"→ 写为 NULL（raw_text 保留原值 ""TBA""）"
4909,CN2408404-S,TBA,"→ 写为 NULL（raw_text 保留原值 ""TBA""）"
4910,CN2408405-A,TBA,"→ 写为 NULL（raw_text 保留原值 ""TBA""）"
4911,CN2408406-A,TBA,"→ 写为 NULL（raw_text 保留原值 ""TBA""）"
4912,CN2408407-A,TBA,"→ 写为 NULL（raw_text 保留原值 ""TBA""）"
4916,CN2408411-A,TBA,"→ 写为 NULL（raw_text 保留原值 ""TBA""）"
4917,CN2408412-A,TBA,"→ 写为 NULL（raw_text 保留原值 ""TBA""）"
4921,CN2408416-S,TBA,"→ 写为 NULL（raw_text 保留原值 ""TBA""）"
4922,CN2408417-S,TBA,"→ 写为 NULL（raw_text 保留原值 ""TBA""）"
4925,CN2408420-S,TBA,"→ 写为 NULL（raw_text 保留原值 ""TBA""）"
4926,CN2408421-S,TBA,"→ 写为 NULL（raw_text 保留原值 ""TBA""）"
4927,CN2408422-AS,TBA,"→ 写为 NULL（raw_text 保留原值 ""TBA""）"
4928,CN2408422-AS1,TBA,"→ 写为 NULL（raw_text 保留原值 ""TBA""）"
4930,CN2408424-S,TBA,"→ 写为 NULL（raw_text 保留原值 ""TBA""）"
4931,CN2408425-S,TBA,"→ 写为 NULL（raw_text 保留原值 ""TBA""）"
4936,CN2408430-A,TBA,"→ 写为 NULL（raw_text 保留原值 ""TBA""）"
4937,CN2408431-A,TBA,"→ 写为 NULL（raw_text 保留原值 ""TBA""）"
4938,CN2408432-A,TBA,"→ 写为 NULL（raw_text 保留原值 ""TBA""）"
4939,CN2408433-A1,TBA,"→ 写为 NULL（raw_text 保留原值 ""TBA""）"
4940,CN2408433-A2,TBA,"→ 写为 NULL（raw_text 保留原值 ""TBA""）"
4941,CN2408433-A3,TBA,"→ 写为 NULL（raw_text 保留原值 ""TBA""）"
4943,CN2408435-A,TBA,"→ 写为 NULL（raw_text 保留原值 ""TBA""）"
4947,CN2408439-S,TBA,"→ 写为 NULL（raw_text 保留原值 ""TBA""）"
4948,CN2408440-S,TBA,"→ 写为 NULL（raw_text 保留原值 ""TBA""）"
4950,CN2408442-S,TBA,"→ 写为 NULL（raw_text 保留原值 ""TBA""）"
4952,CN2408444-S,TBA,"→ 写为 NULL（raw_text 保留原值 ""TBA""）"
4954,CN2408446-A,TBA,"→ 写为 NULL（raw_text 保留原值 ""TBA""）"
4955,CN2408447-A,TBA,"→ 写为 NULL（raw_text 保留原值 ""TBA""）"
4957,CN2408449-A,TBA,"→ 写为 NULL（raw_text 保留原值 ""TBA""）"
4958,CN2408450-A,TBA,"→ 写为 NULL（raw_text 保留原值 ""TBA""）"
4959,CN2408451-S,TBA,"→ 写为 NULL（raw_text 保留原值 ""TBA""）"
4960,CN2408452-A,TBA,"→ 写为 NULL（raw_text 保留原值 ""TBA""）"
4961,CN2408453-S,TBA,"→ 写为 NULL（raw_text 保留原值 ""TBA""）"
4962,CN2408454-S1,TBA,"→ 写为 NULL（raw_text 保留原值 ""TBA""）"
4963,CN2408454-S2,TBA,"→ 写为 NULL（raw_text 保留原值 ""TBA""）"
4964,CN2408454-S3,TBA,"→ 写为 NULL（raw_text 保留原值 ""TBA""）"
4965,CN2408455-S,TBA,"→ 写为 NULL（raw_text 保留原值 ""TBA""）"
4967,CN2408457-S,TBA,"→ 写为 NULL（raw_text 保留原值 ""TBA""）"
4970,CN2408460-S,TBA,"→ 写为 NULL（raw_text 保留原值 ""TBA""）"
4971,CN2408461-A,TBA,"→ 写为 NULL（raw_text 保留原值 ""TBA""）"
4972,CN2408462-A,TBA,"→ 写为 NULL（raw_text 保留原值 ""TBA""）"
4974,CN2408464-R,TBA,"→ 写为 NULL（raw_text 保留原值 ""TBA""）"
4975,CN2408465-A,TBA,"→ 写为 NULL（raw_text 保留原值 ""TBA""）"
4976,CN2408466-A,TBA,"→ 写为 NULL（raw_text 保留原值 ""TBA""）"
4977,CN2408467-A,TBA,"→ 写为 NULL（raw_text 保留原值 ""TBA""）"
4978,CN2408468-A,TBA,"→ 写为 NULL（raw_text 保留原值 ""TBA""）"
4979,CN2408469-A,TBA,"→ 写为 NULL（raw_text 保留原值 ""TBA""）"
4980,CN2408470-A,TBA,"→ 写为 NULL（raw_text 保留原值 ""TBA""）"
4981,CN2408471-A,TBA,"→ 写为 NULL（raw_text 保留原值 ""TBA""）"
4984,CN2409001-A,TBA,"→ 写为 NULL（raw_text 保留原值 ""TBA""）"
4985,CN2409002-A1,TBA,"→ 写为 NULL（raw_text 保留原值 ""TBA""）"
4986,CN2409002-A2,TBA,"→ 写为 NULL（raw_text 保留原值 ""TBA""）"
4987,CN2409002-A3,TBA,"→ 写为 NULL（raw_text 保留原值 ""TBA""）"
4988,CN2409003-S,TBA,"→ 写为 NULL（raw_text 保留原值 ""TBA""）"
4991,CN2409006-S,TBA,"→ 写为 NULL（raw_text 保留原值 ""TBA""）"
4993,CN2409008-S,TBA,"→ 写为 NULL（raw_text 保留原值 ""TBA""）"
4994,CN2409009-S,TBA,"→ 写为 NULL（raw_text 保留原值 ""TBA""）"
4995,CN2409010-S,TBA,"→ 写为 NULL（raw_text 保留原值 ""TBA""）"
4997,CN2409012-S,TBA,"→ 写为 NULL（raw_text 保留原值 ""TBA""）"
4999,CN2409014-S,TBA,"→ 写为 NULL（raw_text 保留原值 ""TBA""）"
5001,CN2409016-S,TBA,"→ 写为 NULL（raw_text 保留原值 ""TBA""）"
5002,CN2409017-S,TBA,"→ 写为 NULL（raw_text 保留原值 ""TBA""）"
5003,CN2409018-S,TBA,"→ 写为 NULL（raw_text 保留原值 ""TBA""）"
5004,CN2409019-A,TBA,"→ 写为 NULL（raw_text 保留原值 ""TBA""）"
5005,CN2409020-A1,TBA,"→ 写为 NULL（raw_text 保留原值 ""TBA""）"
5006,CN2409021-A,TBA,"→ 写为 NULL（raw_text 保留原值 ""TBA""）"
5009,CN2409024-A1,TBA,"→ 写为 NULL（raw_text 保留原值 ""TBA""）"
5010,CN2409024-A2,TBA,"→ 写为 NULL（raw_text 保留原值 ""TBA""）"
5011,CN2409024-A3,TBA,"→ 写为 NULL（raw_text 保留原值 ""TBA""）"
5012,CN2409024-A4,TBA,"→ 写为 NULL（raw_text 保留原值 ""TBA""）"
5014,CN2409026-S,TBA,"→ 写为 NULL（raw_text 保留原值 ""TBA""）"
5016,CN2409028-S,TBA,"→ 写为 NULL（raw_text 保留原值 ""TBA""）"
5020,CN2409031-A,TBA,"→ 写为 NULL（raw_text 保留原值 ""TBA""）"
5021,CN2409032-S,TBa,"→ 写为 NULL（raw_text 保留原值 ""TBa""）"
5022,CN2409033-A,TBA,"→ 写为 NULL（raw_text 保留原值 ""TBA""）"
5025,CN2409036-A,TBA,"→ 写为 NULL（raw_text 保留原值 ""TBA""）"
5026,CN2409037-S,TBA,"→ 写为 NULL（raw_text 保留原值 ""TBA""）"
5028,CN2409039-A,TBA,"→ 写为 NULL（raw_text 保留原值 ""TBA""）"
5029,CN2409040-A,TBA,"→ 写为 NULL（raw_text 保留原值 ""TBA""）"
5030,CN2409041-A1,TBA,"→ 写为 NULL（raw_text 保留原值 ""TBA""）"
5031,CN2409041-A2,TBA,"→ 写为 NULL（raw_text 保留原值 ""TBA""）"
5032,CN2409041-A3,TBA,"→ 写为 NULL（raw_text 保留原值 ""TBA""）"
5033,CN2409041-A4,TBA,"→ 写为 NULL（raw_text 保留原值 ""TBA""）"
5034,CN2409042-A,TBA,"→ 写为 NULL（raw_text 保留原值 ""TBA""）"
5035,CN2409043-A,TBA,"→ 写为 NULL（raw_text 保留原值 ""TBA""）"
5036,CN2409044-S,TBA,"→ 写为 NULL（raw_text 保留原值 ""TBA""）"
5037,CN2409045-S,TBA,"→ 写为 NULL（raw_text 保留原值 ""TBA""）"
5038,CN2409046-R,TBA,"→ 写为 NULL（raw_text 保留原值 ""TBA""）"
5042,CN2409050-S,TBA,"→ 写为 NULL（raw_text 保留原值 ""TBA""）"
5043,CN2409051-S,TBA,"→ 写为 NULL（raw_text 保留原值 ""TBA""）"
5045,CN2409052-S2,TBA,"→ 写为 NULL（raw_text 保留原值 ""TBA""）"
5046,CN2409052-S3,TBA,"→ 写为 NULL（raw_text 保留原值 ""TBA""）"
5047,CN2409052-S4,TBA,"→ 写为 NULL（raw_text 保留原值 ""TBA""）"
5048,CN2409052-S5,TBA,"→ 写为 NULL（raw_text 保留原值 ""TBA""）"
5049,CN2409052-S6,TBA,"→ 写为 NULL（raw_text 保留原值 ""TBA""）"
5051,CN2409054-S,TBA,"→ 写为 NULL（raw_text 保留原值 ""TBA""）"
5052,CN2409055-S,TBA,"→ 写为 NULL（raw_text 保留原值 ""TBA""）"
5058,CN2409060-S,TBA,"→ 写为 NULL（raw_text 保留原值 ""TBA""）"
5061,CN2409063-A,TBA,"→ 写为 NULL（raw_text 保留原值 ""TBA""）"
5062,CN2409064-A,TBA,"→ 写为 NULL（raw_text 保留原值 ""TBA""）"
5063,CN2409065-A,TBA,"→ 写为 NULL（raw_text 保留原值 ""TBA""）"
5066,CN2409068-A,TBA,"→ 写为 NULL（raw_text 保留原值 ""TBA""）"
5070,CN2409072-S,TBA,"→ 写为 NULL（raw_text 保留原值 ""TBA""）"
5073,CN2409075-S,TBA,"→ 写为 NULL（raw_text 保留原值 ""TBA""）"
5074,CN2409076-S,TBA,"→ 写为 NULL（raw_text 保留原值 ""TBA""）"
5075,CN2409077-S,TBA,"→ 写为 NULL（raw_text 保留原值 ""TBA""）"
5077,CN2409079-A,TBA,"→ 写为 NULL（raw_text 保留原值 ""TBA""）"
5078,CN2409080-A,TBA,"→ 写为 NULL（raw_text 保留原值 ""TBA""）"
5079,CN2409081-A,TBA,"→ 写为 NULL（raw_text 保留原值 ""TBA""）"
5080,CN2409082-A,TBA,"→ 写为 NULL（raw_text 保留原值 ""TBA""）"
5081,CN2409083-S,TBA,"→ 写为 NULL（raw_text 保留原值 ""TBA""）"
5083,CN2409085-A,TBA,"→ 写为 NULL（raw_text 保留原值 ""TBA""）"
5084,CN2409086-A,TBA,"→ 写为 NULL（raw_text 保留原值 ""TBA""）"
5085,CN2409087-A,TBA,"→ 写为 NULL（raw_text 保留原值 ""TBA""）"
5086,CN2409088-S,TBA,"→ 写为 NULL（raw_text 保留原值 ""TBA""）"
5087,CN2409089-S,TBA,"→ 写为 NULL（raw_text 保留原值 ""TBA""）"
5088,CN2409090-S,TBA,"→ 写为 NULL（raw_text 保留原值 ""TBA""）"
5089,CN2409091-S,TBA,"→ 写为 NULL（raw_text 保留原值 ""TBA""）"
5090,CN2409092-S,TBA,"→ 写为 NULL（raw_text 保留原值 ""TBA""）"
5091,CN2409093-S,TBA,"→ 写为 NULL（raw_text 保留原值 ""TBA""）"
5092,CN2409094-A,TBA,"→ 写为 NULL（raw_text 保留原值 ""TBA""）"
5094,CN2409096-A,TBA,"→ 写为 NULL（raw_text 保留原值 ""TBA""）"
5095,CN2409097-A,TBA,"→ 写为 NULL（raw_text 保留原值 ""TBA""）"
5096,CN2409098-A,TBA,"→ 写为 NULL（raw_text 保留原值 ""TBA""）"
5097,CN2409099-A,TBA,"→ 写为 NULL（raw_text 保留原值 ""TBA""）"
5098,CN2409100-A,TBA,"→ 写为 NULL（raw_text 保留原值 ""TBA""）"
5099,CN2409101-A,TBA,"→ 写为 NULL（raw_text 保留原值 ""TBA""）"
5100,CN2409102-A,TBA,"→ 写为 NULL（raw_text 保留原值 ""TBA""）"
5101,CN2409103-A,TBA,"→ 写为 NULL（raw_text 保留原值 ""TBA""）"
5102,CN2409104-A,TBA,"→ 写为 NULL（raw_text 保留原值 ""TBA""）"
5105,CN2409107-S,TBA,"→ 写为 NULL（raw_text 保留原值 ""TBA""）"
5106,CN2409108-S,TBA,"→ 写为 NULL（raw_text 保留原值 ""TBA""）"
5107,CN2409109-A,TBA,"→ 写为 NULL（raw_text 保留原值 ""TBA""）"
5108,CN2409110-S1,TBA,"→ 写为 NULL（raw_text 保留原值 ""TBA""）"
5109,CN2409110-S2,TBA,"→ 写为 NULL（raw_text 保留原值 ""TBA""）"
5110,CN2409110-S3,TBA,"→ 写为 NULL（raw_text 保留原值 ""TBA""）"
5111,CN2409110-S4,TBA,"→ 写为 NULL（raw_text 保留原值 ""TBA""）"
5112,CN2409110-S5,TBA,"→ 写为 NULL（raw_text 保留原值 ""TBA""）"
5113,CN2409110-S6,TBA,"→ 写为 NULL（raw_text 保留原值 ""TBA""）"
5118,CN2409115-A,TBA,"→ 写为 NULL（raw_text 保留原值 ""TBA""）"
5119,CN2409116-A,TBA,"→ 写为 NULL（raw_text 保留原值 ""TBA""）"
5120,CN2409117-A,TBA,"→ 写为 NULL（raw_text 保留原值 ""TBA""）"
5122,CN2409119-A,TBA,"→ 写为 NULL（raw_text 保留原值 ""TBA""）"
5123,CN2409120-A,TBA,"→ 写为 NULL（raw_text 保留原值 ""TBA""）"
5126,CN2409123-A,TBA,"→ 写为 NULL（raw_text 保留原值 ""TBA""）"
5127,CN2409124-S,TBA,"→ 写为 NULL（raw_text 保留原值 ""TBA""）"
5130,CN2409127-S,TBA,"→ 写为 NULL（raw_text 保留原值 ""TBA""）"
5131,CN2409128-S,TBA,"→ 写为 NULL（raw_text 保留原值 ""TBA""）"
5133,CN2409130-S,TBA,"→ 写为 NULL（raw_text 保留原值 ""TBA""）"
5134,CN2409131-S,TBA,"→ 写为 NULL（raw_text 保留原值 ""TBA""）"
5135,CN2409132-S,TBA,"→ 写为 NULL（raw_text 保留原值 ""TBA""）"
5138,CN2409134-A,TBA,"→ 写为 NULL（raw_text 保留原值 ""TBA""）"
5139,CN2409135-A,TBA,"→ 写为 NULL（raw_text 保留原值 ""TBA""）"
5140,CN2409136-A,TBA,"→ 写为 NULL（raw_text 保留原值 ""TBA""）"
5141,CN2409137-A,TBA,"→ 写为 NULL（raw_text 保留原值 ""TBA""）"
5142,CN2409138-A,TBA,"→ 写为 NULL（raw_text 保留原值 ""TBA""）"
5144,CN2409140-A,TBA,"→ 写为 NULL（raw_text 保留原值 ""TBA""）"
5145,CN2409141-A,TBA,"→ 写为 NULL（raw_text 保留原值 ""TBA""）"
5146,CN2409142-S,TBA,"→ 写为 NULL（raw_text 保留原值 ""TBA""）"
5147,CN2409143-S,TBA,"→ 写为 NULL（raw_text 保留原值 ""TBA""）"
5148,CN2409144-S,TBA,"→ 写为 NULL（raw_text 保留原值 ""TBA""）"
5150,CN2409146-S1,TBA,"→ 写为 NULL（raw_text 保留原值 ""TBA""）"
5151,CN2409146-S2,TBA,"→ 写为 NULL（raw_text 保留原值 ""TBA""）"
5152,CN2409146-S3,TBA,"→ 写为 NULL（raw_text 保留原值 ""TBA""）"
5154,CN2409148-S,TBA,"→ 写为 NULL（raw_text 保留原值 ""TBA""）"
5162,CN2409152-A,TBA,"→ 写为 NULL（raw_text 保留原值 ""TBA""）"
5163,CN2409153-AS,TBA,"→ 写为 NULL（raw_text 保留原值 ""TBA""）"
5164,CN2409153-AS1,TBA,"→ 写为 NULL（raw_text 保留原值 ""TBA""）"
5166,CN2409155-S,TBA,"→ 写为 NULL（raw_text 保留原值 ""TBA""）"
5167,CN2409156-A,TBA,"→ 写为 NULL（raw_text 保留原值 ""TBA""）"
5168,CN2409157-A,TBA,"→ 写为 NULL（raw_text 保留原值 ""TBA""）"
5169,CN2409158-A,TBA,"→ 写为 NULL（raw_text 保留原值 ""TBA""）"
5172,CN2409161-A,TBA,"→ 写为 NULL（raw_text 保留原值 ""TBA""）"
5173,CN2409162-A,TBA,"→ 写为 NULL（raw_text 保留原值 ""TBA""）"
5174,CN2409163-A,TBA,"→ 写为 NULL（raw_text 保留原值 ""TBA""）"
5176,CN2409165-S,TBA,"→ 写为 NULL（raw_text 保留原值 ""TBA""）"
5180,CN2409169-A,TBA,"→ 写为 NULL（raw_text 保留原值 ""TBA""）"
5181,CN2409170-A,TBA,"→ 写为 NULL（raw_text 保留原值 ""TBA""）"
5182,CN2409171-A,TBA,"→ 写为 NULL（raw_text 保留原值 ""TBA""）"
5183,CN2409172-A,TBA,"→ 写为 NULL（raw_text 保留原值 ""TBA""）"
5186,CN2409175-A,TBA,"→ 写为 NULL（raw_text 保留原值 ""TBA""）"
5187,CN2409176-S,TBA,"→ 写为 NULL（raw_text 保留原值 ""TBA""）"
5188,CN2409177-A,TBA,"→ 写为 NULL（raw_text 保留原值 ""TBA""）"
5190,CN2409179-A,TBA,"→ 写为 NULL（raw_text 保留原值 ""TBA""）"
5191,CN2409180-A1,TBA,"→ 写为 NULL（raw_text 保留原值 ""TBA""）"
5192,CN2409180-A2,TBA,"→ 写为 NULL（raw_text 保留原值 ""TBA""）"
5193,CN2409180-A3,TBA,"→ 写为 NULL（raw_text 保留原值 ""TBA""）"
5194,CN2409181-A,TBA,"→ 写为 NULL（raw_text 保留原值 ""TBA""）"
5195,CN2409182-A,TBA,"→ 写为 NULL（raw_text 保留原值 ""TBA""）"
5196,CN2409183-A,TBA,"→ 写为 NULL（raw_text 保留原值 ""TBA""）"
5197,CN2409184-A1,TBA,"→ 写为 NULL（raw_text 保留原值 ""TBA""）"
5198,CN2409184-A2,TBA,"→ 写为 NULL（raw_text 保留原值 ""TBA""）"
5199,CN2409184-A3,TBA,"→ 写为 NULL（raw_text 保留原值 ""TBA""）"
5201,CN2409186-S,TBA,"→ 写为 NULL（raw_text 保留原值 ""TBA""）"
5202,CN2409187-S,TBA,"→ 写为 NULL（raw_text 保留原值 ""TBA""）"
5204,CN2409188-S2,TBA,"→ 写为 NULL（raw_text 保留原值 ""TBA""）"
5205,CN2409189-S,TBA,"→ 写为 NULL（raw_text 保留原值 ""TBA""）"
5206,CN2409190-S1,TBA,"→ 写为 NULL（raw_text 保留原值 ""TBA""）"
5207,CN2409190-S2,TBA,"→ 写为 NULL（raw_text 保留原值 ""TBA""）"
5208,CN2409190-S3,TBA,"→ 写为 NULL（raw_text 保留原值 ""TBA""）"
5209,CN2409190-S4,TBA,"→ 写为 NULL（raw_text 保留原值 ""TBA""）"
5210,CN2409190-S5,TBA,"→ 写为 NULL（raw_text 保留原值 ""TBA""）"
5211,CN2409190-S6,TBA,"→ 写为 NULL（raw_text 保留原值 ""TBA""）"
5212,CN2409191-S,TBA,"→ 写为 NULL（raw_text 保留原值 ""TBA""）"
5214,CN2409193-S,TBA,"→ 写为 NULL（raw_text 保留原值 ""TBA""）"
5215,CN2409194-S,TBA,"→ 写为 NULL（raw_text 保留原值 ""TBA""）"
5216,CN2409195-S,TBA,"→ 写为 NULL（raw_text 保留原值 ""TBA""）"
5217,CN2409196-A,TBA,"→ 写为 NULL（raw_text 保留原值 ""TBA""）"
5218,CN2409197-A,TBA,"→ 写为 NULL（raw_text 保留原值 ""TBA""）"
5219,CN2409198-A,TBA,"→ 写为 NULL（raw_text 保留原值 ""TBA""）"
5220,CN2409199-A,TBA,"→ 写为 NULL（raw_text 保留原值 ""TBA""）"
5221,CN2409200-A,TBA,"→ 写为 NULL（raw_text 保留原值 ""TBA""）"
5222,CN2409201-A,TBA,"→ 写为 NULL（raw_text 保留原值 ""TBA""）"
5223,CN2409202-A,TBA,"→ 写为 NULL（raw_text 保留原值 ""TBA""）"
5224,CN2409203-A,TBA,"→ 写为 NULL（raw_text 保留原值 ""TBA""）"
5225,CN2409204-A,TBA,"→ 写为 NULL（raw_text 保留原值 ""TBA""）"
5228,CN2409207-A,TBA,"→ 写为 NULL（raw_text 保留原值 ""TBA""）"
5231,CN2409210-A,TBA,"→ 写为 NULL（raw_text 保留原值 ""TBA""）"
5233,CN2409212-S,TBA,"→ 写为 NULL（raw_text 保留原值 ""TBA""）"
5237,CN2409216-S,TBA,"→ 写为 NULL（raw_text 保留原值 ""TBA""）"
5238,CN2409217-A,TBA,"→ 写为 NULL（raw_text 保留原值 ""TBA""）"
5240,CN2409219-A,TBA,"→ 写为 NULL（raw_text 保留原值 ""TBA""）"
5241,CN2409220-A,TBA,"→ 写为 NULL（raw_text 保留原值 ""TBA""）"
5242,CN2409221-A,TBA,"→ 写为 NULL（raw_text 保留原值 ""TBA""）"
5243,CN2409222-A,TBA,"→ 写为 NULL（raw_text 保留原值 ""TBA""）"
5245,CN2409224-S1,TBA,"→ 写为 NULL（raw_text 保留原值 ""TBA""）"
5246,CN2409224-S2,TBA,"→ 写为 NULL（raw_text 保留原值 ""TBA""）"
5247,CN2409225-S,TBA,"→ 写为 NULL（raw_text 保留原值 ""TBA""）"
5251,CN2409229-S,TBA,"→ 写为 NULL（raw_text 保留原值 ""TBA""）"
5252,CN2409230-S,TBA,"→ 写为 NULL（raw_text 保留原值 ""TBA""）"
5253,CN2409231-S,TBA,"→ 写为 NULL（raw_text 保留原值 ""TBA""）"
5254,CN2409232-S,TBA,"→ 写为 NULL（raw_text 保留原值 ""TBA""）"
5256,CN2409234-A,TBA,"→ 写为 NULL（raw_text 保留原值 ""TBA""）"
5258,CN2409236-A,TBA,"→ 写为 NULL（raw_text 保留原值 ""TBA""）"
5259,CN2409237-A,TBA,"→ 写为 NULL（raw_text 保留原值 ""TBA""）"
5260,CN2409238-A,TBA,"→ 写为 NULL（raw_text 保留原值 ""TBA""）"
5261,CN2409239-A,TBA,"→ 写为 NULL（raw_text 保留原值 ""TBA""）"
5262,CN2409240-A,TBA,"→ 写为 NULL（raw_text 保留原值 ""TBA""）"
5263,CN2409241-A,TBA,"→ 写为 NULL（raw_text 保留原值 ""TBA""）"
5264,CN2409242-A,TBA,"→ 写为 NULL（raw_text 保留原值 ""TBA""）"
5265,CN2409243-S,TBA,"→ 写为 NULL（raw_text 保留原值 ""TBA""）"
5266,CN2409245-S,TBA,"→ 写为 NULL（raw_text 保留原值 ""TBA""）"
5267,CN2409246-S,TBA,"→ 写为 NULL（raw_text 保留原值 ""TBA""）"
5268,CN2409247-S,TBA,"→ 写为 NULL（raw_text 保留原值 ""TBA""）"
5271,CN2409250-A,TBA,"→ 写为 NULL（raw_text 保留原值 ""TBA""）"
5272,CN2409251-A,TBA,"→ 写为 NULL（raw_text 保留原值 ""TBA""）"
5273,CN2409252-A,TBA,"→ 写为 NULL（raw_text 保留原值 ""TBA""）"
5274,CN2409253-A,TBA,"→ 写为 NULL（raw_text 保留原值 ""TBA""）"
5275,CN2409254-A,TBA,"→ 写为 NULL（raw_text 保留原值 ""TBA""）"
5276,CN2409255-A,TBA,"→ 写为 NULL（raw_text 保留原值 ""TBA""）"
5277,CN2409256-A,TBA,"→ 写为 NULL（raw_text 保留原值 ""TBA""）"
5279,CN2409258-A,TBA,"→ 写为 NULL（raw_text 保留原值 ""TBA""）"
5280,CN2409259-A,TBA,"→ 写为 NULL（raw_text 保留原值 ""TBA""）"
5282,CN2409261-A,TBA,"→ 写为 NULL（raw_text 保留原值 ""TBA""）"
5283,CN2409262-A,TBA,"→ 写为 NULL（raw_text 保留原值 ""TBA""）"
5284,CN2409263-A,TBA,"→ 写为 NULL（raw_text 保留原值 ""TBA""）"
5286,CN2409265-S1,TBA,"→ 写为 NULL（raw_text 保留原值 ""TBA""）"
5287,CN2409265-S2,TBA,"→ 写为 NULL（raw_text 保留原值 ""TBA""）"
5288,CN2409265-S3,TBA,"→ 写为 NULL（raw_text 保留原值 ""TBA""）"
5289,CN2409265-S4,TBA,"→ 写为 NULL（raw_text 保留原值 ""TBA""）"
5290,CN2409266-S1,TBA,"→ 写为 NULL（raw_text 保留原值 ""TBA""）"
5291,CN2409266-S2,TBA,"→ 写为 NULL（raw_text 保留原值 ""TBA""）"
5292,CN2409266-S3,TBA,"→ 写为 NULL（raw_text 保留原值 ""TBA""）"
5293,CN2409267-S1,TBA,"→ 写为 NULL（raw_text 保留原值 ""TBA""）"
5294,CN2409267-S2,TBA,"→ 写为 NULL（raw_text 保留原值 ""TBA""）"
5295,CN2409267-S3,TBA,"→ 写为 NULL（raw_text 保留原值 ""TBA""）"
5296,CN2409267-S4,TBA,"→ 写为 NULL（raw_text 保留原值 ""TBA""）"
5297,CN2409267-S5,TBA,"→ 写为 NULL（raw_text 保留原值 ""TBA""）"
5298,CN2409267-S6,TBA,"→ 写为 NULL（raw_text 保留原值 ""TBA""）"
5299,CN2409268-S,TBA,"→ 写为 NULL（raw_text 保留原值 ""TBA""）"
5301,CN2409270-S,TBA,"→ 写为 NULL（raw_text 保留原值 ""TBA""）"
5303,CN2409272-S,TBA,"→ 写为 NULL（raw_text 保留原值 ""TBA""）"
5306,CN2409275-S,TBA,"→ 写为 NULL（raw_text 保留原值 ""TBA""）"
5307,CN2409276-S,TBA,"→ 写为 NULL（raw_text 保留原值 ""TBA""）"
5308,CN2409277-S,TBA,"→ 写为 NULL（raw_text 保留原值 ""TBA""）"
5309,CN2409278-S,TBA,"→ 写为 NULL（raw_text 保留原值 ""TBA""）"
5314,CN2409283-A,TBA,"→ 写为 NULL（raw_text 保留原值 ""TBA""）"
5316,CN2409285-A,TBA,"→ 写为 NULL（raw_text 保留原值 ""TBA""）"
5318,CN2409287-A,TBA,"→ 写为 NULL（raw_text 保留原值 ""TBA""）"
5320,CN2409289-A,TBA,"→ 写为 NULL（raw_text 保留原值 ""TBA""）"
5321,CN2409290-A,TBA,"→ 写为 NULL（raw_text 保留原值 ""TBA""）"
5322,CN2409291-A,TBA,"→ 写为 NULL（raw_text 保留原值 ""TBA""）"
5323,CN2409292-A,TBA,"→ 写为 NULL（raw_text 保留原值 ""TBA""）"
5325,CN2409294-A,TBA,"→ 写为 NULL（raw_text 保留原值 ""TBA""）"
5326,CN2409295-A,TBA,"→ 写为 NULL（raw_text 保留原值 ""TBA""）"
5327,CN2409296-A,TBA,"→ 写为 NULL（raw_text 保留原值 ""TBA""）"
5328,CN2409297-A,TBA,"→ 写为 NULL（raw_text 保留原值 ""TBA""）"
5329,CN2409298-A,TBA,"→ 写为 NULL（raw_text 保留原值 ""TBA""）"
5330,CN2409299-S,TBA,"→ 写为 NULL（raw_text 保留原值 ""TBA""）"
5332,CN2409301-S1,TBA,"→ 写为 NULL（raw_text 保留原值 ""TBA""）"
5333,CN2409301-S2,TBA,"→ 写为 NULL（raw_text 保留原值 ""TBA""）"
5335,CN2409303-S,TBA,"→ 写为 NULL（raw_text 保留原值 ""TBA""）"
5336,CN2409304-S,TBA,"→ 写为 NULL（raw_text 保留原值 ""TBA""）"
5337,CN2409305-S,TBA,"→ 写为 NULL（raw_text 保留原值 ""TBA""）"
5338,CN2409306-R,TBA,"→ 写为 NULL（raw_text 保留原值 ""TBA""）"
5339,CN2409307-S,TBA,"→ 写为 NULL（raw_text 保留原值 ""TBA""）"
5340,CN2409308-S,TBA,"→ 写为 NULL（raw_text 保留原值 ""TBA""）"
5341,CN2409309-R,TBA,"→ 写为 NULL（raw_text 保留原值 ""TBA""）"
5342,CN2409310-R,TBA,"→ 写为 NULL（raw_text 保留原值 ""TBA""）"
5343,CN2409311-R1,TBA,"→ 写为 NULL（raw_text 保留原值 ""TBA""）"
5344,CN2409311-R2,TBA,"→ 写为 NULL（raw_text 保留原值 ""TBA""）"
5346,CN2409313-S,TBA,"→ 写为 NULL（raw_text 保留原值 ""TBA""）"
5347,CN2409314-A,TBA,"→ 写为 NULL（raw_text 保留原值 ""TBA""）"
5351,CN2409318-A,TBA,"→ 写为 NULL（raw_text 保留原值 ""TBA""）"
5353,CN2409320-S,TBA,"→ 写为 NULL（raw_text 保留原值 ""TBA""）"
5356,CN2409323-S,TBA,"→ 写为 NULL（raw_text 保留原值 ""TBA""）"
5357,CN2409324-A,TBA,"→ 写为 NULL（raw_text 保留原值 ""TBA""）"
5358,CN2409325-A,TBA,"→ 写为 NULL（raw_text 保留原值 ""TBA""）"
5359,CN2409326-A,TBA,"→ 写为 NULL（raw_text 保留原值 ""TBA""）"
5360,CN2409327-S,TBA,"→ 写为 NULL（raw_text 保留原值 ""TBA""）"
5362,CN2409329-A,TBA,"→ 写为 NULL（raw_text 保留原值 ""TBA""）"
5363,CN2409330-A,TBA,"→ 写为 NULL（raw_text 保留原值 ""TBA""）"
5364,CN2409331-A,TBA,"→ 写为 NULL（raw_text 保留原值 ""TBA""）"
5365,CN2409332-A,TBA,"→ 写为 NULL（raw_text 保留原值 ""TBA""）"
5366,CN2409333-A,TBA,"→ 写为 NULL（raw_text 保留原值 ""TBA""）"
5367,CN2409334-A,TBA,"→ 写为 NULL（raw_text 保留原值 ""TBA""）"
5368,CN2409335-A,TBA,"→ 写为 NULL（raw_text 保留原值 ""TBA""）"
5371,CN2409338-S,TBA,"→ 写为 NULL（raw_text 保留原值 ""TBA""）"
5372,CN2409339-S,TBA,"→ 写为 NULL（raw_text 保留原值 ""TBA""）"
5373,CN2409340-S,TBA,"→ 写为 NULL（raw_text 保留原值 ""TBA""）"
5374,CN2409341-A,TBA,"→ 写为 NULL（raw_text 保留原值 ""TBA""）"
5375,CN2409342-AS,TBA,"→ 写为 NULL（raw_text 保留原值 ""TBA""）"
5376,CN2409342-AS1,TBA,"→ 写为 NULL（raw_text 保留原值 ""TBA""）"
5377,CN2409343-A,TBA,"→ 写为 NULL（raw_text 保留原值 ""TBA""）"
5378,CN2409344-A,TBA,"→ 写为 NULL（raw_text 保留原值 ""TBA""）"
5379,CN2409345-A,TBA,"→ 写为 NULL（raw_text 保留原值 ""TBA""）"
5382,CN2409348-A,TBA,"→ 写为 NULL（raw_text 保留原值 ""TBA""）"
5383,CN2409349-A,TBA,"→ 写为 NULL（raw_text 保留原值 ""TBA""）"
5385,CN2409351-A,TBA,"→ 写为 NULL（raw_text 保留原值 ""TBA""）"
5386,CN2409352-A,TBA,"→ 写为 NULL（raw_text 保留原值 ""TBA""）"
5387,CN2409353-A,TBA,"→ 写为 NULL（raw_text 保留原值 ""TBA""）"
5388,CN2409354-A,TBA,"→ 写为 NULL（raw_text 保留原值 ""TBA""）"
5389,CN2409355-A,TBA,"→ 写为 NULL（raw_text 保留原值 ""TBA""）"
5390,CN2409356-A,TBA,"→ 写为 NULL（raw_text 保留原值 ""TBA""）"
5391,CN2409357-A,TBA,"→ 写为 NULL（raw_text 保留原值 ""TBA""）"
5393,CN2409359-A,TBA,"→ 写为 NULL（raw_text 保留原值 ""TBA""）"
5394,CN2409360-A,TBA,"→ 写为 NULL（raw_text 保留原值 ""TBA""）"
5395,CN2409361-A,TBA,"→ 写为 NULL（raw_text 保留原值 ""TBA""）"
5397,CN2409363-A,TBA,"→ 写为 NULL（raw_text 保留原值 ""TBA""）"
5398,CN2409364-A,TBA,"→ 写为 NULL（raw_text 保留原值 ""TBA""）"
5399,CN2409365-A,TBA,"→ 写为 NULL（raw_text 保留原值 ""TBA""）"
5400,CN2409366-S,TBA,"→ 写为 NULL（raw_text 保留原值 ""TBA""）"
5401,CN2409367-S1,TBA,"→ 写为 NULL（raw_text 保留原值 ""TBA""）"
5402,CN2409367-S2,TBA,"→ 写为 NULL（raw_text 保留原值 ""TBA""）"
5403,CN2409367-S3,TBA,"→ 写为 NULL（raw_text 保留原值 ""TBA""）"
5404,CN2409367-S4,TBA,"→ 写为 NULL（raw_text 保留原值 ""TBA""）"
5405,CN2409368-S,TBA,"→ 写为 NULL（raw_text 保留原值 ""TBA""）"
5407,CN2409370-S,TBA,"→ 写为 NULL（raw_text 保留原值 ""TBA""）"
5408,CN2409371-S,TBA,"→ 写为 NULL（raw_text 保留原值 ""TBA""）"
5409,CN2409372-S,TBA,"→ 写为 NULL（raw_text 保留原值 ""TBA""）"
5410,CN2409373-S,TBA,"→ 写为 NULL（raw_text 保留原值 ""TBA""）"
5412,CN2409375-S,TBA,"→ 写为 NULL（raw_text 保留原值 ""TBA""）"
5413,CN2409376-R,TBA,"→ 写为 NULL（raw_text 保留原值 ""TBA""）"
5414,CN2409377-R,TBA,"→ 写为 NULL（raw_text 保留原值 ""TBA""）"
5415,CN2409378-A,TBA,"→ 写为 NULL（raw_text 保留原值 ""TBA""）"
5417,CN2409380-A,TBA,"→ 写为 NULL（raw_text 保留原值 ""TBA""）"
5418,CN2409381-AS,TBA,"→ 写为 NULL（raw_text 保留原值 ""TBA""）"
5419,CN2409381-AS1,TBA,"→ 写为 NULL（raw_text 保留原值 ""TBA""）"
5420,CN2409382-A,TBA,"→ 写为 NULL（raw_text 保留原值 ""TBA""）"
5421,CN2409383-A,TBA,"→ 写为 NULL（raw_text 保留原值 ""TBA""）"
5426,CN2409388-S,TBA,"→ 写为 NULL（raw_text 保留原值 ""TBA""）"
5427,CN2409388-S1,TBA,"→ 写为 NULL（raw_text 保留原值 ""TBA""）"
5429,CN2409390-S,TBA,"→ 写为 NULL（raw_text 保留原值 ""TBA""）"
5434,CN2409395-A,TBA,"→ 写为 NULL（raw_text 保留原值 ""TBA""）"
5437,CN2409398-A,TBA,"→ 写为 NULL（raw_text 保留原值 ""TBA""）"
5439,CN2409400-S,TBA,"→ 写为 NULL（raw_text 保留原值 ""TBA""）"
5440,CN2409401-A,TBA,"→ 写为 NULL（raw_text 保留原值 ""TBA""）"
5441,CN2409402-A,TBA,"→ 写为 NULL（raw_text 保留原值 ""TBA""）"
5442,CN2409403-A,TBA,"→ 写为 NULL（raw_text 保留原值 ""TBA""）"
5443,CN2409404-ARS,TBA,"→ 写为 NULL（raw_text 保留原值 ""TBA""）"
5444,CN2409404-ARS1,TBA,"→ 写为 NULL（raw_text 保留原值 ""TBA""）"
5445,CN2409404-ARS2,TBA,"→ 写为 NULL（raw_text 保留原值 ""TBA""）"
5446,CN2409405-A,TBA,"→ 写为 NULL（raw_text 保留原值 ""TBA""）"
5447,CN2409406-S,TBA,"→ 写为 NULL（raw_text 保留原值 ""TBA""）"
5452,CN2409411-S,TBA,"→ 写为 NULL（raw_text 保留原值 ""TBA""）"
5456,CN2409414-A,TBA,"→ 写为 NULL（raw_text 保留原值 ""TBA""）"
5457,CN2409415-A,TBA,"→ 写为 NULL（raw_text 保留原值 ""TBA""）"
5458,CN2409416-A,TBA,"→ 写为 NULL（raw_text 保留原值 ""TBA""）"
5459,CN2409417-A,TBA,"→ 写为 NULL（raw_text 保留原值 ""TBA""）"
5460,CN2409418-S,TBA,"→ 写为 NULL（raw_text 保留原值 ""TBA""）"
5461,CN2409419-A,TBA,"→ 写为 NULL（raw_text 保留原值 ""TBA""）"
5462,CN2409420-S,TBA,"→ 写为 NULL（raw_text 保留原值 ""TBA""）"
5463,CN2409421-A,TBA,"→ 写为 NULL（raw_text 保留原值 ""TBA""）"
5464,CN2409422-S,TBA,"→ 写为 NULL（raw_text 保留原值 ""TBA""）"
5466,CN2409424-A,TBA,"→ 写为 NULL（raw_text 保留原值 ""TBA""）"
5467,CN2409425-A,TBA,"→ 写为 NULL（raw_text 保留原值 ""TBA""）"
5468,CN2409426-A,TBA,"→ 写为 NULL（raw_text 保留原值 ""TBA""）"
5469,CN2409427-S1,TBA,"→ 写为 NULL（raw_text 保留原值 ""TBA""）"
5470,CN2409427-S2,TBA,"→ 写为 NULL（raw_text 保留原值 ""TBA""）"
5472,CN2409429-S,TBA,"→ 写为 NULL（raw_text 保留原值 ""TBA""）"
5474,CN2409431-S,TBA,"→ 写为 NULL（raw_text 保留原值 ""TBA""）"
5475,CN2409432-S,TBA,"→ 写为 NULL（raw_text 保留原值 ""TBA""）"
5478,CN2409435-A,TBA,"→ 写为 NULL（raw_text 保留原值 ""TBA""）"
5479,CN2409436-A,TBA,"→ 写为 NULL（raw_text 保留原值 ""TBA""）"
5480,CN2409437-A,TBA,"→ 写为 NULL（raw_text 保留原值 ""TBA""）"
5481,CN2409438-A,TBA,"→ 写为 NULL（raw_text 保留原值 ""TBA""）"
5482,CN2409439-A,TBA,"→ 写为 NULL（raw_text 保留原值 ""TBA""）"
5483,CN2409440-A,TBA,"→ 写为 NULL（raw_text 保留原值 ""TBA""）"
5484,CN2409441-A,TBA,"→ 写为 NULL（raw_text 保留原值 ""TBA""）"
5485,CN2409442-A,TBA,"→ 写为 NULL（raw_text 保留原值 ""TBA""）"
5486,CN2409443-A,TBA,"→ 写为 NULL（raw_text 保留原值 ""TBA""）"
5488,CN2409445-S,TBA,"→ 写为 NULL（raw_text 保留原值 ""TBA""）"
5490,CN2409447-A,TBA,"→ 写为 NULL（raw_text 保留原值 ""TBA""）"
5491,CN2409448-A,TBA,"→ 写为 NULL（raw_text 保留原值 ""TBA""）"
5492,CN2409449-A,TBA,"→ 写为 NULL（raw_text 保留原值 ""TBA""）"
5493,CN2409450-A,TBA,"→ 写为 NULL（raw_text 保留原值 ""TBA""）"
5494,CN2409451-A,TBA,"→ 写为 NULL（raw_text 保留原值 ""TBA""）"
5497,CN2409454-A,TBA,"→ 写为 NULL（raw_text 保留原值 ""TBA""）"
5498,CN2409455-AS,TBA,"→ 写为 NULL（raw_text 保留原值 ""TBA""）"
5499,CN2409455-AS1,TBA,"→ 写为 NULL（raw_text 保留原值 ""TBA""）"
5500,CN2409456-A1,TBA,"→ 写为 NULL（raw_text 保留原值 ""TBA""）"
5501,CN2409456-A2,TBA,"→ 写为 NULL（raw_text 保留原值 ""TBA""）"
5502,CN2409457-A,TBA,"→ 写为 NULL（raw_text 保留原值 ""TBA""）"
5503,CN2409458-S1,TBA,"→ 写为 NULL（raw_text 保留原值 ""TBA""）"
5504,CN2409458-S2,TBA,"→ 写为 NULL（raw_text 保留原值 ""TBA""）"
5505,CN2409458-S3,TBA,"→ 写为 NULL（raw_text 保留原值 ""TBA""）"
5506,CN2409458-S4,TBA,"→ 写为 NULL（raw_text 保留原值 ""TBA""）"
5508,CN2409460-S,TBA,"→ 写为 NULL（raw_text 保留原值 ""TBA""）"
5510,CN2409462-S,TBA,"→ 写为 NULL（raw_text 保留原值 ""TBA""）"
5512,CN2409464-R,TBA,"→ 写为 NULL（raw_text 保留原值 ""TBA""）"
5513,CN2409465-A,TBA,"→ 写为 NULL（raw_text 保留原值 ""TBA""）"
5514,CN2409466-A,TBA,"→ 写为 NULL（raw_text 保留原值 ""TBA""）"
5515,CN2409467-A,TBA,"→ 写为 NULL（raw_text 保留原值 ""TBA""）"
5517,CN2409469-A,TBA,"→ 写为 NULL（raw_text 保留原值 ""TBA""）"
5520,CN2409472-A,TBA,"→ 写为 NULL（raw_text 保留原值 ""TBA""）"
5521,CN2409473-A,TBA,"→ 写为 NULL（raw_text 保留原值 ""TBA""）"
5522,CN2410001-A,TBA,"→ 写为 NULL（raw_text 保留原值 ""TBA""）"
5523,CN2410002-A,TBA,"→ 写为 NULL（raw_text 保留原值 ""TBA""）"
5524,CN2410003-A,TBA,"→ 写为 NULL（raw_text 保留原值 ""TBA""）"
5525,CN2410004-A1,TBA,"→ 写为 NULL（raw_text 保留原值 ""TBA""）"
5526,CN2410004-A2,TBA,"→ 写为 NULL（raw_text 保留原值 ""TBA""）"
5527,CN2410005-A,TBA,"→ 写为 NULL（raw_text 保留原值 ""TBA""）"
5528,CN2410006-A,TBA,"→ 写为 NULL（raw_text 保留原值 ""TBA""）"
5530,CN2410008-S,TBA,"→ 写为 NULL（raw_text 保留原值 ""TBA""）"
5532,CN2410010-S,TBA,"→ 写为 NULL（raw_text 保留原值 ""TBA""）"
5533,CN2410011-S,TBA,"→ 写为 NULL（raw_text 保留原值 ""TBA""）"
5537,CN2410015-S,TBA,"→ 写为 NULL（raw_text 保留原值 ""TBA""）"
5544,CN2410021-S,TBA,"→ 写为 NULL（raw_text 保留原值 ""TBA""）"
5545,CN2410022-S,TBA,"→ 写为 NULL（raw_text 保留原值 ""TBA""）"
5546,CN2410023-A,TBA,"→ 写为 NULL（raw_text 保留原值 ""TBA""）"
5547,CN2410024-A,TBA,"→ 写为 NULL（raw_text 保留原值 ""TBA""）"
5548,CN2410025-A,TBA,"→ 写为 NULL（raw_text 保留原值 ""TBA""）"
5549,CN2410026-AS,TBA,"→ 写为 NULL（raw_text 保留原值 ""TBA""）"
5550,CN2410026-AS1,TBA,"→ 写为 NULL（raw_text 保留原值 ""TBA""）"
5552,CN2410028-S,TBA,"→ 写为 NULL（raw_text 保留原值 ""TBA""）"
5557,CN2410033-S,TBA,"→ 写为 NULL（raw_text 保留原值 ""TBA""）"
5558,CN2410034-A,TBA,"→ 写为 NULL（raw_text 保留原值 ""TBA""）"
5560,CN2410036-S,TBA,"→ 写为 NULL（raw_text 保留原值 ""TBA""）"
5562,CN2410038-A,TBA,"→ 写为 NULL（raw_text 保留原值 ""TBA""）"
5563,CN2410039-A,TBA,"→ 写为 NULL（raw_text 保留原值 ""TBA""）"
5564,CN2410040-A,TBA,"→ 写为 NULL（raw_text 保留原值 ""TBA""）"
5565,CN2410041-A,TBA,"→ 写为 NULL（raw_text 保留原值 ""TBA""）"
5566,CN2410042-A,TBA,"→ 写为 NULL（raw_text 保留原值 ""TBA""）"
5567,CN2410043-S,TBA,"→ 写为 NULL（raw_text 保留原值 ""TBA""）"
5568,CN2410044-S,TBA,"→ 写为 NULL（raw_text 保留原值 ""TBA""）"
5569,CN2410045-A,TBA,"→ 写为 NULL（raw_text 保留原值 ""TBA""）"
5570,CN2410046-R,TBA,"→ 写为 NULL（raw_text 保留原值 ""TBA""）"
5571,CN2410047-A,TBA,"→ 写为 NULL（raw_text 保留原值 ""TBA""）"
5572,CN2410048-A,TBA,"→ 写为 NULL（raw_text 保留原值 ""TBA""）"
5573,CN2410049-A,TBA,"→ 写为 NULL（raw_text 保留原值 ""TBA""）"
5574,CN2410050-S,TBA,"→ 写为 NULL（raw_text 保留原值 ""TBA""）"
5575,CN2410051-S,TBA,"→ 写为 NULL（raw_text 保留原值 ""TBA""）"
5576,CN2410052-S1,TBA,"→ 写为 NULL（raw_text 保留原值 ""TBA""）"
5577,CN2410052-S2,TBA,"→ 写为 NULL（raw_text 保留原值 ""TBA""）"
5578,CN2410052-S3,TBA,"→ 写为 NULL（raw_text 保留原值 ""TBA""）"
5579,CN2410052-S4,TBA,"→ 写为 NULL（raw_text 保留原值 ""TBA""）"
5580,CN2410052-S5,TBA,"→ 写为 NULL（raw_text 保留原值 ""TBA""）"
5581,CN2410052-S6,TBA,"→ 写为 NULL（raw_text 保留原值 ""TBA""）"
5582,CN2410053-A1,TBA,"→ 写为 NULL（raw_text 保留原值 ""TBA""）"
5583,CN2410053-A2,TBA,"→ 写为 NULL（raw_text 保留原值 ""TBA""）"
5584,CN2410054-A,TBA,"→ 写为 NULL（raw_text 保留原值 ""TBA""）"
5585,CN2410055-A,TBA,"→ 写为 NULL（raw_text 保留原值 ""TBA""）"
5586,CN2410056-A,TBA,"→ 写为 NULL（raw_text 保留原值 ""TBA""）"
5587,CN2410057-A,TBA,"→ 写为 NULL（raw_text 保留原值 ""TBA""）"
5589,CN2410059-A,TBA,"→ 写为 NULL（raw_text 保留原值 ""TBA""）"
5590,CN2410060-A,TBA,"→ 写为 NULL（raw_text 保留原值 ""TBA""）"
5593,CN2410063-S,TBA,"→ 写为 NULL（raw_text 保留原值 ""TBA""）"
5594,CN2410064-S,TBA,"→ 写为 NULL（raw_text 保留原值 ""TBA""）"
5595,CN2410065-S,TBA,"→ 写为 NULL（raw_text 保留原值 ""TBA""）"
5600,CN2410070-A,TBA,"→ 写为 NULL（raw_text 保留原值 ""TBA""）"
5601,CN2410071-S,TBA,"→ 写为 NULL（raw_text 保留原值 ""TBA""）"
5602,CN2410072-A,TBA,"→ 写为 NULL（raw_text 保留原值 ""TBA""）"
5603,CN2410073-A,TBA,"→ 写为 NULL（raw_text 保留原值 ""TBA""）"
5606,CN2410076-R,TBA,"→ 写为 NULL（raw_text 保留原值 ""TBA""）"
5608,CN2410078-A,TBA,"→ 写为 NULL（raw_text 保留原值 ""TBA""）"
5609,CN2410079-S,TBA,"→ 写为 NULL（raw_text 保留原值 ""TBA""）"
5614,CN2410084-R,TBA,"→ 写为 NULL（raw_text 保留原值 ""TBA""）"
5616,CN2410086-S,TBA,"→ 写为 NULL（raw_text 保留原值 ""TBA""）"
5617,CN2410087-S,TBA,"→ 写为 NULL（raw_text 保留原值 ""TBA""）"
5618,CN2410088-S,TBA,"→ 写为 NULL（raw_text 保留原值 ""TBA""）"
5619,CN2410089-S1,TBA,"→ 写为 NULL（raw_text 保留原值 ""TBA""）"
5620,CN2410089-S2,TBA,"→ 写为 NULL（raw_text 保留原值 ""TBA""）"
5621,CN2410090-S,TBA,"→ 写为 NULL（raw_text 保留原值 ""TBA""）"
5622,CN2410091-S,TBA,"→ 写为 NULL（raw_text 保留原值 ""TBA""）"
5623,CN2410092-S,TBA,"→ 写为 NULL（raw_text 保留原值 ""TBA""）"
5624,CN2410093-S,TBA,"→ 写为 NULL（raw_text 保留原值 ""TBA""）"
5625,CN2410094-S,TBA,"→ 写为 NULL（raw_text 保留原值 ""TBA""）"
5626,CN2410095-S,TBA,"→ 写为 NULL（raw_text 保留原值 ""TBA""）"
5627,CN2410096-S,TBA,"→ 写为 NULL（raw_text 保留原值 ""TBA""）"
5628,CN2410097-S,TBA,"→ 写为 NULL（raw_text 保留原值 ""TBA""）"
5631,CN2410100-S,TBA,"→ 写为 NULL（raw_text 保留原值 ""TBA""）"
5632,CN2410101-A,TBA,"→ 写为 NULL（raw_text 保留原值 ""TBA""）"
5633,CN2410102-S,TBA,"→ 写为 NULL（raw_text 保留原值 ""TBA""）"
5634,CN2410103-S,TBA,"→ 写为 NULL（raw_text 保留原值 ""TBA""）"
5635,CN2410104-S,TBA,"→ 写为 NULL（raw_text 保留原值 ""TBA""）"
5636,CN2410105-A,TBA,"→ 写为 NULL（raw_text 保留原值 ""TBA""）"
5637,CN2410106-S,TBA,"→ 写为 NULL（raw_text 保留原值 ""TBA""）"
5639,CN2410108-A,TBA,"→ 写为 NULL（raw_text 保留原值 ""TBA""）"
5640,CN2410109-A,TBA,"→ 写为 NULL（raw_text 保留原值 ""TBA""）"
5641,CN2410110-A,TBA,"→ 写为 NULL（raw_text 保留原值 ""TBA""）"
5642,CN2410111-A,TBA,"→ 写为 NULL（raw_text 保留原值 ""TBA""）"
5643,CN2410112-A1,TBA,"→ 写为 NULL（raw_text 保留原值 ""TBA""）"
5644,CN2410112-A2,TBA,"→ 写为 NULL（raw_text 保留原值 ""TBA""）"
5645,CN2410113-A,TBA,"→ 写为 NULL（raw_text 保留原值 ""TBA""）"
5646,CN2410114-A,TBA,"→ 写为 NULL（raw_text 保留原值 ""TBA""）"
5647,CN2410115-A,TBA,"→ 写为 NULL（raw_text 保留原值 ""TBA""）"
5648,CN2410116-A,TBA,"→ 写为 NULL（raw_text 保留原值 ""TBA""）"
5649,CN2410117-S,TBA,"→ 写为 NULL（raw_text 保留原值 ""TBA""）"
5652,CN2410120-S,TBA,"→ 写为 NULL（raw_text 保留原值 ""TBA""）"
5654,CN2410122-S,TBA,"→ 写为 NULL（raw_text 保留原值 ""TBA""）"
5656,CN2410124-S1,TBA,"→ 写为 NULL（raw_text 保留原值 ""TBA""）"
5657,CN2410124-S2,TBA,"→ 写为 NULL（raw_text 保留原值 ""TBA""）"
5658,CN2410125-S,TBA,"→ 写为 NULL（raw_text 保留原值 ""TBA""）"
5659,CN2410126-S,TBA,"→ 写为 NULL（raw_text 保留原值 ""TBA""）"
5660,CN2410127-S,TBA,"→ 写为 NULL（raw_text 保留原值 ""TBA""）"
5661,CN2410128-S,TBA,"→ 写为 NULL（raw_text 保留原值 ""TBA""）"
5662,CN2410129-S1,TBA,"→ 写为 NULL（raw_text 保留原值 ""TBA""）"
5663,CN2410129-S2,TBA,"→ 写为 NULL（raw_text 保留原值 ""TBA""）"
5664,CN2410129-S3,TBA,"→ 写为 NULL（raw_text 保留原值 ""TBA""）"
5665,CN2410129-S4,TBA,"→ 写为 NULL（raw_text 保留原值 ""TBA""）"
5666,CN2410130-A,TBA,"→ 写为 NULL（raw_text 保留原值 ""TBA""）"
5670,CN2410134-A,TBA,"→ 写为 NULL（raw_text 保留原值 ""TBA""）"
5671,CN2410135-A,TBA,"→ 写为 NULL（raw_text 保留原值 ""TBA""）"
5678,CN2410139-S,TBA,"→ 写为 NULL（raw_text 保留原值 ""TBA""）"
5681,CN2410142-A,TBA,"→ 写为 NULL（raw_text 保留原值 ""TBA""）"
5682,CN2410143-A,TBA,"→ 写为 NULL（raw_text 保留原值 ""TBA""）"
5683,CN2410144-A,TBA,"→ 写为 NULL（raw_text 保留原值 ""TBA""）"
5684,CN2410145-A,TBA,"→ 写为 NULL（raw_text 保留原值 ""TBA""）"
5685,CN2410146-A,TBA,"→ 写为 NULL（raw_text 保留原值 ""TBA""）"
5686,CN2410147-A,TBA,"→ 写为 NULL（raw_text 保留原值 ""TBA""）"
5687,CN2410148-A1,TBA,"→ 写为 NULL（raw_text 保留原值 ""TBA""）"
5688,CN2410148-A2,TBA,"→ 写为 NULL（raw_text 保留原值 ""TBA""）"
5692,CN2410150-A,TBA,"→ 写为 NULL（raw_text 保留原值 ""TBA""）"
5693,CN2410151-A,TBA,"→ 写为 NULL（raw_text 保留原值 ""TBA""）"
5694,CN2410152-A,TBA,"→ 写为 NULL（raw_text 保留原值 ""TBA""）"
5695,CN2410153-A,TBA,"→ 写为 NULL（raw_text 保留原值 ""TBA""）"
5697,CN2410155-A,TBA,"→ 写为 NULL（raw_text 保留原值 ""TBA""）"
5698,CN2410156-A,TBA,"→ 写为 NULL（raw_text 保留原值 ""TBA""）"
5699,CN2410157-A,TBA,"→ 写为 NULL（raw_text 保留原值 ""TBA""）"
5700,CN2410158-A,TBA,"→ 写为 NULL（raw_text 保留原值 ""TBA""）"
5701,CN2410159-A,TBA,"→ 写为 NULL（raw_text 保留原值 ""TBA""）"
5702,CN2410160-AS,TBA,"→ 写为 NULL（raw_text 保留原值 ""TBA""）"
5703,CN2410160-AS1,TBA,"→ 写为 NULL（raw_text 保留原值 ""TBA""）"
5704,CN2410161-S,TBA,"→ 写为 NULL（raw_text 保留原值 ""TBA""）"
5705,CN2410162-R,TBA,"→ 写为 NULL（raw_text 保留原值 ""TBA""）"
5707,CN2410164-S,TBA,"→ 写为 NULL（raw_text 保留原值 ""TBA""）"
5708,CN2410165-S1,TBA,"→ 写为 NULL（raw_text 保留原值 ""TBA""）"
5709,CN2410165-S2,TBA,"→ 写为 NULL（raw_text 保留原值 ""TBA""）"
5710,CN2410165-S3,TBA,"→ 写为 NULL（raw_text 保留原值 ""TBA""）"
5711,CN2410165-S4,TBA,"→ 写为 NULL（raw_text 保留原值 ""TBA""）"
5713,CN2410167-S,TBA,"→ 写为 NULL（raw_text 保留原值 ""TBA""）"
5714,CN2410168-S1,TBA,"→ 写为 NULL（raw_text 保留原值 ""TBA""）"
5715,CN2410168-S2,TBA,"→ 写为 NULL（raw_text 保留原值 ""TBA""）"
5716,CN2410168-S3,TBA,"→ 写为 NULL（raw_text 保留原值 ""TBA""）"
5717,CN2410168-S4,TBA,"→ 写为 NULL（raw_text 保留原值 ""TBA""）"
5718,CN2410168-S5,TBA,"→ 写为 NULL（raw_text 保留原值 ""TBA""）"
5719,CN2410168-S6,TBA,"→ 写为 NULL（raw_text 保留原值 ""TBA""）"
5720,CN2410169-S,TBA,"→ 写为 NULL（raw_text 保留原值 ""TBA""）"
5724,CN2410173-S,TBA,"→ 写为 NULL（raw_text 保留原值 ""TBA""）"
5726,CN2410175-S,TBA,"→ 写为 NULL（raw_text 保留原值 ""TBA""）"
5728,CN2410177-S,TBA,"→ 写为 NULL（raw_text 保留原值 ""TBA""）"
5729,CN2410178-S,TBA,"→ 写为 NULL（raw_text 保留原值 ""TBA""）"
5730,CN2410179-R,TBA,"→ 写为 NULL（raw_text 保留原值 ""TBA""）"
5731,CN2410180-S,TBA,"→ 写为 NULL（raw_text 保留原值 ""TBA""）"
5732,CN2410181-S,TBA,"→ 写为 NULL（raw_text 保留原值 ""TBA""）"
5733,CN2410182-S,TBA,"→ 写为 NULL（raw_text 保留原值 ""TBA""）"
5734,CN2410183-A,TBA,"→ 写为 NULL（raw_text 保留原值 ""TBA""）"
5739,CN2410186-A,TBA,"→ 写为 NULL（raw_text 保留原值 ""TBA""）"
5740,CN2410187-A,TBA,"→ 写为 NULL（raw_text 保留原值 ""TBA""）"
5741,CN2410188-S,TBA,"→ 写为 NULL（raw_text 保留原值 ""TBA""）"
5742,CN2410189-S,TBA,"→ 写为 NULL（raw_text 保留原值 ""TBA""）"
5743,CN2410190-A,TBA,"→ 写为 NULL（raw_text 保留原值 ""TBA""）"
5744,CN2410191-A1,TBA,"→ 写为 NULL（raw_text 保留原值 ""TBA""）"
5745,CN2410191-A2,TBA,"→ 写为 NULL（raw_text 保留原值 ""TBA""）"
5747,CN2410193-A,TBA,"→ 写为 NULL（raw_text 保留原值 ""TBA""）"
5748,CN2410194-A,TBA,"→ 写为 NULL（raw_text 保留原值 ""TBA""）"
5749,CN2410195-A,TBA,"→ 写为 NULL（raw_text 保留原值 ""TBA""）"
5750,CN2410196-A,TBA,"→ 写为 NULL（raw_text 保留原值 ""TBA""）"
5752,CN2410198-A,TBA,"→ 写为 NULL（raw_text 保留原值 ""TBA""）"
5753,CN2410199-A,TBA,"→ 写为 NULL（raw_text 保留原值 ""TBA""）"
5754,CN2410200-A,TBA,"→ 写为 NULL（raw_text 保留原值 ""TBA""）"
5755,CN2410201-A,TBA,"→ 写为 NULL（raw_text 保留原值 ""TBA""）"
5756,CN2410202-A,TBA,"→ 写为 NULL（raw_text 保留原值 ""TBA""）"
5757,CN2410203-A,TBA,"→ 写为 NULL（raw_text 保留原值 ""TBA""）"
5758,CN2410204-S,TBA,"→ 写为 NULL（raw_text 保留原值 ""TBA""）"
5760,CN2410206-S1,TBA,"→ 写为 NULL（raw_text 保留原值 ""TBA""）"
5761,CN2410206-S2,TBA,"→ 写为 NULL（raw_text 保留原值 ""TBA""）"
5763,CN2410208-S1,TBA,"→ 写为 NULL（raw_text 保留原值 ""TBA""）"
5764,CN2410208-S2,TBA,"→ 写为 NULL（raw_text 保留原值 ""TBA""）"
5766,CN2410210-S1,TBA,"→ 写为 NULL（raw_text 保留原值 ""TBA""）"
5767,CN2410210-S2,TBA,"→ 写为 NULL（raw_text 保留原值 ""TBA""）"
5768,CN2410210-S3,TBA,"→ 写为 NULL（raw_text 保留原值 ""TBA""）"
5769,CN2410211-S,TBA,"→ 写为 NULL（raw_text 保留原值 ""TBA""）"
5770,CN2410212-S,TBA,"→ 写为 NULL（raw_text 保留原值 ""TBA""）"
5774,CN2410216-A,TBA,"→ 写为 NULL（raw_text 保留原值 ""TBA""）"
5775,CN2410217-S,TBA,"→ 写为 NULL（raw_text 保留原值 ""TBA""）"
5777,CN2410219-A,TBA,"→ 写为 NULL（raw_text 保留原值 ""TBA""）"
5778,CN2410220-A1,TBA,"→ 写为 NULL（raw_text 保留原值 ""TBA""）"
5779,CN2410220-A2,TBA,"→ 写为 NULL（raw_text 保留原值 ""TBA""）"
5780,CN2410221-A,TBA,"→ 写为 NULL（raw_text 保留原值 ""TBA""）"
5781,CN2410222-A,TBA,"→ 写为 NULL（raw_text 保留原值 ""TBA""）"
5783,CN2410224-S,TBA,"→ 写为 NULL（raw_text 保留原值 ""TBA""）"
5785,CN2410226-S,TBA,"→ 写为 NULL（raw_text 保留原值 ""TBA""）"
5786,CN2410227-S,TBA,"→ 写为 NULL（raw_text 保留原值 ""TBA""）"
5787,CN2410228-R,TBA,"→ 写为 NULL（raw_text 保留原值 ""TBA""）"
5789,CN2410230-AS,TBA,"→ 写为 NULL（raw_text 保留原值 ""TBA""）"
5790,CN2410231-AS1,TBA,"→ 写为 NULL（raw_text 保留原值 ""TBA""）"
5791,CN2410232-S,TBA,"→ 写为 NULL（raw_text 保留原值 ""TBA""）"
5792,CN2410233-S,TBA,"→ 写为 NULL（raw_text 保留原值 ""TBA""）"
5795,CN2410236-A,TBA,"→ 写为 NULL（raw_text 保留原值 ""TBA""）"
5796,CN2410237-A,TBA,"→ 写为 NULL（raw_text 保留原值 ""TBA""）"
5798,CN2410239-A,TBA,"→ 写为 NULL（raw_text 保留原值 ""TBA""）"
5801,CN2410242-A,TBA,"→ 写为 NULL（raw_text 保留原值 ""TBA""）"
5802,CN2410243-A,TBA,"→ 写为 NULL（raw_text 保留原值 ""TBA""）"
5803,CN2410244-A,TBA,"→ 写为 NULL（raw_text 保留原值 ""TBA""）"
5804,CN2410245-A,TBA,"→ 写为 NULL（raw_text 保留原值 ""TBA""）"
5810,CN2410251-S,TBA,"→ 写为 NULL（raw_text 保留原值 ""TBA""）"
5812,CN2410253-S,TBA,"→ 写为 NULL（raw_text 保留原值 ""TBA""）"
5818,CN2410259-S,TBA,"→ 写为 NULL（raw_text 保留原值 ""TBA""）"
5819,CN2410260-A,TBA,"→ 写为 NULL（raw_text 保留原值 ""TBA""）"
5824,CN2410265-A,TBA,"→ 写为 NULL（raw_text 保留原值 ""TBA""）"
5825,CN2410266-A,TBA,"→ 写为 NULL（raw_text 保留原值 ""TBA""）"
5826,CN2410267-A,TBA,"→ 写为 NULL（raw_text 保留原值 ""TBA""）"
5828,CN2410269-A,TBA,"→ 写为 NULL（raw_text 保留原值 ""TBA""）"
5829,CN2410270-A,TBA,"→ 写为 NULL（raw_text 保留原值 ""TBA""）"
5830,CN2410271-A,TBA,"→ 写为 NULL（raw_text 保留原值 ""TBA""）"
5831,CN2410272-A,TBA,"→ 写为 NULL（raw_text 保留原值 ""TBA""）"
5832,CN2410273-A,TBA,"→ 写为 NULL（raw_text 保留原值 ""TBA""）"
5833,CN2410274-A,TBA,"→ 写为 NULL（raw_text 保留原值 ""TBA""）"
5841,CN2410282-S1,TBA,"→ 写为 NULL（raw_text 保留原值 ""TBA""）"
5842,CN2410282-S2,TBA,"→ 写为 NULL（raw_text 保留原值 ""TBA""）"
5844,CN2410284-S,TBA,"→ 写为 NULL（raw_text 保留原值 ""TBA""）"
5845,CN2410285-S,TBA,"→ 写为 NULL（raw_text 保留原值 ""TBA""）"
5848,CN2410288-A,TBA,"→ 写为 NULL（raw_text 保留原值 ""TBA""）"
5849,CN2410289-A,TBA,"→ 写为 NULL（raw_text 保留原值 ""TBA""）"
5851,CN2410291-A,TBA,"→ 写为 NULL（raw_text 保留原值 ""TBA""）"
5852,CN2410292-A,TBA,"→ 写为 NULL（raw_text 保留原值 ""TBA""）"
5853,CN2410293-A,TBA,"→ 写为 NULL（raw_text 保留原值 ""TBA""）"
5854,CN2410294-A,TBA,"→ 写为 NULL（raw_text 保留原值 ""TBA""）"
5855,CN2410295-A,TBA,"→ 写为 NULL（raw_text 保留原值 ""TBA""）"
5856,CN2410296-A,TBA,"→ 写为 NULL（raw_text 保留原值 ""TBA""）"
5857,CN2410297-A,TBA,"→ 写为 NULL（raw_text 保留原值 ""TBA""）"
5858,CN2410298-A,TBA,"→ 写为 NULL（raw_text 保留原值 ""TBA""）"
5859,CN2410299-A,TBA,"→ 写为 NULL（raw_text 保留原值 ""TBA""）"
5860,CN2410300-A,TBA,"→ 写为 NULL（raw_text 保留原值 ""TBA""）"
5861,CN2410301-A,TBA,"→ 写为 NULL（raw_text 保留原值 ""TBA""）"
5862,CN2410302-A,TBA,"→ 写为 NULL（raw_text 保留原值 ""TBA""）"
5863,CN2410303-A,TBA,"→ 写为 NULL（raw_text 保留原值 ""TBA""）"
5864,CN2410304-A,TBA,"→ 写为 NULL（raw_text 保留原值 ""TBA""）"
5865,CN2410305-A,TBA,"→ 写为 NULL（raw_text 保留原值 ""TBA""）"
5866,CN2410306-A,TBA,"→ 写为 NULL（raw_text 保留原值 ""TBA""）"
5867,CN2410307-A,TBA,"→ 写为 NULL（raw_text 保留原值 ""TBA""）"
5868,CN2410308-A,TBA,"→ 写为 NULL（raw_text 保留原值 ""TBA""）"
5869,CN2410309-A,TBA,"→ 写为 NULL（raw_text 保留原值 ""TBA""）"
5870,CN2410310-A,TBA,"→ 写为 NULL（raw_text 保留原值 ""TBA""）"
5871,CN2410311-A,TBA,"→ 写为 NULL（raw_text 保留原值 ""TBA""）"
5872,CN2410312-A,TBA,"→ 写为 NULL（raw_text 保留原值 ""TBA""）"
5873,CN2410313-S,TBA,"→ 写为 NULL（raw_text 保留原值 ""TBA""）"
5874,CN2410314-A,TBA,"→ 写为 NULL（raw_text 保留原值 ""TBA""）"
5875,CN2410315-A,TBA,"→ 写为 NULL（raw_text 保留原值 ""TBA""）"
5876,CN2410316-A,TBA,"→ 写为 NULL（raw_text 保留原值 ""TBA""）"
5878,CN2410318-A,TBA,"→ 写为 NULL（raw_text 保留原值 ""TBA""）"
5879,CN2410319-S1,TBA,"→ 写为 NULL（raw_text 保留原值 ""TBA""）"
5880,CN2410319-S2,TBA,"→ 写为 NULL（raw_text 保留原值 ""TBA""）"
5881,CN2410320-S,TBA,"→ 写为 NULL（raw_text 保留原值 ""TBA""）"
5883,CN2410322-A,TBA,"→ 写为 NULL（raw_text 保留原值 ""TBA""）"
5884,CN2410323-A,TBA,"→ 写为 NULL（raw_text 保留原值 ""TBA""）"
5885,CN2410324-A,TBA,"→ 写为 NULL（raw_text 保留原值 ""TBA""）"
5886,CN2410325-A,TBA,"→ 写为 NULL（raw_text 保留原值 ""TBA""）"
5887,CN2410326-A,TBA,"→ 写为 NULL（raw_text 保留原值 ""TBA""）"
5888,CN2410327-A,TBA,"→ 写为 NULL（raw_text 保留原值 ""TBA""）"
5889,CN2410328-A,TBA,"→ 写为 NULL（raw_text 保留原值 ""TBA""）"
5890,CN2410329-A,TBA,"→ 写为 NULL（raw_text 保留原值 ""TBA""）"
5891,CN2410330-A,TBA,"→ 写为 NULL（raw_text 保留原值 ""TBA""）"
5892,CN2410331-A,TBA,"→ 写为 NULL（raw_text 保留原值 ""TBA""）"
5893,CN2410332-S,TBA,"→ 写为 NULL（raw_text 保留原值 ""TBA""）"
5894,CN2410333-S,TBA,"→ 写为 NULL（raw_text 保留原值 ""TBA""）"
5897,CN2410336-S,TBA,"→ 写为 NULL（raw_text 保留原值 ""TBA""）"
5898,CN2410337-A,TBA,"→ 写为 NULL（raw_text 保留原值 ""TBA""）"
5899,CN2410338-S,TBA,"→ 写为 NULL（raw_text 保留原值 ""TBA""）"
5900,CN2410339-S,TBA,"→ 写为 NULL（raw_text 保留原值 ""TBA""）"
5901,CN2410340-A,TBA,"→ 写为 NULL（raw_text 保留原值 ""TBA""）"
5902,CN2410341-A1,TBA,"→ 写为 NULL（raw_text 保留原值 ""TBA""）"
5903,CN2410341-A2,TBA,"→ 写为 NULL（raw_text 保留原值 ""TBA""）"
5904,CN2410342-A,TBA,"→ 写为 NULL（raw_text 保留原值 ""TBA""）"
5905,CN2410343-A,TBA,"→ 写为 NULL（raw_text 保留原值 ""TBA""）"
5906,CN2410344-A,TBA,"→ 写为 NULL（raw_text 保留原值 ""TBA""）"
5907,CN2410345-A,TBA,"→ 写为 NULL（raw_text 保留原值 ""TBA""）"
5908,CN2410346-A,TBA,"→ 写为 NULL（raw_text 保留原值 ""TBA""）"
5909,CN2410347-S,TBA,"→ 写为 NULL（raw_text 保留原值 ""TBA""）"
5910,CN2410348-S,TBA,"→ 写为 NULL（raw_text 保留原值 ""TBA""）"
5911,CN2410349-S,TBA,"→ 写为 NULL（raw_text 保留原值 ""TBA""）"
5913,CN2410351-R,TBA,"→ 写为 NULL（raw_text 保留原值 ""TBA""）"
5916,CN2410354-S,TBA,"→ 写为 NULL（raw_text 保留原值 ""TBA""）"
5917,CN2410355-S,TBA,"→ 写为 NULL（raw_text 保留原值 ""TBA""）"
5919,CN2410357-A,TBA,"→ 写为 NULL（raw_text 保留原值 ""TBA""）"
5921,CN2410359-S,TBA,"→ 写为 NULL（raw_text 保留原值 ""TBA""）"
5922,CN2410360-S1,TBA,"→ 写为 NULL（raw_text 保留原值 ""TBA""）"
5923,CN2410360-S2,TBA,"→ 写为 NULL（raw_text 保留原值 ""TBA""）"
5924,CN2410360-S3,TBA,"→ 写为 NULL（raw_text 保留原值 ""TBA""）"
5925,CN2410360-S4,TBA,"→ 写为 NULL（raw_text 保留原值 ""TBA""）"
5926,CN2410360-S5,TBA,"→ 写为 NULL（raw_text 保留原值 ""TBA""）"
5927,CN2410361-S,TBA,"→ 写为 NULL（raw_text 保留原值 ""TBA""）"
5928,CN2410362-A,TBA,"→ 写为 NULL（raw_text 保留原值 ""TBA""）"
5929,CN2410362-S,TBA,"→ 写为 NULL（raw_text 保留原值 ""TBA""）"
5930,CN2410363-A,TBA,"→ 写为 NULL（raw_text 保留原值 ""TBA""）"
5931,CN2410364-A,TBA,"→ 写为 NULL（raw_text 保留原值 ""TBA""）"
5932,CN2410365-A,TBA,"→ 写为 NULL（raw_text 保留原值 ""TBA""）"
5933,CN2410366-A,TBA,"→ 写为 NULL（raw_text 保留原值 ""TBA""）"
5934,CN2410367-A,TBA,"→ 写为 NULL（raw_text 保留原值 ""TBA""）"
5939,CN2410372-S,TBA,"→ 写为 NULL（raw_text 保留原值 ""TBA""）"
5940,CN2410373-S,TBA,"→ 写为 NULL（raw_text 保留原值 ""TBA""）"
5941,CN2410374-S,TBA,"→ 写为 NULL（raw_text 保留原值 ""TBA""）"
5942,CN2410375-S,TBA,"→ 写为 NULL（raw_text 保留原值 ""TBA""）"
5943,CN2410376-S,TBA,"→ 写为 NULL（raw_text 保留原值 ""TBA""）"
5951,CN2410384-AS,TBA,"→ 写为 NULL（raw_text 保留原值 ""TBA""）"
5953,CN2410385-S,TBA,"→ 写为 NULL（raw_text 保留原值 ""TBA""）"
5956,CN2410388-A,TBA,"→ 写为 NULL（raw_text 保留原值 ""TBA""）"
5957,CN2410389-A,TBA,"→ 写为 NULL（raw_text 保留原值 ""TBA""）"
5958,CN2410390-A,TBA,"→ 写为 NULL（raw_text 保留原值 ""TBA""）"
5959,CN2410391-S,TBA,"→ 写为 NULL（raw_text 保留原值 ""TBA""）"
5960,CN2410392-S,TBA,"→ 写为 NULL（raw_text 保留原值 ""TBA""）"
5961,CN2410393-A,TBA,"→ 写为 NULL（raw_text 保留原值 ""TBA""）"
5962,CN2410394-A,TBA,"→ 写为 NULL（raw_text 保留原值 ""TBA""）"
5964,CN2410396-S,TBA,"→ 写为 NULL（raw_text 保留原值 ""TBA""）"
5965,CN2410397-S,TBA,"→ 写为 NULL（raw_text 保留原值 ""TBA""）"
5968,CN2410400-S,TBA,"→ 写为 NULL（raw_text 保留原值 ""TBA""）"
5970,CN2410402-S,TBA,"→ 写为 NULL（raw_text 保留原值 ""TBA""）"
5971,CN2410403-A,TBA,"→ 写为 NULL（raw_text 保留原值 ""TBA""）"
5972,CN2410404-S,TBA,"→ 写为 NULL（raw_text 保留原值 ""TBA""）"
5973,CN2410405-S,TBA,"→ 写为 NULL（raw_text 保留原值 ""TBA""）"
5975,CN2410407-A,TBA,"→ 写为 NULL（raw_text 保留原值 ""TBA""）"
5979,CN2410411-A,TBA,"→ 写为 NULL（raw_text 保留原值 ""TBA""）"
5982,CN2410413-A,TBA,"→ 写为 NULL（raw_text 保留原值 ""TBA""）"
5984,CN2410415-S,TBA,"→ 写为 NULL（raw_text 保留原值 ""TBA""）"
5985,CN2410416-S,TBA,"→ 写为 NULL（raw_text 保留原值 ""TBA""）"
5986,CN2410417-A,TBA,"→ 写为 NULL（raw_text 保留原值 ""TBA""）"
5987,CN2410418-A,TBA,"→ 写为 NULL（raw_text 保留原值 ""TBA""）"
5988,CN2410419-A,TBA,"→ 写为 NULL（raw_text 保留原值 ""TBA""）"
5989,CN2410420-A,TBA,"→ 写为 NULL（raw_text 保留原值 ""TBA""）"
5990,CN2410421-A,TBA,"→ 写为 NULL（raw_text 保留原值 ""TBA""）"
5991,CN2410422-A,TBA,"→ 写为 NULL（raw_text 保留原值 ""TBA""）"
5992,CN2410423-A,TBA,"→ 写为 NULL（raw_text 保留原值 ""TBA""）"
5993,CN2410424-A,TBA,"→ 写为 NULL（raw_text 保留原值 ""TBA""）"
5994,CN2410425-A,TBA,"→ 写为 NULL（raw_text 保留原值 ""TBA""）"
5995,CN2410426-A,TBA,"→ 写为 NULL（raw_text 保留原值 ""TBA""）"
5996,CN2410427-A,TBA,"→ 写为 NULL（raw_text 保留原值 ""TBA""）"
5997,CN2410428-S,TBA,"→ 写为 NULL（raw_text 保留原值 ""TBA""）"
5999,CN2410430-S,TBA,"→ 写为 NULL（raw_text 保留原值 ""TBA""）"
6003,CN2410434-S,TBA,"→ 写为 NULL（raw_text 保留原值 ""TBA""）"
6004,CN2410435-S,TBA,"→ 写为 NULL（raw_text 保留原值 ""TBA""）"
6006,CN2410437-R,TBA,"→ 写为 NULL（raw_text 保留原值 ""TBA""）"
6008,CN2410439-S,TBA,"→ 写为 NULL（raw_text 保留原值 ""TBA""）"
6009,CN2410440-A,TBA,"→ 写为 NULL（raw_text 保留原值 ""TBA""）"
6010,CN2410441-A,TBA,"→ 写为 NULL（raw_text 保留原值 ""TBA""）"
6011,CN2410442-A,TBA,"→ 写为 NULL（raw_text 保留原值 ""TBA""）"
6014,CN2410445-A,TBA,"→ 写为 NULL（raw_text 保留原值 ""TBA""）"
6016,CN2410447-A,TBA,"→ 写为 NULL（raw_text 保留原值 ""TBA""）"
6017,CN2410448-A,TBA,"→ 写为 NULL（raw_text 保留原值 ""TBA""）"
6018,CN2410449-A,TBA,"→ 写为 NULL（raw_text 保留原值 ""TBA""）"
6020,CN2410451-S,TBA,"→ 写为 NULL（raw_text 保留原值 ""TBA""）"
6021,CN2410452-S1,TBA,"→ 写为 NULL（raw_text 保留原值 ""TBA""）"
6022,CN2410452-S2,TBA,"→ 写为 NULL（raw_text 保留原值 ""TBA""）"
6023,CN2410453-S,TBA,"→ 写为 NULL（raw_text 保留原值 ""TBA""）"
6024,CN2410454-R,TBA,"→ 写为 NULL（raw_text 保留原值 ""TBA""）"
6025,CN2410455-S,TBA,"→ 写为 NULL（raw_text 保留原值 ""TBA""）"
6026,CN2410456-S,TBA,"→ 写为 NULL（raw_text 保留原值 ""TBA""）"
6027,CN2410457-S,TBA,"→ 写为 NULL（raw_text 保留原值 ""TBA""）"
6028,CN2410458-R,TBA,"→ 写为 NULL（raw_text 保留原值 ""TBA""）"
6029,CN2410459-S,TBA,"→ 写为 NULL（raw_text 保留原值 ""TBA""）"
6030,CN2410460-S,TBA,"→ 写为 NULL（raw_text 保留原值 ""TBA""）"
6031,CN2410461-S,TBA,"→ 写为 NULL（raw_text 保留原值 ""TBA""）"
6032,CN2410462-S,TBA,"→ 写为 NULL（raw_text 保留原值 ""TBA""）"
6033,CN2410463-S,TBA,"→ 写为 NULL（raw_text 保留原值 ""TBA""）"
6034,CN2410464-S,TBA,"→ 写为 NULL（raw_text 保留原值 ""TBA""）"
6035,CN2410465-A,TBA,"→ 写为 NULL（raw_text 保留原值 ""TBA""）"
6036,CN2410466-A,TBA,"→ 写为 NULL（raw_text 保留原值 ""TBA""）"
6037,CN2410467-AS,TBA,"→ 写为 NULL（raw_text 保留原值 ""TBA""）"
6038,CN2410467-AS1,TBA,"→ 写为 NULL（raw_text 保留原值 ""TBA""）"
6039,CN2410468-A,TBA,"→ 写为 NULL（raw_text 保留原值 ""TBA""）"
6040,CN2410469-A,TBA,"→ 写为 NULL（raw_text 保留原值 ""TBA""）"
6041,CN2410470-A,TBA,"→ 写为 NULL（raw_text 保留原值 ""TBA""）"
6042,CN2410471-A,TBA,"→ 写为 NULL（raw_text 保留原值 ""TBA""）"
6043,CN2410472-A,TBA,"→ 写为 NULL（raw_text 保留原值 ""TBA""）"
6044,CN2410473-A,TBA,"→ 写为 NULL（raw_text 保留原值 ""TBA""）"
6045,CN2410474-A,TBA,"→ 写为 NULL（raw_text 保留原值 ""TBA""）"
6046,CN2410475-S,TBA,"→ 写为 NULL（raw_text 保留原值 ""TBA""）"
6047,CN2410476-S,TBA,"→ 写为 NULL（raw_text 保留原值 ""TBA""）"
6049,CN2410478-A,TBA,"→ 写为 NULL（raw_text 保留原值 ""TBA""）"
6050,CN2410479-A,TBA,"→ 写为 NULL（raw_text 保留原值 ""TBA""）"
6052,CN2410481-S,TBA,"→ 写为 NULL（raw_text 保留原值 ""TBA""）"
6053,CN2410482-S,TBA,"→ 写为 NULL（raw_text 保留原值 ""TBA""）"
6054,CN2410483-A,TBA,"→ 写为 NULL（raw_text 保留原值 ""TBA""）"
6055,CN2410484-S,TBA,"→ 写为 NULL（raw_text 保留原值 ""TBA""）"
6056,CN2410485-S,TBA,"→ 写为 NULL（raw_text 保留原值 ""TBA""）"
6057,CN2410486-S,TBA,"→ 写为 NULL（raw_text 保留原值 ""TBA""）"
6058,CN2410487-S,TBA,"→ 写为 NULL（raw_text 保留原值 ""TBA""）"
6059,CN2410488-A,TBA,"→ 写为 NULL（raw_text 保留原值 ""TBA""）"
6060,CN2410489-A,TBA,"→ 写为 NULL（raw_text 保留原值 ""TBA""）"
6062,CN2410491-A,TBA,"→ 写为 NULL（raw_text 保留原值 ""TBA""）"
6063,CN2410492-A,TBA,"→ 写为 NULL（raw_text 保留原值 ""TBA""）"
6065,CN2410494-S,TBA,"→ 写为 NULL（raw_text 保留原值 ""TBA""）"
6072,CN2410501-S,TBA,"→ 写为 NULL（raw_text 保留原值 ""TBA""）"
6073,CN2410502-S,TBA,"→ 写为 NULL（raw_text 保留原值 ""TBA""）"
6074,CN2410503-S,TBA,"→ 写为 NULL（raw_text 保留原值 ""TBA""）"
6077,CN2410506-S,TBA,"→ 写为 NULL（raw_text 保留原值 ""TBA""）"
6078,CN2410507-S,TBA,"→ 写为 NULL（raw_text 保留原值 ""TBA""）"
6079,CN2410508-A,TBA,"→ 写为 NULL（raw_text 保留原值 ""TBA""）"
6080,CN2410509-A,TBA,"→ 写为 NULL（raw_text 保留原值 ""TBA""）"
6082,CN2410511-A,TBA,"→ 写为 NULL（raw_text 保留原值 ""TBA""）"
6083,CN2410512-A,TBA,"→ 写为 NULL（raw_text 保留原值 ""TBA""）"
6084,CN2410513-A,TBA,"→ 写为 NULL（raw_text 保留原值 ""TBA""）"
6087,CN2410516-A,TBA,"→ 写为 NULL（raw_text 保留原值 ""TBA""）"
6088,CN2410517-A,TBA,"→ 写为 NULL（raw_text 保留原值 ""TBA""）"
6089,CN2410518-A,TBA,"→ 写为 NULL（raw_text 保留原值 ""TBA""）"
6091,CN2410520-A,TBA,"→ 写为 NULL（raw_text 保留原值 ""TBA""）"
6092,CN2410521-A,TBA,"→ 写为 NULL（raw_text 保留原值 ""TBA""）"
6093,CN2410522-S,TBA,"→ 写为 NULL（raw_text 保留原值 ""TBA""）"
6094,CN2410523-S,TBA,"→ 写为 NULL（raw_text 保留原值 ""TBA""）"
6096,CN2410525-S,TBA,"→ 写为 NULL（raw_text 保留原值 ""TBA""）"
6097,CN2410526-S,TBA,"→ 写为 NULL（raw_text 保留原值 ""TBA""）"
6098,CN2410527-S,TBA,"→ 写为 NULL（raw_text 保留原值 ""TBA""）"
6099,CN2410528-S,TBA,"→ 写为 NULL（raw_text 保留原值 ""TBA""）"
6103,CN2410532-S,TBA,"→ 写为 NULL（raw_text 保留原值 ""TBA""）"
6104,CN2410533-A,TBA,"→ 写为 NULL（raw_text 保留原值 ""TBA""）"
6105,CN2410534-A,TBA,"→ 写为 NULL（raw_text 保留原值 ""TBA""）"
6106,CN2410535-A,TBA,"→ 写为 NULL（raw_text 保留原值 ""TBA""）"
6107,CN2410536-A,TBA,"→ 写为 NULL（raw_text 保留原值 ""TBA""）"
6109,CN2410538-S,TBA,"→ 写为 NULL（raw_text 保留原值 ""TBA""）"
6110,CN2410539-S,TBA,"→ 写为 NULL（raw_text 保留原值 ""TBA""）"
6112,CN2410541-S,TBA,"→ 写为 NULL（raw_text 保留原值 ""TBA""）"
6114,CN2411001-A,TBA,"→ 写为 NULL（raw_text 保留原值 ""TBA""）"
6115,CN2411002-A,TBA,"→ 写为 NULL（raw_text 保留原值 ""TBA""）"
6116,CN2411003-A,TBA,"→ 写为 NULL（raw_text 保留原值 ""TBA""）"
6117,CN2411004-A,TBA,"→ 写为 NULL（raw_text 保留原值 ""TBA""）"
6118,CN2411005-A,TBA,"→ 写为 NULL（raw_text 保留原值 ""TBA""）"
6119,CN2411006-A,TBA,"→ 写为 NULL（raw_text 保留原值 ""TBA""）"
6120,CN2411007-A,TBA,"→ 写为 NULL（raw_text 保留原值 ""TBA""）"
6121,CN2411008-S1,TBA,"→ 写为 NULL（raw_text 保留原值 ""TBA""）"
6122,CN2411008-S2,TBA,"→ 写为 NULL（raw_text 保留原值 ""TBA""）"
6123,CN2411008-S3,TBA,"→ 写为 NULL（raw_text 保留原值 ""TBA""）"
6124,CN2411009-S,TBA,"→ 写为 NULL（raw_text 保留原值 ""TBA""）"
6126,CN2411011-S1,TBA,"→ 写为 NULL（raw_text 保留原值 ""TBA""）"
6127,CN2411011-S2,TBA,"→ 写为 NULL（raw_text 保留原值 ""TBA""）"
6128,CN2411011-S3,TBA,"→ 写为 NULL（raw_text 保留原值 ""TBA""）"
6129,CN2411011-S4,TBA,"→ 写为 NULL（raw_text 保留原值 ""TBA""）"
6130,CN2411012-S,TBA,"→ 写为 NULL（raw_text 保留原值 ""TBA""）"
6131,CN2411013-S,TBA,"→ 写为 NULL（raw_text 保留原值 ""TBA""）"
6136,CN2411018-A,TBA,"→ 写为 NULL（raw_text 保留原值 ""TBA""）"
6137,CN2411019-A,TBA,"→ 写为 NULL（raw_text 保留原值 ""TBA""）"
6138,CN2411020-A,TBA,"→ 写为 NULL（raw_text 保留原值 ""TBA""）"
6139,CN2411021-A,TBA,"→ 写为 NULL（raw_text 保留原值 ""TBA""）"
6140,CN2411022-A,TBA,"→ 写为 NULL（raw_text 保留原值 ""TBA""）"
6141,CN2411023-A,TBA,"→ 写为 NULL（raw_text 保留原值 ""TBA""）"
6142,CN2411024-A,TBA,"→ 写为 NULL（raw_text 保留原值 ""TBA""）"
6144,CN2411026-S,TBA,"→ 写为 NULL（raw_text 保留原值 ""TBA""）"
6146,CN2411028-S1,TBA,"→ 写为 NULL（raw_text 保留原值 ""TBA""）"
6147,CN2411028-S2,TBA,"→ 写为 NULL（raw_text 保留原值 ""TBA""）"
6148,CN2411028-S3,TBA,"→ 写为 NULL（raw_text 保留原值 ""TBA""）"
6149,CN2411028-S4,TBA,"→ 写为 NULL（raw_text 保留原值 ""TBA""）"
6150,CN2411028-S5,TBA,"→ 写为 NULL（raw_text 保留原值 ""TBA""）"
6151,CN2411029-S1,TBA,"→ 写为 NULL（raw_text 保留原值 ""TBA""）"
6152,CN2411029-S2,TBA,"→ 写为 NULL（raw_text 保留原值 ""TBA""）"
6153,CN2411030-S,TBA,"→ 写为 NULL（raw_text 保留原值 ""TBA""）"
6154,CN2411031-A,TBA,"→ 写为 NULL（raw_text 保留原值 ""TBA""）"
6156,CN2411033-A,TBA,"→ 写为 NULL（raw_text 保留原值 ""TBA""）"
6157,CN2411034-S,TBA,"→ 写为 NULL（raw_text 保留原值 ""TBA""）"
6158,CN2411035-A,TBA,"→ 写为 NULL（raw_text 保留原值 ""TBA""）"
6159,CN2411036-S,TBA,"→ 写为 NULL（raw_text 保留原值 ""TBA""）"
6160,CN2411037-S,TBA,"→ 写为 NULL（raw_text 保留原值 ""TBA""）"
6161,CN2411038-A,TBA,"→ 写为 NULL（raw_text 保留原值 ""TBA""）"
6162,CN2411039-S,TBA,"→ 写为 NULL（raw_text 保留原值 ""TBA""）"
6163,CN2411040-A,TBA,"→ 写为 NULL（raw_text 保留原值 ""TBA""）"
6164,CN2411041-S1,TBA,"→ 写为 NULL（raw_text 保留原值 ""TBA""）"
6165,CN2411041-S2,TBA,"→ 写为 NULL（raw_text 保留原值 ""TBA""）"
6166,CN2411041-S3,TBA,"→ 写为 NULL（raw_text 保留原值 ""TBA""）"
6168,CN2411043-S,TBA,"→ 写为 NULL（raw_text 保留原值 ""TBA""）"
6169,CN2411044-A,TBA,"→ 写为 NULL（raw_text 保留原值 ""TBA""）"
6170,CN2411045-S,TBA,"→ 写为 NULL（raw_text 保留原值 ""TBA""）"
6171,CN2411046-S,TBA,"→ 写为 NULL（raw_text 保留原值 ""TBA""）"
6172,CN2411047-A,TBA,"→ 写为 NULL（raw_text 保留原值 ""TBA""）"
6173,CN2411048-A,TBA,"→ 写为 NULL（raw_text 保留原值 ""TBA""）"
6174,CN2411049-A,TBA,"→ 写为 NULL（raw_text 保留原值 ""TBA""）"
6175,CN2411050-S,TBA,"→ 写为 NULL（raw_text 保留原值 ""TBA""）"
6176,CN2411051-S,TBA,"→ 写为 NULL（raw_text 保留原值 ""TBA""）"
6177,CN2411052-S,TBA,"→ 写为 NULL（raw_text 保留原值 ""TBA""）"
6178,CN2411053-S,TBA,"→ 写为 NULL（raw_text 保留原值 ""TBA""）"
6179,CN2411054-A,TBA,"→ 写为 NULL（raw_text 保留原值 ""TBA""）"
6180,CN2411055-A,TBA,"→ 写为 NULL（raw_text 保留原值 ""TBA""）"
6181,CN2411056-S,TBA,"→ 写为 NULL（raw_text 保留原值 ""TBA""）"
6182,CN2411057-S,TBA,"→ 写为 NULL（raw_text 保留原值 ""TBA""）"
6183,CN2411058-A,TBA,"→ 写为 NULL（raw_text 保留原值 ""TBA""）"
6184,CN2411059-S,TBA,"→ 写为 NULL（raw_text 保留原值 ""TBA""）"
6185,CN2411060-A,TBA,"→ 写为 NULL（raw_text 保留原值 ""TBA""）"
6186,CN2411061-S,TBA,"→ 写为 NULL（raw_text 保留原值 ""TBA""）"
6187,CN2411062-S,TBA,"→ 写为 NULL（raw_text 保留原值 ""TBA""）"
6189,CN2411064-A,TBA,"→ 写为 NULL（raw_text 保留原值 ""TBA""）"
6190,CN2411065-S1,TBA,"→ 写为 NULL（raw_text 保留原值 ""TBA""）"
6191,CN2411065-S2,TBA,"→ 写为 NULL（raw_text 保留原值 ""TBA""）"
6192,CN2411066-A,TBA,"→ 写为 NULL（raw_text 保留原值 ""TBA""）"
6193,CN2411067-A1,TBA,"→ 写为 NULL（raw_text 保留原值 ""TBA""）"
6194,CN2411067-A2,TBA,"→ 写为 NULL（raw_text 保留原值 ""TBA""）"
6195,CN2411068-S,TBA,"→ 写为 NULL（raw_text 保留原值 ""TBA""）"
6197,CN2411070-A1,TBA,"→ 写为 NULL（raw_text 保留原值 ""TBA""）"
6198,CN2411070-A2,TBA,"→ 写为 NULL（raw_text 保留原值 ""TBA""）"
6199,CN2411071-S,TBA,"→ 写为 NULL（raw_text 保留原值 ""TBA""）"
6200,CN2411072-A,TBA,"→ 写为 NULL（raw_text 保留原值 ""TBA""）"
6202,CN2411074-A,TBA,"→ 写为 NULL（raw_text 保留原值 ""TBA""）"
6203,CN2411075-A,TBA,"→ 写为 NULL（raw_text 保留原值 ""TBA""）"
6204,CN2411076-R,TBA,"→ 写为 NULL（raw_text 保留原值 ""TBA""）"
6205,CN2411077-A,TBA,"→ 写为 NULL（raw_text 保留原值 ""TBA""）"
6206,CN2411078-R,TBA,"→ 写为 NULL（raw_text 保留原值 ""TBA""）"
6207,CN2411079-S,TBA,"→ 写为 NULL（raw_text 保留原值 ""TBA""）"
6208,CN2411080-S,TBA,"→ 写为 NULL（raw_text 保留原值 ""TBA""）"
6209,CN2411081-S,TBA,"→ 写为 NULL（raw_text 保留原值 ""TBA""）"
6210,CN2411082-S,TBA,"→ 写为 NULL（raw_text 保留原值 ""TBA""）"
6212,CN2411084-A,TBA,"→ 写为 NULL（raw_text 保留原值 ""TBA""）"
6217,CN2411089-S,TBA,"→ 写为 NULL（raw_text 保留原值 ""TBA""）"
6218,CN2411090-S,TBA,"→ 写为 NULL（raw_text 保留原值 ""TBA""）"
6219,CN2411091-S,TBA,"→ 写为 NULL（raw_text 保留原值 ""TBA""）"
6220,CN2411092-S,TBA,"→ 写为 NULL（raw_text 保留原值 ""TBA""）"
6221,CN2411093-R,TBA,"→ 写为 NULL（raw_text 保留原值 ""TBA""）"
6222,CN2411094-A,TBA,"→ 写为 NULL（raw_text 保留原值 ""TBA""）"
6224,CN2411096-S,TBA,"→ 写为 NULL（raw_text 保留原值 ""TBA""）"
6225,CN2411097-A,TBA,"→ 写为 NULL（raw_text 保留原值 ""TBA""）"
6226,CN2411098-S,TBA,"→ 写为 NULL（raw_text 保留原值 ""TBA""）"
6228,CN2411100-A,TBA,"→ 写为 NULL（raw_text 保留原值 ""TBA""）"
6230,CN2411102-S,TBA,"→ 写为 NULL（raw_text 保留原值 ""TBA""）"
6231,CN2411103-S,TBA,"→ 写为 NULL（raw_text 保留原值 ""TBA""）"
6234,CN2411106-S,TBA,"→ 写为 NULL（raw_text 保留原值 ""TBA""）"
6235,CN2411107-S,TBA,"→ 写为 NULL（raw_text 保留原值 ""TBA""）"
6237,CN2411109-A,TBA,"→ 写为 NULL（raw_text 保留原值 ""TBA""）"
6245,CN2411117-S,TBA,"→ 写为 NULL（raw_text 保留原值 ""TBA""）"
6246,CN2411118-S,TBA,"→ 写为 NULL（raw_text 保留原值 ""TBA""）"
6247,CN2411119-S,TBA,"→ 写为 NULL（raw_text 保留原值 ""TBA""）"
6248,CN2411120-A,TBA,"→ 写为 NULL（raw_text 保留原值 ""TBA""）"
6249,CN2411121-A,TBA,"→ 写为 NULL（raw_text 保留原值 ""TBA""）"
6250,CN2411122-A,TBA,"→ 写为 NULL（raw_text 保留原值 ""TBA""）"
6251,CN2411123-S,TBA,"→ 写为 NULL（raw_text 保留原值 ""TBA""）"
6252,CN2411124-A,TBA,"→ 写为 NULL（raw_text 保留原值 ""TBA""）"
6253,CN2411125-A,TBA,"→ 写为 NULL（raw_text 保留原值 ""TBA""）"
6254,CN2411126-A,TBA,"→ 写为 NULL（raw_text 保留原值 ""TBA""）"
6255,CN2411127-S,TBA,"→ 写为 NULL（raw_text 保留原值 ""TBA""）"
6256,CN2411128-A,TBA,"→ 写为 NULL（raw_text 保留原值 ""TBA""）"
6257,CN2411129-A1,TBA,"→ 写为 NULL（raw_text 保留原值 ""TBA""）"
6258,CN2411129-A2,TBA,"→ 写为 NULL（raw_text 保留原值 ""TBA""）"
6259,CN2411130-A,TBA,"→ 写为 NULL（raw_text 保留原值 ""TBA""）"
6260,CN2411131-A,TBA,"→ 写为 NULL（raw_text 保留原值 ""TBA""）"
6261,CN2411132-A,TBA,"→ 写为 NULL（raw_text 保留原值 ""TBA""）"
6262,CN2411133-S,TBA,"→ 写为 NULL（raw_text 保留原值 ""TBA""）"
6264,CN2411135-S,TBA,"→ 写为 NULL（raw_text 保留原值 ""TBA""）"
6265,CN2411136-A,TBA,"→ 写为 NULL（raw_text 保留原值 ""TBA""）"
6266,CN2411137-S,TBA,"→ 写为 NULL（raw_text 保留原值 ""TBA""）"
6267,CN2411138-S,TBA,"→ 写为 NULL（raw_text 保留原值 ""TBA""）"
6274,CN2411145-S,TBA,"→ 写为 NULL（raw_text 保留原值 ""TBA""）"
6276,CN2411146-AS,TBA,"→ 写为 NULL（raw_text 保留原值 ""TBA""）"
6277,CN2411146-AS1,TBA,"→ 写为 NULL（raw_text 保留原值 ""TBA""）"
6279,CN2411148-S,TBA,"→ 写为 NULL（raw_text 保留原值 ""TBA""）"
6280,CN2411149-S,TBA,"→ 写为 NULL（raw_text 保留原值 ""TBA""）"
6281,CN2411150-S,TBA,"→ 写为 NULL（raw_text 保留原值 ""TBA""）"
6282,CN2411151-S,TBA,"→ 写为 NULL（raw_text 保留原值 ""TBA""）"
6283,CN2411152-A,TBA,"→ 写为 NULL（raw_text 保留原值 ""TBA""）"
6284,CN2411153-A,TBA,"→ 写为 NULL（raw_text 保留原值 ""TBA""）"
6286,CN2411155-A,TBA,"→ 写为 NULL（raw_text 保留原值 ""TBA""）"
6288,CN2411157-A,TBA,"→ 写为 NULL（raw_text 保留原值 ""TBA""）"
6289,CN2411158-A,TBA,"→ 写为 NULL（raw_text 保留原值 ""TBA""）"
6290,CN2411159-A,TBA,"→ 写为 NULL（raw_text 保留原值 ""TBA""）"
6292,CN2411161-S,TBA,"→ 写为 NULL（raw_text 保留原值 ""TBA""）"
6293,CN2411162-S,TBA,"→ 写为 NULL（raw_text 保留原值 ""TBA""）"
6294,CN2411163-S,TBA,"→ 写为 NULL（raw_text 保留原值 ""TBA""）"
6295,CN2411164-S,TBA,"→ 写为 NULL（raw_text 保留原值 ""TBA""）"
6296,CN2411165-A,TBA,"→ 写为 NULL（raw_text 保留原值 ""TBA""）"
6297,CN2411166-A,TBA,"→ 写为 NULL（raw_text 保留原值 ""TBA""）"
6298,CN2411167-A,TBA,"→ 写为 NULL（raw_text 保留原值 ""TBA""）"
6299,CN2411168-A,TBA,"→ 写为 NULL（raw_text 保留原值 ""TBA""）"
6302,CN2411171-A,TBA,"→ 写为 NULL（raw_text 保留原值 ""TBA""）"
6303,CN2411172-A,TBA,"→ 写为 NULL（raw_text 保留原值 ""TBA""）"
6304,CN2411173-S,TBA,"→ 写为 NULL（raw_text 保留原值 ""TBA""）"
6309,CN2411175-A,TBA,"→ 写为 NULL（raw_text 保留原值 ""TBA""）"
6310,CN2411176-A,TBA,"→ 写为 NULL（raw_text 保留原值 ""TBA""）"
6311,CN2411177-A,TBA,"→ 写为 NULL（raw_text 保留原值 ""TBA""）"
6312,CN2411178-S,TBA,"→ 写为 NULL（raw_text 保留原值 ""TBA""）"
6313,CN2411179-S,TBA,"→ 写为 NULL（raw_text 保留原值 ""TBA""）"
6314,CN2411180-A,TBA,"→ 写为 NULL（raw_text 保留原值 ""TBA""）"
6315,CN2411181-S,TBA,"→ 写为 NULL（raw_text 保留原值 ""TBA""）"
6316,CN2411182-S,TBA,"→ 写为 NULL（raw_text 保留原值 ""TBA""）"
6317,CN2411183-A,TBA,"→ 写为 NULL（raw_text 保留原值 ""TBA""）"
6318,CN2411184-A,TBA,"→ 写为 NULL（raw_text 保留原值 ""TBA""）"
6319,CN2411185-A,TBA,"→ 写为 NULL（raw_text 保留原值 ""TBA""）"
6320,CN2411186-A,TBA,"→ 写为 NULL（raw_text 保留原值 ""TBA""）"
6321,CN2411187-A,TBA,"→ 写为 NULL（raw_text 保留原值 ""TBA""）"
6322,CN2411188-A,TBA,"→ 写为 NULL（raw_text 保留原值 ""TBA""）"
6323,CN2411189-A,TBA,"→ 写为 NULL（raw_text 保留原值 ""TBA""）"
6324,CN2411190-A,TBA,"→ 写为 NULL（raw_text 保留原值 ""TBA""）"
6325,CN2411191-A,TBA,"→ 写为 NULL（raw_text 保留原值 ""TBA""）"
6326,CN2411192-S1,TBA,"→ 写为 NULL（raw_text 保留原值 ""TBA""）"
6327,CN2411192-S2,TBA,"→ 写为 NULL（raw_text 保留原值 ""TBA""）"
6328,CN2411192-S3,TBA,"→ 写为 NULL（raw_text 保留原值 ""TBA""）"
6329,CN2411193-S1,TBA,"→ 写为 NULL（raw_text 保留原值 ""TBA""）"
6330,CN2411193-S2,TBA,"→ 写为 NULL（raw_text 保留原值 ""TBA""）"
6331,CN2411193-S3,TBA,"→ 写为 NULL（raw_text 保留原值 ""TBA""）"
6332,CN2411194-S,TBA,"→ 写为 NULL（raw_text 保留原值 ""TBA""）"
6333,CN2411195-S,TBA,"→ 写为 NULL（raw_text 保留原值 ""TBA""）"
6334,CN2411196-S,TBA,"→ 写为 NULL（raw_text 保留原值 ""TBA""）"
6335,CN2411197-S1,TBA,"→ 写为 NULL（raw_text 保留原值 ""TBA""）"
6336,CN2411197-S2,TBA,"→ 写为 NULL（raw_text 保留原值 ""TBA""）"
6337,CN2411198-S,TBA,"→ 写为 NULL（raw_text 保留原值 ""TBA""）"
6338,CN2411199-S,TBA,"→ 写为 NULL（raw_text 保留原值 ""TBA""）"
6340,CN2411201-S,TBA,"→ 写为 NULL（raw_text 保留原值 ""TBA""）"
6341,CN2411202-S,TBA,"→ 写为 NULL（raw_text 保留原值 ""TBA""）"
6343,CN2411204-S,TBA,"→ 写为 NULL（raw_text 保留原值 ""TBA""）"
6344,CN2411205-S,TBA,"→ 写为 NULL（raw_text 保留原值 ""TBA""）"
6345,CN2411206-S,TBA,"→ 写为 NULL（raw_text 保留原值 ""TBA""）"
6346,CN2411207-S,TBA,"→ 写为 NULL（raw_text 保留原值 ""TBA""）"
6347,CN2411208-S,TBA,"→ 写为 NULL（raw_text 保留原值 ""TBA""）"
6348,CN2411209-A,TBA,"→ 写为 NULL（raw_text 保留原值 ""TBA""）"
6349,CN2411210-A,TBA,"→ 写为 NULL（raw_text 保留原值 ""TBA""）"
6351,CN2411212-S,TBA,"→ 写为 NULL（raw_text 保留原值 ""TBA""）"
6352,CN2411213-S,TBA,"→ 写为 NULL（raw_text 保留原值 ""TBA""）"
6353,CN2411214-A,TBA,"→ 写为 NULL（raw_text 保留原值 ""TBA""）"
6354,CN2411215-A,TBA,"→ 写为 NULL（raw_text 保留原值 ""TBA""）"
6357,CN2411218-S,TBA,"→ 写为 NULL（raw_text 保留原值 ""TBA""）"
6358,CN2411219-A,TBA,"→ 写为 NULL（raw_text 保留原值 ""TBA""）"
6359,CN2411220-S,TBA,"→ 写为 NULL（raw_text 保留原值 ""TBA""）"
6360,CN2411221-S,TBA,"→ 写为 NULL（raw_text 保留原值 ""TBA""）"
6361,CN2411222-A,TBA,"→ 写为 NULL（raw_text 保留原值 ""TBA""）"
6362,CN2411223-S,TBA,"→ 写为 NULL（raw_text 保留原值 ""TBA""）"
6363,CN2411224-S1,TBA,"→ 写为 NULL（raw_text 保留原值 ""TBA""）"
6364,CN2411224-S2,TBA,"→ 写为 NULL（raw_text 保留原值 ""TBA""）"
6365,CN2411224-S3,TBA,"→ 写为 NULL（raw_text 保留原值 ""TBA""）"
6366,CN2411224-S4,TBA,"→ 写为 NULL（raw_text 保留原值 ""TBA""）"
6367,CN2411224-S5,TBA,"→ 写为 NULL（raw_text 保留原值 ""TBA""）"
6368,CN2411224-S6,TBA,"→ 写为 NULL（raw_text 保留原值 ""TBA""）"
6369,CN2411224-S7,TBA,"→ 写为 NULL（raw_text 保留原值 ""TBA""）"
6370,CN2411224-S8,TBA,"→ 写为 NULL（raw_text 保留原值 ""TBA""）"
6371,CN2411224-S9,TBA,"→ 写为 NULL（raw_text 保留原值 ""TBA""）"
6372,CN2411225-A,TBA,"→ 写为 NULL（raw_text 保留原值 ""TBA""）"
6373,CN2411226-A,TBA,"→ 写为 NULL（raw_text 保留原值 ""TBA""）"
6374,CN2411227-S,TBA,"→ 写为 NULL（raw_text 保留原值 ""TBA""）"
6375,CN2411228-A,TBA,"→ 写为 NULL（raw_text 保留原值 ""TBA""）"
6376,CN2411229-A,TBA,"→ 写为 NULL（raw_text 保留原值 ""TBA""）"
6383,CN2411234-A,TBA,"→ 写为 NULL（raw_text 保留原值 ""TBA""）"
6384,CN2411235-A,TBA,"→ 写为 NULL（raw_text 保留原值 ""TBA""）"
6385,CN2411236-A,TBA,"→ 写为 NULL（raw_text 保留原值 ""TBA""）"
6386,CN2411237-A,TBA,"→ 写为 NULL（raw_text 保留原值 ""TBA""）"
6387,CN2411238-S,TBA,"→ 写为 NULL（raw_text 保留原值 ""TBA""）"
6388,CN2411239-S,TBA,"→ 写为 NULL（raw_text 保留原值 ""TBA""）"
6389,CN2411240-S,TBA,"→ 写为 NULL（raw_text 保留原值 ""TBA""）"
6390,CN2411241-S,TBA,"→ 写为 NULL（raw_text 保留原值 ""TBA""）"
6394,CN2411245-A,TBA,"→ 写为 NULL（raw_text 保留原值 ""TBA""）"
6396,CN2411247-A,TBA,"→ 写为 NULL（raw_text 保留原值 ""TBA""）"
6399,CN2411250-S1,TBA,"→ 写为 NULL（raw_text 保留原值 ""TBA""）"
6400,CN2411250-S2,TBA,"→ 写为 NULL（raw_text 保留原值 ""TBA""）"
6403,CN2411253-S,TBA,"→ 写为 NULL（raw_text 保留原值 ""TBA""）"
6404,CN2411254-A,TBA,"→ 写为 NULL（raw_text 保留原值 ""TBA""）"
6405,CN2411255-A,TBA,"→ 写为 NULL（raw_text 保留原值 ""TBA""）"
6406,CN2411256-S,TBA,"→ 写为 NULL（raw_text 保留原值 ""TBA""）"
6407,CN2411257-S,TBA,"→ 写为 NULL（raw_text 保留原值 ""TBA""）"
6409,CN2411259-A,TBA,"→ 写为 NULL（raw_text 保留原值 ""TBA""）"
6410,CN2411260-A,TBA,"→ 写为 NULL（raw_text 保留原值 ""TBA""）"
6411,CN2411261-S,TBA,"→ 写为 NULL（raw_text 保留原值 ""TBA""）"
6412,CN2411262-A,TBA,"→ 写为 NULL（raw_text 保留原值 ""TBA""）"
6413,CN2411263-S,TBA,"→ 写为 NULL（raw_text 保留原值 ""TBA""）"
6414,CN2411264-S,TBA,"→ 写为 NULL（raw_text 保留原值 ""TBA""）"
6415,CN2411265-A,TBA,"→ 写为 NULL（raw_text 保留原值 ""TBA""）"
6416,CN2411266-A,TBA,"→ 写为 NULL（raw_text 保留原值 ""TBA""）"
6417,CN2411267-S,TBA,"→ 写为 NULL（raw_text 保留原值 ""TBA""）"
6418,CN2411268-A,TBA,"→ 写为 NULL（raw_text 保留原值 ""TBA""）"
6419,CN2411269-A,TBA,"→ 写为 NULL（raw_text 保留原值 ""TBA""）"
6420,CN2411270-A,TBA,"→ 写为 NULL（raw_text 保留原值 ""TBA""）"
6421,CN2411271-S,TBA,"→ 写为 NULL（raw_text 保留原值 ""TBA""）"
6422,CN2411272-S,TBA,"→ 写为 NULL（raw_text 保留原值 ""TBA""）"
6423,CN2411273-S,TBA,"→ 写为 NULL（raw_text 保留原值 ""TBA""）"
6424,CN2411274-S,TBA,"→ 写为 NULL（raw_text 保留原值 ""TBA""）"
6425,CN2411275-S,TBA,"→ 写为 NULL（raw_text 保留原值 ""TBA""）"
6426,CN2411276-S,TBA,"→ 写为 NULL（raw_text 保留原值 ""TBA""）"
6427,CN2411277-A,TBA,"→ 写为 NULL（raw_text 保留原值 ""TBA""）"
6428,CN2411278-A,TBA,"→ 写为 NULL（raw_text 保留原值 ""TBA""）"
6429,CN2411279-S,TBA,"→ 写为 NULL（raw_text 保留原值 ""TBA""）"
6430,CN2411280-S,TBA,"→ 写为 NULL（raw_text 保留原值 ""TBA""）"
6431,CN2411281-S1,TBA,"→ 写为 NULL（raw_text 保留原值 ""TBA""）"
6432,CN2411281-S2,TBA,"→ 写为 NULL（raw_text 保留原值 ""TBA""）"
6433,CN2411282-S,TBA,"→ 写为 NULL（raw_text 保留原值 ""TBA""）"
6434,CN2411283-R,TBA,"→ 写为 NULL（raw_text 保留原值 ""TBA""）"
6435,CN2411284-A,TBA,"→ 写为 NULL（raw_text 保留原值 ""TBA""）"
6436,CN2411285-S1,TBA,"→ 写为 NULL（raw_text 保留原值 ""TBA""）"
6437,CN2411285-S2,TBA,"→ 写为 NULL（raw_text 保留原值 ""TBA""）"
6438,CN2411286-S,TBA,"→ 写为 NULL（raw_text 保留原值 ""TBA""）"
6439,CN2411287-A,TBA,"→ 写为 NULL（raw_text 保留原值 ""TBA""）"
6440,CN2411288-A,TBA,"→ 写为 NULL（raw_text 保留原值 ""TBA""）"
6442,CN2411290-R,TBA,"→ 写为 NULL（raw_text 保留原值 ""TBA""）"
6443,CN2411291-A,TBA,"→ 写为 NULL（raw_text 保留原值 ""TBA""）"
6444,CN2411292-S,TBA,"→ 写为 NULL（raw_text 保留原值 ""TBA""）"
6445,CN2411293-S,TBA,"→ 写为 NULL（raw_text 保留原值 ""TBA""）"
6446,CN2411294-S,TBA,"→ 写为 NULL（raw_text 保留原值 ""TBA""）"
6447,CN2411295-S,TBA,"→ 写为 NULL（raw_text 保留原值 ""TBA""）"
6449,CN2411297-S,TBA,"→ 写为 NULL（raw_text 保留原值 ""TBA""）"
6450,CN2411298-S,TBA,"→ 写为 NULL（raw_text 保留原值 ""TBA""）"
6451,CN2411299-S,TBA,"→ 写为 NULL（raw_text 保留原值 ""TBA""）"
6452,CN2411300-S,TBA,"→ 写为 NULL（raw_text 保留原值 ""TBA""）"
6453,CN2411301-S,TBA,"→ 写为 NULL（raw_text 保留原值 ""TBA""）"
6454,CN2411302-S,TBA,"→ 写为 NULL（raw_text 保留原值 ""TBA""）"
6455,CN2411303-S,TBA,"→ 写为 NULL（raw_text 保留原值 ""TBA""）"
6456,CN2411304-A,TBA,"→ 写为 NULL（raw_text 保留原值 ""TBA""）"
6457,CN2411305-A,TBA,"→ 写为 NULL（raw_text 保留原值 ""TBA""）"
6458,CN2411306-S,TBA,"→ 写为 NULL（raw_text 保留原值 ""TBA""）"
6459,CN2411307-A,TBA,"→ 写为 NULL（raw_text 保留原值 ""TBA""）"
6461,CN2411309-A,TBA,"→ 写为 NULL（raw_text 保留原值 ""TBA""）"
6462,CN2411310-A,TBA,"→ 写为 NULL（raw_text 保留原值 ""TBA""）"
6464,CN2411312-A,TBA,"→ 写为 NULL（raw_text 保留原值 ""TBA""）"
6465,CN2411313-S,TBA,"→ 写为 NULL（raw_text 保留原值 ""TBA""）"
6466,CN2411314-A1,TBA,"→ 写为 NULL（raw_text 保留原值 ""TBA""）"
6467,CN2411314-A2,TBA,"→ 写为 NULL（raw_text 保留原值 ""TBA""）"
6469,CN2411316-S,TBA,"→ 写为 NULL（raw_text 保留原值 ""TBA""）"
6470,CN2411317-S,TBA,"→ 写为 NULL（raw_text 保留原值 ""TBA""）"
6471,CN2411318-S,TBA,"→ 写为 NULL（raw_text 保留原值 ""TBA""）"
6472,CN2411319-R,TBA,"→ 写为 NULL（raw_text 保留原值 ""TBA""）"
6473,CN2411320-S,TBA,"→ 写为 NULL（raw_text 保留原值 ""TBA""）"
6474,CN2411321-S,TBA,"→ 写为 NULL（raw_text 保留原值 ""TBA""）"
6475,CN2411322-S,TBA,"→ 写为 NULL（raw_text 保留原值 ""TBA""）"
6476,CN2411323-S,TBA,"→ 写为 NULL（raw_text 保留原值 ""TBA""）"
6477,CN2411324-S,TBA,"→ 写为 NULL（raw_text 保留原值 ""TBA""）"
6478,CN2411325-S,TBA,"→ 写为 NULL（raw_text 保留原值 ""TBA""）"
6479,CN2411326-S1,TBA,"→ 写为 NULL（raw_text 保留原值 ""TBA""）"
6480,CN2411326-S2,TBA,"→ 写为 NULL（raw_text 保留原值 ""TBA""）"
6481,CN2411326-S3,TBA,"→ 写为 NULL（raw_text 保留原值 ""TBA""）"
6482,CN2411326-S4,TBA,"→ 写为 NULL（raw_text 保留原值 ""TBA""）"
6483,CN2411326-S5,TBA,"→ 写为 NULL（raw_text 保留原值 ""TBA""）"
6484,CN2411327-S1,TBA,"→ 写为 NULL（raw_text 保留原值 ""TBA""）"
6485,CN2411327-S2,TBA,"→ 写为 NULL（raw_text 保留原值 ""TBA""）"
6486,CN2411328-S,TBA,"→ 写为 NULL（raw_text 保留原值 ""TBA""）"
6487,CN2411329-S1,TBA,"→ 写为 NULL（raw_text 保留原值 ""TBA""）"
6488,CN2411329-S2,TBA,"→ 写为 NULL（raw_text 保留原值 ""TBA""）"
6489,CN2411329-S3,TBA,"→ 写为 NULL（raw_text 保留原值 ""TBA""）"
6490,CN2411330-S,TBA,"→ 写为 NULL（raw_text 保留原值 ""TBA""）"
6491,CN2411331-A,TBA,"→ 写为 NULL（raw_text 保留原值 ""TBA""）"
6492,CN2411332-S,TBA,"→ 写为 NULL（raw_text 保留原值 ""TBA""）"
6493,CN2411333-S,TBA,"→ 写为 NULL（raw_text 保留原值 ""TBA""）"
6494,CN2411334-S,TBA,"→ 写为 NULL（raw_text 保留原值 ""TBA""）"
6496,CN2411336-S,TBA,"→ 写为 NULL（raw_text 保留原值 ""TBA""）"
6497,CN2411337-A,TBA,"→ 写为 NULL（raw_text 保留原值 ""TBA""）"
6498,CN2411338-A,TBA,"→ 写为 NULL（raw_text 保留原值 ""TBA""）"
6500,CN2411340-A,TBA,"→ 写为 NULL（raw_text 保留原值 ""TBA""）"
6501,CN2411341-A,TBA,"→ 写为 NULL（raw_text 保留原值 ""TBA""）"
6502,CN2411342-A,TBA,"→ 写为 NULL（raw_text 保留原值 ""TBA""）"
6503,CN2411343-S,TBA,"→ 写为 NULL（raw_text 保留原值 ""TBA""）"
6504,CN2411344-S,TBA,"→ 写为 NULL（raw_text 保留原值 ""TBA""）"
6505,CN2411344-R,TBA,"→ 写为 NULL（raw_text 保留原值 ""TBA""）"
6506,CN2411345-S,TBA,"→ 写为 NULL（raw_text 保留原值 ""TBA""）"
6508,CN2411347-R,TBA,"→ 写为 NULL（raw_text 保留原值 ""TBA""）"
6509,CN2411348-A,TBA,"→ 写为 NULL（raw_text 保留原值 ""TBA""）"
6510,CN2411349-A,TBA,"→ 写为 NULL（raw_text 保留原值 ""TBA""）"
6511,CN2411350-A,TBA,"→ 写为 NULL（raw_text 保留原值 ""TBA""）"
6512,CN2411351-A,TBA,"→ 写为 NULL（raw_text 保留原值 ""TBA""）"
6513,CN2411352-A,TBA,"→ 写为 NULL（raw_text 保留原值 ""TBA""）"
6514,CN2411353-A,TBA,"→ 写为 NULL（raw_text 保留原值 ""TBA""）"
6515,CN2411354-A,TBA,"→ 写为 NULL（raw_text 保留原值 ""TBA""）"
6516,CN2411355-S,TBA,"→ 写为 NULL（raw_text 保留原值 ""TBA""）"
6517,CN2411356-S,TBA,"→ 写为 NULL（raw_text 保留原值 ""TBA""）"
6518,CN2411357-S,TBA,"→ 写为 NULL（raw_text 保留原值 ""TBA""）"
6519,CN2411358-A,TBA,"→ 写为 NULL（raw_text 保留原值 ""TBA""）"
6520,CN2411359-A1,TBA,"→ 写为 NULL（raw_text 保留原值 ""TBA""）"
6521,CN2411359-A2,TBA,"→ 写为 NULL（raw_text 保留原值 ""TBA""）"
6522,CN2411360-S,TBA,"→ 写为 NULL（raw_text 保留原值 ""TBA""）"
6523,CN2411361-S,TBA,"→ 写为 NULL（raw_text 保留原值 ""TBA""）"
6524,CN2411362-A,TBA,"→ 写为 NULL（raw_text 保留原值 ""TBA""）"
6525,CN2411363-S,TBA,"→ 写为 NULL（raw_text 保留原值 ""TBA""）"
6526,CN2411364-A,TBA,"→ 写为 NULL（raw_text 保留原值 ""TBA""）"
6527,CN2411365-A,TBA,"→ 写为 NULL（raw_text 保留原值 ""TBA""）"
6528,CN2411366-S,TBA,"→ 写为 NULL（raw_text 保留原值 ""TBA""）"
6529,CN2411367-A,TBA,"→ 写为 NULL（raw_text 保留原值 ""TBA""）"
6530,CN2411368-S,TBA,"→ 写为 NULL（raw_text 保留原值 ""TBA""）"
6531,CN2411369-S,TBA,"→ 写为 NULL（raw_text 保留原值 ""TBA""）"
6532,CN2411370-S,TBA,"→ 写为 NULL（raw_text 保留原值 ""TBA""）"
6533,CN2411371-A,TBA,"→ 写为 NULL（raw_text 保留原值 ""TBA""）"
6534,CN2411372-S,TBA,"→ 写为 NULL（raw_text 保留原值 ""TBA""）"
6537,CN2411375-A,TBA,"→ 写为 NULL（raw_text 保留原值 ""TBA""）"
6538,CN2411376-A,TBA,"→ 写为 NULL（raw_text 保留原值 ""TBA""）"
6539,CN2411377-S,TBA,"→ 写为 NULL（raw_text 保留原值 ""TBA""）"
6542,CN2411380-A,TBA,"→ 写为 NULL（raw_text 保留原值 ""TBA""）"
6543,CN2411381-S,TBA,"→ 写为 NULL（raw_text 保留原值 ""TBA""）"
6544,CN2411382-A,TBA,"→ 写为 NULL（raw_text 保留原值 ""TBA""）"
6545,CN2411383-A,TBA,"→ 写为 NULL（raw_text 保留原值 ""TBA""）"
6546,CN2411384-S,TBA,"→ 写为 NULL（raw_text 保留原值 ""TBA""）"
6547,CN2411385-S,TBA,"→ 写为 NULL（raw_text 保留原值 ""TBA""）"
6548,CN2411386-A,TBA,"→ 写为 NULL（raw_text 保留原值 ""TBA""）"
6549,CN2411387-S,TBA,"→ 写为 NULL（raw_text 保留原值 ""TBA""）"
6550,CN2411388-A,TBA,"→ 写为 NULL（raw_text 保留原值 ""TBA""）"
6557,CN2411395-A,TBA,"→ 写为 NULL（raw_text 保留原值 ""TBA""）"
6560,CN2411398-S,TBA,"→ 写为 NULL（raw_text 保留原值 ""TBA""）"
6582,CN2411420-A,TBA,"→ 写为 NULL（raw_text 保留原值 ""TBA""）"
6583,CN2411421-A,TBA,"→ 写为 NULL（raw_text 保留原值 ""TBA""）"
6586,CN2411424-A,TBA,"→ 写为 NULL（raw_text 保留原值 ""TBA""）"
6587,CN2411425-A,TBA,"→ 写为 NULL（raw_text 保留原值 ""TBA""）"
6589,CN2411427-S,TBA,"→ 写为 NULL（raw_text 保留原值 ""TBA""）"
6590,CN2411428-AS,TBA,"→ 写为 NULL（raw_text 保留原值 ""TBA""）"
6591,CN2411428-AS1,TBA,"→ 写为 NULL（raw_text 保留原值 ""TBA""）"
6592,CN2411429-S,TBA,"→ 写为 NULL（raw_text 保留原值 ""TBA""）"
6593,CN2411430-A,TBA,"→ 写为 NULL（raw_text 保留原值 ""TBA""）"
6595,CN2411432-S1,TBA,"→ 写为 NULL（raw_text 保留原值 ""TBA""）"
6596,CN2411432-S2,TBA,"→ 写为 NULL（raw_text 保留原值 ""TBA""）"
6597,CN2411433-A,TBA,"→ 写为 NULL（raw_text 保留原值 ""TBA""）"
6598,CN2411434-A1,TBA,"→ 写为 NULL（raw_text 保留原值 ""TBA""）"
6599,CN2411434-A2,TBA,"→ 写为 NULL（raw_text 保留原值 ""TBA""）"
6601,CN2411436-A,TBA,"→ 写为 NULL（raw_text 保留原值 ""TBA""）"
6602,CN2411437-A,TBA,"→ 写为 NULL（raw_text 保留原值 ""TBA""）"
6603,CN2411438-S,TBA,"→ 写为 NULL（raw_text 保留原值 ""TBA""）"
6604,CN2411439-S,TBA,"→ 写为 NULL（raw_text 保留原值 ""TBA""）"
6605,CN2411440-S,TBA,"→ 写为 NULL（raw_text 保留原值 ""TBA""）"
6606,CN2411441-A,TBA,"→ 写为 NULL（raw_text 保留原值 ""TBA""）"
6607,CN2411442-S,TBA,"→ 写为 NULL（raw_text 保留原值 ""TBA""）"
6608,CN2411443-A,TBA,"→ 写为 NULL（raw_text 保留原值 ""TBA""）"
6609,CN2411444-A,TBA,"→ 写为 NULL（raw_text 保留原值 ""TBA""）"
6610,CN2411445-A,TBA,"→ 写为 NULL（raw_text 保留原值 ""TBA""）"
6611,CN2411446-A,TBA,"→ 写为 NULL（raw_text 保留原值 ""TBA""）"
6612,CN2411447-S,TBA,"→ 写为 NULL（raw_text 保留原值 ""TBA""）"
6613,CN2411448-RA,TBA,"→ 写为 NULL（raw_text 保留原值 ""TBA""）"
6614,CN2411448-RA1,TBA,"→ 写为 NULL（raw_text 保留原值 ""TBA""）"
6615,CN2411449-A,TBA,"→ 写为 NULL（raw_text 保留原值 ""TBA""）"
6616,CN2411450-S,TBA,"→ 写为 NULL（raw_text 保留原值 ""TBA""）"
6617,CN2411451-S,TBA,"→ 写为 NULL（raw_text 保留原值 ""TBA""）"
6618,CN2411452-S,TBA,"→ 写为 NULL（raw_text 保留原值 ""TBA""）"
6619,CN2411453-S,TBA,"→ 写为 NULL（raw_text 保留原值 ""TBA""）"
6620,CN2411454-S,TBA,"→ 写为 NULL（raw_text 保留原值 ""TBA""）"
6651,CN2411477-A,TBA,"→ 写为 NULL（raw_text 保留原值 ""TBA""）"
6666,CN2411489-A,TBA,"→ 写为 NULL（raw_text 保留原值 ""TBA""）"
6667,CN2411490-S,TBA,"→ 写为 NULL（raw_text 保留原值 ""TBA""）"
6668,CN2411491-S,TBA,"→ 写为 NULL（raw_text 保留原值 ""TBA""）"
6669,CN2411492-S,TBA,"→ 写为 NULL（raw_text 保留原值 ""TBA""）"
6670,CN2411493-S,TBA,"→ 写为 NULL（raw_text 保留原值 ""TBA""）"
6671,CN2411494-A,TBA,"→ 写为 NULL（raw_text 保留原值 ""TBA""）"
6672,CN2411495-S,TBA,"→ 写为 NULL（raw_text 保留原值 ""TBA""）"
6673,CN2411496-S,TBA,"→ 写为 NULL（raw_text 保留原值 ""TBA""）"
6674,CN2411497-S,TBA,"→ 写为 NULL（raw_text 保留原值 ""TBA""）"
6675,CN2411498-S,TBA,"→ 写为 NULL（raw_text 保留原值 ""TBA""）"
6676,CN2411499-S,TBA,"→ 写为 NULL（raw_text 保留原值 ""TBA""）"
6677,CN2411500-A,TBA,"→ 写为 NULL（raw_text 保留原值 ""TBA""）"
6679,CN2411502-A,TBA,"→ 写为 NULL（raw_text 保留原值 ""TBA""）"
6680,CN2411503-A,TBA,"→ 写为 NULL（raw_text 保留原值 ""TBA""）"
6681,CN2411504-A,TBA,"→ 写为 NULL（raw_text 保留原值 ""TBA""）"
6682,CN2411505-A,TBA,"→ 写为 NULL（raw_text 保留原值 ""TBA""）"
6683,CN2411506-A,TBA,"→ 写为 NULL（raw_text 保留原值 ""TBA""）"
6684,CN2411507-A,TBA,"→ 写为 NULL（raw_text 保留原值 ""TBA""）"
6685,CN2411508-S,TBA,"→ 写为 NULL（raw_text 保留原值 ""TBA""）"
6686,CN2411509-A,TBA,"→ 写为 NULL（raw_text 保留原值 ""TBA""）"
6687,CN2411510-A,TBA,"→ 写为 NULL（raw_text 保留原值 ""TBA""）"
6689,CN2411512-A,TBA,"→ 写为 NULL（raw_text 保留原值 ""TBA""）"
6691,CN2411514-A,TBA,"→ 写为 NULL（raw_text 保留原值 ""TBA""）"
6692,CN2411515-S,TBA,"→ 写为 NULL（raw_text 保留原值 ""TBA""）"
6693,CN2411516-S,TBA,"→ 写为 NULL（raw_text 保留原值 ""TBA""）"
6694,CN2411517-S,TBA,"→ 写为 NULL（raw_text 保留原值 ""TBA""）"
6695,CN2411518-S,TBA,"→ 写为 NULL（raw_text 保留原值 ""TBA""）"
6696,CN2411519-S,TBA,"→ 写为 NULL（raw_text 保留原值 ""TBA""）"
6698,CN2411521-S,TBA,"→ 写为 NULL（raw_text 保留原值 ""TBA""）"
6700,CN2411523-S,TBA,"→ 写为 NULL（raw_text 保留原值 ""TBA""）"
6701,CN2411524-S,TBA,"→ 写为 NULL（raw_text 保留原值 ""TBA""）"
6702,CN2411525-A,TBA,"→ 写为 NULL（raw_text 保留原值 ""TBA""）"
6703,CN2411526-A,TBA,"→ 写为 NULL（raw_text 保留原值 ""TBA""）"
6704,CN2411527-S,TBA,"→ 写为 NULL（raw_text 保留原值 ""TBA""）"
6707,CN2411530-S,TBA,"→ 写为 NULL（raw_text 保留原值 ""TBA""）"
6708,CN2411531-A,TBA,"→ 写为 NULL（raw_text 保留原值 ""TBA""）"
6709,CN2411532-S,TBA,"→ 写为 NULL（raw_text 保留原值 ""TBA""）"
6710,CN2411533-A,TBA,"→ 写为 NULL（raw_text 保留原值 ""TBA""）"
6711,CN2411534-S,TBA,"→ 写为 NULL（raw_text 保留原值 ""TBA""）"
6712,CN2411535-A,TBA,"→ 写为 NULL（raw_text 保留原值 ""TBA""）"
6713,CN2411536-S,TBA,"→ 写为 NULL（raw_text 保留原值 ""TBA""）"
6715,CN2411538-S,TBA,"→ 写为 NULL（raw_text 保留原值 ""TBA""）"
6716,CN2411539-A,TBA,"→ 写为 NULL（raw_text 保留原值 ""TBA""）"
6719,CN2411542-S,TBA,"→ 写为 NULL（raw_text 保留原值 ""TBA""）"
6720,CN2411543-S,TBA,"→ 写为 NULL（raw_text 保留原值 ""TBA""）"
6721,CN2411544-S,TBA,"→ 写为 NULL（raw_text 保留原值 ""TBA""）"
6722,CN2411545-S,TBA,"→ 写为 NULL（raw_text 保留原值 ""TBA""）"
6723,CN2411546-S,TBA,"→ 写为 NULL（raw_text 保留原值 ""TBA""）"
6724,CN2411547-S,TBA,"→ 写为 NULL（raw_text 保留原值 ""TBA""）"
6725,CN2411548-A,TBA,"→ 写为 NULL（raw_text 保留原值 ""TBA""）"
6727,CN2411550-S,TBA,"→ 写为 NULL（raw_text 保留原值 ""TBA""）"
6728,CN2411551-AS,TBA,"→ 写为 NULL（raw_text 保留原值 ""TBA""）"
6729,CN2411551-AS1,TBA,"→ 写为 NULL（raw_text 保留原值 ""TBA""）"
6730,CN2411552-A,TBA,"→ 写为 NULL（raw_text 保留原值 ""TBA""）"
6732,CN2411554-A,TBA,"→ 写为 NULL（raw_text 保留原值 ""TBA""）"
6733,CN2411555-A,TBA,"→ 写为 NULL（raw_text 保留原值 ""TBA""）"
6734,CN2411556-S,TBA,"→ 写为 NULL（raw_text 保留原值 ""TBA""）"
6735,CN2411557-A,TBA,"→ 写为 NULL（raw_text 保留原值 ""TBA""）"
6736,CN2411558-A,TBA,"→ 写为 NULL（raw_text 保留原值 ""TBA""）"
6739,CN2411560-S,TBA,"→ 写为 NULL（raw_text 保留原值 ""TBA""）"
6740,CN2411561-A,TBA,"→ 写为 NULL（raw_text 保留原值 ""TBA""）"
6741,CN2411562-A1,TBA,"→ 写为 NULL（raw_text 保留原值 ""TBA""）"
6742,CN2411562-A2,TBA,"→ 写为 NULL（raw_text 保留原值 ""TBA""）"
6744,CN2411564-S,TBA,"→ 写为 NULL（raw_text 保留原值 ""TBA""）"
6745,CN2411565-A,TBA,"→ 写为 NULL（raw_text 保留原值 ""TBA""）"
6746,CN2411566-A,TBA,"→ 写为 NULL（raw_text 保留原值 ""TBA""）"
6747,CN2411567-A,TBA,"→ 写为 NULL（raw_text 保留原值 ""TBA""）"
6748,CN2411568-R,TBA,"→ 写为 NULL（raw_text 保留原值 ""TBA""）"
6749,CN2411569-S,TBA,"→ 写为 NULL（raw_text 保留原值 ""TBA""）"
6751,CN2411571-S,TBA,"→ 写为 NULL（raw_text 保留原值 ""TBA""）"
6752,CN2411572-S,TBA,"→ 写为 NULL（raw_text 保留原值 ""TBA""）"
6753,CN2411573-S,TBA,"→ 写为 NULL（raw_text 保留原值 ""TBA""）"
6755,CN2411575-S,TBA,"→ 写为 NULL（raw_text 保留原值 ""TBA""）"
6772,CN2411592-S,TBA,"→ 写为 NULL（raw_text 保留原值 ""TBA""）"
6773,CN2411593-A,TBA,"→ 写为 NULL（raw_text 保留原值 ""TBA""）"
6776,CN2411596-AS,TBA,"→ 写为 NULL（raw_text 保留原值 ""TBA""）"
6777,CN2411596-AS1,TBA,"→ 写为 NULL（raw_text 保留原值 ""TBA""）"
6778,CN2411597-A,TBA,"→ 写为 NULL（raw_text 保留原值 ""TBA""）"
6779,CN2411598-A,TBA,"→ 写为 NULL（raw_text 保留原值 ""TBA""）"
6780,CN2412001-S,TBA,"→ 写为 NULL（raw_text 保留原值 ""TBA""）"
6781,CN2412002-A,TBA,"→ 写为 NULL（raw_text 保留原值 ""TBA""）"
6783,CN2412004-A,TBA,"→ 写为 NULL（raw_text 保留原值 ""TBA""）"
6784,CN2412005-A,TBA,"→ 写为 NULL（raw_text 保留原值 ""TBA""）"
6785,CN2412006-A,TBA,"→ 写为 NULL（raw_text 保留原值 ""TBA""）"
6786,CN2412007-A,TBA,"→ 写为 NULL（raw_text 保留原值 ""TBA""）"
6787,CN2412008-S,TBA,"→ 写为 NULL（raw_text 保留原值 ""TBA""）"
6788,CN2412009-S,TBA,"→ 写为 NULL（raw_text 保留原值 ""TBA""）"
6789,CN2412010-S,TBA,"→ 写为 NULL（raw_text 保留原值 ""TBA""）"
6790,CN2412011-S,TBA,"→ 写为 NULL（raw_text 保留原值 ""TBA""）"
6791,CN2412012-S,TBA,"→ 写为 NULL（raw_text 保留原值 ""TBA""）"
6792,CN2412013-S,TBA,"→ 写为 NULL（raw_text 保留原值 ""TBA""）"
6796,CN2412017-A,TBA,"→ 写为 NULL（raw_text 保留原值 ""TBA""）"
6797,CN2412018-S,TBA,"→ 写为 NULL（raw_text 保留原值 ""TBA""）"
6798,CN2412019-S,TBA,"→ 写为 NULL（raw_text 保留原值 ""TBA""）"
6799,CN2412020-S,TBA,"→ 写为 NULL（raw_text 保留原值 ""TBA""）"
6801,CN2412022-S,TBA,"→ 写为 NULL（raw_text 保留原值 ""TBA""）"
6804,CN2412025-S,TBA,"→ 写为 NULL（raw_text 保留原值 ""TBA""）"
6805,CN2412026-A,TBA,"→ 写为 NULL（raw_text 保留原值 ""TBA""）"
6807,CN2412028-R,TBA,"→ 写为 NULL（raw_text 保留原值 ""TBA""）"
6808,CN2412029-R,TBA,"→ 写为 NULL（raw_text 保留原值 ""TBA""）"
6809,CN2412030-A,TBA,"→ 写为 NULL（raw_text 保留原值 ""TBA""）"
6811,CN2412032-S,TBA,"→ 写为 NULL（raw_text 保留原值 ""TBA""）"
6812,CN2412033-A,TBA,"→ 写为 NULL（raw_text 保留原值 ""TBA""）"
6813,CN2412034-S,TBA,"→ 写为 NULL（raw_text 保留原值 ""TBA""）"
6814,CN2412035-S,TBA,"→ 写为 NULL（raw_text 保留原值 ""TBA""）"
6815,CN2412036-A,TBA,"→ 写为 NULL（raw_text 保留原值 ""TBA""）"
6816,CN2412037-S,TBA,"→ 写为 NULL（raw_text 保留原值 ""TBA""）"
6817,CN2412038-S,TBA,"→ 写为 NULL（raw_text 保留原值 ""TBA""）"
6818,CN2412039-S,TBA,"→ 写为 NULL（raw_text 保留原值 ""TBA""）"
6819,CN2412040-S,TBA,"→ 写为 NULL（raw_text 保留原值 ""TBA""）"
6820,CN2412041-S,TBA,"→ 写为 NULL（raw_text 保留原值 ""TBA""）"
6822,CN2412043-A,TBA,"→ 写为 NULL（raw_text 保留原值 ""TBA""）"
6823,CN2412044-A,TBA,"→ 写为 NULL（raw_text 保留原值 ""TBA""）"
6824,CN2412044-A1,TBA,"→ 写为 NULL（raw_text 保留原值 ""TBA""）"
6825,CN2412045-S,TBA,"→ 写为 NULL（raw_text 保留原值 ""TBA""）"
6826,CN2412046-A,TBA,"→ 写为 NULL（raw_text 保留原值 ""TBA""）"
6827,CN2412047-S,TBA,"→ 写为 NULL（raw_text 保留原值 ""TBA""）"
6828,CN2412048-S,TBA,"→ 写为 NULL（raw_text 保留原值 ""TBA""）"
6829,CN2412049-A,TBA,"→ 写为 NULL（raw_text 保留原值 ""TBA""）"
6830,CN2412050-A,TBA,"→ 写为 NULL（raw_text 保留原值 ""TBA""）"
6831,CN2412051-A,TBA,"→ 写为 NULL（raw_text 保留原值 ""TBA""）"
6832,CN2412052-A,TBA,"→ 写为 NULL（raw_text 保留原值 ""TBA""）"
6833,CN2412053-A,TBA,"→ 写为 NULL（raw_text 保留原值 ""TBA""）"
6834,CN2412054-A,TBA,"→ 写为 NULL（raw_text 保留原值 ""TBA""）"
6835,CN2412055-S,TBA,"→ 写为 NULL（raw_text 保留原值 ""TBA""）"
6836,CN2412056-A,TBA,"→ 写为 NULL（raw_text 保留原值 ""TBA""）"
6837,CN2412057-A,TBA,"→ 写为 NULL（raw_text 保留原值 ""TBA""）"
6838,CN2412058-A,TBA,"→ 写为 NULL（raw_text 保留原值 ""TBA""）"
6839,CN2412059-S,TBA,"→ 写为 NULL（raw_text 保留原值 ""TBA""）"
6841,CN2412060-A1,TBA,"→ 写为 NULL（raw_text 保留原值 ""TBA""）"
6842,CN2412061-S,TBA,"→ 写为 NULL（raw_text 保留原值 ""TBA""）"
6843,CN2412062-A,TBA,"→ 写为 NULL（raw_text 保留原值 ""TBA""）"
6845,CN2412064-S,TBA,"→ 写为 NULL（raw_text 保留原值 ""TBA""）"
6847,CN2412066-S,TBA,"→ 写为 NULL（raw_text 保留原值 ""TBA""）"
6848,CN2412067-A,TBA,"→ 写为 NULL（raw_text 保留原值 ""TBA""）"
6849,CN2412068-S,TBA,"→ 写为 NULL（raw_text 保留原值 ""TBA""）"
6852,CN2412071-S,TBA,"→ 写为 NULL（raw_text 保留原值 ""TBA""）"
6858,CN2412077-S,TBA,"→ 写为 NULL（raw_text 保留原值 ""TBA""）"
6861,CN2412080-A,TBA,"→ 写为 NULL（raw_text 保留原值 ""TBA""）"
6863,CN2412082-A,TBA,"→ 写为 NULL（raw_text 保留原值 ""TBA""）"
6864,CN2412083-A,TBA,"→ 写为 NULL（raw_text 保留原值 ""TBA""）"
6865,CN2412083-A1,TBA,"→ 写为 NULL（raw_text 保留原值 ""TBA""）"
6866,CN2412084-A,TBA,"→ 写为 NULL（raw_text 保留原值 ""TBA""）"
6867,CN2412084-A1,TBA,"→ 写为 NULL（raw_text 保留原值 ""TBA""）"
6868,CN2412085-S,TBA,"→ 写为 NULL（raw_text 保留原值 ""TBA""）"
6869,CN2412086-S,TBA,"→ 写为 NULL（raw_text 保留原值 ""TBA""）"
6870,CN2412087-A,TBA,"→ 写为 NULL（raw_text 保留原值 ""TBA""）"
6871,CN2412088-S,TBA,"→ 写为 NULL（raw_text 保留原值 ""TBA""）"
6872,CN2412089-A,TBA,"→ 写为 NULL（raw_text 保留原值 ""TBA""）"
6873,CN2412090-A,TBA,"→ 写为 NULL（raw_text 保留原值 ""TBA""）"
6874,CN2412091-A,TBA,"→ 写为 NULL（raw_text 保留原值 ""TBA""）"
6875,CN2412092-A,TBA,"→ 写为 NULL（raw_text 保留原值 ""TBA""）"
6876,CN2412093-A,TBA,"→ 写为 NULL（raw_text 保留原值 ""TBA""）"
6879,CN2412096-A,TBA,"→ 写为 NULL（raw_text 保留原值 ""TBA""）"
6880,CN2412096-A1,TBA,"→ 写为 NULL（raw_text 保留原值 ""TBA""）"
6881,CN2412096-A2,TBA,"→ 写为 NULL（raw_text 保留原值 ""TBA""）"
6882,CN2412097-S,TBA,"→ 写为 NULL（raw_text 保留原值 ""TBA""）"
6883,CN2412098-A,TBA,"→ 写为 NULL（raw_text 保留原值 ""TBA""）"
6884,CN2412099-A,TBA,"→ 写为 NULL（raw_text 保留原值 ""TBA""）"
6886,CN2412101-S,TBA,"→ 写为 NULL（raw_text 保留原值 ""TBA""）"
6887,CN2412102-S,TBA,"→ 写为 NULL（raw_text 保留原值 ""TBA""）"
6888,CN2412103-S1,TBA,"→ 写为 NULL（raw_text 保留原值 ""TBA""）"
6889,CN2412103-S2,TBA,"→ 写为 NULL（raw_text 保留原值 ""TBA""）"
6890,CN2412104-S,TBA,"→ 写为 NULL（raw_text 保留原值 ""TBA""）"
6891,CN2412105-S,TBA,"→ 写为 NULL（raw_text 保留原值 ""TBA""）"
6892,CN2412106-S,TBA,"→ 写为 NULL（raw_text 保留原值 ""TBA""）"
6894,CN2412108-S,TBA,"→ 写为 NULL（raw_text 保留原值 ""TBA""）"
6896,CN2412110-S,TBA,"→ 写为 NULL（raw_text 保留原值 ""TBA""）"
6900,CN2412113-A,TBA,"→ 写为 NULL（raw_text 保留原值 ""TBA""）"
6902,CN2412115-S,TBA,"→ 写为 NULL（raw_text 保留原值 ""TBA""）"
6907,CN2412120-S,TBA,"→ 写为 NULL（raw_text 保留原值 ""TBA""）"
6908,CN2412121-S,TBA,"→ 写为 NULL（raw_text 保留原值 ""TBA""）"
6910,CN2412123-A,TBA,"→ 写为 NULL（raw_text 保留原值 ""TBA""）"
6911,CN2412124-A,TBA,"→ 写为 NULL（raw_text 保留原值 ""TBA""）"
6912,CN2412125-A,TBA,"→ 写为 NULL（raw_text 保留原值 ""TBA""）"
6913,CN2412126-A,TBA,"→ 写为 NULL（raw_text 保留原值 ""TBA""）"
6914,CN2412127-A,TBA,"→ 写为 NULL（raw_text 保留原值 ""TBA""）"
6915,CN2412128-S,TBA,"→ 写为 NULL（raw_text 保留原值 ""TBA""）"
6916,CN2412129-AS,TBA,"→ 写为 NULL（raw_text 保留原值 ""TBA""）"
6917,CN2412129-AS1,TBA,"→ 写为 NULL（raw_text 保留原值 ""TBA""）"
6919,CN2412131-S,TBA,"→ 写为 NULL（raw_text 保留原值 ""TBA""）"
6920,CN2412132-S1,TBA,"→ 写为 NULL（raw_text 保留原值 ""TBA""）"
6921,CN2412132-S2,TBA,"→ 写为 NULL（raw_text 保留原值 ""TBA""）"
6922,CN2412132-S3,TBA,"→ 写为 NULL（raw_text 保留原值 ""TBA""）"
6923,CN2412133-S,TBA,"→ 写为 NULL（raw_text 保留原值 ""TBA""）"
6924,CN2412134-R,TBA,"→ 写为 NULL（raw_text 保留原值 ""TBA""）"
6925,CN2412135-S,TBA,"→ 写为 NULL（raw_text 保留原值 ""TBA""）"
6926,CN2412136-S,TBA,"→ 写为 NULL（raw_text 保留原值 ""TBA""）"
6927,CN2412137-S,TBA,"→ 写为 NULL（raw_text 保留原值 ""TBA""）"
6928,CN2412138-S,TBA,"→ 写为 NULL（raw_text 保留原值 ""TBA""）"
6930,CN2412140-S,TBA,"→ 写为 NULL（raw_text 保留原值 ""TBA""）"
6931,CN2412141-A,TBA,"→ 写为 NULL（raw_text 保留原值 ""TBA""）"
6933,CN2412143-S,TBA,"→ 写为 NULL（raw_text 保留原值 ""TBA""）"
6935,CN2412145-S,TBA,"→ 写为 NULL（raw_text 保留原值 ""TBA""）"
6936,CN2412146-S,TBA,"→ 写为 NULL（raw_text 保留原值 ""TBA""）"
6937,CN2412147-S,TBA,"→ 写为 NULL（raw_text 保留原值 ""TBA""）"
6938,CN2412148-S,TBA,"→ 写为 NULL（raw_text 保留原值 ""TBA""）"
6939,CN2412149-S,TBA,"→ 写为 NULL（raw_text 保留原值 ""TBA""）"
6940,CN2412150-S,TBA,"→ 写为 NULL（raw_text 保留原值 ""TBA""）"
6941,CN2412151-A,TBA,"→ 写为 NULL（raw_text 保留原值 ""TBA""）"
6942,CN2412152-S1,TBA,"→ 写为 NULL（raw_text 保留原值 ""TBA""）"
6943,CN2412152-S2,TBA,"→ 写为 NULL（raw_text 保留原值 ""TBA""）"
6944,CN2412152-S3,TBA,"→ 写为 NULL（raw_text 保留原值 ""TBA""）"
6945,CN2412153-A,TBA,"→ 写为 NULL（raw_text 保留原值 ""TBA""）"
6946,CN2412154-A,TBA,"→ 写为 NULL（raw_text 保留原值 ""TBA""）"
6947,CN2412155-S1,TBA,"→ 写为 NULL（raw_text 保留原值 ""TBA""）"
6948,CN2412155-S2,TBA,"→ 写为 NULL（raw_text 保留原值 ""TBA""）"
6949,CN2412156-A,TBA,"→ 写为 NULL（raw_text 保留原值 ""TBA""）"
6951,CN2412158-S,TBA,"→ 写为 NULL（raw_text 保留原值 ""TBA""）"
6953,CN2412160-S,TBA,"→ 写为 NULL（raw_text 保留原值 ""TBA""）"
6954,CN2412161-A,TBA,"→ 写为 NULL（raw_text 保留原值 ""TBA""）"
6955,CN2412162-S,TBA,"→ 写为 NULL（raw_text 保留原值 ""TBA""）"
6956,CN2412163-A,TBA,"→ 写为 NULL（raw_text 保留原值 ""TBA""）"
6958,CN2412165-S,TBA,"→ 写为 NULL（raw_text 保留原值 ""TBA""）"
6959,CN2412166-A,TBA,"→ 写为 NULL（raw_text 保留原值 ""TBA""）"
6960,CN2412167-S,TBA,"→ 写为 NULL（raw_text 保留原值 ""TBA""）"
6961,CN2412168-S,TBA,"→ 写为 NULL（raw_text 保留原值 ""TBA""）"
6962,CN2412169-S,TBA,"→ 写为 NULL（raw_text 保留原值 ""TBA""）"
6963,CN2412170-S,TBA,"→ 写为 NULL（raw_text 保留原值 ""TBA""）"
6964,CN2412171-S,TBA,"→ 写为 NULL（raw_text 保留原值 ""TBA""）"
6965,CN2412172-AS,TBA,"→ 写为 NULL（raw_text 保留原值 ""TBA""）"
6966,CN2412172-AS1,TBA,"→ 写为 NULL（raw_text 保留原值 ""TBA""）"
6967,CN2412173-S,TBA,"→ 写为 NULL（raw_text 保留原值 ""TBA""）"
6970,CN2412176-A,TBA,"→ 写为 NULL（raw_text 保留原值 ""TBA""）"
6971,CN2412176-A1,TBA,"→ 写为 NULL（raw_text 保留原值 ""TBA""）"
6972,CN2412176-A2,TBA,"→ 写为 NULL（raw_text 保留原值 ""TBA""）"
6973,CN2412177-A,TBA,"→ 写为 NULL（raw_text 保留原值 ""TBA""）"
6974,CN2412178-A,TBA,"→ 写为 NULL（raw_text 保留原值 ""TBA""）"
6977,CN2412181-A,TBA,"→ 写为 NULL（raw_text 保留原值 ""TBA""）"
6978,CN2412181-A1,TBA,"→ 写为 NULL（raw_text 保留原值 ""TBA""）"
6980,CN2412183-S,TBA,"→ 写为 NULL（raw_text 保留原值 ""TBA""）"
6981,CN2412184-S,TBA,"→ 写为 NULL（raw_text 保留原值 ""TBA""）"
6982,CN2412185-S,TBA,"→ 写为 NULL（raw_text 保留原值 ""TBA""）"
6984,CN2412187-A,TBA,"→ 写为 NULL（raw_text 保留原值 ""TBA""）"
6987,CN2412190-A,TBA,"→ 写为 NULL（raw_text 保留原值 ""TBA""）"
6988,CN2412191-A1,TBA,"→ 写为 NULL（raw_text 保留原值 ""TBA""）"
6989,CN2412191-A2,TBA,"→ 写为 NULL（raw_text 保留原值 ""TBA""）"
6990,CN2412192-A1,TBA,"→ 写为 NULL（raw_text 保留原值 ""TBA""）"
6991,CN2412192-A2,TBA,"→ 写为 NULL（raw_text 保留原值 ""TBA""）"
6992,CN2412192-A3,TBA,"→ 写为 NULL（raw_text 保留原值 ""TBA""）"
6993,CN2412193-A1,TBA,"→ 写为 NULL（raw_text 保留原值 ""TBA""）"
6994,CN2412193-A2,TBA,"→ 写为 NULL（raw_text 保留原值 ""TBA""）"
6995,CN2412194-A,TBA,"→ 写为 NULL（raw_text 保留原值 ""TBA""）"
6996,CN2412195-A,TBA,"→ 写为 NULL（raw_text 保留原值 ""TBA""）"
6999,CN2412197-S,TBA,"→ 写为 NULL（raw_text 保留原值 ""TBA""）"
7000,CN2412198-S,TBA,"→ 写为 NULL（raw_text 保留原值 ""TBA""）"
7001,CN2412199-S,TBA,"→ 写为 NULL（raw_text 保留原值 ""TBA""）"
7002,CN2412200-S,TBA,"→ 写为 NULL（raw_text 保留原值 ""TBA""）"
7004,CN2412202-S,TBA,"→ 写为 NULL（raw_text 保留原值 ""TBA""）"
7005,CN2412203-S,TBA,"→ 写为 NULL（raw_text 保留原值 ""TBA""）"
7006,CN2412204-S,TBA,"→ 写为 NULL（raw_text 保留原值 ""TBA""）"
7010,CN2412208-A,TBA,"→ 写为 NULL（raw_text 保留原值 ""TBA""）"
7011,CN2412209-A,TBA,"→ 写为 NULL（raw_text 保留原值 ""TBA""）"
7016,CN2412213-A,TBA,"→ 写为 NULL（raw_text 保留原值 ""TBA""）"
7018,CN2412215-S,TBA,"→ 写为 NULL（raw_text 保留原值 ""TBA""）"
7019,CN2412216-A,TBA,"→ 写为 NULL（raw_text 保留原值 ""TBA""）"
7020,CN2412217-A,TBA,"→ 写为 NULL（raw_text 保留原值 ""TBA""）"
7021,CN2412218-AS,TBA,"→ 写为 NULL（raw_text 保留原值 ""TBA""）"
7022,CN2412218-AS1,TBA,"→ 写为 NULL（raw_text 保留原值 ""TBA""）"
7025,CN2412220-A,TBA,"→ 写为 NULL（raw_text 保留原值 ""TBA""）"
7026,CN2412221-A,TBA,"→ 写为 NULL（raw_text 保留原值 ""TBA""）"
7027,CN2412222-S,TBA,"→ 写为 NULL（raw_text 保留原值 ""TBA""）"
7034,CN2412227-S,TBA,"→ 写为 NULL（raw_text 保留原值 ""TBA""）"
7039,CN2412232-A,TBA,"→ 写为 NULL（raw_text 保留原值 ""TBA""）"
7040,CN2412233-A,TBA,"→ 写为 NULL（raw_text 保留原值 ""TBA""）"
7041,CN2412234-S,TBA,"→ 写为 NULL（raw_text 保留原值 ""TBA""）"
7042,CN2412235-S,TBA,"→ 写为 NULL（raw_text 保留原值 ""TBA""）"
7049,CN2412240-S,TBA,"→ 写为 NULL（raw_text 保留原值 ""TBA""）"
7052,CN2412243-A,TBA,"→ 写为 NULL（raw_text 保留原值 ""TBA""）"
7053,CN2412244-A,TBA,"→ 写为 NULL（raw_text 保留原值 ""TBA""）"
7055,CN2412246-A,TBA,"→ 写为 NULL（raw_text 保留原值 ""TBA""）"
7057,CN2412248-A,TBA,"→ 写为 NULL（raw_text 保留原值 ""TBA""）"
7059,CN2412250-A,TBA,"→ 写为 NULL（raw_text 保留原值 ""TBA""）"
7064,CN2412254-S,TBA,"→ 写为 NULL（raw_text 保留原值 ""TBA""）"
7066,CN2412256-A,TBA,"→ 写为 NULL（raw_text 保留原值 ""TBA""）"
7070,CN2412260-A,TBA,"→ 写为 NULL（raw_text 保留原值 ""TBA""）"
7073,CN2412263-S,TBA,"→ 写为 NULL（raw_text 保留原值 ""TBA""）"
7074,CN2412264-AS,TBA,"→ 写为 NULL（raw_text 保留原值 ""TBA""）"
7075,CN2412264-AS1,TBA,"→ 写为 NULL（raw_text 保留原值 ""TBA""）"
7076,CN2412265-S,TBA,"→ 写为 NULL（raw_text 保留原值 ""TBA""）"
7077,CN2412266-S1,TBA,"→ 写为 NULL（raw_text 保留原值 ""TBA""）"
7078,CN2412266-S2,TBA,"→ 写为 NULL（raw_text 保留原值 ""TBA""）"
7079,CN2412267-S,TBA,"→ 写为 NULL（raw_text 保留原值 ""TBA""）"
7080,CN2412268-S,TBA,"→ 写为 NULL（raw_text 保留原值 ""TBA""）"
7082,CN2412270-S,TBA,"→ 写为 NULL（raw_text 保留原值 ""TBA""）"
7084,CN2412272-S,TBA,"→ 写为 NULL（raw_text 保留原值 ""TBA""）"
7085,CN2412273-A,TBA,"→ 写为 NULL（raw_text 保留原值 ""TBA""）"
7086,CN2412274-A,TBA,"→ 写为 NULL（raw_text 保留原值 ""TBA""）"
7087,CN2412275-A,TBA,"→ 写为 NULL（raw_text 保留原值 ""TBA""）"
7088,CN2412276-A,TBA,"→ 写为 NULL（raw_text 保留原值 ""TBA""）"
7089,CN2412277-S,TBA,"→ 写为 NULL（raw_text 保留原值 ""TBA""）"
7090,CN2412278-A,TBA,"→ 写为 NULL（raw_text 保留原值 ""TBA""）"
7093,CN2412281-S,TBA,"→ 写为 NULL（raw_text 保留原值 ""TBA""）"
7094,CN2412282-S,TBA,"→ 写为 NULL（raw_text 保留原值 ""TBA""）"
7095,CN2412283-A,TBA,"→ 写为 NULL（raw_text 保留原值 ""TBA""）"
7096,CN2412284-A,TBA,"→ 写为 NULL（raw_text 保留原值 ""TBA""）"
7099,CN2412287-A,TBA,"→ 写为 NULL（raw_text 保留原值 ""TBA""）"
7100,CN2412288-A,TBA,"→ 写为 NULL（raw_text 保留原值 ""TBA""）"
7101,CN2412289-S1,TBA,"→ 写为 NULL（raw_text 保留原值 ""TBA""）"
7102,CN2412289-S2,TBA,"→ 写为 NULL（raw_text 保留原值 ""TBA""）"
7103,CN2412290-A,TBA,"→ 写为 NULL（raw_text 保留原值 ""TBA""）"
7104,CN2412291-S,TBA,"→ 写为 NULL（raw_text 保留原值 ""TBA""）"
7105,CN2412292-A,TBA,"→ 写为 NULL（raw_text 保留原值 ""TBA""）"
7110,CN2412294-S,TBA,"→ 写为 NULL（raw_text 保留原值 ""TBA""）"
7111,CN2412295-S,TBA,"→ 写为 NULL（raw_text 保留原值 ""TBA""）"
7112,CN2412296-A,TBA,"→ 写为 NULL（raw_text 保留原值 ""TBA""）"
7113,CN2412297-A,TBA,"→ 写为 NULL（raw_text 保留原值 ""TBA""）"
7114,CN2412298-S,TBA,"→ 写为 NULL（raw_text 保留原值 ""TBA""）"
7115,CN2412299-S,TBA,"→ 写为 NULL（raw_text 保留原值 ""TBA""）"
7116,CN2412300-S,TBA,"→ 写为 NULL（raw_text 保留原值 ""TBA""）"
7117,CN2412301-A,TBA,"→ 写为 NULL（raw_text 保留原值 ""TBA""）"
7118,CN2412302-S,TBA,"→ 写为 NULL（raw_text 保留原值 ""TBA""）"
7119,CN2412303-S,TBA,"→ 写为 NULL（raw_text 保留原值 ""TBA""）"
7121,CN2412305-S,TBA,"→ 写为 NULL（raw_text 保留原值 ""TBA""）"
7122,CN2412306-S,TBA,"→ 写为 NULL（raw_text 保留原值 ""TBA""）"
7123,CN2412307-A,TBA,"→ 写为 NULL（raw_text 保留原值 ""TBA""）"
7124,CN2412308-S,TBA,"→ 写为 NULL（raw_text 保留原值 ""TBA""）"
7125,CN2412309-A,TBA,"→ 写为 NULL（raw_text 保留原值 ""TBA""）"
7129,CN2412313-A,TBA,"→ 写为 NULL（raw_text 保留原值 ""TBA""）"
7134,CN2412318-A,TBA,"→ 写为 NULL（raw_text 保留原值 ""TBA""）"
7137,CN2412321-A,TBA,"→ 写为 NULL（raw_text 保留原值 ""TBA""）"
7138,CN2412322-A,TBA,"→ 写为 NULL（raw_text 保留原值 ""TBA""）"
7139,CN2412323-A,TBA,"→ 写为 NULL（raw_text 保留原值 ""TBA""）"
7140,CN2412324-S,TBA,"→ 写为 NULL（raw_text 保留原值 ""TBA""）"
7141,CN2412325-S,TBA,"→ 写为 NULL（raw_text 保留原值 ""TBA""）"
7142,CN2412326-A,TBA,"→ 写为 NULL（raw_text 保留原值 ""TBA""）"
7143,CN2412327-S,TBA,"→ 写为 NULL（raw_text 保留原值 ""TBA""）"
7144,CN2412328-A,TBA,"→ 写为 NULL（raw_text 保留原值 ""TBA""）"
7145,CN2412329-S,TBA,"→ 写为 NULL（raw_text 保留原值 ""TBA""）"
7146,CN2412330-A,TBA,"→ 写为 NULL（raw_text 保留原值 ""TBA""）"
7147,CN2412331-A,TBA,"→ 写为 NULL（raw_text 保留原值 ""TBA""）"
7151,CN2412333-S,TBA,"→ 写为 NULL（raw_text 保留原值 ""TBA""）"
7152,CN2412334-S,TBA,"→ 写为 NULL（raw_text 保留原值 ""TBA""）"
7153,CN2412335-A,TBA,"→ 写为 NULL（raw_text 保留原值 ""TBA""）"
7154,CN2412336-S,TBA,"→ 写为 NULL（raw_text 保留原值 ""TBA""）"
7155,CN2412337-A,TBA,"→ 写为 NULL（raw_text 保留原值 ""TBA""）"
7156,CN2412338-S,TBA,"→ 写为 NULL（raw_text 保留原值 ""TBA""）"
7159,CN2412341-S,TBA,"→ 写为 NULL（raw_text 保留原值 ""TBA""）"
7160,CN2412342-S,TBA,"→ 写为 NULL（raw_text 保留原值 ""TBA""）"
7161,CN2412343-A,TBA,"→ 写为 NULL（raw_text 保留原值 ""TBA""）"
7162,CN2412344-A,TBA,"→ 写为 NULL（raw_text 保留原值 ""TBA""）"
7163,CN2412345-A,TBA,"→ 写为 NULL（raw_text 保留原值 ""TBA""）"
7164,CN2412346-A,TBA,"→ 写为 NULL（raw_text 保留原值 ""TBA""）"
7165,CN2412347-A,TBA,"→ 写为 NULL（raw_text 保留原值 ""TBA""）"
7166,CN2412348-A,TBA,"→ 写为 NULL（raw_text 保留原值 ""TBA""）"
7167,CN2412349-A,TBA,"→ 写为 NULL（raw_text 保留原值 ""TBA""）"
7168,CN2412350-A,TBA,"→ 写为 NULL（raw_text 保留原值 ""TBA""）"
7170,CN2412352-S,TBA,"→ 写为 NULL（raw_text 保留原值 ""TBA""）"
7171,CN2412353-A,TBA,"→ 写为 NULL（raw_text 保留原值 ""TBA""）"
7172,CN2412354-A,TBA,"→ 写为 NULL（raw_text 保留原值 ""TBA""）"
7173,CN2412355-A1,TBA,"→ 写为 NULL（raw_text 保留原值 ""TBA""）"
7174,CN2412355-A2,TBA,"→ 写为 NULL（raw_text 保留原值 ""TBA""）"
7175,CN2412356-S,TBA,"→ 写为 NULL（raw_text 保留原值 ""TBA""）"
7178,CN2412359-A,TBA,"→ 写为 NULL（raw_text 保留原值 ""TBA""）"
7179,CN2412360-S,TBA,"→ 写为 NULL（raw_text 保留原值 ""TBA""）"
7181,CN2412362-S,TBA,"→ 写为 NULL（raw_text 保留原值 ""TBA""）"
7182,CN2412363-A,TBA,"→ 写为 NULL（raw_text 保留原值 ""TBA""）"
7183,CN2412364-S,TBA,"→ 写为 NULL（raw_text 保留原值 ""TBA""）"
7184,CN2412365-S,TBA,"→ 写为 NULL（raw_text 保留原值 ""TBA""）"
7185,CN2412366-A,TBA,"→ 写为 NULL（raw_text 保留原值 ""TBA""）"
7186,CN2412367-S,TBA,"→ 写为 NULL（raw_text 保留原值 ""TBA""）"
7187,CN2412368-S,TBA,"→ 写为 NULL（raw_text 保留原值 ""TBA""）"
7188,CN2412369-RS,TBA,"→ 写为 NULL（raw_text 保留原值 ""TBA""）"
7189,CN2412369-RS1,TBA,"→ 写为 NULL（raw_text 保留原值 ""TBA""）"
7190,CN2412370-S,TBA,"→ 写为 NULL（raw_text 保留原值 ""TBA""）"
7191,CN2412371-S,TBA,"→ 写为 NULL（raw_text 保留原值 ""TBA""）"
7193,CN2412373-A1,TBA,"→ 写为 NULL（raw_text 保留原值 ""TBA""）"
7194,CN2412373-A2,TBA,"→ 写为 NULL（raw_text 保留原值 ""TBA""）"
7195,CN2412374-S,TBA,"→ 写为 NULL（raw_text 保留原值 ""TBA""）"
7196,CN2412375-S,TBA,"→ 写为 NULL（raw_text 保留原值 ""TBA""）"
7197,CN2412376-S,TBA,"→ 写为 NULL（raw_text 保留原值 ""TBA""）"
7198,CN2412377-S,TBA,"→ 写为 NULL（raw_text 保留原值 ""TBA""）"
7199,CN2412378-S,TBA,"→ 写为 NULL（raw_text 保留原值 ""TBA""）"
7200,CN2412379-S,TBA,"→ 写为 NULL（raw_text 保留原值 ""TBA""）"
7201,CN2412380-A,TBA,"→ 写为 NULL（raw_text 保留原值 ""TBA""）"
7203,CN2412382-A,TBA,"→ 写为 NULL（raw_text 保留原值 ""TBA""）"
7205,CN2412384-S,TBA,"→ 写为 NULL（raw_text 保留原值 ""TBA""）"
7206,CN2412385-S,TBA,"→ 写为 NULL（raw_text 保留原值 ""TBA""）"
7207,CN2412386-S,TBA,"→ 写为 NULL（raw_text 保留原值 ""TBA""）"
7208,CN2412387-S,TBA,"→ 写为 NULL（raw_text 保留原值 ""TBA""）"
7209,CN2412388-S,TBA,"→ 写为 NULL（raw_text 保留原值 ""TBA""）"
7211,CN2412390-S,TBA,"→ 写为 NULL（raw_text 保留原值 ""TBA""）"
7212,CN2412391-A,TBA,"→ 写为 NULL（raw_text 保留原值 ""TBA""）"
7213,CN2412392-S,TBA,"→ 写为 NULL（raw_text 保留原值 ""TBA""）"
7214,CN2412393-A,TBA,"→ 写为 NULL（raw_text 保留原值 ""TBA""）"
7215,CN2412394-S,TBA,"→ 写为 NULL（raw_text 保留原值 ""TBA""）"
7216,CN2412395-A,TBA,"→ 写为 NULL（raw_text 保留原值 ""TBA""）"
7218,CN2412397-A,TBA,"→ 写为 NULL（raw_text 保留原值 ""TBA""）"
7219,CN2412398-S,TBA,"→ 写为 NULL（raw_text 保留原值 ""TBA""）"
7221,CN2412400-R,TBA,"→ 写为 NULL（raw_text 保留原值 ""TBA""）"
7222,CN2412401-S,TBA,"→ 写为 NULL（raw_text 保留原值 ""TBA""）"
7223,CN2412402-S,TBA,"→ 写为 NULL（raw_text 保留原值 ""TBA""）"
7224,CN2412403-A,TBA,"→ 写为 NULL（raw_text 保留原值 ""TBA""）"
7235,CN2412414-S,TBA,"→ 写为 NULL（raw_text 保留原值 ""TBA""）"
7236,CN2412415-S,TBA,"→ 写为 NULL（raw_text 保留原值 ""TBA""）"
7237,CN2412416-S,TBA,"→ 写为 NULL（raw_text 保留原值 ""TBA""）"
7238,CN2412417-S,TBA,"→ 写为 NULL（raw_text 保留原值 ""TBA""）"
7239,CN2412418-A,TBA,"→ 写为 NULL（raw_text 保留原值 ""TBA""）"
7240,CN2412419-A,TBA,"→ 写为 NULL（raw_text 保留原值 ""TBA""）"
7241,CN2412420-S,TBA,"→ 写为 NULL（raw_text 保留原值 ""TBA""）"
7242,CN2412421-A,TBA,"→ 写为 NULL（raw_text 保留原值 ""TBA""）"
7243,CN2412422-A,TBA,"→ 写为 NULL（raw_text 保留原值 ""TBA""）"
7245,CN2412424-S,TBA,"→ 写为 NULL（raw_text 保留原值 ""TBA""）"
7246,CN2412425-A,TBA,"→ 写为 NULL（raw_text 保留原值 ""TBA""）"
7247,CN2412426-S,TBA,"→ 写为 NULL（raw_text 保留原值 ""TBA""）"
7248,CN2412427-A,TBA,"→ 写为 NULL（raw_text 保留原值 ""TBA""）"
7249,CN2412428-S,TBA,"→ 写为 NULL（raw_text 保留原值 ""TBA""）"
7251,CN2412430-S,TBA,"→ 写为 NULL（raw_text 保留原值 ""TBA""）"
7252,CN2412431-S,TBA,"→ 写为 NULL（raw_text 保留原值 ""TBA""）"
7253,CN2412432-S,TBA,"→ 写为 NULL（raw_text 保留原值 ""TBA""）"
7254,CN2412433-S1,TBA,"→ 写为 NULL（raw_text 保留原值 ""TBA""）"
7255,CN2412433-S2,TBA,"→ 写为 NULL（raw_text 保留原值 ""TBA""）"
7256,CN2412434-S,TBA,"→ 写为 NULL（raw_text 保留原值 ""TBA""）"
7257,CN2412435-S,TBA,"→ 写为 NULL（raw_text 保留原值 ""TBA""）"
7258,CN2412436-S,TBA,"→ 写为 NULL（raw_text 保留原值 ""TBA""）"
7259,CN2412437-S,TBA,"→ 写为 NULL（raw_text 保留原值 ""TBA""）"
7260,CN2412438-S,TBA,"→ 写为 NULL（raw_text 保留原值 ""TBA""）"
7261,CN2412439-S,TBA,"→ 写为 NULL（raw_text 保留原值 ""TBA""）"
7262,CN2412440-S,TBA,"→ 写为 NULL（raw_text 保留原值 ""TBA""）"
7263,CN2412441-S,TBA,"→ 写为 NULL（raw_text 保留原值 ""TBA""）"
7264,CN2412442-A,TBA,"→ 写为 NULL（raw_text 保留原值 ""TBA""）"
7268,CN2412446-A,TBA,"→ 写为 NULL（raw_text 保留原值 ""TBA""）"
7269,CN2412447-S,TBA,"→ 写为 NULL（raw_text 保留原值 ""TBA""）"
7270,CN2412448-S,TBA,"→ 写为 NULL（raw_text 保留原值 ""TBA""）"
7271,CN2412449-S,TBA,"→ 写为 NULL（raw_text 保留原值 ""TBA""）"
7273,CN2412451-S,TBA,"→ 写为 NULL（raw_text 保留原值 ""TBA""）"
7274,CN2412452-S,TBA,"→ 写为 NULL（raw_text 保留原值 ""TBA""）"
7275,CN2412453-S,TBA,"→ 写为 NULL（raw_text 保留原值 ""TBA""）"
7276,CN2412454-S,TBA,"→ 写为 NULL（raw_text 保留原值 ""TBA""）"
7277,CN2412455-S,TBA,"→ 写为 NULL（raw_text 保留原值 ""TBA""）"
7278,CN2412456-A,TBA,"→ 写为 NULL（raw_text 保留原值 ""TBA""）"
7279,CN2412457-S,TBA,"→ 写为 NULL（raw_text 保留原值 ""TBA""）"
7280,CN2412458-S,TBA,"→ 写为 NULL（raw_text 保留原值 ""TBA""）"
7281,CN2412459-A,TBA,"→ 写为 NULL（raw_text 保留原值 ""TBA""）"
7282,CN2412460-A,TBA,"→ 写为 NULL（raw_text 保留原值 ""TBA""）"
7283,CN2412461-A,TBA,"→ 写为 NULL（raw_text 保留原值 ""TBA""）"
7284,CN2412462-A,TBA,"→ 写为 NULL（raw_text 保留原值 ""TBA""）"
7285,CN2412463-S,TBA,"→ 写为 NULL（raw_text 保留原值 ""TBA""）"
7287,CN2412465-S,TBA,"→ 写为 NULL（raw_text 保留原值 ""TBA""）"
7290,CN2412468-A,TBA,"→ 写为 NULL（raw_text 保留原值 ""TBA""）"
7291,CN2412469-A,TBA,"→ 写为 NULL（raw_text 保留原值 ""TBA""）"
7292,CN2412470-S,TBA,"→ 写为 NULL（raw_text 保留原值 ""TBA""）"
7294,CN2412472-A,TBA,"→ 写为 NULL（raw_text 保留原值 ""TBA""）"
7295,CN2412473-A,TBA,"→ 写为 NULL（raw_text 保留原值 ""TBA""）"
7296,CN2412474-S1,TBA,"→ 写为 NULL（raw_text 保留原值 ""TBA""）"
7297,CN2412474-S2,TBA,"→ 写为 NULL（raw_text 保留原值 ""TBA""）"
7298,CN2412475-A,TBA,"→ 写为 NULL（raw_text 保留原值 ""TBA""）"
7300,CN2412477-A,TBA,"→ 写为 NULL（raw_text 保留原值 ""TBA""）"
7302,CN2412479-A,TBA,"→ 写为 NULL（raw_text 保留原值 ""TBA""）"
7303,CN2412480-S,TBA,"→ 写为 NULL（raw_text 保留原值 ""TBA""）"
7304,CN2412481-S,TBA,"→ 写为 NULL（raw_text 保留原值 ""TBA""）"
7305,CN2412482-A,TBA,"→ 写为 NULL（raw_text 保留原值 ""TBA""）"
7307,CN2412484-S,TBA,"→ 写为 NULL（raw_text 保留原值 ""TBA""）"
7308,CN2412485-A,TBA,"→ 写为 NULL（raw_text 保留原值 ""TBA""）"
7309,CN2412486-A,TBA,"→ 写为 NULL（raw_text 保留原值 ""TBA""）"
7310,CN2412487-S,TBA,"→ 写为 NULL（raw_text 保留原值 ""TBA""）"
7311,CN2412488-S,TBA,"→ 写为 NULL（raw_text 保留原值 ""TBA""）"
7312,CN2412489-S1,TBA,"→ 写为 NULL（raw_text 保留原值 ""TBA""）"
7313,CN2412489-S2,TBA,"→ 写为 NULL（raw_text 保留原值 ""TBA""）"
7314,CN2412490-A,TBA,"→ 写为 NULL（raw_text 保留原值 ""TBA""）"
7315,CN2412491-A,TBA,"→ 写为 NULL（raw_text 保留原值 ""TBA""）"
7316,CN2412492-S,TBA,"→ 写为 NULL（raw_text 保留原值 ""TBA""）"
7317,CN2412493-A,TBA,"→ 写为 NULL（raw_text 保留原值 ""TBA""）"
7318,CN2412494-S,TBA,"→ 写为 NULL（raw_text 保留原值 ""TBA""）"
7319,CN2412495-S,TBA,"→ 写为 NULL（raw_text 保留原值 ""TBA""）"
7320,CN2412496-A,TBA,"→ 写为 NULL（raw_text 保留原值 ""TBA""）"
7321,CN2412497-S,TBA,"→ 写为 NULL（raw_text 保留原值 ""TBA""）"
7322,CN2412498-AS1,TBA,"→ 写为 NULL（raw_text 保留原值 ""TBA""）"
7323,CN2412498-AS2,TBA,"→ 写为 NULL（raw_text 保留原值 ""TBA""）"
7324,CN2412498-AS3,TBA,"→ 写为 NULL（raw_text 保留原值 ""TBA""）"
7325,CN2412498-AS4,TBA,"→ 写为 NULL（raw_text 保留原值 ""TBA""）"
7326,CN2412499-S,TBA,"→ 写为 NULL（raw_text 保留原值 ""TBA""）"
7327,CN2412500-S,TBA,"→ 写为 NULL（raw_text 保留原值 ""TBA""）"
7328,CN2412501-A,TBA,"→ 写为 NULL（raw_text 保留原值 ""TBA""）"
7329,CN2412502-S,TBA,"→ 写为 NULL（raw_text 保留原值 ""TBA""）"
7330,CN2412503-A,TBA,"→ 写为 NULL（raw_text 保留原值 ""TBA""）"
7332,CN2412505-S,TBA,"→ 写为 NULL（raw_text 保留原值 ""TBA""）"
7333,CN2412506-S,TBA,"→ 写为 NULL（raw_text 保留原值 ""TBA""）"
7334,CN2412507-A,TBA,"→ 写为 NULL（raw_text 保留原值 ""TBA""）"
7335,CN2412508-A,TBA,"→ 写为 NULL（raw_text 保留原值 ""TBA""）"
7336,CN2412509-A,TBA,"→ 写为 NULL（raw_text 保留原值 ""TBA""）"
7337,CN2412510-S,TBA,"→ 写为 NULL（raw_text 保留原值 ""TBA""）"
7338,CN2412511-S,TBA,"→ 写为 NULL（raw_text 保留原值 ""TBA""）"
7339,CN2412512-A,TBA,"→ 写为 NULL（raw_text 保留原值 ""TBA""）"
7340,CN2412513-S,TBA,"→ 写为 NULL（raw_text 保留原值 ""TBA""）"
7341,CN2412514-S,TBA,"→ 写为 NULL（raw_text 保留原值 ""TBA""）"
7342,CN2412515-S,TBA,"→ 写为 NULL（raw_text 保留原值 ""TBA""）"
7343,CN2412516-A,TBA,"→ 写为 NULL（raw_text 保留原值 ""TBA""）"
7344,CN2412517-A,TBA,"→ 写为 NULL（raw_text 保留原值 ""TBA""）"
7345,CN2412518-A,TBA,"→ 写为 NULL（raw_text 保留原值 ""TBA""）"
7346,CN2412518-A1,TBA,"→ 写为 NULL（raw_text 保留原值 ""TBA""）"
7347,CN2412519-A,TBA,"→ 写为 NULL（raw_text 保留原值 ""TBA""）"
7348,CN2412520-A,TBA,"→ 写为 NULL（raw_text 保留原值 ""TBA""）"
7349,CN2412521-A,TBA,"→ 写为 NULL（raw_text 保留原值 ""TBA""）"
7350,CN2412522-A,TBA,"→ 写为 NULL（raw_text 保留原值 ""TBA""）"
7351,CN2412523-A,TBA,"→ 写为 NULL（raw_text 保留原值 ""TBA""）"
7352,CN2412524-A,TBA,"→ 写为 NULL（raw_text 保留原值 ""TBA""）"
7353,CN2412525-A,TBA,"→ 写为 NULL（raw_text 保留原值 ""TBA""）"
7358,CN2501002-S,TBA,"→ 写为 NULL（raw_text 保留原值 ""TBA""）"
7365,CN2501009-S,TBA,"→ 写为 NULL（raw_text 保留原值 ""TBA""）"
7366,CN2501010-S,TBA,"→ 写为 NULL（raw_text 保留原值 ""TBA""）"
7368,CN2501012-A,TBA,"→ 写为 NULL（raw_text 保留原值 ""TBA""）"
7369,CN2501013-S,TBA,"→ 写为 NULL（raw_text 保留原值 ""TBA""）"
7371,CN2501015-S,TBA,"→ 写为 NULL（raw_text 保留原值 ""TBA""）"
7372,CN2501016-A,TBA,"→ 写为 NULL（raw_text 保留原值 ""TBA""）"
7373,CN2501016-A1,TBA,"→ 写为 NULL（raw_text 保留原值 ""TBA""）"
7374,CN2501016-A2,TBA,"→ 写为 NULL（raw_text 保留原值 ""TBA""）"
7375,CN2501016-A3,TBA,"→ 写为 NULL（raw_text 保留原值 ""TBA""）"
7376,CN2501017-S,TBA,"→ 写为 NULL（raw_text 保留原值 ""TBA""）"
7377,CN2501018-A,TBA,"→ 写为 NULL（raw_text 保留原值 ""TBA""）"
7378,CN2501019-A,TBA,"→ 写为 NULL（raw_text 保留原值 ""TBA""）"
7379,CN2501020-A,TBA,"→ 写为 NULL（raw_text 保留原值 ""TBA""）"
7380,CN2501021-S,TBA,"→ 写为 NULL（raw_text 保留原值 ""TBA""）"
7381,CN2501022-A,TBA,"→ 写为 NULL（raw_text 保留原值 ""TBA""）"
7382,CN2501023-S,TBA,"→ 写为 NULL（raw_text 保留原值 ""TBA""）"
7383,CN2501024-A,TBA,"→ 写为 NULL（raw_text 保留原值 ""TBA""）"
7384,CN2501025-A,TBA,"→ 写为 NULL（raw_text 保留原值 ""TBA""）"
7385,CN2501026-S,TBA,"→ 写为 NULL（raw_text 保留原值 ""TBA""）"
7387,CN2501028-R,TBA,"→ 写为 NULL（raw_text 保留原值 ""TBA""）"
7388,CN2501029-A,TBA,"→ 写为 NULL（raw_text 保留原值 ""TBA""）"
7389,CN2501030-S,TBA,"→ 写为 NULL（raw_text 保留原值 ""TBA""）"
7390,CN2501031-S,TBA,"→ 写为 NULL（raw_text 保留原值 ""TBA""）"
7392,CN2501033-A,TBA,"→ 写为 NULL（raw_text 保留原值 ""TBA""）"
7393,CN2501034-S,TBA,"→ 写为 NULL（raw_text 保留原值 ""TBA""）"
7394,CN2501035-S,TBA,"→ 写为 NULL（raw_text 保留原值 ""TBA""）"
7395,CN2501036-S,TBA,"→ 写为 NULL（raw_text 保留原值 ""TBA""）"
7396,CN2501037-A,TBA,"→ 写为 NULL（raw_text 保留原值 ""TBA""）"
7397,CN2501038-A,TBA,"→ 写为 NULL（raw_text 保留原值 ""TBA""）"
7398,CN2501039-S,TBA,"→ 写为 NULL（raw_text 保留原值 ""TBA""）"
7399,CN2501040-S,TBA,"→ 写为 NULL（raw_text 保留原值 ""TBA""）"
7401,CN2501042-A,TBA,"→ 写为 NULL（raw_text 保留原值 ""TBA""）"
7402,CN2501043-S,TBA,"→ 写为 NULL（raw_text 保留原值 ""TBA""）"
7403,CN2501044-RA,TBA,"→ 写为 NULL（raw_text 保留原值 ""TBA""）"
7404,CN2501044-RA1,TBA,"→ 写为 NULL（raw_text 保留原值 ""TBA""）"
7405,CN2501045-A,TBA,"→ 写为 NULL（raw_text 保留原值 ""TBA""）"
7409,CN2501048-A,TBA,"→ 写为 NULL（raw_text 保留原值 ""TBA""）"
7411,CN2501050-A,TBA,"→ 写为 NULL（raw_text 保留原值 ""TBA""）"
7413,CN2501052-S,TBA,"→ 写为 NULL（raw_text 保留原值 ""TBA""）"
7414,CN2501053-S,TBA,"→ 写为 NULL（raw_text 保留原值 ""TBA""）"
7418,CN2501057-S,TBA,"→ 写为 NULL（raw_text 保留原值 ""TBA""）"
7427,CN2501059-S,TBA,"→ 写为 NULL（raw_text 保留原值 ""TBA""）"
7428,CN2501060-S,TBA,"→ 写为 NULL（raw_text 保留原值 ""TBA""）"
7429,CN2501061-A,TBA,"→ 写为 NULL（raw_text 保留原值 ""TBA""）"
7432,CN2501064-A,TBA,"→ 写为 NULL（raw_text 保留原值 ""TBA""）"
7434,CN2501066-A,TBA,"→ 写为 NULL（raw_text 保留原值 ""TBA""）"
7436,CN2501068-S,TBA,"→ 写为 NULL（raw_text 保留原值 ""TBA""）"
7437,CN2501069-S,TBA,"→ 写为 NULL（raw_text 保留原值 ""TBA""）"
7439,CN2501071-A,TBA,"→ 写为 NULL（raw_text 保留原值 ""TBA""）"
7440,CN2501072-S,TBA,"→ 写为 NULL（raw_text 保留原值 ""TBA""）"
7441,CN2501073-A,TBA,"→ 写为 NULL（raw_text 保留原值 ""TBA""）"
7442,CN2501074-S,TBA,"→ 写为 NULL（raw_text 保留原值 ""TBA""）"
7443,CN2501075-S,TBA,"→ 写为 NULL（raw_text 保留原值 ""TBA""）"
7444,CN2501076-S,TBA,"→ 写为 NULL（raw_text 保留原值 ""TBA""）"
7445,CN2501077-A,TBA,"→ 写为 NULL（raw_text 保留原值 ""TBA""）"
7446,CN2501078-S,TBA,"→ 写为 NULL（raw_text 保留原值 ""TBA""）"
7447,CN2501079-S,TBA,"→ 写为 NULL（raw_text 保留原值 ""TBA""）"
7448,CN2501080-A,TBA,"→ 写为 NULL（raw_text 保留原值 ""TBA""）"
7449,CN2501081-S,TBA,"→ 写为 NULL（raw_text 保留原值 ""TBA""）"
7450,CN2501082-S,TBA,"→ 写为 NULL（raw_text 保留原值 ""TBA""）"
7453,CN2501085-S1,TBA,"→ 写为 NULL（raw_text 保留原值 ""TBA""）"
7454,CN2501085-S2,TBA,"→ 写为 NULL（raw_text 保留原值 ""TBA""）"
7458,CN2501089-A,TBA,"→ 写为 NULL（raw_text 保留原值 ""TBA""）"
7459,CN2501090-S,TBA,"→ 写为 NULL（raw_text 保留原值 ""TBA""）"
7460,CN2501091-S,TBA,"→ 写为 NULL（raw_text 保留原值 ""TBA""）"
7461,CN2501092-A,TBA,"→ 写为 NULL（raw_text 保留原值 ""TBA""）"
7462,CN2501093-A,TBA,"→ 写为 NULL（raw_text 保留原值 ""TBA""）"
7464,CN2501095-A,TBA,"→ 写为 NULL（raw_text 保留原值 ""TBA""）"
7466,CN2501097-S,TBA,"→ 写为 NULL（raw_text 保留原值 ""TBA""）"
7467,CN2501098-A,TBA,"→ 写为 NULL（raw_text 保留原值 ""TBA""）"
7468,CN2501099-S,TBA,"→ 写为 NULL（raw_text 保留原值 ""TBA""）"
7470,CN2501101-S,TBA,"→ 写为 NULL（raw_text 保留原值 ""TBA""）"
7472,CN2501103-S,TBA,"→ 写为 NULL（raw_text 保留原值 ""TBA""）"
7474,CN2501105-S,TBA,"→ 写为 NULL（raw_text 保留原值 ""TBA""）"
7475,CN2501106-S,TBA,"→ 写为 NULL（raw_text 保留原值 ""TBA""）"
7476,CN2501107-S,TBA,"→ 写为 NULL（raw_text 保留原值 ""TBA""）"
7477,CN2501108-A,TBA,"→ 写为 NULL（raw_text 保留原值 ""TBA""）"
7478,CN2501109-S,TBA,"→ 写为 NULL（raw_text 保留原值 ""TBA""）"
7479,CN2501110-S,TBA,"→ 写为 NULL（raw_text 保留原值 ""TBA""）"
7480,CN2501111-S1,TBA,"→ 写为 NULL（raw_text 保留原值 ""TBA""）"
7481,CN2501111-S2,TBA,"→ 写为 NULL（raw_text 保留原值 ""TBA""）"
7482,CN2501111-S3,TBA,"→ 写为 NULL（raw_text 保留原值 ""TBA""）"
7483,CN2501112-S,TBA,"→ 写为 NULL（raw_text 保留原值 ""TBA""）"
7488,CN2501117-A,TBA,"→ 写为 NULL（raw_text 保留原值 ""TBA""）"
7489,CN2501118-A,TBA,"→ 写为 NULL（raw_text 保留原值 ""TBA""）"
7490,CN2501119-A,TBA,"→ 写为 NULL（raw_text 保留原值 ""TBA""）"
7491,CN2501120-S,TBA,"→ 写为 NULL（raw_text 保留原值 ""TBA""）"
7493,CN2501122-A,TBA,"→ 写为 NULL（raw_text 保留原值 ""TBA""）"
7494,CN2501123-S,TBA,"→ 写为 NULL（raw_text 保留原值 ""TBA""）"
7495,CN2501124-S,TBA,"→ 写为 NULL（raw_text 保留原值 ""TBA""）"
7496,CN2501125-A,TBA,"→ 写为 NULL（raw_text 保留原值 ""TBA""）"
7497,CN2501126-S,TBA,"→ 写为 NULL（raw_text 保留原值 ""TBA""）"
7498,CN2501127-A,TBA,"→ 写为 NULL（raw_text 保留原值 ""TBA""）"
7501,CN2501130-A,TBA,"→ 写为 NULL（raw_text 保留原值 ""TBA""）"
7502,CN2501131-A,TBA,"→ 写为 NULL（raw_text 保留原值 ""TBA""）"
7503,CN2501132-S,TBA,"→ 写为 NULL（raw_text 保留原值 ""TBA""）"
7505,CN2501134-S,TBA,"→ 写为 NULL（raw_text 保留原值 ""TBA""）"
7512,CN2501140-A,TBA,"→ 写为 NULL（raw_text 保留原值 ""TBA""）"
7515,CN2501142-A,TBA,"→ 写为 NULL（raw_text 保留原值 ""TBA""）"
7516,CN2501143-S1,TBA,"→ 写为 NULL（raw_text 保留原值 ""TBA""）"
7517,CN2501143-S2,TBA,"→ 写为 NULL（raw_text 保留原值 ""TBA""）"
7518,CN2501144-S,TBA,"→ 写为 NULL（raw_text 保留原值 ""TBA""）"
7519,CN2501145-S,TBA,"→ 写为 NULL（raw_text 保留原值 ""TBA""）"
7520,CN2501146-S,TBA,"→ 写为 NULL（raw_text 保留原值 ""TBA""）"
7521,CN2501147-A,TBA,"→ 写为 NULL（raw_text 保留原值 ""TBA""）"
7522,CN2501148-S,TBA,"→ 写为 NULL（raw_text 保留原值 ""TBA""）"
7523,CN2501149-R,TBA,"→ 写为 NULL（raw_text 保留原值 ""TBA""）"
7524,CN2501150-S,TBA,"→ 写为 NULL（raw_text 保留原值 ""TBA""）"
7525,CN2501151-S,TBA,"→ 写为 NULL（raw_text 保留原值 ""TBA""）"
7526,CN2501152-S,TBA,"→ 写为 NULL（raw_text 保留原值 ""TBA""）"
7527,CN2501153-S,TBA,"→ 写为 NULL（raw_text 保留原值 ""TBA""）"
7528,CN2501154-S,TBA,"→ 写为 NULL（raw_text 保留原值 ""TBA""）"
7529,CN2501155-A,TBA,"→ 写为 NULL（raw_text 保留原值 ""TBA""）"
7530,CN2501156-S,TBA,"→ 写为 NULL（raw_text 保留原值 ""TBA""）"
7531,CN2501157-A,TBA,"→ 写为 NULL（raw_text 保留原值 ""TBA""）"
7532,CN2501158-A,TBA,"→ 写为 NULL（raw_text 保留原值 ""TBA""）"
7534,CN2501160-A,TBA,"→ 写为 NULL（raw_text 保留原值 ""TBA""）"
7535,CN2501161-A,TBA,"→ 写为 NULL（raw_text 保留原值 ""TBA""）"
7536,CN2501161-A1,TBA,"→ 写为 NULL（raw_text 保留原值 ""TBA""）"
7538,CN2501163-A,TBA,"→ 写为 NULL（raw_text 保留原值 ""TBA""）"
7540,CN2501165-S,TBA,"→ 写为 NULL（raw_text 保留原值 ""TBA""）"
7541,CN2501166-S,TBA,"→ 写为 NULL（raw_text 保留原值 ""TBA""）"
7542,CN2501167-A,TBA,"→ 写为 NULL（raw_text 保留原值 ""TBA""）"
7543,CN2501168-A,TBA,"→ 写为 NULL（raw_text 保留原值 ""TBA""）"
7544,CN2501169-S,TBA,"→ 写为 NULL（raw_text 保留原值 ""TBA""）"
7545,CN2501170-A,TBA,"→ 写为 NULL（raw_text 保留原值 ""TBA""）"
7546,CN2501170-A1,TBA,"→ 写为 NULL（raw_text 保留原值 ""TBA""）"
7547,CN2501171-A,TBA,"→ 写为 NULL（raw_text 保留原值 ""TBA""）"
7548,CN2501172-A,TBA,"→ 写为 NULL（raw_text 保留原值 ""TBA""）"
7549,CN2501173-S,TBA,"→ 写为 NULL（raw_text 保留原值 ""TBA""）"
7551,CN2501175-A,TBA,"→ 写为 NULL（raw_text 保留原值 ""TBA""）"
7553,CN2501177-S,TBA,"→ 写为 NULL（raw_text 保留原值 ""TBA""）"
7554,CN2501178-S,TBA,"→ 写为 NULL（raw_text 保留原值 ""TBA""）"
7555,CN2501179-S,TBA,"→ 写为 NULL（raw_text 保留原值 ""TBA""）"
7556,CN2501180-S,TBA,"→ 写为 NULL（raw_text 保留原值 ""TBA""）"
7557,CN2501181-S,TBA,"→ 写为 NULL（raw_text 保留原值 ""TBA""）"
7558,CN2501182-S,TBA,"→ 写为 NULL（raw_text 保留原值 ""TBA""）"
7559,CN2501183-S,TBA,"→ 写为 NULL（raw_text 保留原值 ""TBA""）"
7561,CN2501185-A,TBA,"→ 写为 NULL（raw_text 保留原值 ""TBA""）"
7562,CN2501186-A,TBA,"→ 写为 NULL（raw_text 保留原值 ""TBA""）"
7568,CN2501192-A,TBA,"→ 写为 NULL（raw_text 保留原值 ""TBA""）"
7570,CN2501194-A,TBA,"→ 写为 NULL（raw_text 保留原值 ""TBA""）"
7571,CN2501195-A,TBA,"→ 写为 NULL（raw_text 保留原值 ""TBA""）"
7573,CN2501197-S,TBA,"→ 写为 NULL（raw_text 保留原值 ""TBA""）"
7574,CN2501198-S,TBA,"→ 写为 NULL（raw_text 保留原值 ""TBA""）"
7575,CN2501199-AS,TBA,"→ 写为 NULL（raw_text 保留原值 ""TBA""）"
7576,CN2501199-AS1,TBA,"→ 写为 NULL（raw_text 保留原值 ""TBA""）"
7577,CN2501199-AS2,TBA,"→ 写为 NULL（raw_text 保留原值 ""TBA""）"
7578,CN2501199-AS3,TBA,"→ 写为 NULL（raw_text 保留原值 ""TBA""）"
7579,CN2501199-AS4,TBA,"→ 写为 NULL（raw_text 保留原值 ""TBA""）"
7580,CN2501199-AS5,TBA,"→ 写为 NULL（raw_text 保留原值 ""TBA""）"
7581,CN2501200-S,TBA,"→ 写为 NULL（raw_text 保留原值 ""TBA""）"
7582,CN2501201-A,TBA,"→ 写为 NULL（raw_text 保留原值 ""TBA""）"
7583,CN2501202-A,TBA,"→ 写为 NULL（raw_text 保留原值 ""TBA""）"
7584,CN2501203-A,TBA,"→ 写为 NULL（raw_text 保留原值 ""TBA""）"
7585,CN2501204-S,TBA,"→ 写为 NULL（raw_text 保留原值 ""TBA""）"
7586,CN2501205-S,TBA,"→ 写为 NULL（raw_text 保留原值 ""TBA""）"
7587,CN2501206-S1,TBA,"→ 写为 NULL（raw_text 保留原值 ""TBA""）"
7588,CN2501206-S2,TBA,"→ 写为 NULL（raw_text 保留原值 ""TBA""）"
7589,CN2501207-A,TBA,"→ 写为 NULL（raw_text 保留原值 ""TBA""）"
7590,CN2501208-S1,TBA,"→ 写为 NULL（raw_text 保留原值 ""TBA""）"
7591,CN2501208-S2,TBA,"→ 写为 NULL（raw_text 保留原值 ""TBA""）"
7592,CN2501208-S3,TBA,"→ 写为 NULL（raw_text 保留原值 ""TBA""）"
7593,CN2501209-A,TBA,"→ 写为 NULL（raw_text 保留原值 ""TBA""）"
7594,CN2501210-A,TBA,"→ 写为 NULL（raw_text 保留原值 ""TBA""）"
7595,CN2501211-S,TBA,"→ 写为 NULL（raw_text 保留原值 ""TBA""）"
7596,CN2501212-A,TBA,"→ 写为 NULL（raw_text 保留原值 ""TBA""）"
7597,CN2501213-S,TBA,"→ 写为 NULL（raw_text 保留原值 ""TBA""）"
7598,CN2501214-A,TBA,"→ 写为 NULL（raw_text 保留原值 ""TBA""）"
7599,CN2501215-S,TBA,"→ 写为 NULL（raw_text 保留原值 ""TBA""）"
7605,CN2501217-S,TBA,"→ 写为 NULL（raw_text 保留原值 ""TBA""）"
7606,CN2501218-S,TBA,"→ 写为 NULL（raw_text 保留原值 ""TBA""）"
7607,CN2501219-A,TBA,"→ 写为 NULL（raw_text 保留原值 ""TBA""）"
7609,CN2501221-S,TBA,"→ 写为 NULL（raw_text 保留原值 ""TBA""）"
7610,CN2501222-A,TBA,"→ 写为 NULL（raw_text 保留原值 ""TBA""）"
7611,CN2501223-S,TBA,"→ 写为 NULL（raw_text 保留原值 ""TBA""）"
7613,CN2501225-S,TBA,"→ 写为 NULL（raw_text 保留原值 ""TBA""）"
7614,CN2501226-S,TBA,"→ 写为 NULL（raw_text 保留原值 ""TBA""）"
7618,CN2501230-A,TBA,"→ 写为 NULL（raw_text 保留原值 ""TBA""）"
7619,CN2501231-S,TBA,"→ 写为 NULL（raw_text 保留原值 ""TBA""）"
7621,CN2501233-S,TBA,"→ 写为 NULL（raw_text 保留原值 ""TBA""）"
7622,CN2501234-S,TBA,"→ 写为 NULL（raw_text 保留原值 ""TBA""）"
7623,CN2501235-A,TBA,"→ 写为 NULL（raw_text 保留原值 ""TBA""）"
7624,CN2501236-S,TBA,"→ 写为 NULL（raw_text 保留原值 ""TBA""）"
7625,CN2501237-A,TBA,"→ 写为 NULL（raw_text 保留原值 ""TBA""）"
7627,CN2501239-A,TBA,"→ 写为 NULL（raw_text 保留原值 ""TBA""）"
7628,CN2501240-S,TBA,"→ 写为 NULL（raw_text 保留原值 ""TBA""）"
7630,CN2501242-A,TBA,"→ 写为 NULL（raw_text 保留原值 ""TBA""）"
7631,CN2501243-A,TBA,"→ 写为 NULL（raw_text 保留原值 ""TBA""）"
7632,CN2501244-S,TBA,"→ 写为 NULL（raw_text 保留原值 ""TBA""）"
7633,CN2501245-A,TBA,"→ 写为 NULL（raw_text 保留原值 ""TBA""）"
7635,CN2501247-S,TBA,"→ 写为 NULL（raw_text 保留原值 ""TBA""）"
7636,CN2501248-A,TBA,"→ 写为 NULL（raw_text 保留原值 ""TBA""）"
7637,CN2501249-A,TBA,"→ 写为 NULL（raw_text 保留原值 ""TBA""）"
7638,CN2501250-S,TBA,"→ 写为 NULL（raw_text 保留原值 ""TBA""）"
7639,CN2501251-A,TBA,"→ 写为 NULL（raw_text 保留原值 ""TBA""）"
7640,CN2501252-A,TBA,"→ 写为 NULL（raw_text 保留原值 ""TBA""）"
7641,CN2501253-A,TBA,"→ 写为 NULL（raw_text 保留原值 ""TBA""）"
7642,CN2501254-S1,TBA,"→ 写为 NULL（raw_text 保留原值 ""TBA""）"
7643,CN2501254-S2,TBA,"→ 写为 NULL（raw_text 保留原值 ""TBA""）"
7644,CN2501254-S3,TBA,"→ 写为 NULL（raw_text 保留原值 ""TBA""）"
7645,CN2501254-S4,TBA,"→ 写为 NULL（raw_text 保留原值 ""TBA""）"
7646,CN2501255-S,TBA,"→ 写为 NULL（raw_text 保留原值 ""TBA""）"
7647,CN2501256-A,TBA,"→ 写为 NULL（raw_text 保留原值 ""TBA""）"
7648,CN2501257-S,TBA,"→ 写为 NULL（raw_text 保留原值 ""TBA""）"
7649,CN2501258-S,TBA,"→ 写为 NULL（raw_text 保留原值 ""TBA""）"
7651,CN2501260-S,TBA,"→ 写为 NULL（raw_text 保留原值 ""TBA""）"
7652,CN2501261-S,TBA,"→ 写为 NULL（raw_text 保留原值 ""TBA""）"
7654,CN2501263-A,TBA,"→ 写为 NULL（raw_text 保留原值 ""TBA""）"
7655,CN2501264-S,TBA,"→ 写为 NULL（raw_text 保留原值 ""TBA""）"
7656,CN2501265-A,TBA,"→ 写为 NULL（raw_text 保留原值 ""TBA""）"
7657,CN2501266-A,TBA,"→ 写为 NULL（raw_text 保留原值 ""TBA""）"
7658,CN2501267-S,TBA,"→ 写为 NULL（raw_text 保留原值 ""TBA""）"
7659,CN2501268-S,TBA,"→ 写为 NULL（raw_text 保留原值 ""TBA""）"
7660,CN2501269-A,TBA,"→ 写为 NULL（raw_text 保留原值 ""TBA""）"
7665,CN2501274-S,TBA,"→ 写为 NULL（raw_text 保留原值 ""TBA""）"
7667,CN2501276-S,TBA,"→ 写为 NULL（raw_text 保留原值 ""TBA""）"
7670,CN2501278-S,TBA,"→ 写为 NULL（raw_text 保留原值 ""TBA""）"
7672,CN2501280-A,TBA,"→ 写为 NULL（raw_text 保留原值 ""TBA""）"
7673,CN2501281-S,TBA,"→ 写为 NULL（raw_text 保留原值 ""TBA""）"
7675,CN2501283-S,TBA,"→ 写为 NULL（raw_text 保留原值 ""TBA""）"
7676,CN2501284-A,TBA,"→ 写为 NULL（raw_text 保留原值 ""TBA""）"
7677,CN2501285-S1,TBA,"→ 写为 NULL（raw_text 保留原值 ""TBA""）"
7678,CN2501285-S2,TBA,"→ 写为 NULL（raw_text 保留原值 ""TBA""）"
7679,CN2501286-A,TBA,"→ 写为 NULL（raw_text 保留原值 ""TBA""）"
7680,CN2501287-S,TBA,"→ 写为 NULL（raw_text 保留原值 ""TBA""）"
7681,CN2501288-AS,TBA,"→ 写为 NULL（raw_text 保留原值 ""TBA""）"
7682,CN2501288-AS1,TBA,"→ 写为 NULL（raw_text 保留原值 ""TBA""）"
7683,CN2501289-A,TBA,"→ 写为 NULL（raw_text 保留原值 ""TBA""）"
7684,CN2501290-A,TBA,"→ 写为 NULL（raw_text 保留原值 ""TBA""）"
7685,CN2501291-S,TBA,"→ 写为 NULL（raw_text 保留原值 ""TBA""）"
7687,CN2501293-A,TBA,"→ 写为 NULL（raw_text 保留原值 ""TBA""）"
7688,CN2501294-S,TBA,"→ 写为 NULL（raw_text 保留原值 ""TBA""）"
7689,CN2501295-S,TBA,"→ 写为 NULL（raw_text 保留原值 ""TBA""）"
7690,CN2501296-A,TBA,"→ 写为 NULL（raw_text 保留原值 ""TBA""）"
7691,CN2501297-A,TBA,"→ 写为 NULL（raw_text 保留原值 ""TBA""）"
7692,CN2501298-S,TBA,"→ 写为 NULL（raw_text 保留原值 ""TBA""）"
7694,CN2501300-S,TBA,"→ 写为 NULL（raw_text 保留原值 ""TBA""）"
7696,CN2501302-A,TBA,"→ 写为 NULL（raw_text 保留原值 ""TBA""）"
7697,CN2501303-A,TBA,"→ 写为 NULL（raw_text 保留原值 ""TBA""）"
7698,CN2501304-S,TBA,"→ 写为 NULL（raw_text 保留原值 ""TBA""）"
7699,CN2501305-A,TBA,"→ 写为 NULL（raw_text 保留原值 ""TBA""）"
7700,CN2501306-S,TBA,"→ 写为 NULL（raw_text 保留原值 ""TBA""）"
7703,CN2501309-S,TBA,"→ 写为 NULL（raw_text 保留原值 ""TBA""）"
7704,CN2501310-A,TBA,"→ 写为 NULL（raw_text 保留原值 ""TBA""）"
7705,CN2501311-A,TBA,"→ 写为 NULL（raw_text 保留原值 ""TBA""）"
7707,CN2501313-S,TBA,"→ 写为 NULL（raw_text 保留原值 ""TBA""）"
7708,CN2501314-S,TBA,"→ 写为 NULL（raw_text 保留原值 ""TBA""）"
7709,CN2501315-A,TBA,"→ 写为 NULL（raw_text 保留原值 ""TBA""）"
7710,CN2501316-A1,TBA,"→ 写为 NULL（raw_text 保留原值 ""TBA""）"
7711,CN2501316-A2,TBA,"→ 写为 NULL（raw_text 保留原值 ""TBA""）"
7712,CN2501317-R,TBA,"→ 写为 NULL（raw_text 保留原值 ""TBA""）"
7713,CN2501318-A,TBA,"→ 写为 NULL（raw_text 保留原值 ""TBA""）"
7714,CN2501319-S,TBA,"→ 写为 NULL（raw_text 保留原值 ""TBA""）"
7717,CN2501321-A,TBA,"→ 写为 NULL（raw_text 保留原值 ""TBA""）"
7718,CN2501322-A,TBA,"→ 写为 NULL（raw_text 保留原值 ""TBA""）"
7719,CN2501323-S,TBA,"→ 写为 NULL（raw_text 保留原值 ""TBA""）"
7720,CN2501324-A,TBA,"→ 写为 NULL（raw_text 保留原值 ""TBA""）"
7721,CN2501325-A,TBA,"→ 写为 NULL（raw_text 保留原值 ""TBA""）"
7722,CN2501326-S,TBA,"→ 写为 NULL（raw_text 保留原值 ""TBA""）"
7725,CN2501328-S,TBA,"→ 写为 NULL（raw_text 保留原值 ""TBA""）"
7726,CN2501329-A,TBA,"→ 写为 NULL（raw_text 保留原值 ""TBA""）"
7729,CN2501332-A,TBA,"→ 写为 NULL（raw_text 保留原值 ""TBA""）"
7733,CN2501336-A,TBA,"→ 写为 NULL（raw_text 保留原值 ""TBA""）"
7738,CN2501341-A,TBA,"→ 写为 NULL（raw_text 保留原值 ""TBA""）"
7739,CN2501342-A,TBA,"→ 写为 NULL（raw_text 保留原值 ""TBA""）"
7743,CN2501346-A,TBA,"→ 写为 NULL（raw_text 保留原值 ""TBA""）"
7748,CN2501348-A,TBA,"→ 写为 NULL（raw_text 保留原值 ""TBA""）"
7749,CN2501349-A,TBA,"→ 写为 NULL（raw_text 保留原值 ""TBA""）"
7754,CN2501354-S,TBA,"→ 写为 NULL（raw_text 保留原值 ""TBA""）"
7757,CN2501356-A,TBA,"→ 写为 NULL（raw_text 保留原值 ""TBA""）"
7759,CN2501358-A,TBA,"→ 写为 NULL（raw_text 保留原值 ""TBA""）"
7760,CN2501359-A,TBA,"→ 写为 NULL（raw_text 保留原值 ""TBA""）"
7761,CN2501360-A,TBA,"→ 写为 NULL（raw_text 保留原值 ""TBA""）"
7762,CN2501361-A,TBA,"→ 写为 NULL（raw_text 保留原值 ""TBA""）"
7763,CN2501362-A,TBA,"→ 写为 NULL（raw_text 保留原值 ""TBA""）"
7764,CN2501363-R,TBA,"→ 写为 NULL（raw_text 保留原值 ""TBA""）"
7765,CN2501364-A,TBA,"→ 写为 NULL（raw_text 保留原值 ""TBA""）"
7766,CN2501365-A,TBA,"→ 写为 NULL（raw_text 保留原值 ""TBA""）"
7768,CN2501367-A,TBA,"→ 写为 NULL（raw_text 保留原值 ""TBA""）"
7769,CN2501368-A,TBA,"→ 写为 NULL（raw_text 保留原值 ""TBA""）"
7770,CN2501369-A,TBA,"→ 写为 NULL（raw_text 保留原值 ""TBA""）"
7771,CN2501370-A,TBA,"→ 写为 NULL（raw_text 保留原值 ""TBA""）"
7772,CN2501371-A,TBA,"→ 写为 NULL（raw_text 保留原值 ""TBA""）"
7773,CN2501372-A,TBA,"→ 写为 NULL（raw_text 保留原值 ""TBA""）"
7775,CN2501374-A,TBA,"→ 写为 NULL（raw_text 保留原值 ""TBA""）"
7776,CN2501375-A,TBA,"→ 写为 NULL（raw_text 保留原值 ""TBA""）"
7778,CN2501377-S,TBA,"→ 写为 NULL（raw_text 保留原值 ""TBA""）"
7779,CN2501378-S,TBA,"→ 写为 NULL（raw_text 保留原值 ""TBA""）"
7781,CN2501380-A,TBA,"→ 写为 NULL（raw_text 保留原值 ""TBA""）"
7782,CN2501381-A,TBA,"→ 写为 NULL（raw_text 保留原值 ""TBA""）"
7783,CN2501382-S,TBA,"→ 写为 NULL（raw_text 保留原值 ""TBA""）"
7784,CN2501383-A,TBA,"→ 写为 NULL（raw_text 保留原值 ""TBA""）"
7785,CN2501384-S,TBA,"→ 写为 NULL（raw_text 保留原值 ""TBA""）"
7786,CN2501385-A,TBA,"→ 写为 NULL（raw_text 保留原值 ""TBA""）"
7790,CN2501389-S,TBA,"→ 写为 NULL（raw_text 保留原值 ""TBA""）"
7791,CN2501390-S,TBA,"→ 写为 NULL（raw_text 保留原值 ""TBA""）"
7792,CN2501391-S,TBA,"→ 写为 NULL（raw_text 保留原值 ""TBA""）"
7793,CN2501392-A,TBA,"→ 写为 NULL（raw_text 保留原值 ""TBA""）"
7796,CN2501395-A,TBA,"→ 写为 NULL（raw_text 保留原值 ""TBA""）"
7797,CN2501396-S,TBA,"→ 写为 NULL（raw_text 保留原值 ""TBA""）"
7798,CN2501397-A,TBA,"→ 写为 NULL（raw_text 保留原值 ""TBA""）"
7799,CN2501397-A1,TBA,"→ 写为 NULL（raw_text 保留原值 ""TBA""）"
7800,CN2501397-A2,TBA,"→ 写为 NULL（raw_text 保留原值 ""TBA""）"
7802,CN2501399-S,TBA,"→ 写为 NULL（raw_text 保留原值 ""TBA""）"
7803,CN2501400-A,TBA,"→ 写为 NULL（raw_text 保留原值 ""TBA""）"
7805,CN2501402-A,TBA,"→ 写为 NULL（raw_text 保留原值 ""TBA""）"
7806,CN2501403-R,TBA,"→ 写为 NULL（raw_text 保留原值 ""TBA""）"
7807,CN2501404-A,TBA,"→ 写为 NULL（raw_text 保留原值 ""TBA""）"
7808,CN2501405-A,TBA,"→ 写为 NULL（raw_text 保留原值 ""TBA""）"
7809,CN2501406-A,TBA,"→ 写为 NULL（raw_text 保留原值 ""TBA""）"
7810,CN2501407-A,TBA,"→ 写为 NULL（raw_text 保留原值 ""TBA""）"
7811,CN2501408-S,TBA,"→ 写为 NULL（raw_text 保留原值 ""TBA""）"
7812,CN2501409-S,TBA,"→ 写为 NULL（raw_text 保留原值 ""TBA""）"
7813,CN2501410-AS,TBA,"→ 写为 NULL（raw_text 保留原值 ""TBA""）"
7814,CN2501410-AS1,TBA,"→ 写为 NULL（raw_text 保留原值 ""TBA""）"
7815,CN2501411-S,TBA,"→ 写为 NULL（raw_text 保留原值 ""TBA""）"
7816,CN2501412-S,TBA,"→ 写为 NULL（raw_text 保留原值 ""TBA""）"
7817,CN2501413-A,TBA,"→ 写为 NULL（raw_text 保留原值 ""TBA""）"
7819,CN2501415-S,TBA,"→ 写为 NULL（raw_text 保留原值 ""TBA""）"
7820,CN2501416-S,TBA,"→ 写为 NULL（raw_text 保留原值 ""TBA""）"
7821,CN2501417-S,TBA,"→ 写为 NULL（raw_text 保留原值 ""TBA""）"
7824,CN2501420-S,TBA,"→ 写为 NULL（raw_text 保留原值 ""TBA""）"
7826,CN2501422-S,TBA,"→ 写为 NULL（raw_text 保留原值 ""TBA""）"
7827,CN2501423-A,TBA,"→ 写为 NULL（raw_text 保留原值 ""TBA""）"
7828,CN2501424-A,TBA,"→ 写为 NULL（raw_text 保留原值 ""TBA""）"
7829,CN2501425-S,TBA,"→ 写为 NULL（raw_text 保留原值 ""TBA""）"
7831,CN2501427-S,TBA,"→ 写为 NULL（raw_text 保留原值 ""TBA""）"
7832,CN2501428-A1,TBA,"→ 写为 NULL（raw_text 保留原值 ""TBA""）"
7833,CN2501428-A2,TBA,"→ 写为 NULL（raw_text 保留原值 ""TBA""）"
7834,CN2501429-S,TBA,"→ 写为 NULL（raw_text 保留原值 ""TBA""）"
7835,CN2501430-S,TBA,"→ 写为 NULL（raw_text 保留原值 ""TBA""）"
7836,CN2501431-A,TBA,"→ 写为 NULL（raw_text 保留原值 ""TBA""）"
7838,CN2501433-R,TBA,"→ 写为 NULL（raw_text 保留原值 ""TBA""）"
7839,CN2501434-S1,TBA,"→ 写为 NULL（raw_text 保留原值 ""TBA""）"
7840,CN2501434-S2,TBA,"→ 写为 NULL（raw_text 保留原值 ""TBA""）"
7841,CN2501434-S3,TBA,"→ 写为 NULL（raw_text 保留原值 ""TBA""）"
7842,CN2501434-S4,TBA,"→ 写为 NULL（raw_text 保留原值 ""TBA""）"
7843,CN2501435-S1,TBA,"→ 写为 NULL（raw_text 保留原值 ""TBA""）"
7844,CN2501435-S2,TBA,"→ 写为 NULL（raw_text 保留原值 ""TBA""）"
7845,CN2501435-S3,TBA,"→ 写为 NULL（raw_text 保留原值 ""TBA""）"
7846,CN2501436-S,TBA,"→ 写为 NULL（raw_text 保留原值 ""TBA""）"
7847,CN2501437-A,TBA,"→ 写为 NULL（raw_text 保留原值 ""TBA""）"
7848,CN2501438-A,TBA,"→ 写为 NULL（raw_text 保留原值 ""TBA""）"
7849,CN2501439-A,TBA,"→ 写为 NULL（raw_text 保留原值 ""TBA""）"
7850,CN2501440-S,TBA,"→ 写为 NULL（raw_text 保留原值 ""TBA""）"
7851,CN2501440-S1,TBA,"→ 写为 NULL（raw_text 保留原值 ""TBA""）"
7852,CN2501441-S,TBA,"→ 写为 NULL（raw_text 保留原值 ""TBA""）"
7853,CN2501442-S,TBA,"→ 写为 NULL（raw_text 保留原值 ""TBA""）"
7854,CN2501443-S,TBA,"→ 写为 NULL（raw_text 保留原值 ""TBA""）"
7855,CN2501444-S,TBA,"→ 写为 NULL（raw_text 保留原值 ""TBA""）"
7856,CN2501445-S,TBA,"→ 写为 NULL（raw_text 保留原值 ""TBA""）"
7858,CN2501447-AS,TBA,"→ 写为 NULL（raw_text 保留原值 ""TBA""）"
7859,CN2501447-AS1,TBA,"→ 写为 NULL（raw_text 保留原值 ""TBA""）"
7860,CN2501448-A,TBA,"→ 写为 NULL（raw_text 保留原值 ""TBA""）"
7868,CN2501456-A,TBA,"→ 写为 NULL（raw_text 保留原值 ""TBA""）"
7869,CN2501457-S,TBA,"→ 写为 NULL（raw_text 保留原值 ""TBA""）"
7871,CN2501459-S,TBA,"→ 写为 NULL（raw_text 保留原值 ""TBA""）"
7872,CN2501460-A,TBA,"→ 写为 NULL（raw_text 保留原值 ""TBA""）"
7881,CN2501469-A,TBA,"→ 写为 NULL（raw_text 保留原值 ""TBA""）"
7882,CN2501470-A,TBA,"→ 写为 NULL（raw_text 保留原值 ""TBA""）"
7883,CN2501471-S,TBA,"→ 写为 NULL（raw_text 保留原值 ""TBA""）"
7884,CN2501472-S,TBA,"→ 写为 NULL（raw_text 保留原值 ""TBA""）"
7886,CN2501474-S,TBA,"→ 写为 NULL（raw_text 保留原值 ""TBA""）"
7887,CN2501475-S,TBA,"→ 写为 NULL（raw_text 保留原值 ""TBA""）"
7889,CN2501477-A1,TBA,"→ 写为 NULL（raw_text 保留原值 ""TBA""）"
7890,CN2501433-R,TBA,"→ 写为 NULL（raw_text 保留原值 ""TBA""）"
7897,CN2501484-S,TBA,"→ 写为 NULL（raw_text 保留原值 ""TBA""）"
7898,CN2501485-A,TBA,"→ 写为 NULL（raw_text 保留原值 ""TBA""）"
7899,CN2501486-S,TBA,"→ 写为 NULL（raw_text 保留原值 ""TBA""）"
7900,CN2501487-S,TBA,"→ 写为 NULL（raw_text 保留原值 ""TBA""）"
7901,CN2501488-S,TBA,"→ 写为 NULL（raw_text 保留原值 ""TBA""）"
7904,CN2501491-A,TBA,"→ 写为 NULL（raw_text 保留原值 ""TBA""）"
7905,CN2501492-S,TBA,"→ 写为 NULL（raw_text 保留原值 ""TBA""）"
7906,CN2501493-A,TBA,"→ 写为 NULL（raw_text 保留原值 ""TBA""）"
7907,CN2501494-A,TBA,"→ 写为 NULL（raw_text 保留原值 ""TBA""）"
7908,CN2501495-A,TBA,"→ 写为 NULL（raw_text 保留原值 ""TBA""）"
7909,CN2501496-A,TBA,"→ 写为 NULL（raw_text 保留原值 ""TBA""）"
7910,CN2501497-A,TBA,"→ 写为 NULL（raw_text 保留原值 ""TBA""）"
7911,CN2502001-S,TBA,"→ 写为 NULL（raw_text 保留原值 ""TBA""）"
7912,CN2502002-S,TBA,"→ 写为 NULL（raw_text 保留原值 ""TBA""）"
7913,CN2502003-S,TBA,"→ 写为 NULL（raw_text 保留原值 ""TBA""）"
7914,CN2502004-S,TBA,"→ 写为 NULL（raw_text 保留原值 ""TBA""）"
7917,CN2502007-S,TBA,"→ 写为 NULL（raw_text 保留原值 ""TBA""）"
7918,CN2502008-S,TBA,"→ 写为 NULL（raw_text 保留原值 ""TBA""）"
7919,CN2502009-R,TBA,"→ 写为 NULL（raw_text 保留原值 ""TBA""）"
7920,CN2502009-R1,TBA,"→ 写为 NULL（raw_text 保留原值 ""TBA""）"
7921,CN2502010-S,TBA,"→ 写为 NULL（raw_text 保留原值 ""TBA""）"
7922,CN2502011-A,TBA,"→ 写为 NULL（raw_text 保留原值 ""TBA""）"
7923,CN2502012-A,TBA,"→ 写为 NULL（raw_text 保留原值 ""TBA""）"
7924,CN2502013-AS,TBA,"→ 写为 NULL（raw_text 保留原值 ""TBA""）"
7925,CN2502013-AS1,TBA,"→ 写为 NULL（raw_text 保留原值 ""TBA""）"
7926,CN2502014-A,TBA,"→ 写为 NULL（raw_text 保留原值 ""TBA""）"
7930,CN2502018-A,TBA,"→ 写为 NULL（raw_text 保留原值 ""TBA""）"
7931,CN2502019-A,TBA,"→ 写为 NULL（raw_text 保留原值 ""TBA""）"
7932,CN2502020-A,TBA,"→ 写为 NULL（raw_text 保留原值 ""TBA""）"
7933,CN2502021-S,TBA,"→ 写为 NULL（raw_text 保留原值 ""TBA""）"
7934,CN2502022-A,TBA,"→ 写为 NULL（raw_text 保留原值 ""TBA""）"
7935,CN2502023-A,TBA,"→ 写为 NULL（raw_text 保留原值 ""TBA""）"
7936,CN2502024-A,TBA,"→ 写为 NULL（raw_text 保留原值 ""TBA""）"
7937,CN2502025-S,TBA,"→ 写为 NULL（raw_text 保留原值 ""TBA""）"
7938,CN2502026-S,TBA,"→ 写为 NULL（raw_text 保留原值 ""TBA""）"
7941,CN2502029-S,TBA,"→ 写为 NULL（raw_text 保留原值 ""TBA""）"
7942,CN2502029-S1,TBA,"→ 写为 NULL（raw_text 保留原值 ""TBA""）"
7943,CN2502029-S2,TBA,"→ 写为 NULL（raw_text 保留原值 ""TBA""）"
7944,CN2502029-S3,TBA,"→ 写为 NULL（raw_text 保留原值 ""TBA""）"
7945,CN2502030-S,TBA,"→ 写为 NULL（raw_text 保留原值 ""TBA""）"
7946,CN2502031-A,TBA,"→ 写为 NULL（raw_text 保留原值 ""TBA""）"
7947,CN2502032-S,TBA,"→ 写为 NULL（raw_text 保留原值 ""TBA""）"
7948,CN2502033-S,TBA,"→ 写为 NULL（raw_text 保留原值 ""TBA""）"
7949,CN2502034-S,TBA,"→ 写为 NULL（raw_text 保留原值 ""TBA""）"
7951,CN2502036-A,TBA,"→ 写为 NULL（raw_text 保留原值 ""TBA""）"
7952,CN2502037-R,TBA,"→ 写为 NULL（raw_text 保留原值 ""TBA""）"
7953,CN2502038-A,TBA,"→ 写为 NULL（raw_text 保留原值 ""TBA""）"
7955,CN2502040-A,TBA,"→ 写为 NULL（raw_text 保留原值 ""TBA""）"
7958,CN2502042-S,TBA,"→ 写为 NULL（raw_text 保留原值 ""TBA""）"
7959,CN2502043-S,TBA,"→ 写为 NULL（raw_text 保留原值 ""TBA""）"
7960,CN2502044-S,TBA,"→ 写为 NULL（raw_text 保留原值 ""TBA""）"
7967,CN2502048-S,TBA,"→ 写为 NULL（raw_text 保留原值 ""TBA""）"
7968,CN2502049-AS,TBA,"→ 写为 NULL（raw_text 保留原值 ""TBA""）"
7969,CN2502049-AS1,TBA,"→ 写为 NULL（raw_text 保留原值 ""TBA""）"
7971,CN2502051-A,TBA,"→ 写为 NULL（raw_text 保留原值 ""TBA""）"
7973,CN2502053-S,TBA,"→ 写为 NULL（raw_text 保留原值 ""TBA""）"
7975,CN2502055-S1,TBA,"→ 写为 NULL（raw_text 保留原值 ""TBA""）"
7976,CN2502055-S2,TBA,"→ 写为 NULL（raw_text 保留原值 ""TBA""）"
7977,CN2502055-S3,TBA,"→ 写为 NULL（raw_text 保留原值 ""TBA""）"
7978,CN2502056-S,TBA,"→ 写为 NULL（raw_text 保留原值 ""TBA""）"
7979,CN2502057-S,TBA,"→ 写为 NULL（raw_text 保留原值 ""TBA""）"
7980,CN2502058-S,TBA,"→ 写为 NULL（raw_text 保留原值 ""TBA""）"
7981,CN2502059-A,TBA,"→ 写为 NULL（raw_text 保留原值 ""TBA""）"
7982,CN2502059-A1,TBA,"→ 写为 NULL（raw_text 保留原值 ""TBA""）"
7983,CN2502060-A,TBA,"→ 写为 NULL（raw_text 保留原值 ""TBA""）"
7984,CN2502060-A1,TBA,"→ 写为 NULL（raw_text 保留原值 ""TBA""）"
7985,CN2502061-R1,TBA,"→ 写为 NULL（raw_text 保留原值 ""TBA""）"
7986,CN2502061-R2,TBA,"→ 写为 NULL（raw_text 保留原值 ""TBA""）"
7987,CN2502062-S1,TBA,"→ 写为 NULL（raw_text 保留原值 ""TBA""）"
7988,CN2502062-S2,TBA,"→ 写为 NULL（raw_text 保留原值 ""TBA""）"
7989,CN2502062-S3,TBA,"→ 写为 NULL（raw_text 保留原值 ""TBA""）"
7990,CN2502062-S4,TBA,"→ 写为 NULL（raw_text 保留原值 ""TBA""）"
7991,CN2502062-S5,TBA,"→ 写为 NULL（raw_text 保留原值 ""TBA""）"
7992,CN2502062-S6,TBA,"→ 写为 NULL（raw_text 保留原值 ""TBA""）"
7993,CN2502062-S7,TBA,"→ 写为 NULL（raw_text 保留原值 ""TBA""）"
7994,CN2502062-S8,TBA,"→ 写为 NULL（raw_text 保留原值 ""TBA""）"
7995,CN2502062-S9,TBA,"→ 写为 NULL（raw_text 保留原值 ""TBA""）"
7996,CN2502062-S10,TBA,"→ 写为 NULL（raw_text 保留原值 ""TBA""）"
7998,CN2502064-S,TBA,"→ 写为 NULL（raw_text 保留原值 ""TBA""）"
7999,CN2502065-S,TBA,"→ 写为 NULL（raw_text 保留原值 ""TBA""）"
8000,CN2502066-A,TBA,"→ 写为 NULL（raw_text 保留原值 ""TBA""）"
8002,CN2502068-A,TBA,"→ 写为 NULL（raw_text 保留原值 ""TBA""）"
8004,CN2502070-A,TBA,"→ 写为 NULL（raw_text 保留原值 ""TBA""）"
8007,CN2502073-S,TBA,"→ 写为 NULL（raw_text 保留原值 ""TBA""）"
8008,CN2502074-A,TBA,"→ 写为 NULL（raw_text 保留原值 ""TBA""）"
8010,CN2502076-AS,TBA,"→ 写为 NULL（raw_text 保留原值 ""TBA""）"
8011,CN2502076-AS1,TBA,"→ 写为 NULL（raw_text 保留原值 ""TBA""）"
8012,CN2502077-A,TBA,"→ 写为 NULL（raw_text 保留原值 ""TBA""）"
8013,CN2502078-A,TBA,"→ 写为 NULL（raw_text 保留原值 ""TBA""）"
8014,CN2502079-A,TBA,"→ 写为 NULL（raw_text 保留原值 ""TBA""）"
8015,CN2502080-A,TBA,"→ 写为 NULL（raw_text 保留原值 ""TBA""）"
8016,CN2502081-A,TBA,"→ 写为 NULL（raw_text 保留原值 ""TBA""）"
8017,CN2502082-A,TBA,"→ 写为 NULL（raw_text 保留原值 ""TBA""）"
8018,CN2502083-A,TBA,"→ 写为 NULL（raw_text 保留原值 ""TBA""）"
8020,CN2502085-S,TBA,"→ 写为 NULL（raw_text 保留原值 ""TBA""）"
8021,CN2502086-S,TBA,"→ 写为 NULL（raw_text 保留原值 ""TBA""）"
8022,CN2502087-A,TBA,"→ 写为 NULL（raw_text 保留原值 ""TBA""）"
8024,CN2502089-S,TBA,"→ 写为 NULL（raw_text 保留原值 ""TBA""）"
8025,CN2502090-A,TBA,"→ 写为 NULL（raw_text 保留原值 ""TBA""）"
8026,CN2502091-R,TBA,"→ 写为 NULL（raw_text 保留原值 ""TBA""）"
8028,CN2502093-S,TBA,"→ 写为 NULL（raw_text 保留原值 ""TBA""）"
8029,CN2502094-A,TBA,"→ 写为 NULL（raw_text 保留原值 ""TBA""）"
8030,CN2502095-A,TBA,"→ 写为 NULL（raw_text 保留原值 ""TBA""）"
8031,CN2502096-S,TBA,"→ 写为 NULL（raw_text 保留原值 ""TBA""）"
8032,CN2502097-A,TBA,"→ 写为 NULL（raw_text 保留原值 ""TBA""）"
8033,CN2502098-S1,TBA,"→ 写为 NULL（raw_text 保留原值 ""TBA""）"
8034,CN2502098-S2,TBA,"→ 写为 NULL（raw_text 保留原值 ""TBA""）"
8035,CN2502099-A,TBA,"→ 写为 NULL（raw_text 保留原值 ""TBA""）"
8037,CN2502101-A,TBA,"→ 写为 NULL（raw_text 保留原值 ""TBA""）"
8038,CN2502102-A,TBA,"→ 写为 NULL（raw_text 保留原值 ""TBA""）"
8039,CN2502103-A,TBA,"→ 写为 NULL（raw_text 保留原值 ""TBA""）"
8040,CN2502104-S,TBA,"→ 写为 NULL（raw_text 保留原值 ""TBA""）"
8041,CN2502105-A,TBA,"→ 写为 NULL（raw_text 保留原值 ""TBA""）"
8042,CN2502106-A,TBA,"→ 写为 NULL（raw_text 保留原值 ""TBA""）"
8043,CN2502107-A,TBA,"→ 写为 NULL（raw_text 保留原值 ""TBA""）"
8044,CN2502108-A,TBA,"→ 写为 NULL（raw_text 保留原值 ""TBA""）"
8045,CN2502109-A,TBA,"→ 写为 NULL（raw_text 保留原值 ""TBA""）"
8046,CN2502110-S,TBA,"→ 写为 NULL（raw_text 保留原值 ""TBA""）"
8048,CN2502112-A,TBA,"→ 写为 NULL（raw_text 保留原值 ""TBA""）"
8049,CN2502113-AS,TBA,"→ 写为 NULL（raw_text 保留原值 ""TBA""）"
8050,CN2502113-AS1,TBA,"→ 写为 NULL（raw_text 保留原值 ""TBA""）"
8051,CN2502114-A,TBA,"→ 写为 NULL（raw_text 保留原值 ""TBA""）"
8052,CN2502115-A,TBA,"→ 写为 NULL（raw_text 保留原值 ""TBA""）"
8053,CN2502116-A,TBA,"→ 写为 NULL（raw_text 保留原值 ""TBA""）"
8054,CN2502117-S,TBA,"→ 写为 NULL（raw_text 保留原值 ""TBA""）"
8056,CN2502119-A,TBA,"→ 写为 NULL（raw_text 保留原值 ""TBA""）"
8057,CN2502120-A,TBA,"→ 写为 NULL（raw_text 保留原值 ""TBA""）"
8059,CN2502122-S,TBA,"→ 写为 NULL（raw_text 保留原值 ""TBA""）"
8061,CN2502123-AS1,TBA,"→ 写为 NULL（raw_text 保留原值 ""TBA""）"
8062,CN2502124-AS,TBA,"→ 写为 NULL（raw_text 保留原值 ""TBA""）"
8063,CN2502124-AS1,TBA,"→ 写为 NULL（raw_text 保留原值 ""TBA""）"
8064,CN2502124-AS2,TBA,"→ 写为 NULL（raw_text 保留原值 ""TBA""）"
8065,CN2502125-S,TBA,"→ 写为 NULL（raw_text 保留原值 ""TBA""）"
8066,CN2502126-A,TBA,"→ 写为 NULL（raw_text 保留原值 ""TBA""）"
8067,CN2502127-A,TBA,"→ 写为 NULL（raw_text 保留原值 ""TBA""）"
8068,CN2502128-S,TBA,"→ 写为 NULL（raw_text 保留原值 ""TBA""）"
8069,CN2502129-A,TBA,"→ 写为 NULL（raw_text 保留原值 ""TBA""）"
8070,CN2502130-A,TBA,"→ 写为 NULL（raw_text 保留原值 ""TBA""）"
8071,CN2502131-A,TBA,"→ 写为 NULL（raw_text 保留原值 ""TBA""）"
8072,CN2502132-S,TBA,"→ 写为 NULL（raw_text 保留原值 ""TBA""）"
8073,CN2502133-A,TBA,"→ 写为 NULL（raw_text 保留原值 ""TBA""）"
8074,CN2502134-S,TBA,"→ 写为 NULL（raw_text 保留原值 ""TBA""）"
8076,CN2502136-S,TBA,"→ 写为 NULL（raw_text 保留原值 ""TBA""）"
8077,CN2502137-A,TBA,"→ 写为 NULL（raw_text 保留原值 ""TBA""）"
8078,CN2502137-A1,TBA,"→ 写为 NULL（raw_text 保留原值 ""TBA""）"
8079,CN2502138-S,TBA,"→ 写为 NULL（raw_text 保留原值 ""TBA""）"
8080,CN2502139-A,TBA,"→ 写为 NULL（raw_text 保留原值 ""TBA""）"
8082,CN2502141-A,TBA,"→ 写为 NULL（raw_text 保留原值 ""TBA""）"
8083,CN2502142-S,TBA,"→ 写为 NULL（raw_text 保留原值 ""TBA""）"
8084,CN2502143-S,TBA,"→ 写为 NULL（raw_text 保留原值 ""TBA""）"
8085,CN2502144-S,TBA,"→ 写为 NULL（raw_text 保留原值 ""TBA""）"
8087,CN2502146-S,TBA,"→ 写为 NULL（raw_text 保留原值 ""TBA""）"
8088,CN2502147-S,TBA,"→ 写为 NULL（raw_text 保留原值 ""TBA""）"
8089,CN2502148-A,TBA,"→ 写为 NULL（raw_text 保留原值 ""TBA""）"
8090,CN2502149-S,TBA,"→ 写为 NULL（raw_text 保留原值 ""TBA""）"
8091,CN2502150-A,TBA,"→ 写为 NULL（raw_text 保留原值 ""TBA""）"
8092,CN2502151-A,TBA,"→ 写为 NULL（raw_text 保留原值 ""TBA""）"
8093,CN2502152-S,TBA,"→ 写为 NULL（raw_text 保留原值 ""TBA""）"
8094,CN2502153-S,TBA,"→ 写为 NULL（raw_text 保留原值 ""TBA""）"
8095,CN2502154-S,TBA,"→ 写为 NULL（raw_text 保留原值 ""TBA""）"
8097,CN2502156-A,TBA,"→ 写为 NULL（raw_text 保留原值 ""TBA""）"
8098,CN2502157-S,TBA,"→ 写为 NULL（raw_text 保留原值 ""TBA""）"
8099,CN2502158-S,TBA,"→ 写为 NULL（raw_text 保留原值 ""TBA""）"
8101,CN2502160-S,TBA,"→ 写为 NULL（raw_text 保留原值 ""TBA""）"
8103,CN2502162-A,TBA,"→ 写为 NULL（raw_text 保留原值 ""TBA""）"
8104,CN2502163-S,TBA,"→ 写为 NULL（raw_text 保留原值 ""TBA""）"
8108,CN2502167-S,TBA,"→ 写为 NULL（raw_text 保留原值 ""TBA""）"
8109,CN2502168-S,TBA,"→ 写为 NULL（raw_text 保留原值 ""TBA""）"
8110,CN2502169-AS,TBA,"→ 写为 NULL（raw_text 保留原值 ""TBA""）"
8111,CN2502169-AS1,TBA,"→ 写为 NULL（raw_text 保留原值 ""TBA""）"
8112,CN2502170-S,TBA,"→ 写为 NULL（raw_text 保留原值 ""TBA""）"
8114,CN2502172-S,TBA,"→ 写为 NULL（raw_text 保留原值 ""TBA""）"
8115,CN2502173-A,TBA,"→ 写为 NULL（raw_text 保留原值 ""TBA""）"
8116,CN2502174-R,TBA,"→ 写为 NULL（raw_text 保留原值 ""TBA""）"
8117,CN2502175-A,TBA,"→ 写为 NULL（raw_text 保留原值 ""TBA""）"
8119,CN2502177-S,TBA,"→ 写为 NULL（raw_text 保留原值 ""TBA""）"
8120,CN2502178-A,TBA,"→ 写为 NULL（raw_text 保留原值 ""TBA""）"
8121,CN2502179-S,TBA,"→ 写为 NULL（raw_text 保留原值 ""TBA""）"
8122,CN2502180-A1,TBA,"→ 写为 NULL（raw_text 保留原值 ""TBA""）"
8123,CN2502180-A2,TBA,"→ 写为 NULL（raw_text 保留原值 ""TBA""）"
8124,CN2502181-A,TBA,"→ 写为 NULL（raw_text 保留原值 ""TBA""）"
8126,CN2502183-S1,TBA,"→ 写为 NULL（raw_text 保留原值 ""TBA""）"
8127,CN2502183-S2,TBA,"→ 写为 NULL（raw_text 保留原值 ""TBA""）"
8128,CN2502183-S3,TBA,"→ 写为 NULL（raw_text 保留原值 ""TBA""）"
8129,CN2502183-S4,TBA,"→ 写为 NULL（raw_text 保留原值 ""TBA""）"
8130,CN2502183-S5,TBA,"→ 写为 NULL（raw_text 保留原值 ""TBA""）"
8131,CN2502184-S,TBA,"→ 写为 NULL（raw_text 保留原值 ""TBA""）"
8132,CN2502185-S,TBA,"→ 写为 NULL（raw_text 保留原值 ""TBA""）"
8133,CN2502186-A,TBA,"→ 写为 NULL（raw_text 保留原值 ""TBA""）"
8134,CN2502187-A,TBA,"→ 写为 NULL（raw_text 保留原值 ""TBA""）"
8135,CN2502188-S,TBA,"→ 写为 NULL（raw_text 保留原值 ""TBA""）"
8136,CN2502189-S,TBA,"→ 写为 NULL（raw_text 保留原值 ""TBA""）"
8138,CN2502191-S,TBA,"→ 写为 NULL（raw_text 保留原值 ""TBA""）"
8139,CN2502192-S,TBA,"→ 写为 NULL（raw_text 保留原值 ""TBA""）"
8141,CN2502194-A,TBA,"→ 写为 NULL（raw_text 保留原值 ""TBA""）"
8142,CN2502195-A,TBA,"→ 写为 NULL（raw_text 保留原值 ""TBA""）"
8143,CN2502196-A,TBA,"→ 写为 NULL（raw_text 保留原值 ""TBA""）"
8144,CN2502197-A,TBA,"→ 写为 NULL（raw_text 保留原值 ""TBA""）"
8145,CN2502198-S,TBA,"→ 写为 NULL（raw_text 保留原值 ""TBA""）"
8147,CN2502200-S,TBA,"→ 写为 NULL（raw_text 保留原值 ""TBA""）"
8148,CN2502200-S1,TBA,"→ 写为 NULL（raw_text 保留原值 ""TBA""）"
8149,CN2502201-A,TBA,"→ 写为 NULL（raw_text 保留原值 ""TBA""）"
8150,CN2502202-A,TBA,"→ 写为 NULL（raw_text 保留原值 ""TBA""）"
8151,CN2502202-A1,TBA,"→ 写为 NULL（raw_text 保留原值 ""TBA""）"
8152,CN2502203-S,TBA,"→ 写为 NULL（raw_text 保留原值 ""TBA""）"
8153,CN2502204-S,TBA,"→ 写为 NULL（raw_text 保留原值 ""TBA""）"
8156,CN2502207-R,TBA,"→ 写为 NULL（raw_text 保留原值 ""TBA""）"
8157,CN2502208-A,TBA,"→ 写为 NULL（raw_text 保留原值 ""TBA""）"
8158,CN2502209-S,TBA,"→ 写为 NULL（raw_text 保留原值 ""TBA""）"
8159,CN2502210-S,TBA,"→ 写为 NULL（raw_text 保留原值 ""TBA""）"
8160,CN2502211-S,TBA,"→ 写为 NULL（raw_text 保留原值 ""TBA""）"
8161,CN2502212-S1,TBA,"→ 写为 NULL（raw_text 保留原值 ""TBA""）"
8162,CN2502212-S2,TBA,"→ 写为 NULL（raw_text 保留原值 ""TBA""）"
8163,CN2502212-S3,TBA,"→ 写为 NULL（raw_text 保留原值 ""TBA""）"
8164,CN2502212-S4,TBA,"→ 写为 NULL（raw_text 保留原值 ""TBA""）"
8165,CN2502212-S5,TBA,"→ 写为 NULL（raw_text 保留原值 ""TBA""）"
8166,CN2502212-S6,TBA,"→ 写为 NULL（raw_text 保留原值 ""TBA""）"
8167,CN2502212-S7,TBA,"→ 写为 NULL（raw_text 保留原值 ""TBA""）"
8170,CN2502215-A,TBA,"→ 写为 NULL（raw_text 保留原值 ""TBA""）"
8172,CN2502217-S,TBA,"→ 写为 NULL（raw_text 保留原值 ""TBA""）"
8174,CN2502219-A,TBA,"→ 写为 NULL（raw_text 保留原值 ""TBA""）"
8175,CN2502220-S,TBA,"→ 写为 NULL（raw_text 保留原值 ""TBA""）"
8176,CN2502221-A,TBA,"→ 写为 NULL（raw_text 保留原值 ""TBA""）"
8180,CN2502224-A,TBA,"→ 写为 NULL（raw_text 保留原值 ""TBA""）"
8181,CN2502225-S,TBA,"→ 写为 NULL（raw_text 保留原值 ""TBA""）"
8182,CN2502226-S,TBA,"→ 写为 NULL（raw_text 保留原值 ""TBA""）"
8183,CN2502227-S,TBA,"→ 写为 NULL（raw_text 保留原值 ""TBA""）"
8184,CN2502228-R,TBA,"→ 写为 NULL（raw_text 保留原值 ""TBA""）"
8185,CN2502229-A,TBA,"→ 写为 NULL（raw_text 保留原值 ""TBA""）"
8186,CN2502230-S,TBA,"→ 写为 NULL（raw_text 保留原值 ""TBA""）"
8188,CN2502232-A,TBA,"→ 写为 NULL（raw_text 保留原值 ""TBA""）"
8189,CN2502232-A1,TBA,"→ 写为 NULL（raw_text 保留原值 ""TBA""）"
8190,CN2502232-A2,TBA,"→ 写为 NULL（raw_text 保留原值 ""TBA""）"
8191,CN2502233-S,TBA,"→ 写为 NULL（raw_text 保留原值 ""TBA""）"
8192,CN2502234-A,TBA,"→ 写为 NULL（raw_text 保留原值 ""TBA""）"
8193,CN2502235-A,TBA,"→ 写为 NULL（raw_text 保留原值 ""TBA""）"
8194,CN2502236-S,TBA,"→ 写为 NULL（raw_text 保留原值 ""TBA""）"
8195,CN2502237-AS,TBA,"→ 写为 NULL（raw_text 保留原值 ""TBA""）"
8196,CN2502237-AS1,TBA,"→ 写为 NULL（raw_text 保留原值 ""TBA""）"
8197,CN2502238-S,TBA,"→ 写为 NULL（raw_text 保留原值 ""TBA""）"
8198,CN2502239-AS,TBA,"→ 写为 NULL（raw_text 保留原值 ""TBA""）"
8199,CN2502239-AS1,TBA,"→ 写为 NULL（raw_text 保留原值 ""TBA""）"
8200,CN2502240-S,TBA,"→ 写为 NULL（raw_text 保留原值 ""TBA""）"
8201,CN2502241-A,TBA,"→ 写为 NULL（raw_text 保留原值 ""TBA""）"
8202,CN2502242-S,TBA,"→ 写为 NULL（raw_text 保留原值 ""TBA""）"
8203,CN2502243-A,TBA,"→ 写为 NULL（raw_text 保留原值 ""TBA""）"
8204,CN2502244-A,TBA,"→ 写为 NULL（raw_text 保留原值 ""TBA""）"
8205,CN2502245-S,TBA,"→ 写为 NULL（raw_text 保留原值 ""TBA""）"
8206,CN2502246-S,TBA,"→ 写为 NULL（raw_text 保留原值 ""TBA""）"
8207,CN2502247-A,TBA,"→ 写为 NULL（raw_text 保留原值 ""TBA""）"
8208,CN2502248-S,TBA,"→ 写为 NULL（raw_text 保留原值 ""TBA""）"
8210,CN2502250-S,TBA,"→ 写为 NULL（raw_text 保留原值 ""TBA""）"
8212,CN2502252-A,TBA,"→ 写为 NULL（raw_text 保留原值 ""TBA""）"
8213,CN2502253-A,TBA,"→ 写为 NULL（raw_text 保留原值 ""TBA""）"
8214,CN2502254-S,TBA,"→ 写为 NULL（raw_text 保留原值 ""TBA""）"
8215,CN2502255-A,TBA,"→ 写为 NULL（raw_text 保留原值 ""TBA""）"
8218,CN2502258-A,TBA,"→ 写为 NULL（raw_text 保留原值 ""TBA""）"
8219,CN2502259-R,TBA,"→ 写为 NULL（raw_text 保留原值 ""TBA""）"
8220,CN2502260-A,TBA,"→ 写为 NULL（raw_text 保留原值 ""TBA""）"
8221,CN2502261-S,TBA,"→ 写为 NULL（raw_text 保留原值 ""TBA""）"
8222,CN2502262-S,TBA,"→ 写为 NULL（raw_text 保留原值 ""TBA""）"
8223,CN2502263-S,TBA,"→ 写为 NULL（raw_text 保留原值 ""TBA""）"
8224,CN2502264-R,TBA,"→ 写为 NULL（raw_text 保留原值 ""TBA""）"
8225,CN2502265-R,TBA,"→ 写为 NULL（raw_text 保留原值 ""TBA""）"
8227,CN2502267-S,TBA,"→ 写为 NULL（raw_text 保留原值 ""TBA""）"
8228,CN2502268-S,TBA,"→ 写为 NULL（raw_text 保留原值 ""TBA""）"
8231,CN2502271-S,TBA,"→ 写为 NULL（raw_text 保留原值 ""TBA""）"
8233,CN2502273-A,TBA,"→ 写为 NULL（raw_text 保留原值 ""TBA""）"
8235,CN2502275-S,TBA,"→ 写为 NULL（raw_text 保留原值 ""TBA""）"
8236,CN2502276-A,TBA,"→ 写为 NULL（raw_text 保留原值 ""TBA""）"
8237,CN2502277-A,TBA,"→ 写为 NULL（raw_text 保留原值 ""TBA""）"
8239,CN2502279-S,TBA,"→ 写为 NULL（raw_text 保留原值 ""TBA""）"
8240,CN2502280-AS,TBA,"→ 写为 NULL（raw_text 保留原值 ""TBA""）"
8241,CN2502280-AS1,TBA,"→ 写为 NULL（raw_text 保留原值 ""TBA""）"
8243,CN2502282-A,TBA,"→ 写为 NULL（raw_text 保留原值 ""TBA""）"
8244,CN2502282-A1,TBA,"→ 写为 NULL（raw_text 保留原值 ""TBA""）"
8245,CN2502282-A2,TBA,"→ 写为 NULL（raw_text 保留原值 ""TBA""）"
8246,CN2502283-A,TBA,"→ 写为 NULL（raw_text 保留原值 ""TBA""）"
8247,CN2502284-S,TBA,"→ 写为 NULL（raw_text 保留原值 ""TBA""）"
8248,CN2502285-A,TBA,"→ 写为 NULL（raw_text 保留原值 ""TBA""）"
8249,CN2502286-A,TBA,"→ 写为 NULL（raw_text 保留原值 ""TBA""）"
8250,CN2502287-S,TBA,"→ 写为 NULL（raw_text 保留原值 ""TBA""）"
8251,CN2502288-S,TBA,"→ 写为 NULL（raw_text 保留原值 ""TBA""）"
8252,CN2502289-S1,TBA,"→ 写为 NULL（raw_text 保留原值 ""TBA""）"
8253,CN2502289-S2,TBA,"→ 写为 NULL（raw_text 保留原值 ""TBA""）"
8254,CN2502289-S3,TBA,"→ 写为 NULL（raw_text 保留原值 ""TBA""）"
8255,CN2502289-S4,TBA,"→ 写为 NULL（raw_text 保留原值 ""TBA""）"
8256,CN2502289-S5,TBA,"→ 写为 NULL（raw_text 保留原值 ""TBA""）"
8257,CN2502289-S6,TBA,"→ 写为 NULL（raw_text 保留原值 ""TBA""）"
8258,CN2502289-S7,TBA,"→ 写为 NULL（raw_text 保留原值 ""TBA""）"
8259,CN2502289-S8,TBA,"→ 写为 NULL（raw_text 保留原值 ""TBA""）"
8260,CN2502289-S9,TBA,"→ 写为 NULL（raw_text 保留原值 ""TBA""）"
8261,CN2502289-S10,TBA,"→ 写为 NULL（raw_text 保留原值 ""TBA""）"
8262,CN2502289-S11,TBA,"→ 写为 NULL（raw_text 保留原值 ""TBA""）"
8263,CN2502289-S12,TBA,"→ 写为 NULL（raw_text 保留原值 ""TBA""）"
8264,CN2502290-S,TBA,"→ 写为 NULL（raw_text 保留原值 ""TBA""）"
8265,CN2502291-S,TBA,"→ 写为 NULL（raw_text 保留原值 ""TBA""）"
8266,CN2502292-S,TBA,"→ 写为 NULL（raw_text 保留原值 ""TBA""）"
8267,CN2502293-A,TBA,"→ 写为 NULL（raw_text 保留原值 ""TBA""）"
8268,CN2502294-A,TBA,"→ 写为 NULL（raw_text 保留原值 ""TBA""）"
8269,CN2502295-S,TBA,"→ 写为 NULL（raw_text 保留原值 ""TBA""）"
8271,CN2502297-A,TBA,"→ 写为 NULL（raw_text 保留原值 ""TBA""）"
8272,CN2502298-S,TBA,"→ 写为 NULL（raw_text 保留原值 ""TBA""）"
8274,CN2502300-S,TBA,"→ 写为 NULL（raw_text 保留原值 ""TBA""）"
8275,CN2502301-S,TBA,"→ 写为 NULL（raw_text 保留原值 ""TBA""）"
8276,CN2502302-A,TBA,"→ 写为 NULL（raw_text 保留原值 ""TBA""）"
8277,CN2502303-A,TBA,"→ 写为 NULL（raw_text 保留原值 ""TBA""）"
8279,CN2502305-S,TBA,"→ 写为 NULL（raw_text 保留原值 ""TBA""）"
8280,CN2502306-R,TBA,"→ 写为 NULL（raw_text 保留原值 ""TBA""）"
8281,CN2502307-R,TBA,"→ 写为 NULL（raw_text 保留原值 ""TBA""）"
8282,CN2502308-R,TBA,"→ 写为 NULL（raw_text 保留原值 ""TBA""）"
8283,CN2502309-S1,TBA,"→ 写为 NULL（raw_text 保留原值 ""TBA""）"
8284,CN2502309-S2,TBA,"→ 写为 NULL（raw_text 保留原值 ""TBA""）"
8285,CN2502309-S3,TBA,"→ 写为 NULL（raw_text 保留原值 ""TBA""）"
8286,CN2502310-S,TBA,"→ 写为 NULL（raw_text 保留原值 ""TBA""）"
8287,CN2502311-S,TBA,"→ 写为 NULL（raw_text 保留原值 ""TBA""）"
8288,CN2502312-S,TBA,"→ 写为 NULL（raw_text 保留原值 ""TBA""）"
8289,CN2502313-S,TBA,"→ 写为 NULL（raw_text 保留原值 ""TBA""）"
8290,CN2502314-S,TBA,"→ 写为 NULL（raw_text 保留原值 ""TBA""）"
8291,CN2502315-S,TBA,"→ 写为 NULL（raw_text 保留原值 ""TBA""）"
8292,CN2502316-A,TBA,"→ 写为 NULL（raw_text 保留原值 ""TBA""）"
8293,CN2502317-A,TBA,"→ 写为 NULL（raw_text 保留原值 ""TBA""）"
8294,CN2502318-A,TBA,"→ 写为 NULL（raw_text 保留原值 ""TBA""）"
8295,CN2502319-S,TBA,"→ 写为 NULL（raw_text 保留原值 ""TBA""）"
8296,CN2502320-S,TBA,"→ 写为 NULL（raw_text 保留原值 ""TBA""）"
8299,CN2502323-S,TBA,"→ 写为 NULL（raw_text 保留原值 ""TBA""）"
8300,CN2502324-A,TBA,"→ 写为 NULL（raw_text 保留原值 ""TBA""）"
8302,CN2502326-A,TBA,"→ 写为 NULL（raw_text 保留原值 ""TBA""）"
8303,CN2502327-R,TBA,"→ 写为 NULL（raw_text 保留原值 ""TBA""）"
8304,CN2502328-A,TBA,"→ 写为 NULL（raw_text 保留原值 ""TBA""）"
8305,CN2502329-A,TBA,"→ 写为 NULL（raw_text 保留原值 ""TBA""）"
8306,CN2502330-S,TBA,"→ 写为 NULL（raw_text 保留原值 ""TBA""）"
8307,CN2502331-S,TBA,"→ 写为 NULL（raw_text 保留原值 ""TBA""）"
8308,CN2502332-A,TBA,"→ 写为 NULL（raw_text 保留原值 ""TBA""）"
8309,CN2502332-A1,TBA,"→ 写为 NULL（raw_text 保留原值 ""TBA""）"
8310,CN2502332-A2,TBA,"→ 写为 NULL（raw_text 保留原值 ""TBA""）"
8311,CN2502333-S,TBA,"→ 写为 NULL（raw_text 保留原值 ""TBA""）"
8312,CN2502334-S,TBA,"→ 写为 NULL（raw_text 保留原值 ""TBA""）"
8313,CN2502335-AS,TBA,"→ 写为 NULL（raw_text 保留原值 ""TBA""）"
8314,CN2502335-AS1,TBA,"→ 写为 NULL（raw_text 保留原值 ""TBA""）"
8315,CN2502336-S,TBA,"→ 写为 NULL（raw_text 保留原值 ""TBA""）"
8316,CN2502337-S,TBA,"→ 写为 NULL（raw_text 保留原值 ""TBA""）"
8317,CN2502338-S,TBA,"→ 写为 NULL（raw_text 保留原值 ""TBA""）"
8318,CN2502339-S,TBA,"→ 写为 NULL（raw_text 保留原值 ""TBA""）"
8323,CN2502344-A,TBA,"→ 写为 NULL（raw_text 保留原值 ""TBA""）"
8328,CN2502349-A,TBA,"→ 写为 NULL（raw_text 保留原值 ""TBA""）"
8329,CN2502350-A,TBA,"→ 写为 NULL（raw_text 保留原值 ""TBA""）"
8330,CN2502351-A,TBA,"→ 写为 NULL（raw_text 保留原值 ""TBA""）"
8332,CN2502353-A,TBA,"→ 写为 NULL（raw_text 保留原值 ""TBA""）"
8333,CN2502354-A,TBA,"→ 写为 NULL（raw_text 保留原值 ""TBA""）"
8334,CN2502355-S,TBA,"→ 写为 NULL（raw_text 保留原值 ""TBA""）"
8335,CN2502356-A,TBA,"→ 写为 NULL（raw_text 保留原值 ""TBA""）"
8336,CN2502357-A,TBA,"→ 写为 NULL（raw_text 保留原值 ""TBA""）"
8338,CN2502359-A,TBA,"→ 写为 NULL（raw_text 保留原值 ""TBA""）"
8340,CN2502361-A,TBA,"→ 写为 NULL（raw_text 保留原值 ""TBA""）"
8341,CN2502362-S,TBA,"→ 写为 NULL（raw_text 保留原值 ""TBA""）"
8342,CN2502363-A,TBA,"→ 写为 NULL（raw_text 保留原值 ""TBA""）"
8343,CN2502364-S,TBA,"→ 写为 NULL（raw_text 保留原值 ""TBA""）"
8344,CN2502365-A,TBA,"→ 写为 NULL（raw_text 保留原值 ""TBA""）"
8345,CN2502366-S,TBA,"→ 写为 NULL（raw_text 保留原值 ""TBA""）"
8346,CN2502367-A,TBA,"→ 写为 NULL（raw_text 保留原值 ""TBA""）"
8347,CN2502368-A,TBA,"→ 写为 NULL（raw_text 保留原值 ""TBA""）"
8348,CN2502368-A1,TBA,"→ 写为 NULL（raw_text 保留原值 ""TBA""）"
8349,CN2502369-A,TBA,"→ 写为 NULL（raw_text 保留原值 ""TBA""）"
8350,CN2502370-S,TBA,"→ 写为 NULL（raw_text 保留原值 ""TBA""）"
8351,CN2502371-S,TBA,"→ 写为 NULL（raw_text 保留原值 ""TBA""）"
8354,CN2502374-S,TBA,"→ 写为 NULL（raw_text 保留原值 ""TBA""）"
8355,CN2502375-S,TBA,"→ 写为 NULL（raw_text 保留原值 ""TBA""）"
8356,CN2502376-S,TBA,"→ 写为 NULL（raw_text 保留原值 ""TBA""）"
8357,CN2502377-S,TBA,"→ 写为 NULL（raw_text 保留原值 ""TBA""）"
8358,CN2502378-S,TBA,"→ 写为 NULL（raw_text 保留原值 ""TBA""）"
8359,CN2502379-S1,TBA,"→ 写为 NULL（raw_text 保留原值 ""TBA""）"
8360,CN2502379-S2,TBA,"→ 写为 NULL（raw_text 保留原值 ""TBA""）"
8361,CN2502379-S3,TBA,"→ 写为 NULL（raw_text 保留原值 ""TBA""）"
8362,CN2502380-S,TBA,"→ 写为 NULL（raw_text 保留原值 ""TBA""）"
8363,CN2502381-S,TBA,"→ 写为 NULL（raw_text 保留原值 ""TBA""）"
8366,CN2502384-AS,TBA,"→ 写为 NULL（raw_text 保留原值 ""TBA""）"
8367,CN2502385-S,TBA,"→ 写为 NULL（raw_text 保留原值 ""TBA""）"
8368,CN2502386-S,TBA,"→ 写为 NULL（raw_text 保留原值 ""TBA""）"
8369,CN2502387-S,TBA,"→ 写为 NULL（raw_text 保留原值 ""TBA""）"
8370,CN2502388-S,TBA,"→ 写为 NULL（raw_text 保留原值 ""TBA""）"
8371,CN2502389-S,TBA,"→ 写为 NULL（raw_text 保留原值 ""TBA""）"
8372,CN2502390-R,TBA,"→ 写为 NULL（raw_text 保留原值 ""TBA""）"
8373,CN2502391-A,TBA,"→ 写为 NULL（raw_text 保留原值 ""TBA""）"
8374,CN2502392-S,TBA,"→ 写为 NULL（raw_text 保留原值 ""TBA""）"
8375,CN2502393-A,TBA,"→ 写为 NULL（raw_text 保留原值 ""TBA""）"
8376,CN2502394-S,TBA,"→ 写为 NULL（raw_text 保留原值 ""TBA""）"
8377,CN2502395-S,TBA,"→ 写为 NULL（raw_text 保留原值 ""TBA""）"
8378,CN2502396-S,TBA,"→ 写为 NULL（raw_text 保留原值 ""TBA""）"
8379,CN2502397-A,TBA,"→ 写为 NULL（raw_text 保留原值 ""TBA""）"
8380,CN2502398-A,TBA,"→ 写为 NULL（raw_text 保留原值 ""TBA""）"
8381,CN2502399-S,TBA,"→ 写为 NULL（raw_text 保留原值 ""TBA""）"
8384,CN2502402-S,TBA,"→ 写为 NULL（raw_text 保留原值 ""TBA""）"
8385,CN2502403-A,TBA,"→ 写为 NULL（raw_text 保留原值 ""TBA""）"
8386,CN2502404-S,TBA,"→ 写为 NULL（raw_text 保留原值 ""TBA""）"
8387,CN2502405-R,TBA,"→ 写为 NULL（raw_text 保留原值 ""TBA""）"
8388,CN2502406-S,TBA,"→ 写为 NULL（raw_text 保留原值 ""TBA""）"
8389,CN2502407-S,TBA,"→ 写为 NULL（raw_text 保留原值 ""TBA""）"
8390,CN2502408-A,TBA,"→ 写为 NULL（raw_text 保留原值 ""TBA""）"
8392,CN2502410-S,TBA,"→ 写为 NULL（raw_text 保留原值 ""TBA""）"
8393,CN2502411-S,TBA,"→ 写为 NULL（raw_text 保留原值 ""TBA""）"
8394,CN2502412-A,TBA,"→ 写为 NULL（raw_text 保留原值 ""TBA""）"
8395,CN2502413-S,TBA,"→ 写为 NULL（raw_text 保留原值 ""TBA""）"
8396,CN2502414-A,TBA,"→ 写为 NULL（raw_text 保留原值 ""TBA""）"
8397,CN2502415-A,TBA,"→ 写为 NULL（raw_text 保留原值 ""TBA""）"
8398,CN2502416-A,TBA,"→ 写为 NULL（raw_text 保留原值 ""TBA""）"
8399,CN2502417-S,TBA,"→ 写为 NULL（raw_text 保留原值 ""TBA""）"
8406,CN2502424-S,TBA,"→ 写为 NULL（raw_text 保留原值 ""TBA""）"
8407,CN2502425-A,TBA,"→ 写为 NULL（raw_text 保留原值 ""TBA""）"
8411,CN2502429-S,TBA,"→ 写为 NULL（raw_text 保留原值 ""TBA""）"
8412,CN2502430-A,TBA,"→ 写为 NULL（raw_text 保留原值 ""TBA""）"
8413,CN2502431-A,TBA,"→ 写为 NULL（raw_text 保留原值 ""TBA""）"
8415,CN2502433-S,TBA,"→ 写为 NULL（raw_text 保留原值 ""TBA""）"
8417,CN2502435-R,TBA,"→ 写为 NULL（raw_text 保留原值 ""TBA""）"
8418,CN2502436-A,TBA,"→ 写为 NULL（raw_text 保留原值 ""TBA""）"
8419,CN2502437-S,TBA,"→ 写为 NULL（raw_text 保留原值 ""TBA""）"
8420,CN2502438-A,TBA,"→ 写为 NULL（raw_text 保留原值 ""TBA""）"
8421,CN2502439-A,TBA,"→ 写为 NULL（raw_text 保留原值 ""TBA""）"
8422,CN2502440-S,TBA,"→ 写为 NULL（raw_text 保留原值 ""TBA""）"
8423,CN2502441-S,TBA,"→ 写为 NULL（raw_text 保留原值 ""TBA""）"
8424,CN2502441-S1,TBA,"→ 写为 NULL（raw_text 保留原值 ""TBA""）"
8425,CN2502441-S2,TBA,"→ 写为 NULL（raw_text 保留原值 ""TBA""）"
8426,CN2502442-A,TBA,"→ 写为 NULL（raw_text 保留原值 ""TBA""）"
8427,CN2502443-A,TBA,"→ 写为 NULL（raw_text 保留原值 ""TBA""）"
8428,CN2502444-R,TBA,"→ 写为 NULL（raw_text 保留原值 ""TBA""）"
8429,CN2502445-A,TBA,"→ 写为 NULL（raw_text 保留原值 ""TBA""）"
8430,CN2502446-S,TBA,"→ 写为 NULL（raw_text 保留原值 ""TBA""）"
8431,CN2502447-A,TBA,"→ 写为 NULL（raw_text 保留原值 ""TBA""）"
8432,CN2502448-A,TBA,"→ 写为 NULL（raw_text 保留原值 ""TBA""）"
8434,CN2502450-A,TBA,"→ 写为 NULL（raw_text 保留原值 ""TBA""）"
8435,CN2502451-S,TBA,"→ 写为 NULL（raw_text 保留原值 ""TBA""）"
8436,CN2502452-A,TBA,"→ 写为 NULL（raw_text 保留原值 ""TBA""）"
8437,CN2502453-A,TBA,"→ 写为 NULL（raw_text 保留原值 ""TBA""）"
8438,CN2502454-S,TBA,"→ 写为 NULL（raw_text 保留原值 ""TBA""）"
8439,CN2502455-S,TBA,"→ 写为 NULL（raw_text 保留原值 ""TBA""）"
8440,CN2502456-A,TBA,"→ 写为 NULL（raw_text 保留原值 ""TBA""）"
8441,CN2502457-A,TBA,"→ 写为 NULL（raw_text 保留原值 ""TBA""）"
8442,CN2502458-S,TBA,"→ 写为 NULL（raw_text 保留原值 ""TBA""）"
8443,CN2502459-S,TBA,"→ 写为 NULL（raw_text 保留原值 ""TBA""）"
8446,CN2502462-S,TBA,"→ 写为 NULL（raw_text 保留原值 ""TBA""）"
8447,CN2502463-A,TBA,"→ 写为 NULL（raw_text 保留原值 ""TBA""）"
8448,CN2502464-A,TBA,"→ 写为 NULL（raw_text 保留原值 ""TBA""）"
8449,CN2502464-A1,TBA,"→ 写为 NULL（raw_text 保留原值 ""TBA""）"
8450,CN2502464-A2,TBA,"→ 写为 NULL（raw_text 保留原值 ""TBA""）"
8451,CN2502465-S,TBA,"→ 写为 NULL（raw_text 保留原值 ""TBA""）"
8452,CN2502466-A,TBA,"→ 写为 NULL（raw_text 保留原值 ""TBA""）"
8453,CN2502467-A,TBA,"→ 写为 NULL（raw_text 保留原值 ""TBA""）"
8454,CN2502468-A,TBA,"→ 写为 NULL（raw_text 保留原值 ""TBA""）"
8456,CN2502470-S,TBA,"→ 写为 NULL（raw_text 保留原值 ""TBA""）"
8457,CN2502471-A,TBA,"→ 写为 NULL（raw_text 保留原值 ""TBA""）"
8458,CN2502472-A,TBA,"→ 写为 NULL（raw_text 保留原值 ""TBA""）"
8459,CN2502473-S,TBA,"→ 写为 NULL（raw_text 保留原值 ""TBA""）"
8460,CN2502474-A,TBA,"→ 写为 NULL（raw_text 保留原值 ""TBA""）"
8462,CN2502476-S,TBA,"→ 写为 NULL（raw_text 保留原值 ""TBA""）"
8463,CN2502477-AS,TBA,"→ 写为 NULL（raw_text 保留原值 ""TBA""）"
8464,CN2502477-AS1,TBA,"→ 写为 NULL（raw_text 保留原值 ""TBA""）"
8465,CN2502477-AS2,TBA,"→ 写为 NULL（raw_text 保留原值 ""TBA""）"
8466,CN2502477-AS3,TBA,"→ 写为 NULL（raw_text 保留原值 ""TBA""）"
8467,CN2502477-AS4,TBA,"→ 写为 NULL（raw_text 保留原值 ""TBA""）"
8468,CN2502477-AS5,TBA,"→ 写为 NULL（raw_text 保留原值 ""TBA""）"
8469,CN2502478-S,TBA,"→ 写为 NULL（raw_text 保留原值 ""TBA""）"
8470,CN2502479-S,TBA,"→ 写为 NULL（raw_text 保留原值 ""TBA""）"
8472,CN2502481-A,TBA,"→ 写为 NULL（raw_text 保留原值 ""TBA""）"
8473,CN2502482-A,TBA,"→ 写为 NULL（raw_text 保留原值 ""TBA""）"
8475,CN2502484-A,TBA,"→ 写为 NULL（raw_text 保留原值 ""TBA""）"
8476,CN2502485-A,TBA,"→ 写为 NULL（raw_text 保留原值 ""TBA""）"
8477,CN2502486-A,TBA,"→ 写为 NULL（raw_text 保留原值 ""TBA""）"
8479,CN2502488-S,TBA,"→ 写为 NULL（raw_text 保留原值 ""TBA""）"
8480,CN2502489-S,TBA,"→ 写为 NULL（raw_text 保留原值 ""TBA""）"
8481,CN2502490-S,TBA,"→ 写为 NULL（raw_text 保留原值 ""TBA""）"
8482,CN2502491-A,TBA,"→ 写为 NULL（raw_text 保留原值 ""TBA""）"
8483,CN2502492-A,TBA,"→ 写为 NULL（raw_text 保留原值 ""TBA""）"
8484,CN2503001-S,TBA,"→ 写为 NULL（raw_text 保留原值 ""TBA""）"
8485,CN2503002-A,TBA,"→ 写为 NULL（raw_text 保留原值 ""TBA""）"
8486,CN2503003-A,TBA,"→ 写为 NULL（raw_text 保留原值 ""TBA""）"
8489,CN2503006-A,TBA,"→ 写为 NULL（raw_text 保留原值 ""TBA""）"
8490,CN2503006-A1,TBA,"→ 写为 NULL（raw_text 保留原值 ""TBA""）"
8491,CN2503006-A2,TBA,"→ 写为 NULL（raw_text 保留原值 ""TBA""）"
8492,CN2503007-S,TBA,"→ 写为 NULL（raw_text 保留原值 ""TBA""）"
8494,CN2503009-S,TBA,"→ 写为 NULL（raw_text 保留原值 ""TBA""）"
8495,CN2503010-S,TBA,"→ 写为 NULL（raw_text 保留原值 ""TBA""）"
8496,CN2503011-A,TBA,"→ 写为 NULL（raw_text 保留原值 ""TBA""）"
8497,CN2503012-A,TBA,"→ 写为 NULL（raw_text 保留原值 ""TBA""）"
8498,CN2503013-A,TBA,"→ 写为 NULL（raw_text 保留原值 ""TBA""）"
8499,CN2503014-S,TBA,"→ 写为 NULL（raw_text 保留原值 ""TBA""）"
8500,CN2503015-S,TBA,"→ 写为 NULL（raw_text 保留原值 ""TBA""）"
8501,CN2503016-S,TBA,"→ 写为 NULL（raw_text 保留原值 ""TBA""）"
8502,CN2503017-A,TBA,"→ 写为 NULL（raw_text 保留原值 ""TBA""）"
8503,CN2503018-A,TBA,"→ 写为 NULL（raw_text 保留原值 ""TBA""）"
8506,CN2503021-S,TBA,"→ 写为 NULL（raw_text 保留原值 ""TBA""）"
8507,CN2503022-S,TBA,"→ 写为 NULL（raw_text 保留原值 ""TBA""）"
8508,CN2503023-S,TBA,"→ 写为 NULL（raw_text 保留原值 ""TBA""）"
8510,CN2503025-A,TBA,"→ 写为 NULL（raw_text 保留原值 ""TBA""）"
8511,CN2503026-A,TBA,"→ 写为 NULL（raw_text 保留原值 ""TBA""）"
8513,CN2503028-S,TBA,"→ 写为 NULL（raw_text 保留原值 ""TBA""）"
8515,CN2503030-S,TBA,"→ 写为 NULL（raw_text 保留原值 ""TBA""）"
8517,CN2503032-S,TBA,"→ 写为 NULL（raw_text 保留原值 ""TBA""）"
8518,CN2503033-A,TBA,"→ 写为 NULL（raw_text 保留原值 ""TBA""）"
8519,CN2503034-S,TBA,"→ 写为 NULL（raw_text 保留原值 ""TBA""）"
8520,CN2503035-A,TBA,"→ 写为 NULL（raw_text 保留原值 ""TBA""）"
8521,CN2503036-S,TBA,"→ 写为 NULL（raw_text 保留原值 ""TBA""）"
8522,CN2503037-A,TBA,"→ 写为 NULL（raw_text 保留原值 ""TBA""）"
8523,CN2503038-S,TBA,"→ 写为 NULL（raw_text 保留原值 ""TBA""）"
8524,CN2503039-S,TBA,"→ 写为 NULL（raw_text 保留原值 ""TBA""）"
8525,CN2503040-S,TBA,"→ 写为 NULL（raw_text 保留原值 ""TBA""）"
8526,CN2503041-S,TBA,"→ 写为 NULL（raw_text 保留原值 ""TBA""）"
8527,CN2503042-S,TBA,"→ 写为 NULL（raw_text 保留原值 ""TBA""）"
8528,CN2503043-S,TBA,"→ 写为 NULL（raw_text 保留原值 ""TBA""）"
8529,CN2503044-S,TBA,"→ 写为 NULL（raw_text 保留原值 ""TBA""）"
8530,CN2503045-S,TBA,"→ 写为 NULL（raw_text 保留原值 ""TBA""）"
8531,CN2503046-S,TBA,"→ 写为 NULL（raw_text 保留原值 ""TBA""）"
8532,CN2503047-A,TBA,"→ 写为 NULL（raw_text 保留原值 ""TBA""）"
8533,CN2503048-A,TBA,"→ 写为 NULL（raw_text 保留原值 ""TBA""）"
8534,CN2503049-A,TBA,"→ 写为 NULL（raw_text 保留原值 ""TBA""）"
8535,CN2503050-S,TBA,"→ 写为 NULL（raw_text 保留原值 ""TBA""）"
8536,CN2503051-S,TBA,"→ 写为 NULL（raw_text 保留原值 ""TBA""）"
8537,CN2503052-A,TBA,"→ 写为 NULL（raw_text 保留原值 ""TBA""）"
8538,CN2503053-A,TBA,"→ 写为 NULL（raw_text 保留原值 ""TBA""）"
8539,CN2503054-S,TBA,"→ 写为 NULL（raw_text 保留原值 ""TBA""）"
8540,CN2503055-A,TBA,"→ 写为 NULL（raw_text 保留原值 ""TBA""）"
8541,CN2503056-A,TBA,"→ 写为 NULL（raw_text 保留原值 ""TBA""）"
8542,CN2503057-A,TBA,"→ 写为 NULL（raw_text 保留原值 ""TBA""）"
8543,CN2503058-S,TBA,"→ 写为 NULL（raw_text 保留原值 ""TBA""）"
8546,CN2503061-S,TBA,"→ 写为 NULL（raw_text 保留原值 ""TBA""）"
8548,CN2503063-S,TBA,"→ 写为 NULL（raw_text 保留原值 ""TBA""）"
8549,CN2503064-A,TBA,"→ 写为 NULL（raw_text 保留原值 ""TBA""）"
8551,CN2503066-A,TBA,"→ 写为 NULL（raw_text 保留原值 ""TBA""）"
8552,CN2503067-S,TBA,"→ 写为 NULL（raw_text 保留原值 ""TBA""）"
8553,CN2503068-S,TBA,"→ 写为 NULL（raw_text 保留原值 ""TBA""）"
8554,CN2503069-A,TBA,"→ 写为 NULL（raw_text 保留原值 ""TBA""）"
8556,CN2503071-S,TBA,"→ 写为 NULL（raw_text 保留原值 ""TBA""）"
8557,CN2503072-S,TBA,"→ 写为 NULL（raw_text 保留原值 ""TBA""）"
8559,CN2503074-A,TBA,"→ 写为 NULL（raw_text 保留原值 ""TBA""）"
8560,CN2503075-S,TBA,"→ 写为 NULL（raw_text 保留原值 ""TBA""）"
8564,CN2503078-A,TBA,"→ 写为 NULL（raw_text 保留原值 ""TBA""）"
8565,CN2503079-S,TBA,"→ 写为 NULL（raw_text 保留原值 ""TBA""）"
8566,CN2503080-A,TBA,"→ 写为 NULL（raw_text 保留原值 ""TBA""）"
8567,CN2503081-A,TBA,"→ 写为 NULL（raw_text 保留原值 ""TBA""）"
8570,CN2503083-A,TBA,"→ 写为 NULL（raw_text 保留原值 ""TBA""）"
8571,CN2503084-A,TBA,"→ 写为 NULL（raw_text 保留原值 ""TBA""）"
8572,CN2503085-A,TBA,"→ 写为 NULL（raw_text 保留原值 ""TBA""）"
8574,CN2503087-S,TBA,"→ 写为 NULL（raw_text 保留原值 ""TBA""）"
8576,CN2503089-S,TBA,"→ 写为 NULL（raw_text 保留原值 ""TBA""）"
8577,CN2503090-S,TBA,"→ 写为 NULL（raw_text 保留原值 ""TBA""）"
8579,CN2503092-S,TBA,"→ 写为 NULL（raw_text 保留原值 ""TBA""）"
8580,CN2503093-S,TBA,"→ 写为 NULL（raw_text 保留原值 ""TBA""）"
8581,CN2503094-S,TBA,"→ 写为 NULL（raw_text 保留原值 ""TBA""）"
8582,CN2503095-S,TBA,"→ 写为 NULL（raw_text 保留原值 ""TBA""）"
8586,CN2503099-S,TBA,"→ 写为 NULL（raw_text 保留原值 ""TBA""）"
8587,CN2503100-S,TBA,"→ 写为 NULL（raw_text 保留原值 ""TBA""）"
8588,CN2503101-S,TBA,"→ 写为 NULL（raw_text 保留原值 ""TBA""）"
8596,CN2503109-A,TBA,"→ 写为 NULL（raw_text 保留原值 ""TBA""）"
8597,CN2503110-A,TBA,"→ 写为 NULL（raw_text 保留原值 ""TBA""）"
8598,CN2503111-A,TBA,"→ 写为 NULL（raw_text 保留原值 ""TBA""）"
8599,CN2503112-A,TBA,"→ 写为 NULL（raw_text 保留原值 ""TBA""）"
8600,CN2503113-A,TBA,"→ 写为 NULL（raw_text 保留原值 ""TBA""）"
8604,CN2503116-A,TBA,"→ 写为 NULL（raw_text 保留原值 ""TBA""）"
8605,CN2503117-R,TBA,"→ 写为 NULL（raw_text 保留原值 ""TBA""）"
8606,CN2503118-A,TBA,"→ 写为 NULL（raw_text 保留原值 ""TBA""）"
8607,CN2503119-A,TBA,"→ 写为 NULL（raw_text 保留原值 ""TBA""）"
8608,CN2503120-A,TBA,"→ 写为 NULL（raw_text 保留原值 ""TBA""）"
8609,CN2503121-A,TBA,"→ 写为 NULL（raw_text 保留原值 ""TBA""）"
8610,CN2503122-A,TBA,"→ 写为 NULL（raw_text 保留原值 ""TBA""）"
8611,CN2503123-S,TBA,"→ 写为 NULL（raw_text 保留原值 ""TBA""）"
8612,CN2503124-A,TBA,"→ 写为 NULL（raw_text 保留原值 ""TBA""）"
8613,CN2503125-A,TBA,"→ 写为 NULL（raw_text 保留原值 ""TBA""）"
8614,CN2503126-S,TBA,"→ 写为 NULL（raw_text 保留原值 ""TBA""）"
8615,CN2503127-S,TBA,"→ 写为 NULL（raw_text 保留原值 ""TBA""）"
8616,CN2503128-S,TBA,"→ 写为 NULL（raw_text 保留原值 ""TBA""）"
8617,CN2503129-S,TBA,"→ 写为 NULL（raw_text 保留原值 ""TBA""）"
8618,CN2503130-S,TBA,"→ 写为 NULL（raw_text 保留原值 ""TBA""）"
8619,CN2503131-S,TBA,"→ 写为 NULL（raw_text 保留原值 ""TBA""）"
8620,CN2503132-S,TBA,"→ 写为 NULL（raw_text 保留原值 ""TBA""）"
8621,CN2503133-S,TBA,"→ 写为 NULL（raw_text 保留原值 ""TBA""）"
8626,CN2503138-A,TBA,"→ 写为 NULL（raw_text 保留原值 ""TBA""）"
8629,CN2503141-S,TBA,"→ 写为 NULL（raw_text 保留原值 ""TBA""）"
8630,CN2503142-S,TBA,"→ 写为 NULL（raw_text 保留原值 ""TBA""）"
8631,CN2503143-S,TBA,"→ 写为 NULL（raw_text 保留原值 ""TBA""）"
8633,CN2503145-S,TBA,"→ 写为 NULL（raw_text 保留原值 ""TBA""）"
8634,CN2503146-A,TBA,"→ 写为 NULL（raw_text 保留原值 ""TBA""）"
8635,CN2503147-S,TBA,"→ 写为 NULL（raw_text 保留原值 ""TBA""）"
8636,CN2503148-A,TBA,"→ 写为 NULL（raw_text 保留原值 ""TBA""）"
8637,CN2503149-A,TBA,"→ 写为 NULL（raw_text 保留原值 ""TBA""）"
8638,CN2503150-S,TBA,"→ 写为 NULL（raw_text 保留原值 ""TBA""）"
8639,CN2503151-A,TBA,"→ 写为 NULL（raw_text 保留原值 ""TBA""）"
8640,CN2503152-A,TBA,"→ 写为 NULL（raw_text 保留原值 ""TBA""）"
8641,CN2503153-S,TBA,"→ 写为 NULL（raw_text 保留原值 ""TBA""）"
8642,CN2503154-A,TBA,"→ 写为 NULL（raw_text 保留原值 ""TBA""）"
8643,CN2503155-A,TBA,"→ 写为 NULL（raw_text 保留原值 ""TBA""）"
8645,CN2503157-A,TBA,"→ 写为 NULL（raw_text 保留原值 ""TBA""）"
8646,CN2503158-R,TBA,"→ 写为 NULL（raw_text 保留原值 ""TBA""）"
8648,CN2503160-A,TBA,"→ 写为 NULL（raw_text 保留原值 ""TBA""）"
8649,CN2503161-A,TBA,"→ 写为 NULL（raw_text 保留原值 ""TBA""）"
8650,CN2503162-S,TBA,"→ 写为 NULL（raw_text 保留原值 ""TBA""）"
8651,CN2503163-A,TBA,"→ 写为 NULL（raw_text 保留原值 ""TBA""）"
8652,CN2503164-S,TBA,"→ 写为 NULL（raw_text 保留原值 ""TBA""）"
8653,CN2503165-R,TBA,"→ 写为 NULL（raw_text 保留原值 ""TBA""）"
8654,CN2503166-R,TBA,"→ 写为 NULL（raw_text 保留原值 ""TBA""）"
8655,CN2503167-R,TBA,"→ 写为 NULL（raw_text 保留原值 ""TBA""）"
8656,CN2503168-S,TBA,"→ 写为 NULL（raw_text 保留原值 ""TBA""）"
8657,CN2503169-S,TBA,"→ 写为 NULL（raw_text 保留原值 ""TBA""）"
8658,CN2503170-S,TBA,"→ 写为 NULL（raw_text 保留原值 ""TBA""）"
8659,CN2503171-S,TBA,"→ 写为 NULL（raw_text 保留原值 ""TBA""）"
8660,CN2503172-S,TBA,"→ 写为 NULL（raw_text 保留原值 ""TBA""）"
8661,CN2503173-S,TBA,"→ 写为 NULL（raw_text 保留原值 ""TBA""）"
8662,CN2503174-S,TBA,"→ 写为 NULL（raw_text 保留原值 ""TBA""）"
8663,CN2503175-S,TBA,"→ 写为 NULL（raw_text 保留原值 ""TBA""）"
8664,CN2503176-A,TBA,"→ 写为 NULL（raw_text 保留原值 ""TBA""）"
8665,CN2503177-A,TBA,"→ 写为 NULL（raw_text 保留原值 ""TBA""）"
8666,CN2503178-A,TBA,"→ 写为 NULL（raw_text 保留原值 ""TBA""）"
8667,CN2503179-S,TBA,"→ 写为 NULL（raw_text 保留原值 ""TBA""）"
8669,CN2503181-A,TBA,"→ 写为 NULL（raw_text 保留原值 ""TBA""）"
8670,CN2503182-A,TBA,"→ 写为 NULL（raw_text 保留原值 ""TBA""）"
8671,CN2503183-A,TBA,"→ 写为 NULL（raw_text 保留原值 ""TBA""）"
8672,CN2503184-S,TBA,"→ 写为 NULL（raw_text 保留原值 ""TBA""）"
8673,CN2503185-S1,TBA,"→ 写为 NULL（raw_text 保留原值 ""TBA""）"
8674,CN2503185-S2,TBA,"→ 写为 NULL（raw_text 保留原值 ""TBA""）"
8675,CN2503185-S3,TBA,"→ 写为 NULL（raw_text 保留原值 ""TBA""）"
8676,CN2503185-S4,TBA,"→ 写为 NULL（raw_text 保留原值 ""TBA""）"
8677,CN2503186-S,TBA,"→ 写为 NULL（raw_text 保留原值 ""TBA""）"
8678,CN2503187-S,TBA,"→ 写为 NULL（raw_text 保留原值 ""TBA""）"
8679,CN2503188-A,TBA,"→ 写为 NULL（raw_text 保留原值 ""TBA""）"
8680,CN2503189-A,TBA,"→ 写为 NULL（raw_text 保留原值 ""TBA""）"
8681,CN2503190-S,TBA,"→ 写为 NULL（raw_text 保留原值 ""TBA""）"
8683,CN2503192-S,TBA,"→ 写为 NULL（raw_text 保留原值 ""TBA""）"
8684,CN2503193-A,TBA,"→ 写为 NULL（raw_text 保留原值 ""TBA""）"
8685,CN2503194-S,TBA,"→ 写为 NULL（raw_text 保留原值 ""TBA""）"
8686,CN2503195-S,TBA,"→ 写为 NULL（raw_text 保留原值 ""TBA""）"
8688,CN2503197-S,TBA,"→ 写为 NULL（raw_text 保留原值 ""TBA""）"
8689,CN2503198-A,TBA,"→ 写为 NULL（raw_text 保留原值 ""TBA""）"
8690,CN2503199-A,TBA,"→ 写为 NULL（raw_text 保留原值 ""TBA""）"
8691,CN2503200-A,TBA,"→ 写为 NULL（raw_text 保留原值 ""TBA""）"
8692,CN2503201-A,TBA,"→ 写为 NULL（raw_text 保留原值 ""TBA""）"
8693,CN2503202-A,TBA,"→ 写为 NULL（raw_text 保留原值 ""TBA""）"
8694,CN2503203-S,TBA,"→ 写为 NULL（raw_text 保留原值 ""TBA""）"
8695,CN2503204-A,TBA,"→ 写为 NULL（raw_text 保留原值 ""TBA""）"
8696,CN2503205-S,TBA,"→ 写为 NULL（raw_text 保留原值 ""TBA""）"
8697,CN2503206-S,TBA,"→ 写为 NULL（raw_text 保留原值 ""TBA""）"
8701,CN2503210-A,TBA,"→ 写为 NULL（raw_text 保留原值 ""TBA""）"
8702,CN2503211-S1,TBA,"→ 写为 NULL（raw_text 保留原值 ""TBA""）"
8703,CN2503211-S2,TBA,"→ 写为 NULL（raw_text 保留原值 ""TBA""）"
8704,CN2503212-S,TBA,"→ 写为 NULL（raw_text 保留原值 ""TBA""）"
8705,CN2503213-A,TBA,"→ 写为 NULL（raw_text 保留原值 ""TBA""）"
8706,CN2503214-S,TBA,"→ 写为 NULL（raw_text 保留原值 ""TBA""）"
8707,CN2503215-A,TBA,"→ 写为 NULL（raw_text 保留原值 ""TBA""）"
8708,CN2503216-A,TBA,"→ 写为 NULL（raw_text 保留原值 ""TBA""）"
8709,CN2503217-R,TBA,"→ 写为 NULL（raw_text 保留原值 ""TBA""）"
8710,CN2503218-R,TBA,"→ 写为 NULL（raw_text 保留原值 ""TBA""）"
8711,CN2503219-S,TBA,"→ 写为 NULL（raw_text 保留原值 ""TBA""）"
8712,CN2503220-A,TBA,"→ 写为 NULL（raw_text 保留原值 ""TBA""）"
8714,CN2503222-S,TBA,"→ 写为 NULL（raw_text 保留原值 ""TBA""）"
8715,CN2503223-A,TBA,"→ 写为 NULL（raw_text 保留原值 ""TBA""）"
8716,CN2503224-S,TBA,"→ 写为 NULL（raw_text 保留原值 ""TBA""）"
8718,CN2503226-A,TBA,"→ 写为 NULL（raw_text 保留原值 ""TBA""）"
8719,CN2503227-S,TBA,"→ 写为 NULL（raw_text 保留原值 ""TBA""）"
8720,CN2503228-A,TBA,"→ 写为 NULL（raw_text 保留原值 ""TBA""）"
8721,CN2503229-S,TBA,"→ 写为 NULL（raw_text 保留原值 ""TBA""）"
8722,CN2503230-R,TBA,"→ 写为 NULL（raw_text 保留原值 ""TBA""）"
8723,CN2503231-S,TBA,"→ 写为 NULL（raw_text 保留原值 ""TBA""）"
8724,CN2503232-R,TBA,"→ 写为 NULL（raw_text 保留原值 ""TBA""）"
8725,CN2503233-S,TBA,"→ 写为 NULL（raw_text 保留原值 ""TBA""）"
8726,CN2503234-R,TBA,"→ 写为 NULL（raw_text 保留原值 ""TBA""）"
8727,CN2503235-R,TBA,"→ 写为 NULL（raw_text 保留原值 ""TBA""）"
8728,CN2503236-S,TBA,"→ 写为 NULL（raw_text 保留原值 ""TBA""）"
8729,CN2503237-S,TBA,"→ 写为 NULL（raw_text 保留原值 ""TBA""）"
8730,CN2503238-S1,TBA,"→ 写为 NULL（raw_text 保留原值 ""TBA""）"
8731,CN2503238-S2,TBA,"→ 写为 NULL（raw_text 保留原值 ""TBA""）"
8732,CN2503238-S3,TBA,"→ 写为 NULL（raw_text 保留原值 ""TBA""）"
8733,CN2503239-S,TBA,"→ 写为 NULL（raw_text 保留原值 ""TBA""）"
8735,CN2503241-S,TBA,"→ 写为 NULL（raw_text 保留原值 ""TBA""）"
8736,CN2503242-A,TBA,"→ 写为 NULL（raw_text 保留原值 ""TBA""）"
8737,CN2503243-S,TBA,"→ 写为 NULL（raw_text 保留原值 ""TBA""）"
8738,CN2503244-R,TBA,"→ 写为 NULL（raw_text 保留原值 ""TBA""）"
8739,CN2503245-A,TBA,"→ 写为 NULL（raw_text 保留原值 ""TBA""）"
8740,CN2503246-S,TBA,"→ 写为 NULL（raw_text 保留原值 ""TBA""）"
8741,CN2503247-S,TBA,"→ 写为 NULL（raw_text 保留原值 ""TBA""）"
8742,CN2503248-S,TBA,"→ 写为 NULL（raw_text 保留原值 ""TBA""）"
8743,CN2503249-A,TBA,"→ 写为 NULL（raw_text 保留原值 ""TBA""）"
8745,CN2503251-A,TBA,"→ 写为 NULL（raw_text 保留原值 ""TBA""）"
8746,CN2503252-A,TBA,"→ 写为 NULL（raw_text 保留原值 ""TBA""）"
8747,CN2503253-S,TBA,"→ 写为 NULL（raw_text 保留原值 ""TBA""）"
8748,CN2503254-A,TBA,"→ 写为 NULL（raw_text 保留原值 ""TBA""）"
8749,CN2503255-A,TBA,"→ 写为 NULL（raw_text 保留原值 ""TBA""）"
8752,CN2503257-S,TBA,"→ 写为 NULL（raw_text 保留原值 ""TBA""）"
8753,CN2503258-A,TBA,"→ 写为 NULL（raw_text 保留原值 ""TBA""）"
8754,CN2503259-R,TBA,"→ 写为 NULL（raw_text 保留原值 ""TBA""）"
8755,CN2503260-A,TBA,"→ 写为 NULL（raw_text 保留原值 ""TBA""）"
8756,CN2503261-A,TBA,"→ 写为 NULL（raw_text 保留原值 ""TBA""）"
8757,CN2503262-R,TBA,"→ 写为 NULL（raw_text 保留原值 ""TBA""）"
8758,CN2503263-A,TBA,"→ 写为 NULL（raw_text 保留原值 ""TBA""）"
8759,CN2503264-A,TBA,"→ 写为 NULL（raw_text 保留原值 ""TBA""）"
8760,CN2503265-A,TBA,"→ 写为 NULL（raw_text 保留原值 ""TBA""）"
8761,CN2503265-A1,TBA,"→ 写为 NULL（raw_text 保留原值 ""TBA""）"
8762,CN2503266-AS,TBA,"→ 写为 NULL（raw_text 保留原值 ""TBA""）"
8763,CN2503266-AS1,TBA,"→ 写为 NULL（raw_text 保留原值 ""TBA""）"
8764,CN2503267-S,TBA,"→ 写为 NULL（raw_text 保留原值 ""TBA""）"
8765,CN2503268-A,TBA,"→ 写为 NULL（raw_text 保留原值 ""TBA""）"
8767,CN2503270-S,TBA,"→ 写为 NULL（raw_text 保留原值 ""TBA""）"
8768,CN2503271-S,TBA,"→ 写为 NULL（raw_text 保留原值 ""TBA""）"
8769,CN2503272-S,TBA,"→ 写为 NULL（raw_text 保留原值 ""TBA""）"
8770,CN2503273-S,TBA,"→ 写为 NULL（raw_text 保留原值 ""TBA""）"
8771,CN2503274-S,TBA,"→ 写为 NULL（raw_text 保留原值 ""TBA""）"
8772,CN2503275-S,TBA,"→ 写为 NULL（raw_text 保留原值 ""TBA""）"
8773,CN2503276-R,TBA,"→ 写为 NULL（raw_text 保留原值 ""TBA""）"
8774,CN2503277-A,TBA,"→ 写为 NULL（raw_text 保留原值 ""TBA""）"
8775,CN2503278-A,TBA,"→ 写为 NULL（raw_text 保留原值 ""TBA""）"
8779,CN2503282-A,TBA,"→ 写为 NULL（raw_text 保留原值 ""TBA""）"
8780,CN2503283-A,TBA,"→ 写为 NULL（raw_text 保留原值 ""TBA""）"
8781,CN2503284-S,TBA,"→ 写为 NULL（raw_text 保留原值 ""TBA""）"
8783,CN2503286-R,TBA,"→ 写为 NULL（raw_text 保留原值 ""TBA""）"
8784,CN2503287-A,TBA,"→ 写为 NULL（raw_text 保留原值 ""TBA""）"
8786,CN2503289-S,TBA,"→ 写为 NULL（raw_text 保留原值 ""TBA""）"
8789,CN2503292-S,TBA,"→ 写为 NULL（raw_text 保留原值 ""TBA""）"
8790,CN2503293-S,TBA,"→ 写为 NULL（raw_text 保留原值 ""TBA""）"
8791,CN2503294-S,TBA,"→ 写为 NULL（raw_text 保留原值 ""TBA""）"
8792,CN2503295-S1,TBA,"→ 写为 NULL（raw_text 保留原值 ""TBA""）"
8793,CN2503295-S2,TBA,"→ 写为 NULL（raw_text 保留原值 ""TBA""）"
8794,CN2503296-S1,TBA,"→ 写为 NULL（raw_text 保留原值 ""TBA""）"
8795,CN2503296-S2,TBA,"→ 写为 NULL（raw_text 保留原值 ""TBA""）"
8796,CN2503297-R,TBA,"→ 写为 NULL（raw_text 保留原值 ""TBA""）"
8797,CN2503298-S,TBA,"→ 写为 NULL（raw_text 保留原值 ""TBA""）"
8798,CN2503299-S,TBA,"→ 写为 NULL（raw_text 保留原值 ""TBA""）"
8799,CN2503300-S,TBA,"→ 写为 NULL（raw_text 保留原值 ""TBA""）"
8800,CN2503301-S,TBA,"→ 写为 NULL（raw_text 保留原值 ""TBA""）"
8801,CN2503302-S,TBA,"→ 写为 NULL（raw_text 保留原值 ""TBA""）"
8802,CN2503303-S,TBA,"→ 写为 NULL（raw_text 保留原值 ""TBA""）"
8803,CN2503304-A,TBA,"→ 写为 NULL（raw_text 保留原值 ""TBA""）"
8804,CN2503305-A,TBA,"→ 写为 NULL（raw_text 保留原值 ""TBA""）"
8805,CN2503306-A,TBA,"→ 写为 NULL（raw_text 保留原值 ""TBA""）"
8806,CN2503307-A,TBA,"→ 写为 NULL（raw_text 保留原值 ""TBA""）"
8808,CN2503309-A,TBA,"→ 写为 NULL（raw_text 保留原值 ""TBA""）"
8810,CN2503311-S,TBA,"→ 写为 NULL（raw_text 保留原值 ""TBA""）"
8811,CN2503312-S,TBA,"→ 写为 NULL（raw_text 保留原值 ""TBA""）"
8814,CN2503315-A,TBA,"→ 写为 NULL（raw_text 保留原值 ""TBA""）"
8815,CN2503316-A,TBA,"→ 写为 NULL（raw_text 保留原值 ""TBA""）"
8816,CN2503317-A,TBA,"→ 写为 NULL（raw_text 保留原值 ""TBA""）"
8817,CN2503318-S,TBA,"→ 写为 NULL（raw_text 保留原值 ""TBA""）"
8818,CN2503319-S,TBA,"→ 写为 NULL（raw_text 保留原值 ""TBA""）"
8819,CN2503320-A,TBA,"→ 写为 NULL（raw_text 保留原值 ""TBA""）"
8821,CN2503322-R,TBA,"→ 写为 NULL（raw_text 保留原值 ""TBA""）"
8822,CN2503322-R1,TBA,"→ 写为 NULL（raw_text 保留原值 ""TBA""）"
8823,CN2503323-R,TBA,"→ 写为 NULL（raw_text 保留原值 ""TBA""）"
8824,CN2503324-S,TBA,"→ 写为 NULL（raw_text 保留原值 ""TBA""）"
8825,CN2503325-S,TBA,"→ 写为 NULL（raw_text 保留原值 ""TBA""）"
8826,CN2503326-A,TBA,"→ 写为 NULL（raw_text 保留原值 ""TBA""）"
8829,CN2503329-A,TBA,"→ 写为 NULL（raw_text 保留原值 ""TBA""）"
8830,CN2503330-A,TBA,"→ 写为 NULL（raw_text 保留原值 ""TBA""）"
8831,CN2503331-S,TBA,"→ 写为 NULL（raw_text 保留原值 ""TBA""）"
8832,CN2503332-A,TBA,"→ 写为 NULL（raw_text 保留原值 ""TBA""）"
8833,CN2503333-A,TBA,"→ 写为 NULL（raw_text 保留原值 ""TBA""）"
8834,CN2503334-S,TBA,"→ 写为 NULL（raw_text 保留原值 ""TBA""）"
8835,CN2503335-A,TBA,"→ 写为 NULL（raw_text 保留原值 ""TBA""）"
8836,CN2503336-A,TBA,"→ 写为 NULL（raw_text 保留原值 ""TBA""）"
8837,CN2503337-S,TBA,"→ 写为 NULL（raw_text 保留原值 ""TBA""）"
8839,CN2503339-A,TBA,"→ 写为 NULL（raw_text 保留原值 ""TBA""）"
8840,CN2503340-S,TBA,"→ 写为 NULL（raw_text 保留原值 ""TBA""）"
8841,CN2503341-S,TBA,"→ 写为 NULL（raw_text 保留原值 ""TBA""）"
8842,CN2503342-S,TBA,"→ 写为 NULL（raw_text 保留原值 ""TBA""）"
8844,CN2503344-A,TBA,"→ 写为 NULL（raw_text 保留原值 ""TBA""）"
8845,CN2503345-S,TBA,"→ 写为 NULL（raw_text 保留原值 ""TBA""）"
8846,CN2503346-S,TBA,"→ 写为 NULL（raw_text 保留原值 ""TBA""）"
8847,CN2503347-A,TBA,"→ 写为 NULL（raw_text 保留原值 ""TBA""）"
8848,CN2503348-S,TBA,"→ 写为 NULL（raw_text 保留原值 ""TBA""）"
8849,CN2503349-A,TBA,"→ 写为 NULL（raw_text 保留原值 ""TBA""）"
8850,CN2503350-S,TBA,"→ 写为 NULL（raw_text 保留原值 ""TBA""）"
8851,CN2503351-A,TBA,"→ 写为 NULL（raw_text 保留原值 ""TBA""）"
8852,CN2503352-A,TBA,"→ 写为 NULL（raw_text 保留原值 ""TBA""）"
8853,CN2503353-R,TBA,"→ 写为 NULL（raw_text 保留原值 ""TBA""）"
8854,CN2503354-S,TBA,"→ 写为 NULL（raw_text 保留原值 ""TBA""）"
8856,CN2503356-A,TBA,"→ 写为 NULL（raw_text 保留原值 ""TBA""）"
8857,CN2503357-S,TBA,"→ 写为 NULL（raw_text 保留原值 ""TBA""）"
8858,CN2503358-R,TBA,"→ 写为 NULL（raw_text 保留原值 ""TBA""）"
8859,CN2503359-S,TBA,"→ 写为 NULL（raw_text 保留原值 ""TBA""）"
8860,CN2503360-A,TBA,"→ 写为 NULL（raw_text 保留原值 ""TBA""）"
8861,CN2503361-S,TBA,"→ 写为 NULL（raw_text 保留原值 ""TBA""）"
8864,CN2503364-A,TBA,"→ 写为 NULL（raw_text 保留原值 ""TBA""）"
8865,CN2503365-A,TBA,"→ 写为 NULL（raw_text 保留原值 ""TBA""）"
8866,CN2503366-S,TBA,"→ 写为 NULL（raw_text 保留原值 ""TBA""）"
8867,CN2503367-A,TBA,"→ 写为 NULL（raw_text 保留原值 ""TBA""）"
8868,CN2503368-R,TBA,"→ 写为 NULL（raw_text 保留原值 ""TBA""）"
8869,CN2503369-A,TBA,"→ 写为 NULL（raw_text 保留原值 ""TBA""）"
8871,CN2503371-S,TBA,"→ 写为 NULL（raw_text 保留原值 ""TBA""）"
8872,CN2503372-A,TBA,"→ 写为 NULL（raw_text 保留原值 ""TBA""）"
8873,CN2503373-A,TBA,"→ 写为 NULL（raw_text 保留原值 ""TBA""）"
8874,CN2503374-A,TBA,"→ 写为 NULL（raw_text 保留原值 ""TBA""）"
8875,CN2503375-A,TBA,"→ 写为 NULL（raw_text 保留原值 ""TBA""）"
8878,CN2503378-S,TBA,"→ 写为 NULL（raw_text 保留原值 ""TBA""）"
8879,CN2503379-S,TBA,"→ 写为 NULL（raw_text 保留原值 ""TBA""）"
8880,CN2503380-S,TBA,"→ 写为 NULL（raw_text 保留原值 ""TBA""）"
8881,CN2503381-S,TBA,"→ 写为 NULL（raw_text 保留原值 ""TBA""）"
8882,CN2503382-S,TBA,"→ 写为 NULL（raw_text 保留原值 ""TBA""）"
8883,CN2503383-S,TBA,"→ 写为 NULL（raw_text 保留原值 ""TBA""）"
8884,CN2503384-S1,TBA,"→ 写为 NULL（raw_text 保留原值 ""TBA""）"
8885,CN2503384-S2,TBA,"→ 写为 NULL（raw_text 保留原值 ""TBA""）"
8886,CN2503385-S,TBA,"→ 写为 NULL（raw_text 保留原值 ""TBA""）"
8887,CN2503386-S,TBA,"→ 写为 NULL（raw_text 保留原值 ""TBA""）"
8888,CN2503387-A,TBA,"→ 写为 NULL（raw_text 保留原值 ""TBA""）"
8889,CN2503388-A,TBA,"→ 写为 NULL（raw_text 保留原值 ""TBA""）"
8890,CN2503389-A,TBA,"→ 写为 NULL（raw_text 保留原值 ""TBA""）"
8892,CN2503391-S,TBA,"→ 写为 NULL（raw_text 保留原值 ""TBA""）"
8893,CN2503392-S,TBA,"→ 写为 NULL（raw_text 保留原值 ""TBA""）"
8894,CN2503393-S,TBA,"→ 写为 NULL（raw_text 保留原值 ""TBA""）"
8895,CN2503394-S,TBA,"→ 写为 NULL（raw_text 保留原值 ""TBA""）"
8896,CN2503395-A,TBA,"→ 写为 NULL（raw_text 保留原值 ""TBA""）"
8897,CN2503396-S,TBA,"→ 写为 NULL（raw_text 保留原值 ""TBA""）"
8898,CN2503397-A,TBA,"→ 写为 NULL（raw_text 保留原值 ""TBA""）"
8899,CN2503398-A,TBA,"→ 写为 NULL（raw_text 保留原值 ""TBA""）"
8900,CN2503399-S,TBA,"→ 写为 NULL（raw_text 保留原值 ""TBA""）"
8902,CN2503401-S,TBA,"→ 写为 NULL（raw_text 保留原值 ""TBA""）"
8903,CN2503402-A,TBA,"→ 写为 NULL（raw_text 保留原值 ""TBA""）"
8904,CN2503403-A,TBA,"→ 写为 NULL（raw_text 保留原值 ""TBA""）"
8906,CN2503405-A,TBA,"→ 写为 NULL（raw_text 保留原值 ""TBA""）"
8908,CN2503407-A,TBA,"→ 写为 NULL（raw_text 保留原值 ""TBA""）"
8909,CN2503408-S,TBA,"→ 写为 NULL（raw_text 保留原值 ""TBA""）"
8910,CN2503409-S,TBA,"→ 写为 NULL（raw_text 保留原值 ""TBA""）"
8913,CN2503412-S,TBA,"→ 写为 NULL（raw_text 保留原值 ""TBA""）"
8914,CN2503413-S,TBA,"→ 写为 NULL（raw_text 保留原值 ""TBA""）"
8915,CN2503414-S,TBA,"→ 写为 NULL（raw_text 保留原值 ""TBA""）"
8916,CN2503415-S,TBA,"→ 写为 NULL（raw_text 保留原值 ""TBA""）"
8917,CN2503416-S,TBA,"→ 写为 NULL（raw_text 保留原值 ""TBA""）"
8918,CN2503417-S,TBA,"→ 写为 NULL（raw_text 保留原值 ""TBA""）"
8920,CN2503419-S,TBA,"→ 写为 NULL（raw_text 保留原值 ""TBA""）"
8921,CN2503420-S,TBA,"→ 写为 NULL（raw_text 保留原值 ""TBA""）"
8922,CN2503421-A,TBA,"→ 写为 NULL（raw_text 保留原值 ""TBA""）"
8923,CN2503422-S,TBA,"→ 写为 NULL（raw_text 保留原值 ""TBA""）"
8925,CN2503424-AS,TBA,"→ 写为 NULL（raw_text 保留原值 ""TBA""）"
8926,CN2503424-AS1,TBA,"→ 写为 NULL（raw_text 保留原值 ""TBA""）"
8927,CN2503425-A,TBA,"→ 写为 NULL（raw_text 保留原值 ""TBA""）"
8931,CN2503429-A,TBA,"→ 写为 NULL（raw_text 保留原值 ""TBA""）"
8932,CN2503430-A,TBA,"→ 写为 NULL（raw_text 保留原值 ""TBA""）"
8933,CN2503431-A,TBA,"→ 写为 NULL（raw_text 保留原值 ""TBA""）"
8934,CN2503432-A,TBA,"→ 写为 NULL（raw_text 保留原值 ""TBA""）"
8935,CN2503433-S,TBA,"→ 写为 NULL（raw_text 保留原值 ""TBA""）"
8936,CN2503434-A,TBA,"→ 写为 NULL（raw_text 保留原值 ""TBA""）"
8938,CN2503436-A,TBA,"→ 写为 NULL（raw_text 保留原值 ""TBA""）"
8939,CN2503437-S,TBA,"→ 写为 NULL（raw_text 保留原值 ""TBA""）"
8941,CN2503439-S,TBA,"→ 写为 NULL（raw_text 保留原值 ""TBA""）"
8942,CN2503440-S,TBA,"→ 写为 NULL（raw_text 保留原值 ""TBA""）"
8944,CN2503442-A,TBA,"→ 写为 NULL（raw_text 保留原值 ""TBA""）"
8948,CN2503446-R,TBA,"→ 写为 NULL（raw_text 保留原值 ""TBA""）"
8950,CN2503448-S,TBA,"→ 写为 NULL（raw_text 保留原值 ""TBA""）"
8951,CN2503449-S,TBA,"→ 写为 NULL（raw_text 保留原值 ""TBA""）"
8952,CN2503450-S,TBA,"→ 写为 NULL（raw_text 保留原值 ""TBA""）"
8953,CN2503451-S,TBA,"→ 写为 NULL（raw_text 保留原值 ""TBA""）"
8954,CN2503452-R,TBA,"→ 写为 NULL（raw_text 保留原值 ""TBA""）"
8955,CN2503453-R,TBA,"→ 写为 NULL（raw_text 保留原值 ""TBA""）"
8956,CN2503454-S,TBA,"→ 写为 NULL（raw_text 保留原值 ""TBA""）"
8957,CN2503455-R,TBA,"→ 写为 NULL（raw_text 保留原值 ""TBA""）"
8958,CN2503456-S,TBA,"→ 写为 NULL（raw_text 保留原值 ""TBA""）"
8959,CN2503457-S,TBA,"→ 写为 NULL（raw_text 保留原值 ""TBA""）"
8960,CN2503458-S1,TBA,"→ 写为 NULL（raw_text 保留原值 ""TBA""）"
8961,CN2503458-S2,TBA,"→ 写为 NULL（raw_text 保留原值 ""TBA""）"
8962,CN2503459-A,TBA,"→ 写为 NULL（raw_text 保留原值 ""TBA""）"
8964,CN2503461-S,TBA,"→ 写为 NULL（raw_text 保留原值 ""TBA""）"
8965,CN2503462-S,TBA,"→ 写为 NULL（raw_text 保留原值 ""TBA""）"
8966,CN2503463-S,TBA,"→ 写为 NULL（raw_text 保留原值 ""TBA""）"
8967,CN2503464-S,TBA,"→ 写为 NULL（raw_text 保留原值 ""TBA""）"
8968,CN2503465-S,TBA,"→ 写为 NULL（raw_text 保留原值 ""TBA""）"
8969,CN2503466-S,TBA,"→ 写为 NULL（raw_text 保留原值 ""TBA""）"
8972,CN2503469-A,TBA,"→ 写为 NULL（raw_text 保留原值 ""TBA""）"
8973,CN2503470-AS,TBA,"→ 写为 NULL（raw_text 保留原值 ""TBA""）"
8974,CN2503470-AS1,TBA,"→ 写为 NULL（raw_text 保留原值 ""TBA""）"
8975,CN2503471-S,TBA,"→ 写为 NULL（raw_text 保留原值 ""TBA""）"
8976,CN2503472-S,TBA,"→ 写为 NULL（raw_text 保留原值 ""TBA""）"
8977,CN2503473-A,TBA,"→ 写为 NULL（raw_text 保留原值 ""TBA""）"
8978,CN2503474-A,TBA,"→ 写为 NULL（raw_text 保留原值 ""TBA""）"
8979,CN2503475-A,TBA,"→ 写为 NULL（raw_text 保留原值 ""TBA""）"
8981,CN2503477-A1,TBA,"→ 写为 NULL（raw_text 保留原值 ""TBA""）"
8982,CN2503477-A2,TBA,"→ 写为 NULL（raw_text 保留原值 ""TBA""）"
8983,CN2503478-R,TBA,"→ 写为 NULL（raw_text 保留原值 ""TBA""）"
8984,CN2503479-A,TBA,"→ 写为 NULL（raw_text 保留原值 ""TBA""）"
8987,CN2503482-R,TBA,"→ 写为 NULL（raw_text 保留原值 ""TBA""）"
8988,CN2503483-S,TBA,"→ 写为 NULL（raw_text 保留原值 ""TBA""）"
8991,CN2503486-A,TBA,"→ 写为 NULL（raw_text 保留原值 ""TBA""）"
8994,CN2503489-A,TBA,"→ 写为 NULL（raw_text 保留原值 ""TBA""）"
8995,CN2503490-S,TBA,"→ 写为 NULL（raw_text 保留原值 ""TBA""）"
8996,CN2503491-S,TBA,"→ 写为 NULL（raw_text 保留原值 ""TBA""）"
8997,CN2503492-S,TBA,"→ 写为 NULL（raw_text 保留原值 ""TBA""）"
8998,CN2503493-S,TBA,"→ 写为 NULL（raw_text 保留原值 ""TBA""）"
8999,CN2503494-S,TBA,"→ 写为 NULL（raw_text 保留原值 ""TBA""）"
9000,CN2503495-S,TBA,"→ 写为 NULL（raw_text 保留原值 ""TBA""）"
9001,CN2503496-A,TBA,"→ 写为 NULL（raw_text 保留原值 ""TBA""）"
9004,CN2503499-S,TBA,"→ 写为 NULL（raw_text 保留原值 ""TBA""）"
9005,CN2503500-S,TBA,"→ 写为 NULL（raw_text 保留原值 ""TBA""）"
9006,CN2503501-S,TBA,"→ 写为 NULL（raw_text 保留原值 ""TBA""）"
9008,CN2503503-A,TBA,"→ 写为 NULL（raw_text 保留原值 ""TBA""）"
9009,CN2503504-S,TBA,"→ 写为 NULL（raw_text 保留原值 ""TBA""）"
9010,CN2503505-A,TBA,"→ 写为 NULL（raw_text 保留原值 ""TBA""）"
9011,CN2503506-A,TBA,"→ 写为 NULL（raw_text 保留原值 ""TBA""）"
9012,CN2503507-S,TBA,"→ 写为 NULL（raw_text 保留原值 ""TBA""）"
9014,CN2503509-S,TBA,"→ 写为 NULL（raw_text 保留原值 ""TBA""）"
9015,CN2503510-R,TBA,"→ 写为 NULL（raw_text 保留原值 ""TBA""）"
9016,CN2503511-A,TBA,"→ 写为 NULL（raw_text 保留原值 ""TBA""）"
9017,CN2503512-S,TBA,"→ 写为 NULL（raw_text 保留原值 ""TBA""）"
9018,CN2503513-A,TBA,"→ 写为 NULL（raw_text 保留原值 ""TBA""）"
9019,CN2503514-S,TBA,"→ 写为 NULL（raw_text 保留原值 ""TBA""）"
9021,CN2503516-A,TBA,"→ 写为 NULL（raw_text 保留原值 ""TBA""）"
9022,CN2503517-S,TBA,"→ 写为 NULL（raw_text 保留原值 ""TBA""）"
9023,CN2503518-A,TBA,"→ 写为 NULL（raw_text 保留原值 ""TBA""）"
9024,CN2503518-A1,TBA,"→ 写为 NULL（raw_text 保留原值 ""TBA""）"
9025,CN2503518-A2,TBA,"→ 写为 NULL（raw_text 保留原值 ""TBA""）"
9026,CN2503518-A3,TBA,"→ 写为 NULL（raw_text 保留原值 ""TBA""）"
9027,CN2503519-S,TBA,"→ 写为 NULL（raw_text 保留原值 ""TBA""）"
9028,CN2503520-A,TBA,"→ 写为 NULL（raw_text 保留原值 ""TBA""）"
9029,CN2503521-S,TBA,"→ 写为 NULL（raw_text 保留原值 ""TBA""）"
9030,CN2503522-S,TBA,"→ 写为 NULL（raw_text 保留原值 ""TBA""）"
9031,CN2503523-S,TBA,"→ 写为 NULL（raw_text 保留原值 ""TBA""）"
9032,CN2503524-S,TBA,"→ 写为 NULL（raw_text 保留原值 ""TBA""）"
9033,CN2503525-A,TBA,"→ 写为 NULL（raw_text 保留原值 ""TBA""）"
9034,CN2503526-S,TBA,"→ 写为 NULL（raw_text 保留原值 ""TBA""）"
9035,CN2503527-S,TBA,"→ 写为 NULL（raw_text 保留原值 ""TBA""）"
9037,CN2503529-A,TBA,"→ 写为 NULL（raw_text 保留原值 ""TBA""）"
9039,CN2503531-S,TBA,"→ 写为 NULL（raw_text 保留原值 ""TBA""）"
9040,CN2503532-S,TBA,"→ 写为 NULL（raw_text 保留原值 ""TBA""）"
9042,CN2503534-S,TBA,"→ 写为 NULL（raw_text 保留原值 ""TBA""）"
9043,CN2503535-S,TBA,"→ 写为 NULL（raw_text 保留原值 ""TBA""）"
9045,CN2503537-S,TBA,"→ 写为 NULL（raw_text 保留原值 ""TBA""）"
9046,CN2503538-S,TBA,"→ 写为 NULL（raw_text 保留原值 ""TBA""）"
9048,CN2503540-A,TBA,"→ 写为 NULL（raw_text 保留原值 ""TBA""）"
9049,CN2503541-S,TBA,"→ 写为 NULL（raw_text 保留原值 ""TBA""）"
9051,CN2503543-S,TBA,"→ 写为 NULL（raw_text 保留原值 ""TBA""）"
9052,CN2503544-A,TBA,"→ 写为 NULL（raw_text 保留原值 ""TBA""）"
9053,CN2503545-S,TBA,"→ 写为 NULL（raw_text 保留原值 ""TBA""）"
9054,CN2503546-A,TBA,"→ 写为 NULL（raw_text 保留原值 ""TBA""）"
9055,CN2503547-A,TBA,"→ 写为 NULL（raw_text 保留原值 ""TBA""）"
9056,CN2503548-R,TBA,"→ 写为 NULL（raw_text 保留原值 ""TBA""）"
9057,CN2503549-R,TBA,"→ 写为 NULL（raw_text 保留原值 ""TBA""）"
9058,CN2503550-A,TBA,"→ 写为 NULL（raw_text 保留原值 ""TBA""）"
9060,CN2503552-A,TBA,"→ 写为 NULL（raw_text 保留原值 ""TBA""）"
9061,CN2503553-A,TBA,"→ 写为 NULL（raw_text 保留原值 ""TBA""）"
9062,CN2503554-A,TBA,"→ 写为 NULL（raw_text 保留原值 ""TBA""）"
9063,CN2503555-S,TBA,"→ 写为 NULL（raw_text 保留原值 ""TBA""）"
9064,CN2503555-S1,TBA,"→ 写为 NULL（raw_text 保留原值 ""TBA""）"
9065,CN2503555-S2,TBA,"→ 写为 NULL（raw_text 保留原值 ""TBA""）"
9066,CN2503555-S3,TBA,"→ 写为 NULL（raw_text 保留原值 ""TBA""）"
9067,CN2503556-S,TBA,"→ 写为 NULL（raw_text 保留原值 ""TBA""）"
9068,CN2503557-S,TBA,"→ 写为 NULL（raw_text 保留原值 ""TBA""）"
9069,CN2503558-S,TBA,"→ 写为 NULL（raw_text 保留原值 ""TBA""）"
9070,CN2503559-A,TBA,"→ 写为 NULL（raw_text 保留原值 ""TBA""）"
9071,CN2503560-A,TBA,"→ 写为 NULL（raw_text 保留原值 ""TBA""）"
9072,CN2503561-A,TBA,"→ 写为 NULL（raw_text 保留原值 ""TBA""）"
9073,CN2503562-S,TBA,"→ 写为 NULL（raw_text 保留原值 ""TBA""）"
9076,CN2503565-AS,TBA,"→ 写为 NULL（raw_text 保留原值 ""TBA""）"
9077,CN2503565-AS1,TBA,"→ 写为 NULL（raw_text 保留原值 ""TBA""）"
9078,CN2503566-A,TBA,"→ 写为 NULL（raw_text 保留原值 ""TBA""）"
9079,CN2503567-A,TBA,"→ 写为 NULL（raw_text 保留原值 ""TBA""）"
9080,CN2503568-A,TBA,"→ 写为 NULL（raw_text 保留原值 ""TBA""）"
9081,CN2503569-A,TBA,"→ 写为 NULL（raw_text 保留原值 ""TBA""）"
9082,CN2503570-S,TBA,"→ 写为 NULL（raw_text 保留原值 ""TBA""）"
9083,CN2503571-A,TBA,"→ 写为 NULL（raw_text 保留原值 ""TBA""）"
9084,CN2503572-S,TBA,"→ 写为 NULL（raw_text 保留原值 ""TBA""）"
9085,CN2503573-S,TBA,"→ 写为 NULL（raw_text 保留原值 ""TBA""）"
9086,CN2503574-A,TBA,"→ 写为 NULL（raw_text 保留原值 ""TBA""）"
9087,CN2503575-R,TBA,"→ 写为 NULL（raw_text 保留原值 ""TBA""）"
9090,CN2503578-S,TBA,"→ 写为 NULL（raw_text 保留原值 ""TBA""）"
9092,CN2503580-R,TBA,"→ 写为 NULL（raw_text 保留原值 ""TBA""）"
9093,CN2503581-S,TBA,"→ 写为 NULL（raw_text 保留原值 ""TBA""）"
9094,CN2503581-S1,TBA,"→ 写为 NULL（raw_text 保留原值 ""TBA""）"
9095,CN2503582-S,TBA,"→ 写为 NULL（raw_text 保留原值 ""TBA""）"
9096,CN2503583-S,TBA,"→ 写为 NULL（raw_text 保留原值 ""TBA""）"
9097,CN2503584-A,TBA,"→ 写为 NULL（raw_text 保留原值 ""TBA""）"
9098,CN2503585-A,TBA,"→ 写为 NULL（raw_text 保留原值 ""TBA""）"
9099,CN2503586-S,TBA,"→ 写为 NULL（raw_text 保留原值 ""TBA""）"
9100,CN2503587-S,TBA,"→ 写为 NULL（raw_text 保留原值 ""TBA""）"
9101,CN2503588-S,TBA,"→ 写为 NULL（raw_text 保留原值 ""TBA""）"
9102,CN2503589-S,TBA,"→ 写为 NULL（raw_text 保留原值 ""TBA""）"
9103,CN2503590-A,TBA,"→ 写为 NULL（raw_text 保留原值 ""TBA""）"
9104,CN2503591-A,TBA,"→ 写为 NULL（raw_text 保留原值 ""TBA""）"
9105,CN2503592-A,TBA,"→ 写为 NULL（raw_text 保留原值 ""TBA""）"
9106,CN2503593-A,TBA,"→ 写为 NULL（raw_text 保留原值 ""TBA""）"
9107,CN2503594-S,TBA,"→ 写为 NULL（raw_text 保留原值 ""TBA""）"
9108,CN2503595-A,TBA,"→ 写为 NULL（raw_text 保留原值 ""TBA""）"
9109,CN2503596-A,TBA,"→ 写为 NULL（raw_text 保留原值 ""TBA""）"
9111,CN2503598-A,TBA,"→ 写为 NULL（raw_text 保留原值 ""TBA""）"
9112,CN2503598-A1,TBA,"→ 写为 NULL（raw_text 保留原值 ""TBA""）"
9113,CN2503599-S,TBA,"→ 写为 NULL（raw_text 保留原值 ""TBA""）"
9114,CN2503600-A,TBA,"→ 写为 NULL（raw_text 保留原值 ""TBA""）"
9115,CN2503601-A,TBA,"→ 写为 NULL（raw_text 保留原值 ""TBA""）"
9116,CN2503602-A,TBA,"→ 写为 NULL（raw_text 保留原值 ""TBA""）"
9117,CN2503603-S,TBA,"→ 写为 NULL（raw_text 保留原值 ""TBA""）"
9118,CN2503604-R,TBA,"→ 写为 NULL（raw_text 保留原值 ""TBA""）"
9120,CN2503606-S,TBA,"→ 写为 NULL（raw_text 保留原值 ""TBA""）"
9121,CN2503607-S,TBA,"→ 写为 NULL（raw_text 保留原值 ""TBA""）"
9122,CN2503608-S,TBA,"→ 写为 NULL（raw_text 保留原值 ""TBA""）"
9123,CN2503609-R,TBA,"→ 写为 NULL（raw_text 保留原值 ""TBA""）"
9124,CN2503610-S,TBA,"→ 写为 NULL（raw_text 保留原值 ""TBA""）"
9125,CN2503611-RS,TBA,"→ 写为 NULL（raw_text 保留原值 ""TBA""）"
9126,CN2503611-RS1,TBA,"→ 写为 NULL（raw_text 保留原值 ""TBA""）"
9127,CN2503612-S,TBA,"→ 写为 NULL（raw_text 保留原值 ""TBA""）"
9128,CN2503613-S,TBA,"→ 写为 NULL（raw_text 保留原值 ""TBA""）"
9129,CN2503614-S,TBA,"→ 写为 NULL（raw_text 保留原值 ""TBA""）"
9130,CN2503615-S,TBA,"→ 写为 NULL（raw_text 保留原值 ""TBA""）"
9131,CN2503616-S,TBA,"→ 写为 NULL（raw_text 保留原值 ""TBA""）"
9133,CN2503618-S,TBA,"→ 写为 NULL（raw_text 保留原值 ""TBA""）"
9134,CN2503619-S,TBA,"→ 写为 NULL（raw_text 保留原值 ""TBA""）"
9135,CN2503620-S,TBA,"→ 写为 NULL（raw_text 保留原值 ""TBA""）"
9136,CN2503621-A,TBA,"→ 写为 NULL（raw_text 保留原值 ""TBA""）"
9137,CN2503622-A,TBA,"→ 写为 NULL（raw_text 保留原值 ""TBA""）"
9138,CN2503623-S,TBA,"→ 写为 NULL（raw_text 保留原值 ""TBA""）"
9139,CN2503624-A,TBA,"→ 写为 NULL（raw_text 保留原值 ""TBA""）"
9140,CN2503625-A,TBA,"→ 写为 NULL（raw_text 保留原值 ""TBA""）"
9141,CN2503626-AS,TBA,"→ 写为 NULL（raw_text 保留原值 ""TBA""）"
9142,CN2503626-AS1,TBA,"→ 写为 NULL（raw_text 保留原值 ""TBA""）"
9143,CN2503627-S,TBA,"→ 写为 NULL（raw_text 保留原值 ""TBA""）"
9144,CN2503628-A,TBA,"→ 写为 NULL（raw_text 保留原值 ""TBA""）"
9145,CN2503629-S,TBA,"→ 写为 NULL（raw_text 保留原值 ""TBA""）"
9147,CN2503631-S1,TBA,"→ 写为 NULL（raw_text 保留原值 ""TBA""）"
9148,CN2503631-S2,TBA,"→ 写为 NULL（raw_text 保留原值 ""TBA""）"
9149,CN2503632-S,TBA,"→ 写为 NULL（raw_text 保留原值 ""TBA""）"
9150,CN2503633-S,TBA,"→ 写为 NULL（raw_text 保留原值 ""TBA""）"
9151,CN2503634-S,TBA,"→ 写为 NULL（raw_text 保留原值 ""TBA""）"
9152,CN2503635-S,TBA,"→ 写为 NULL（raw_text 保留原值 ""TBA""）"
9156,CN2503639-A,TBA,"→ 写为 NULL（raw_text 保留原值 ""TBA""）"
9158,CN2503641-A,TBA,"→ 写为 NULL（raw_text 保留原值 ""TBA""）"
9160,CN2503643-S,TBA,"→ 写为 NULL（raw_text 保留原值 ""TBA""）"
9164,CN2503647-A,TBA,"→ 写为 NULL（raw_text 保留原值 ""TBA""）"
9165,CN2503648-A,TBA,"→ 写为 NULL（raw_text 保留原值 ""TBA""）"
9167,CN2503650-A,TBA,"→ 写为 NULL（raw_text 保留原值 ""TBA""）"
9168,CN2503651-A,TBA,"→ 写为 NULL（raw_text 保留原值 ""TBA""）"
9169,CN2503652-A,TBA,"→ 写为 NULL（raw_text 保留原值 ""TBA""）"
9170,CN2503653-S,TBA,"→ 写为 NULL（raw_text 保留原值 ""TBA""）"
9171,CN2503654-S,TBA,"→ 写为 NULL（raw_text 保留原值 ""TBA""）"
9172,CN2503655-A,TBA,"→ 写为 NULL（raw_text 保留原值 ""TBA""）"
9173,CN2503656-A,TBA,"→ 写为 NULL（raw_text 保留原值 ""TBA""）"
9174,CN2503657-A,TBA,"→ 写为 NULL（raw_text 保留原值 ""TBA""）"
9175,CN2503658-A,TBA,"→ 写为 NULL（raw_text 保留原值 ""TBA""）"
9176,CN2503659-AS,TBA,"→ 写为 NULL（raw_text 保留原值 ""TBA""）"
9177,CN2503659-AS1,TBA,"→ 写为 NULL（raw_text 保留原值 ""TBA""）"
9179,CN2503661-A,TBA,"→ 写为 NULL（raw_text 保留原值 ""TBA""）"
9180,CN2503662-S,TBA,"→ 写为 NULL（raw_text 保留原值 ""TBA""）"
9181,CN2503663-A,TBA,"→ 写为 NULL（raw_text 保留原值 ""TBA""）"
9182,CN2503664-A,TBA,"→ 写为 NULL（raw_text 保留原值 ""TBA""）"
9183,CN2503665-S,TBA,"→ 写为 NULL（raw_text 保留原值 ""TBA""）"
9184,CN2503666-S,TBA,"→ 写为 NULL（raw_text 保留原值 ""TBA""）"
9185,CN2503667-A,TBA,"→ 写为 NULL（raw_text 保留原值 ""TBA""）"
9188,CN2503669-A,TBA,"→ 写为 NULL（raw_text 保留原值 ""TBA""）"
9189,CN2503670-S,TBA,"→ 写为 NULL（raw_text 保留原值 ""TBA""）"
9191,CN2503672-A,TBA,"→ 写为 NULL（raw_text 保留原值 ""TBA""）"
9192,CN2503673-A,TBA,"→ 写为 NULL（raw_text 保留原值 ""TBA""）"
9193,CN2503674-R,TBA,"→ 写为 NULL（raw_text 保留原值 ""TBA""）"
9194,CN2503675-S,TBA,"→ 写为 NULL（raw_text 保留原值 ""TBA""）"
9195,CN2503676-S,TBA,"→ 写为 NULL（raw_text 保留原值 ""TBA""）"
9203,CN2503684-S,TBA,"→ 写为 NULL（raw_text 保留原值 ""TBA""）"
9204,CN2503685-A,TBA,"→ 写为 NULL（raw_text 保留原值 ""TBA""）"
9205,CN2504001-S,TBA,"→ 写为 NULL（raw_text 保留原值 ""TBA""）"
9207,CN2504003-S,TBA,"→ 写为 NULL（raw_text 保留原值 ""TBA""）"
9208,CN2504004-S,TBA,"→ 写为 NULL（raw_text 保留原值 ""TBA""）"
9209,CN2504005-A,TBA,"→ 写为 NULL（raw_text 保留原值 ""TBA""）"
9210,CN2504006-A,TBA,"→ 写为 NULL（raw_text 保留原值 ""TBA""）"
9211,CN2504007-A,TBA,"→ 写为 NULL（raw_text 保留原值 ""TBA""）"
9213,CN2504009-S,TBA,"→ 写为 NULL（raw_text 保留原值 ""TBA""）"
9215,CN2504011-S,TBA,"→ 写为 NULL（raw_text 保留原值 ""TBA""）"
9216,CN2504012-A,TBA,"→ 写为 NULL（raw_text 保留原值 ""TBA""）"
9217,CN2504013-S,TBA,"→ 写为 NULL（raw_text 保留原值 ""TBA""）"
9218,CN2504014-S,TBA,"→ 写为 NULL（raw_text 保留原值 ""TBA""）"
9219,CN2504015-AS,TBA,"→ 写为 NULL（raw_text 保留原值 ""TBA""）"
9220,CN2504016-S,TBA,"→ 写为 NULL（raw_text 保留原值 ""TBA""）"
9221,CN2504017-S,TBA,"→ 写为 NULL（raw_text 保留原值 ""TBA""）"
9222,CN2504018-A,TBA,"→ 写为 NULL（raw_text 保留原值 ""TBA""）"
9223,CN2504019-A,TBA,"→ 写为 NULL（raw_text 保留原值 ""TBA""）"
9224,CN2504020-A,TBA,"→ 写为 NULL（raw_text 保留原值 ""TBA""）"
9225,CN2504021-S,TBA,"→ 写为 NULL（raw_text 保留原值 ""TBA""）"
9226,CN2504022-S,TBA,"→ 写为 NULL（raw_text 保留原值 ""TBA""）"
9227,CN2504023-S,TBA,"→ 写为 NULL（raw_text 保留原值 ""TBA""）"
9228,CN2504024-S,TBA,"→ 写为 NULL（raw_text 保留原值 ""TBA""）"
9229,CN2504025-S,TBA,"→ 写为 NULL（raw_text 保留原值 ""TBA""）"
9230,CN2504026-A,TBA,"→ 写为 NULL（raw_text 保留原值 ""TBA""）"
9231,CN2504027-A,TBA,"→ 写为 NULL（raw_text 保留原值 ""TBA""）"
9232,CN2504028-S,TBA,"→ 写为 NULL（raw_text 保留原值 ""TBA""）"
9233,CN2504029-A,TBA,"→ 写为 NULL（raw_text 保留原值 ""TBA""）"
9234,CN2504030-S,TBA,"→ 写为 NULL（raw_text 保留原值 ""TBA""）"
9235,CN2504031-S,TBA,"→ 写为 NULL（raw_text 保留原值 ""TBA""）"
9236,CN2504032-S,TBA,"→ 写为 NULL（raw_text 保留原值 ""TBA""）"
9237,CN2504033-S,TBA,"→ 写为 NULL（raw_text 保留原值 ""TBA""）"
9238,CN2504034-A,TBA,"→ 写为 NULL（raw_text 保留原值 ""TBA""）"
9239,CN2504035-S,TBA,"→ 写为 NULL（raw_text 保留原值 ""TBA""）"
9240,CN2504036-S,TBA,"→ 写为 NULL（raw_text 保留原值 ""TBA""）"
9241,CN2504037-S,TBA,"→ 写为 NULL（raw_text 保留原值 ""TBA""）"
9242,CN2504038-A,TBA,"→ 写为 NULL（raw_text 保留原值 ""TBA""）"
9243,CN2504039-A,TBA,"→ 写为 NULL（raw_text 保留原值 ""TBA""）"
9244,CN2504040-A,TBA,"→ 写为 NULL（raw_text 保留原值 ""TBA""）"
9245,CN2504041-A,TBA,"→ 写为 NULL（raw_text 保留原值 ""TBA""）"
9246,CN2504042-A,TBA,"→ 写为 NULL（raw_text 保留原值 ""TBA""）"
9249,CN2504045-A,TBA,"→ 写为 NULL（raw_text 保留原值 ""TBA""）"
9250,CN2504046-S,TBA,"→ 写为 NULL（raw_text 保留原值 ""TBA""）"
9251,CN2504047-A,TBA,"→ 写为 NULL（raw_text 保留原值 ""TBA""）"
9252,CN2504048-A,TBA,"→ 写为 NULL（raw_text 保留原值 ""TBA""）"
9253,CN2504049-S,TBA,"→ 写为 NULL（raw_text 保留原值 ""TBA""）"
9254,CN2504050-S,TBA,"→ 写为 NULL（raw_text 保留原值 ""TBA""）"
9255,CN2504051-S,TBA,"→ 写为 NULL（raw_text 保留原值 ""TBA""）"
9256,CN2504052-S,TBA,"→ 写为 NULL（raw_text 保留原值 ""TBA""）"
9259,CN2504055-A,TBA,"→ 写为 NULL（raw_text 保留原值 ""TBA""）"
9261,CN2504057-A,TBA,"→ 写为 NULL（raw_text 保留原值 ""TBA""）"
9262,CN2504058-S,TBA,"→ 写为 NULL（raw_text 保留原值 ""TBA""）"
9266,CN2504062-S,TBA,"→ 写为 NULL（raw_text 保留原值 ""TBA""）"
9268,CN2504064-A,TBA,"→ 写为 NULL（raw_text 保留原值 ""TBA""）"
9269,CN2504065-A,TBA,"→ 写为 NULL（raw_text 保留原值 ""TBA""）"
9270,CN2504065-A1,TBA,"→ 写为 NULL（raw_text 保留原值 ""TBA""）"
9272,CN2504067-A,TBA,"→ 写为 NULL（raw_text 保留原值 ""TBA""）"
9273,CN2504068-A,TBA,"→ 写为 NULL（raw_text 保留原值 ""TBA""）"
9274,CN2504069-A,TBA,"→ 写为 NULL（raw_text 保留原值 ""TBA""）"
9275,CN2504070-S,TBA,"→ 写为 NULL（raw_text 保留原值 ""TBA""）"
9277,CN2504072-A,TBA,"→ 写为 NULL（raw_text 保留原值 ""TBA""）"
9278,CN2504073-AS,TBA,"→ 写为 NULL（raw_text 保留原值 ""TBA""）"
9279,CN2504073-AS1,TBA,"→ 写为 NULL（raw_text 保留原值 ""TBA""）"
9280,CN2504074-S,TBA,"→ 写为 NULL（raw_text 保留原值 ""TBA""）"
9281,CN2504075-A,TBA,"→ 写为 NULL（raw_text 保留原值 ""TBA""）"
9282,CN2504076-A,TBA,"→ 写为 NULL（raw_text 保留原值 ""TBA""）"
9283,CN2504077-R,TBA,"→ 写为 NULL（raw_text 保留原值 ""TBA""）"
9284,CN2504078-A,TBA,"→ 写为 NULL（raw_text 保留原值 ""TBA""）"
9285,CN2504079-S,TBA,"→ 写为 NULL（raw_text 保留原值 ""TBA""）"
9286,CN2504080-S,TBA,"→ 写为 NULL（raw_text 保留原值 ""TBA""）"
9287,CN2504081-S,TBA,"→ 写为 NULL（raw_text 保留原值 ""TBA""）"
9288,CN2504082-S,TBA,"→ 写为 NULL（raw_text 保留原值 ""TBA""）"
9289,CN2504083-A,TBA,"→ 写为 NULL（raw_text 保留原值 ""TBA""）"
9294,CN2504088-A,TBA,"→ 写为 NULL（raw_text 保留原值 ""TBA""）"
9295,CN2504089-A,TBA,"→ 写为 NULL（raw_text 保留原值 ""TBA""）"
9296,CN2504090-A,TBA,"→ 写为 NULL（raw_text 保留原值 ""TBA""）"
9297,CN2504091-A,TBA,"→ 写为 NULL（raw_text 保留原值 ""TBA""）"
9298,CN2504092-S,TBA,"→ 写为 NULL（raw_text 保留原值 ""TBA""）"
9299,CN2504093-S,TBA,"→ 写为 NULL（raw_text 保留原值 ""TBA""）"
9300,CN2504094-A,TBA,"→ 写为 NULL（raw_text 保留原值 ""TBA""）"
9301,CN2504094-A1,TBA,"→ 写为 NULL（raw_text 保留原值 ""TBA""）"
9302,CN2504095-A,TBA,"→ 写为 NULL（raw_text 保留原值 ""TBA""）"
9303,CN2504096-A,TBA,"→ 写为 NULL（raw_text 保留原值 ""TBA""）"
9304,CN2504097-A,TBA,"→ 写为 NULL（raw_text 保留原值 ""TBA""）"
9306,CN2504099-S,TBA,"→ 写为 NULL（raw_text 保留原值 ""TBA""）"
9307,CN2504100-S,TBA,"→ 写为 NULL（raw_text 保留原值 ""TBA""）"
9308,CN2504101-A,TBA,"→ 写为 NULL（raw_text 保留原值 ""TBA""）"
9309,CN2504102-A,TBA,"→ 写为 NULL（raw_text 保留原值 ""TBA""）"
9310,CN2504103-A,TBA,"→ 写为 NULL（raw_text 保留原值 ""TBA""）"
9311,CN2504104-S,TBA,"→ 写为 NULL（raw_text 保留原值 ""TBA""）"
9312,CN2504105-A,TBA,"→ 写为 NULL（raw_text 保留原值 ""TBA""）"
9313,CN2504106-S,TBA,"→ 写为 NULL（raw_text 保留原值 ""TBA""）"
9314,CN2504107-A,TBA,"→ 写为 NULL（raw_text 保留原值 ""TBA""）"
9315,CN2504108-S,TBA,"→ 写为 NULL（raw_text 保留原值 ""TBA""）"
9316,CN2504109-AS,TBA,"→ 写为 NULL（raw_text 保留原值 ""TBA""）"
9317,CN2504109-AS1,TBA,"→ 写为 NULL（raw_text 保留原值 ""TBA""）"
9318,CN2504110-S,TBA,"→ 写为 NULL（raw_text 保留原值 ""TBA""）"
9319,CN2504111-A,TBA,"→ 写为 NULL（raw_text 保留原值 ""TBA""）"
9321,CN2504113-S,TBA,"→ 写为 NULL（raw_text 保留原值 ""TBA""）"
9322,CN2504114-A,TBA,"→ 写为 NULL（raw_text 保留原值 ""TBA""）"
9323,CN2504115-S,TBA,"→ 写为 NULL（raw_text 保留原值 ""TBA""）"
9325,CN2504117-A,TBA,"→ 写为 NULL（raw_text 保留原值 ""TBA""）"
9328,CN2504120-A,TBA,"→ 写为 NULL（raw_text 保留原值 ""TBA""）"
9329,CN2504121-S,TBA,"→ 写为 NULL（raw_text 保留原值 ""TBA""）"
9330,CN2504122-S,TBA,"→ 写为 NULL（raw_text 保留原值 ""TBA""）"
9331,CN2504123-S,TBA,"→ 写为 NULL（raw_text 保留原值 ""TBA""）"
9332,CN2504124-S,TBA,"→ 写为 NULL（raw_text 保留原值 ""TBA""）"
9333,CN2504125-A,TBA,"→ 写为 NULL（raw_text 保留原值 ""TBA""）"
9334,CN2504126-A,TBA,"→ 写为 NULL（raw_text 保留原值 ""TBA""）"
9335,CN2504127-S,TBA,"→ 写为 NULL（raw_text 保留原值 ""TBA""）"
9336,CN2504128-S,TBA,"→ 写为 NULL（raw_text 保留原值 ""TBA""）"
9337,CN2504129-S,TBA,"→ 写为 NULL（raw_text 保留原值 ""TBA""）"
9339,CN2504131-S,TBA,"→ 写为 NULL（raw_text 保留原值 ""TBA""）"
9340,CN2504132-A,TBA,"→ 写为 NULL（raw_text 保留原值 ""TBA""）"
9341,CN2504133-A,TBA,"→ 写为 NULL（raw_text 保留原值 ""TBA""）"
9342,CN2504134-S,TBA,"→ 写为 NULL（raw_text 保留原值 ""TBA""）"
9343,CN2504135-S,TBA,"→ 写为 NULL（raw_text 保留原值 ""TBA""）"
9344,CN2504136-A,TBA,"→ 写为 NULL（raw_text 保留原值 ""TBA""）"
9345,CN2504137-R,TBA,"→ 写为 NULL（raw_text 保留原值 ""TBA""）"
9346,CN2504138-A,TBA,"→ 写为 NULL（raw_text 保留原值 ""TBA""）"
9347,CN2504139-S,TBA,"→ 写为 NULL（raw_text 保留原值 ""TBA""）"
9348,CN2504140-A,TBA,"→ 写为 NULL（raw_text 保留原值 ""TBA""）"
9349,CN2504140-A1,TBA,"→ 写为 NULL（raw_text 保留原值 ""TBA""）"
9350,CN2504141-S,TBA,"→ 写为 NULL（raw_text 保留原值 ""TBA""）"
9351,CN2504142-A,TBA,"→ 写为 NULL（raw_text 保留原值 ""TBA""）"
9352,CN2504143-S,TBA,"→ 写为 NULL（raw_text 保留原值 ""TBA""）"
9353,CN2504144-S,TBA,"→ 写为 NULL（raw_text 保留原值 ""TBA""）"
9354,CN2504145-A,TBA,"→ 写为 NULL（raw_text 保留原值 ""TBA""）"
9355,CN2504146-S,TBA,"→ 写为 NULL（raw_text 保留原值 ""TBA""）"
9356,CN2504147-A,TBA,"→ 写为 NULL（raw_text 保留原值 ""TBA""）"
9357,CN2504148-A,TBA,"→ 写为 NULL（raw_text 保留原值 ""TBA""）"
9358,CN2504149-A,TBA,"→ 写为 NULL（raw_text 保留原值 ""TBA""）"
9359,CN2504150-A,TBA,"→ 写为 NULL（raw_text 保留原值 ""TBA""）"
9360,CN2504151-S,TBA,"→ 写为 NULL（raw_text 保留原值 ""TBA""）"
9361,CN2504152-A,TBA,"→ 写为 NULL（raw_text 保留原值 ""TBA""）"
9362,CN2504153-S,TBA,"→ 写为 NULL（raw_text 保留原值 ""TBA""）"
9363,CN2504154-S,TBA,"→ 写为 NULL（raw_text 保留原值 ""TBA""）"
9364,CN2504155-S,TBA,"→ 写为 NULL（raw_text 保留原值 ""TBA""）"
9365,CN2504156-S,TBA,"→ 写为 NULL（raw_text 保留原值 ""TBA""）"
9367,CN2504158-S,TBA,"→ 写为 NULL（raw_text 保留原值 ""TBA""）"
9368,CN2504159-A,TBA,"→ 写为 NULL（raw_text 保留原值 ""TBA""）"
9369,CN2504160-A,TBA,"→ 写为 NULL（raw_text 保留原值 ""TBA""）"
9370,CN2504161-A,TBA,"→ 写为 NULL（raw_text 保留原值 ""TBA""）"
9375,CN2504163-A,TBA,"→ 写为 NULL（raw_text 保留原值 ""TBA""）"
9376,CN2504164-S,TBA,"→ 写为 NULL（raw_text 保留原值 ""TBA""）"
9377,CN2504165-A,TBA,"→ 写为 NULL（raw_text 保留原值 ""TBA""）"
9378,CN2504166-A,TBA,"→ 写为 NULL（raw_text 保留原值 ""TBA""）"
9379,CN2504167-S,TBA,"→ 写为 NULL（raw_text 保留原值 ""TBA""）"
9380,CN2504168-S,TBA,"→ 写为 NULL（raw_text 保留原值 ""TBA""）"
9381,CN2504169-S,TBA,"→ 写为 NULL（raw_text 保留原值 ""TBA""）"
9382,CN2504170-S,TBA,"→ 写为 NULL（raw_text 保留原值 ""TBA""）"
9383,CN2504171-S,TBA,"→ 写为 NULL（raw_text 保留原值 ""TBA""）"
9384,CN2504172-S,TBA,"→ 写为 NULL（raw_text 保留原值 ""TBA""）"
9385,CN2504173-S,TBA,"→ 写为 NULL（raw_text 保留原值 ""TBA""）"
9386,CN2504174-S,TBA,"→ 写为 NULL（raw_text 保留原值 ""TBA""）"
9387,CN2504175-S,TBA,"→ 写为 NULL（raw_text 保留原值 ""TBA""）"
9388,CN2504176-S,TBA,"→ 写为 NULL（raw_text 保留原值 ""TBA""）"
9389,CN2504177-S,TBA,"→ 写为 NULL（raw_text 保留原值 ""TBA""）"
9390,CN2504178-S,TBA,"→ 写为 NULL（raw_text 保留原值 ""TBA""）"
9393,CN2504181-S,TBA,"→ 写为 NULL（raw_text 保留原值 ""TBA""）"
9394,CN2504182-S,TBA,"→ 写为 NULL（raw_text 保留原值 ""TBA""）"
9395,CN2504183-A,TBA,"→ 写为 NULL（raw_text 保留原值 ""TBA""）"
9396,CN2504184-S,TBA,"→ 写为 NULL（raw_text 保留原值 ""TBA""）"
9397,CN2504185-S,TBA,"→ 写为 NULL（raw_text 保留原值 ""TBA""）"
9400,CN2504188-A,TBA,"→ 写为 NULL（raw_text 保留原值 ""TBA""）"
9401,CN2504189-S,TBA,"→ 写为 NULL（raw_text 保留原值 ""TBA""）"
9402,CN2504190-S,TBA,"→ 写为 NULL（raw_text 保留原值 ""TBA""）"
9403,CN2504191-S,TBA,"→ 写为 NULL（raw_text 保留原值 ""TBA""）"
9404,CN2504192-S,TBA,"→ 写为 NULL（raw_text 保留原值 ""TBA""）"
9405,CN2504193-S,TBA,"→ 写为 NULL（raw_text 保留原值 ""TBA""）"
9407,CN2504195-S,TBA,"→ 写为 NULL（raw_text 保留原值 ""TBA""）"
9408,CN2504196-A,TBA,"→ 写为 NULL（raw_text 保留原值 ""TBA""）"
9409,CN2504197-S,TBA,"→ 写为 NULL（raw_text 保留原值 ""TBA""）"
9410,CN2504198-A,TBA,"→ 写为 NULL（raw_text 保留原值 ""TBA""）"
9411,CN2504198-A1,TBA,"→ 写为 NULL（raw_text 保留原值 ""TBA""）"
9412,CN2504199-A,TBA,"→ 写为 NULL（raw_text 保留原值 ""TBA""）"
9413,CN2504200-S,TBA,"→ 写为 NULL（raw_text 保留原值 ""TBA""）"
9414,CN2504201-A,TBA,"→ 写为 NULL（raw_text 保留原值 ""TBA""）"
9415,CN2504202-A,TBA,"→ 写为 NULL（raw_text 保留原值 ""TBA""）"
9417,CN2504204-A,TBA,"→ 写为 NULL（raw_text 保留原值 ""TBA""）"
9418,CN2504205-A,TBA,"→ 写为 NULL（raw_text 保留原值 ""TBA""）"
9419,CN2504206-S,TBA,"→ 写为 NULL（raw_text 保留原值 ""TBA""）"
9423,CN2504210-S,TBA,"→ 写为 NULL（raw_text 保留原值 ""TBA""）"
9426,CN2504213-A,TBA,"→ 写为 NULL（raw_text 保留原值 ""TBA""）"
9427,CN2504214-S,TBA,"→ 写为 NULL（raw_text 保留原值 ""TBA""）"
9430,CN2504217-S,TBA,"→ 写为 NULL（raw_text 保留原值 ""TBA""）"
9431,CN2504218-A,TBA,"→ 写为 NULL（raw_text 保留原值 ""TBA""）"
9432,CN2504219-A,TBA,"→ 写为 NULL（raw_text 保留原值 ""TBA""）"
9434,CN2504221-S,TBA,"→ 写为 NULL（raw_text 保留原值 ""TBA""）"
9435,CN2504222-S,TBA,"→ 写为 NULL（raw_text 保留原值 ""TBA""）"
9436,CN2504223-A,TBA,"→ 写为 NULL（raw_text 保留原值 ""TBA""）"
9437,CN2504224-S,TBA,"→ 写为 NULL（raw_text 保留原值 ""TBA""）"
9438,CN2504225-A,TBA,"→ 写为 NULL（raw_text 保留原值 ""TBA""）"
9439,CN2504226-S,TBA,"→ 写为 NULL（raw_text 保留原值 ""TBA""）"
9440,CN2504227-A,TBA,"→ 写为 NULL（raw_text 保留原值 ""TBA""）"
9441,CN2504228-S,TBA,"→ 写为 NULL（raw_text 保留原值 ""TBA""）"
9442,CN2504229-A,TBA,"→ 写为 NULL（raw_text 保留原值 ""TBA""）"
9443,CN2504230-A,TBA,"→ 写为 NULL（raw_text 保留原值 ""TBA""）"
9445,CN2504232-A,TBA,"→ 写为 NULL（raw_text 保留原值 ""TBA""）"
9452,CN2504239-A,TBA,"→ 写为 NULL（raw_text 保留原值 ""TBA""）"
9454,CN2504241-S,TBA,"→ 写为 NULL（raw_text 保留原值 ""TBA""）"
9455,CN2504242-A,TBA,"→ 写为 NULL（raw_text 保留原值 ""TBA""）"
9456,CN2504243-A,TBA,"→ 写为 NULL（raw_text 保留原值 ""TBA""）"
9457,CN2504244-S,TBA,"→ 写为 NULL（raw_text 保留原值 ""TBA""）"
9459,CN2504246-A,TBA,"→ 写为 NULL（raw_text 保留原值 ""TBA""）"
9460,CN2504247-S,TBA,"→ 写为 NULL（raw_text 保留原值 ""TBA""）"
9461,CN2504248-A,TBA,"→ 写为 NULL（raw_text 保留原值 ""TBA""）"
9462,CN2504249-S,TBA,"→ 写为 NULL（raw_text 保留原值 ""TBA""）"
9463,CN2504250-A,TBA,"→ 写为 NULL（raw_text 保留原值 ""TBA""）"
9464,CN2504251-S,TBA,"→ 写为 NULL（raw_text 保留原值 ""TBA""）"
9465,CN2504252-S,TBA,"→ 写为 NULL（raw_text 保留原值 ""TBA""）"
9467,CN2504254-S,TBA,"→ 写为 NULL（raw_text 保留原值 ""TBA""）"
9468,CN2504255-S,TBA,"→ 写为 NULL（raw_text 保留原值 ""TBA""）"
9469,CN2504256-S,TBA,"→ 写为 NULL（raw_text 保留原值 ""TBA""）"
9470,CN2504257-S,TBA,"→ 写为 NULL（raw_text 保留原值 ""TBA""）"
9471,CN2504258-A,TBA,"→ 写为 NULL（raw_text 保留原值 ""TBA""）"
9472,CN2504259-A,TBA,"→ 写为 NULL（raw_text 保留原值 ""TBA""）"
9473,CN2504260-A,TBA,"→ 写为 NULL（raw_text 保留原值 ""TBA""）"
9474,CN2504261-A,TBA,"→ 写为 NULL（raw_text 保留原值 ""TBA""）"
9475,CN2504262-A,TBA,"→ 写为 NULL（raw_text 保留原值 ""TBA""）"
9476,CN2504263-A,TBA,"→ 写为 NULL（raw_text 保留原值 ""TBA""）"
9477,CN2504264-S,TBA,"→ 写为 NULL（raw_text 保留原值 ""TBA""）"
9478,CN2504265-S,TBA,"→ 写为 NULL（raw_text 保留原值 ""TBA""）"
9479,CN2504266-S,TBA,"→ 写为 NULL（raw_text 保留原值 ""TBA""）"
9480,CN2504267-A,TBA,"→ 写为 NULL（raw_text 保留原值 ""TBA""）"
9481,CN2504268-A,TBA,"→ 写为 NULL（raw_text 保留原值 ""TBA""）"
9482,CN2504269-S,TBA,"→ 写为 NULL（raw_text 保留原值 ""TBA""）"
9483,CN2504270-S,TBA,"→ 写为 NULL（raw_text 保留原值 ""TBA""）"
9484,CN2504271-A,TBA,"→ 写为 NULL（raw_text 保留原值 ""TBA""）"
9485,CN2504272-S,TBA,"→ 写为 NULL（raw_text 保留原值 ""TBA""）"
9486,CN2504273-A,TBA,"→ 写为 NULL（raw_text 保留原值 ""TBA""）"
9487,CN2504274-A,TBA,"→ 写为 NULL（raw_text 保留原值 ""TBA""）"
9488,CN2504275-S,TBA,"→ 写为 NULL（raw_text 保留原值 ""TBA""）"
9489,CN2504276-A,TBA,"→ 写为 NULL（raw_text 保留原值 ""TBA""）"
9490,CN2504277-A,TBA,"→ 写为 NULL（raw_text 保留原值 ""TBA""）"
9491,CN2504278-A,TBA,"→ 写为 NULL（raw_text 保留原值 ""TBA""）"
9492,CN2504279-S,TBA,"→ 写为 NULL（raw_text 保留原值 ""TBA""）"
9493,CN2504280-S,TBA,"→ 写为 NULL（raw_text 保留原值 ""TBA""）"
9494,CN2504281-S,TBA,"→ 写为 NULL（raw_text 保留原值 ""TBA""）"
9495,CN2504282-S,TBA,"→ 写为 NULL（raw_text 保留原值 ""TBA""）"
9496,CN2504283-S,TBA,"→ 写为 NULL（raw_text 保留原值 ""TBA""）"
9497,CN2504284-S,TBA,"→ 写为 NULL（raw_text 保留原值 ""TBA""）"
9498,CN2504285-S,TBA,"→ 写为 NULL（raw_text 保留原值 ""TBA""）"
9499,CN2504286-S,TBA,"→ 写为 NULL（raw_text 保留原值 ""TBA""）"
9500,CN2504287-A,TBA,"→ 写为 NULL（raw_text 保留原值 ""TBA""）"
9501,CN2504288-A,TBA,"→ 写为 NULL（raw_text 保留原值 ""TBA""）"
9502,CN2504289-S,TBA,"→ 写为 NULL（raw_text 保留原值 ""TBA""）"
9503,CN2504290-S,TBA,"→ 写为 NULL（raw_text 保留原值 ""TBA""）"
9504,CN2504291-S,TBA,"→ 写为 NULL（raw_text 保留原值 ""TBA""）"
9505,CN2504292-S,TBA,"→ 写为 NULL（raw_text 保留原值 ""TBA""）"
9506,CN2504293-S,TBA,"→ 写为 NULL（raw_text 保留原值 ""TBA""）"
9508,CN2504295-S,TBA,"→ 写为 NULL（raw_text 保留原值 ""TBA""）"
9509,CN2504296-A,TBA,"→ 写为 NULL（raw_text 保留原值 ""TBA""）"
9510,CN2504297-S,TBA,"→ 写为 NULL（raw_text 保留原值 ""TBA""）"
9511,CN2504298-A,TBA,"→ 写为 NULL（raw_text 保留原值 ""TBA""）"
9512,CN2504299-S,TBA,"→ 写为 NULL（raw_text 保留原值 ""TBA""）"
9513,CN2504300-S,TBA,"→ 写为 NULL（raw_text 保留原值 ""TBA""）"
9514,CN2504301-S,TBA,"→ 写为 NULL（raw_text 保留原值 ""TBA""）"
9515,CN2504302-A,TBA,"→ 写为 NULL（raw_text 保留原值 ""TBA""）"
9516,CN2504303-A,TBA,"→ 写为 NULL（raw_text 保留原值 ""TBA""）"
9517,CN2504304-S,TBA,"→ 写为 NULL（raw_text 保留原值 ""TBA""）"
9518,CN2504305-S,TBA,"→ 写为 NULL（raw_text 保留原值 ""TBA""）"
9519,CN2504306-A,TBA,"→ 写为 NULL（raw_text 保留原值 ""TBA""）"
9520,CN2504307-S,TBA,"→ 写为 NULL（raw_text 保留原值 ""TBA""）"
9521,CN2504308-S,TBA,"→ 写为 NULL（raw_text 保留原值 ""TBA""）"
9522,CN2504309-S,TBA,"→ 写为 NULL（raw_text 保留原值 ""TBA""）"
9523,CN2504310-A,TBA,"→ 写为 NULL（raw_text 保留原值 ""TBA""）"
9524,CN2504311-S,TBA,"→ 写为 NULL（raw_text 保留原值 ""TBA""）"
9525,CN2504312-A,TBA,"→ 写为 NULL（raw_text 保留原值 ""TBA""）"
9526,CN2504313-S,TBA,"→ 写为 NULL（raw_text 保留原值 ""TBA""）"
9528,CN2504315-S,TBA,"→ 写为 NULL（raw_text 保留原值 ""TBA""）"
9529,CN2504316-S,TBA,"→ 写为 NULL（raw_text 保留原值 ""TBA""）"
9530,CN2504317-S,TBA,"→ 写为 NULL（raw_text 保留原值 ""TBA""）"
9531,CN2504318-S,TBA,"→ 写为 NULL（raw_text 保留原值 ""TBA""）"
9532,CN2504319-S,TBA,"→ 写为 NULL（raw_text 保留原值 ""TBA""）"
9533,CN2504320-R,TBA,"→ 写为 NULL（raw_text 保留原值 ""TBA""）"
9534,CN2504321-A,TBA,"→ 写为 NULL（raw_text 保留原值 ""TBA""）"
9536,CN2504323-A,TBA,"→ 写为 NULL（raw_text 保留原值 ""TBA""）"
9537,CN2504324-A,TBA,"→ 写为 NULL（raw_text 保留原值 ""TBA""）"
9538,CN2504325-S,TBA,"→ 写为 NULL（raw_text 保留原值 ""TBA""）"
9539,CN2504326-S,TBA,"→ 写为 NULL（raw_text 保留原值 ""TBA""）"
9540,CN2504327-S,TBA,"→ 写为 NULL（raw_text 保留原值 ""TBA""）"
9541,CN2504328-S,TBA,"→ 写为 NULL（raw_text 保留原值 ""TBA""）"
9542,CN2504329-A,TBA,"→ 写为 NULL（raw_text 保留原值 ""TBA""）"
9543,CN2504330-A,TBA,"→ 写为 NULL（raw_text 保留原值 ""TBA""）"
9544,CN2504331-S,TBA,"→ 写为 NULL（raw_text 保留原值 ""TBA""）"
9545,CN2504332-S,TBA,"→ 写为 NULL（raw_text 保留原值 ""TBA""）"
9546,CN2504333-A,TBA,"→ 写为 NULL（raw_text 保留原值 ""TBA""）"
9547,CN2504334-S,TBA,"→ 写为 NULL（raw_text 保留原值 ""TBA""）"
9549,CN2504336-A,TBA,"→ 写为 NULL（raw_text 保留原值 ""TBA""）"
9551,CN2504338-A,TBA,"→ 写为 NULL（raw_text 保留原值 ""TBA""）"
9552,CN2504339-S,TBA,"→ 写为 NULL（raw_text 保留原值 ""TBA""）"
9553,CN2504340-A,TBA,"→ 写为 NULL（raw_text 保留原值 ""TBA""）"
9554,CN2504341-S,TBA,"→ 写为 NULL（raw_text 保留原值 ""TBA""）"
9555,CN2504342-S,TBA,"→ 写为 NULL（raw_text 保留原值 ""TBA""）"
9556,CN2504343-R,TBA,"→ 写为 NULL（raw_text 保留原值 ""TBA""）"
9557,CN2504344-S,TBA,"→ 写为 NULL（raw_text 保留原值 ""TBA""）"
9558,CN2504345-S,TBA,"→ 写为 NULL（raw_text 保留原值 ""TBA""）"
9559,CN2504346-S,TBA,"→ 写为 NULL（raw_text 保留原值 ""TBA""）"
9560,CN2504347-S,TBA,"→ 写为 NULL（raw_text 保留原值 ""TBA""）"
9561,CN2504348-A,TBA,"→ 写为 NULL（raw_text 保留原值 ""TBA""）"
9562,CN2504349-A,TBA,"→ 写为 NULL（raw_text 保留原值 ""TBA""）"
9563,CN2504350-A,TBA,"→ 写为 NULL（raw_text 保留原值 ""TBA""）"
9564,CN2504351-A,TBA,"→ 写为 NULL（raw_text 保留原值 ""TBA""）"
9565,CN2504352-S,TBA,"→ 写为 NULL（raw_text 保留原值 ""TBA""）"
9566,CN2504353-A,TBA,"→ 写为 NULL（raw_text 保留原值 ""TBA""）"
9567,CN2504354-A,TBA,"→ 写为 NULL（raw_text 保留原值 ""TBA""）"
9568,CN2504355-S,TBA,"→ 写为 NULL（raw_text 保留原值 ""TBA""）"
9569,CN2504356-A,TBA,"→ 写为 NULL（raw_text 保留原值 ""TBA""）"
9570,CN2504357-A,TBA,"→ 写为 NULL（raw_text 保留原值 ""TBA""）"
9571,CN2504358-A,TBA,"→ 写为 NULL（raw_text 保留原值 ""TBA""）"
9572,CN2504359-A,TBA,"→ 写为 NULL（raw_text 保留原值 ""TBA""）"
9573,CN2504360-A,TBA,"→ 写为 NULL（raw_text 保留原值 ""TBA""）"
9574,CN2504361-A,TBA,"→ 写为 NULL（raw_text 保留原值 ""TBA""）"
9575,CN2504362-A,TBA,"→ 写为 NULL（raw_text 保留原值 ""TBA""）"
9577,CN2504364-A,TBA,"→ 写为 NULL（raw_text 保留原值 ""TBA""）"
9578,CN2504365-S,TBA,"→ 写为 NULL（raw_text 保留原值 ""TBA""）"
9579,CN2504366-A,TBA,"→ 写为 NULL（raw_text 保留原值 ""TBA""）"
9580,CN2504367-S,TBA,"→ 写为 NULL（raw_text 保留原值 ""TBA""）"
9581,CN2504368-S,TBA,"→ 写为 NULL（raw_text 保留原值 ""TBA""）"
9582,CN2504369-A,TBA,"→ 写为 NULL（raw_text 保留原值 ""TBA""）"
9583,CN2504370-S,TBA,"→ 写为 NULL（raw_text 保留原值 ""TBA""）"
9584,CN2504371-S,TBA,"→ 写为 NULL（raw_text 保留原值 ""TBA""）"
9585,CN2504372-A,TBA,"→ 写为 NULL（raw_text 保留原值 ""TBA""）"
9586,CN2504373-S,TBA,"→ 写为 NULL（raw_text 保留原值 ""TBA""）"
9587,CN2504374-S,TBA,"→ 写为 NULL（raw_text 保留原值 ""TBA""）"
9588,CN2504375-S,TBA,"→ 写为 NULL（raw_text 保留原值 ""TBA""）"
9589,CN2504376-S,TBA,"→ 写为 NULL（raw_text 保留原值 ""TBA""）"
9590,CN2504377-A,TBA,"→ 写为 NULL（raw_text 保留原值 ""TBA""）"
9591,CN2504378-S,TBA,"→ 写为 NULL（raw_text 保留原值 ""TBA""）"
9592,CN2504379-S,TBA,"→ 写为 NULL（raw_text 保留原值 ""TBA""）"
9593,CN2504380-A,TBA,"→ 写为 NULL（raw_text 保留原值 ""TBA""）"
9594,CN2504381-A,TBA,"→ 写为 NULL（raw_text 保留原值 ""TBA""）"
9595,CN2504382-A,TBA,"→ 写为 NULL（raw_text 保留原值 ""TBA""）"
9596,CN2504383-S,TBA,"→ 写为 NULL（raw_text 保留原值 ""TBA""）"
9597,CN2504384-A,TBA,"→ 写为 NULL（raw_text 保留原值 ""TBA""）"
9598,CN2504385-A,TBA,"→ 写为 NULL（raw_text 保留原值 ""TBA""）"
9599,CN2504386-S,TBA,"→ 写为 NULL（raw_text 保留原值 ""TBA""）"
9600,CN2504387-A,TBA,"→ 写为 NULL（raw_text 保留原值 ""TBA""）"
9601,CN2504388-S,TBA,"→ 写为 NULL（raw_text 保留原值 ""TBA""）"
9602,CN2504389-S,TBA,"→ 写为 NULL（raw_text 保留原值 ""TBA""）"
9603,CN2504390-S,TBA,"→ 写为 NULL（raw_text 保留原值 ""TBA""）"
9604,CN2504391-AS,TBA,"→ 写为 NULL（raw_text 保留原值 ""TBA""）"
9605,CN2504391-AS1,TBA,"→ 写为 NULL（raw_text 保留原值 ""TBA""）"
9606,CN2504392-A,TBA,"→ 写为 NULL（raw_text 保留原值 ""TBA""）"
9610,CN2504396-S,TBA,"→ 写为 NULL（raw_text 保留原值 ""TBA""）"
9613,CN2504399-S,TBA,"→ 写为 NULL（raw_text 保留原值 ""TBA""）"
9615,CN2504401-A,TBA,"→ 写为 NULL（raw_text 保留原值 ""TBA""）"
9618,CN2504404-A,TBA,"→ 写为 NULL（raw_text 保留原值 ""TBA""）"
9619,CN2504405-A,TBA,"→ 写为 NULL（raw_text 保留原值 ""TBA""）"
9621,CN2504407-A,TBA,"→ 写为 NULL（raw_text 保留原值 ""TBA""）"
9628,CN2504414-A1,TBA,"→ 写为 NULL（raw_text 保留原值 ""TBA""）"
9629,CN2504414-A2,TBA,"→ 写为 NULL（raw_text 保留原值 ""TBA""）"
9630,CN2504415-S,TBA,"→ 写为 NULL（raw_text 保留原值 ""TBA""）"
9631,CN2504416-S,TBA,"→ 写为 NULL（raw_text 保留原值 ""TBA""）"
9632,CN2504417-S,TBA,"→ 写为 NULL（raw_text 保留原值 ""TBA""）"
9633,CN2504418-R,TBA,"→ 写为 NULL（raw_text 保留原值 ""TBA""）"
9634,CN2504419-S,TBA,"→ 写为 NULL（raw_text 保留原值 ""TBA""）"
9635,CN2504420-S,TBA,"→ 写为 NULL（raw_text 保留原值 ""TBA""）"
9636,CN2504421-S,TBA,"→ 写为 NULL（raw_text 保留原值 ""TBA""）"
9637,CN2504422-S,TBA,"→ 写为 NULL（raw_text 保留原值 ""TBA""）"
9638,CN2504423-S,TBA,"→ 写为 NULL（raw_text 保留原值 ""TBA""）"
9640,CN2504425-S,TBA,"→ 写为 NULL（raw_text 保留原值 ""TBA""）"
9641,CN2504426-S,TBA,"→ 写为 NULL（raw_text 保留原值 ""TBA""）"
9642,CN2504427-S,TBA,"→ 写为 NULL（raw_text 保留原值 ""TBA""）"
9644,CN2504429-RS,TBA,"→ 写为 NULL（raw_text 保留原值 ""TBA""）"
9645,CN2504429-RS1,TBA,"→ 写为 NULL（raw_text 保留原值 ""TBA""）"
9648,CN2504432-S,TBA,"→ 写为 NULL（raw_text 保留原值 ""TBA""）"
9649,CN2504433-S,TBA,"→ 写为 NULL（raw_text 保留原值 ""TBA""）"
9650,CN2504434-A,TBA,"→ 写为 NULL（raw_text 保留原值 ""TBA""）"
9651,CN2504435-R,TBA,"→ 写为 NULL（raw_text 保留原值 ""TBA""）"
9652,CN2504436-A,TBA,"→ 写为 NULL（raw_text 保留原值 ""TBA""）"
9654,CN2504438-S,TBA,"→ 写为 NULL（raw_text 保留原值 ""TBA""）"
9656,CN2504440-A,TBA,"→ 写为 NULL（raw_text 保留原值 ""TBA""）"
9657,CN2504441-S,TBA,"→ 写为 NULL（raw_text 保留原值 ""TBA""）"
9658,CN2504442-S,TBA,"→ 写为 NULL（raw_text 保留原值 ""TBA""）"
9660,CN2504444-S,TBA,"→ 写为 NULL（raw_text 保留原值 ""TBA""）"
9661,CN2504445-A,TBA,"→ 写为 NULL（raw_text 保留原值 ""TBA""）"
9663,CN2504447-A,TBA,"→ 写为 NULL（raw_text 保留原值 ""TBA""）"
9666,CN2504450-S1,TBA,"→ 写为 NULL（raw_text 保留原值 ""TBA""）"
9667,CN2504450-S2,TBA,"→ 写为 NULL（raw_text 保留原值 ""TBA""）"
9669,CN2504452-A,TBA,"→ 写为 NULL（raw_text 保留原值 ""TBA""）"
9670,CN2504453-S,TBA,"→ 写为 NULL（raw_text 保留原值 ""TBA""）"
9671,CN2504454-S,TBA,"→ 写为 NULL（raw_text 保留原值 ""TBA""）"
9672,CN2504455-A,TBA,"→ 写为 NULL（raw_text 保留原值 ""TBA""）"
9673,CN2504456-S,TBA,"→ 写为 NULL（raw_text 保留原值 ""TBA""）"
9674,CN2504457-S,TBA,"→ 写为 NULL（raw_text 保留原值 ""TBA""）"
9675,CN2504458-S,TBA,"→ 写为 NULL（raw_text 保留原值 ""TBA""）"
9676,CN2504459-A,TBA,"→ 写为 NULL（raw_text 保留原值 ""TBA""）"
9677,CN2504460-A,TBA,"→ 写为 NULL（raw_text 保留原值 ""TBA""）"
9678,CN2504461-A,TBA,"→ 写为 NULL（raw_text 保留原值 ""TBA""）"
9679,CN2504462-S,TBA,"→ 写为 NULL（raw_text 保留原值 ""TBA""）"
9680,CN2504463-S,TBA,"→ 写为 NULL（raw_text 保留原值 ""TBA""）"
9681,CN2504464-A,TBA,"→ 写为 NULL（raw_text 保留原值 ""TBA""）"
9682,CN2504465-A,TBA,"→ 写为 NULL（raw_text 保留原值 ""TBA""）"
9683,CN2504466-A,TBA,"→ 写为 NULL（raw_text 保留原值 ""TBA""）"
9684,CN2504467-S,TBA,"→ 写为 NULL（raw_text 保留原值 ""TBA""）"
9685,CN2504468-A,TBA,"→ 写为 NULL（raw_text 保留原值 ""TBA""）"
9686,CN2504469-S,TBA,"→ 写为 NULL（raw_text 保留原值 ""TBA""）"
9687,CN2504470-A,TBA,"→ 写为 NULL（raw_text 保留原值 ""TBA""）"
9688,CN2504471-A,TBA,"→ 写为 NULL（raw_text 保留原值 ""TBA""）"
9689,CN2504472-A,TBA,"→ 写为 NULL（raw_text 保留原值 ""TBA""）"
9690,CN2504473-A,TBA,"→ 写为 NULL（raw_text 保留原值 ""TBA""）"
9691,CN2504474-S,TBA,"→ 写为 NULL（raw_text 保留原值 ""TBA""）"
9692,CN2504475-A,TBA,"→ 写为 NULL（raw_text 保留原值 ""TBA""）"
9693,CN2504476-S,TBA,"→ 写为 NULL（raw_text 保留原值 ""TBA""）"
9694,CN2504477-S,TBA,"→ 写为 NULL（raw_text 保留原值 ""TBA""）"
9695,CN2504478-A,TBA,"→ 写为 NULL（raw_text 保留原值 ""TBA""）"
9696,CN2504479-A,TBA,"→ 写为 NULL（raw_text 保留原值 ""TBA""）"
9698,CN2504481-A,TBA,"→ 写为 NULL（raw_text 保留原值 ""TBA""）"
9700,CN2504483-S,TBA,"→ 写为 NULL（raw_text 保留原值 ""TBA""）"
9701,CN2504484-A,TBA,"→ 写为 NULL（raw_text 保留原值 ""TBA""）"
9702,CN2504485-A,TBA,"→ 写为 NULL（raw_text 保留原值 ""TBA""）"
9703,CN2504486-A,TBA,"→ 写为 NULL（raw_text 保留原值 ""TBA""）"
9705,CN2504488-S,TBA,"→ 写为 NULL（raw_text 保留原值 ""TBA""）"
9706,CN2504489-S,TBA,"→ 写为 NULL（raw_text 保留原值 ""TBA""）"
9707,CN2504490-A,TBA,"→ 写为 NULL（raw_text 保留原值 ""TBA""）"
9708,CN2504491-A,TBA,"→ 写为 NULL（raw_text 保留原值 ""TBA""）"
9710,CN2504493-A,TBA,"→ 写为 NULL（raw_text 保留原值 ""TBA""）"
9711,CN2504494-S,TBA,"→ 写为 NULL（raw_text 保留原值 ""TBA""）"
9712,CN2504495-A,TBA,"→ 写为 NULL（raw_text 保留原值 ""TBA""）"
9713,CN2504496-S,TBA,"→ 写为 NULL（raw_text 保留原值 ""TBA""）"
9714,CN2504497-S,TBA,"→ 写为 NULL（raw_text 保留原值 ""TBA""）"
9715,CN2504498-S,TBA,"→ 写为 NULL（raw_text 保留原值 ""TBA""）"
9716,CN2504499-A,TBA,"→ 写为 NULL（raw_text 保留原值 ""TBA""）"
9717,CN2504500-S,TBA,"→ 写为 NULL（raw_text 保留原值 ""TBA""）"
9718,CN2504501-A,TBA,"→ 写为 NULL（raw_text 保留原值 ""TBA""）"
9719,CN2504502-A,TBA,"→ 写为 NULL（raw_text 保留原值 ""TBA""）"
9720,CN2504503-A,TBA,"→ 写为 NULL（raw_text 保留原值 ""TBA""）"
9722,CN2504505-S,TBA,"→ 写为 NULL（raw_text 保留原值 ""TBA""）"
9723,CN2504506-A,TBA,"→ 写为 NULL（raw_text 保留原值 ""TBA""）"
9724,CN2504507-A,TBA,"→ 写为 NULL（raw_text 保留原值 ""TBA""）"
9725,CN2504508-S,TBA,"→ 写为 NULL（raw_text 保留原值 ""TBA""）"
9726,CN2504509-S,TBA,"→ 写为 NULL（raw_text 保留原值 ""TBA""）"
9728,CN2504511-S,TBA,"→ 写为 NULL（raw_text 保留原值 ""TBA""）"
9729,CN2504512-S,TBA,"→ 写为 NULL（raw_text 保留原值 ""TBA""）"
9730,CN2504513-AS,TBA,"→ 写为 NULL（raw_text 保留原值 ""TBA""）"
9731,CN2504513-AS1,TBA,"→ 写为 NULL（raw_text 保留原值 ""TBA""）"
9732,CN2504514-S,TBA,"→ 写为 NULL（raw_text 保留原值 ""TBA""）"
9733,CN2504515-S,TBA,"→ 写为 NULL（raw_text 保留原值 ""TBA""）"
9734,CN2504516-R,TBA,"→ 写为 NULL（raw_text 保留原值 ""TBA""）"
9735,CN2504517-S,TBA,"→ 写为 NULL（raw_text 保留原值 ""TBA""）"
9736,CN2504518-S,TBA,"→ 写为 NULL（raw_text 保留原值 ""TBA""）"
9737,CN2504519-A,TBA,"→ 写为 NULL（raw_text 保留原值 ""TBA""）"
9738,CN2504520-A,TBA,"→ 写为 NULL（raw_text 保留原值 ""TBA""）"
9739,CN2504521-A,TBA,"→ 写为 NULL（raw_text 保留原值 ""TBA""）"
9743,CN2504525-S,TBA,"→ 写为 NULL（raw_text 保留原值 ""TBA""）"
9744,CN2504526-S,TBA,"→ 写为 NULL（raw_text 保留原值 ""TBA""）"
9745,CN2504527-S,TBA,"→ 写为 NULL（raw_text 保留原值 ""TBA""）"
9746,CN2504528-S,TBA,"→ 写为 NULL（raw_text 保留原值 ""TBA""）"
9747,CN2504529-S,TBA,"→ 写为 NULL（raw_text 保留原值 ""TBA""）"
9748,CN2504530-S,TBA,"→ 写为 NULL（raw_text 保留原值 ""TBA""）"
9749,CN2504531-S,TBA,"→ 写为 NULL（raw_text 保留原值 ""TBA""）"
9750,CN2504532-S,TBA,"→ 写为 NULL（raw_text 保留原值 ""TBA""）"
9751,CN2504533-S,TBA,"→ 写为 NULL（raw_text 保留原值 ""TBA""）"
9752,CN2504534-S,TBA,"→ 写为 NULL（raw_text 保留原值 ""TBA""）"
9753,CN2504535-S,TBA,"→ 写为 NULL（raw_text 保留原值 ""TBA""）"
9754,CN2504536-S,TBA,"→ 写为 NULL（raw_text 保留原值 ""TBA""）"
9756,CN2504538-S,TBA,"→ 写为 NULL（raw_text 保留原值 ""TBA""）"
9758,CN2504540-A,TBA,"→ 写为 NULL（raw_text 保留原值 ""TBA""）"
9759,CN2504541-A,TBA,"→ 写为 NULL（raw_text 保留原值 ""TBA""）"
9763,CN2504545-A,TBA,"→ 写为 NULL（raw_text 保留原值 ""TBA""）"
9770,CN2504552-A,TBA,"→ 写为 NULL（raw_text 保留原值 ""TBA""）"
9771,CN2504553-A,TBA,"→ 写为 NULL（raw_text 保留原值 ""TBA""）"
9772,CN2504554-A,TBA,"→ 写为 NULL（raw_text 保留原值 ""TBA""）"
9773,CN2504555-A,TBA,"→ 写为 NULL（raw_text 保留原值 ""TBA""）"
9774,CN2504556-A,TBA,"→ 写为 NULL（raw_text 保留原值 ""TBA""）"
9775,CN2504557-A,TBA,"→ 写为 NULL（raw_text 保留原值 ""TBA""）"
9776,CN2504558-A,TBA,"→ 写为 NULL（raw_text 保留原值 ""TBA""）"
9778,CN2504560-S,TBA,"→ 写为 NULL（raw_text 保留原值 ""TBA""）"
9779,CN2504561-A,TBA,"→ 写为 NULL（raw_text 保留原值 ""TBA""）"
9780,CN2504562-A,TBA,"→ 写为 NULL（raw_text 保留原值 ""TBA""）"
9781,CN2504563-A,TBA,"→ 写为 NULL（raw_text 保留原值 ""TBA""）"
9782,CN2504564-A,TBA,"→ 写为 NULL（raw_text 保留原值 ""TBA""）"
9783,CN2504565-A,TBA,"→ 写为 NULL（raw_text 保留原值 ""TBA""）"
9784,CN2504566-A,TBA,"→ 写为 NULL（raw_text 保留原值 ""TBA""）"
9785,CN2504567-A,TBA,"→ 写为 NULL（raw_text 保留原值 ""TBA""）"
9786,CN2504568-S,TBA,"→ 写为 NULL（raw_text 保留原值 ""TBA""）"
9787,CN2504569-S,TBA,"→ 写为 NULL（raw_text 保留原值 ""TBA""）"
9788,CN2504570-A,TBA,"→ 写为 NULL（raw_text 保留原值 ""TBA""）"
9789,CN2504571-S,TBA,"→ 写为 NULL（raw_text 保留原值 ""TBA""）"
9790,CN2504572-A,TBA,"→ 写为 NULL（raw_text 保留原值 ""TBA""）"
9791,CN2504573-S,TBA,"→ 写为 NULL（raw_text 保留原值 ""TBA""）"
9793,CN2504575-S,TBA,"→ 写为 NULL（raw_text 保留原值 ""TBA""）"
9795,CN2504577-S,TBA,"→ 写为 NULL（raw_text 保留原值 ""TBA""）"
9796,CN2504578-S,TBA,"→ 写为 NULL（raw_text 保留原值 ""TBA""）"
9797,CN2504579-A,TBA,"→ 写为 NULL（raw_text 保留原值 ""TBA""）"
9798,CN2504580-S,TBA,"→ 写为 NULL（raw_text 保留原值 ""TBA""）"
9799,CN2504581-S,TBA,"→ 写为 NULL（raw_text 保留原值 ""TBA""）"
9800,CN2504582-S,TBA,"→ 写为 NULL（raw_text 保留原值 ""TBA""）"
9801,CN2504583-R,TBA,"→ 写为 NULL（raw_text 保留原值 ""TBA""）"
9802,CN2504584-S,TBA,"→ 写为 NULL（raw_text 保留原值 ""TBA""）"
9803,CN2504585-S,TBA,"→ 写为 NULL（raw_text 保留原值 ""TBA""）"
9804,CN2504586-S,TBA,"→ 写为 NULL（raw_text 保留原值 ""TBA""）"
9805,CN2504587-A,TBA,"→ 写为 NULL（raw_text 保留原值 ""TBA""）"
9806,CN2504588-S,TBA,"→ 写为 NULL（raw_text 保留原值 ""TBA""）"
9807,CN2504589-S,TBA,"→ 写为 NULL（raw_text 保留原值 ""TBA""）"
9808,CN2504590-S,TBA,"→ 写为 NULL（raw_text 保留原值 ""TBA""）"
9809,CN2504591-S,TBA,"→ 写为 NULL（raw_text 保留原值 ""TBA""）"
9810,CN2504592-S,TBA,"→ 写为 NULL（raw_text 保留原值 ""TBA""）"
9811,CN2504593-S,TBA,"→ 写为 NULL（raw_text 保留原值 ""TBA""）"
9812,CN2504594-A,TBA,"→ 写为 NULL（raw_text 保留原值 ""TBA""）"
9816,CN2504598-A,TBA,"→ 写为 NULL（raw_text 保留原值 ""TBA""）"
9817,CN2504599-S,TBA,"→ 写为 NULL（raw_text 保留原值 ""TBA""）"
9818,CN2504600-S,TBA,"→ 写为 NULL（raw_text 保留原值 ""TBA""）"
9819,CN2504601-S,TBA,"→ 写为 NULL（raw_text 保留原值 ""TBA""）"
9822,CN2504604-S,TBA,"→ 写为 NULL（raw_text 保留原值 ""TBA""）"
9824,CN2504606-S,TBA,"→ 写为 NULL（raw_text 保留原值 ""TBA""）"
9825,CN2504607-S,TBA,"→ 写为 NULL（raw_text 保留原值 ""TBA""）"
9827,CN2504609-S,TBA,"→ 写为 NULL（raw_text 保留原值 ""TBA""）"
9828,CN2504610-S,TBA,"→ 写为 NULL（raw_text 保留原值 ""TBA""）"
9829,CN2504611-S,TBA,"→ 写为 NULL（raw_text 保留原值 ""TBA""）"
9830,CN2504612-S,TBA,"→ 写为 NULL（raw_text 保留原值 ""TBA""）"
9831,CN2504613-S1,TBA,"→ 写为 NULL（raw_text 保留原值 ""TBA""）"
9832,CN2504613-S2,TBA,"→ 写为 NULL（raw_text 保留原值 ""TBA""）"
9833,CN2504614-S,TBA,"→ 写为 NULL（raw_text 保留原值 ""TBA""）"
9834,CN2504615-S,TBA,"→ 写为 NULL（raw_text 保留原值 ""TBA""）"
9835,CN2504616-S,TBA,"→ 写为 NULL（raw_text 保留原值 ""TBA""）"
9836,CN2504617-S,TBA,"→ 写为 NULL（raw_text 保留原值 ""TBA""）"
9837,CN2504618-S,TBA,"→ 写为 NULL（raw_text 保留原值 ""TBA""）"
9839,CN2504620-S,TBA,"→ 写为 NULL（raw_text 保留原值 ""TBA""）"
9840,CN2504621-S,TBA,"→ 写为 NULL（raw_text 保留原值 ""TBA""）"
9841,CN2504622-A,TBA,"→ 写为 NULL（raw_text 保留原值 ""TBA""）"
9842,CN2504623-A,TBA,"→ 写为 NULL（raw_text 保留原值 ""TBA""）"
9843,CN2504624-A,TBA,"→ 写为 NULL（raw_text 保留原值 ""TBA""）"
9844,CN2504625-S,TBA,"→ 写为 NULL（raw_text 保留原值 ""TBA""）"
9845,CN2504626-S,TBA,"→ 写为 NULL（raw_text 保留原值 ""TBA""）"
9846,CN2504627-S,TBA,"→ 写为 NULL（raw_text 保留原值 ""TBA""）"
9847,CN2504628-S,TBA,"→ 写为 NULL（raw_text 保留原值 ""TBA""）"
9848,CN2504629-A,TBA,"→ 写为 NULL（raw_text 保留原值 ""TBA""）"
9849,CN2504630-S,TBA,"→ 写为 NULL（raw_text 保留原值 ""TBA""）"
9850,CN2504631-S,TBA,"→ 写为 NULL（raw_text 保留原值 ""TBA""）"
9851,CN2504632-S,TBA,"→ 写为 NULL（raw_text 保留原值 ""TBA""）"
9852,CN2504633-S,TBA,"→ 写为 NULL（raw_text 保留原值 ""TBA""）"
9853,CN2504634-S,TBA,"→ 写为 NULL（raw_text 保留原值 ""TBA""）"
9854,CN2504635-S,TBA,"→ 写为 NULL（raw_text 保留原值 ""TBA""）"
9855,CN2504636-S,TBA,"→ 写为 NULL（raw_text 保留原值 ""TBA""）"
9857,CN2505001-A,TBA,"→ 写为 NULL（raw_text 保留原值 ""TBA""）"
9858,CN2505002-A,TBA,"→ 写为 NULL（raw_text 保留原值 ""TBA""）"
9859,CN2505003-A,TBA,"→ 写为 NULL（raw_text 保留原值 ""TBA""）"
9860,CN2505004-A,TBA,"→ 写为 NULL（raw_text 保留原值 ""TBA""）"
9863,CN2505007-S,TBA,"→ 写为 NULL（raw_text 保留原值 ""TBA""）"
9864,CN2505008-AS,TBA,"→ 写为 NULL（raw_text 保留原值 ""TBA""）"
9865,CN2505008-AS1,TBA,"→ 写为 NULL（raw_text 保留原值 ""TBA""）"
9866,CN2505009-S,TBA,"→ 写为 NULL（raw_text 保留原值 ""TBA""）"
9867,CN2505010-S,TBA,"→ 写为 NULL（raw_text 保留原值 ""TBA""）"
9869,CN2505012-S,TBA,"→ 写为 NULL（raw_text 保留原值 ""TBA""）"
9870,CN2505013-A,TBA,"→ 写为 NULL（raw_text 保留原值 ""TBA""）"
9871,CN2505014-A,TBA,"→ 写为 NULL（raw_text 保留原值 ""TBA""）"
9873,CN2505016-A,TBA,"→ 写为 NULL（raw_text 保留原值 ""TBA""）"
9874,CN2505017-A,TBA,"→ 写为 NULL（raw_text 保留原值 ""TBA""）"
9875,CN2505018-S,TBA,"→ 写为 NULL（raw_text 保留原值 ""TBA""）"
9877,CN2505020-A,TBA,"→ 写为 NULL（raw_text 保留原值 ""TBA""）"
9878,CN2505021-S,TBA,"→ 写为 NULL（raw_text 保留原值 ""TBA""）"
9879,CN2505022-A,TBA,"→ 写为 NULL（raw_text 保留原值 ""TBA""）"
9880,CN2505023-S,TBA,"→ 写为 NULL（raw_text 保留原值 ""TBA""）"
9881,CN2505024-S,TBA,"→ 写为 NULL（raw_text 保留原值 ""TBA""）"
9882,CN2505025-A,TBA,"→ 写为 NULL（raw_text 保留原值 ""TBA""）"
9883,CN2505026-S,TBA,"→ 写为 NULL（raw_text 保留原值 ""TBA""）"
9884,CN2505027-S,TBA,"→ 写为 NULL（raw_text 保留原值 ""TBA""）"
9885,CN2505028-S,TBA,"→ 写为 NULL（raw_text 保留原值 ""TBA""）"
9886,CN2505029-S,TBA,"→ 写为 NULL（raw_text 保留原值 ""TBA""）"
9887,CN2505030-A,TBA,"→ 写为 NULL（raw_text 保留原值 ""TBA""）"
9888,CN2505031-A,TBA,"→ 写为 NULL（raw_text 保留原值 ""TBA""）"
9889,CN2505032-A,TBA,"→ 写为 NULL（raw_text 保留原值 ""TBA""）"
9890,CN2505033-A,TBA,"→ 写为 NULL（raw_text 保留原值 ""TBA""）"
9891,CN2505034-A,TBA,"→ 写为 NULL（raw_text 保留原值 ""TBA""）"
9892,CN2505035-A,TBA,"→ 写为 NULL（raw_text 保留原值 ""TBA""）"
9893,CN2505036-A,TBA,"→ 写为 NULL（raw_text 保留原值 ""TBA""）"
9894,CN2505037-A,TBA,"→ 写为 NULL（raw_text 保留原值 ""TBA""）"
9895,CN2505038-S,TBA,"→ 写为 NULL（raw_text 保留原值 ""TBA""）"
9896,CN2505039-S,TBA,"→ 写为 NULL（raw_text 保留原值 ""TBA""）"
9897,CN2505040-S,TBA,"→ 写为 NULL（raw_text 保留原值 ""TBA""）"
9898,CN2505041-S,TBA,"→ 写为 NULL（raw_text 保留原值 ""TBA""）"
9899,CN2505042-S,TBA,"→ 写为 NULL（raw_text 保留原值 ""TBA""）"
9900,CN2505043-S,TBA,"→ 写为 NULL（raw_text 保留原值 ""TBA""）"
9901,CN2505044-A,TBA,"→ 写为 NULL（raw_text 保留原值 ""TBA""）"
9902,CN2505045-A,TBA,"→ 写为 NULL（raw_text 保留原值 ""TBA""）"
9903,CN2505046-S,TBA,"→ 写为 NULL（raw_text 保留原值 ""TBA""）"
9904,CN2505047-A,TBA,"→ 写为 NULL（raw_text 保留原值 ""TBA""）"
9905,CN2505048-S,TBA,"→ 写为 NULL（raw_text 保留原值 ""TBA""）"
9906,CN2505049-R,TBA,"→ 写为 NULL（raw_text 保留原值 ""TBA""）"
9907,CN2505050-A,TBA,"→ 写为 NULL（raw_text 保留原值 ""TBA""）"
9908,CN2505051-S,TBA,"→ 写为 NULL（raw_text 保留原值 ""TBA""）"
9909,CN2505052-S,TBA,"→ 写为 NULL（raw_text 保留原值 ""TBA""）"
9910,CN2505053-R,TBA,"→ 写为 NULL（raw_text 保留原值 ""TBA""）"
9911,CN2505054-S,TBA,"→ 写为 NULL（raw_text 保留原值 ""TBA""）"
9912,CN2505055-S,TBA,"→ 写为 NULL（raw_text 保留原值 ""TBA""）"
9913,CN2505056-S,TBA,"→ 写为 NULL（raw_text 保留原值 ""TBA""）"
9914,CN2505057-S,TBA,"→ 写为 NULL（raw_text 保留原值 ""TBA""）"
9915,CN2505058-S,TBA,"→ 写为 NULL（raw_text 保留原值 ""TBA""）"
9916,CN2505059-A,TBA,"→ 写为 NULL（raw_text 保留原值 ""TBA""）"
9917,CN2505060-S,TBA,"→ 写为 NULL（raw_text 保留原值 ""TBA""）"
9919,CN2505062-S,TBA,"→ 写为 NULL（raw_text 保留原值 ""TBA""）"
9922,CN2505065-A,TBA,"→ 写为 NULL（raw_text 保留原值 ""TBA""）"
9923,CN2505066-A,TBA,"→ 写为 NULL（raw_text 保留原值 ""TBA""）"
9924,CN2505067-A,TBA,"→ 写为 NULL（raw_text 保留原值 ""TBA""）"
9925,CN2505068-S,TBA,"→ 写为 NULL（raw_text 保留原值 ""TBA""）"
9926,CN2505069-S,TBA,"→ 写为 NULL（raw_text 保留原值 ""TBA""）"
9927,CN2505070-S,TBA,"→ 写为 NULL（raw_text 保留原值 ""TBA""）"
9928,CN2505071-S,TBA,"→ 写为 NULL（raw_text 保留原值 ""TBA""）"
9929,CN2505072-S,TBA,"→ 写为 NULL（raw_text 保留原值 ""TBA""）"
9930,CN2505073-S,TBA,"→ 写为 NULL（raw_text 保留原值 ""TBA""）"
9931,CN2505074-S,TBA,"→ 写为 NULL（raw_text 保留原值 ""TBA""）"
9932,CN2505075-A,TBA,"→ 写为 NULL（raw_text 保留原值 ""TBA""）"
9933,CN2505076-S,TBA,"→ 写为 NULL（raw_text 保留原值 ""TBA""）"
9936,CN2505079-A,TBA,"→ 写为 NULL（raw_text 保留原值 ""TBA""）"
9937,CN2505080-S,TBA,"→ 写为 NULL（raw_text 保留原值 ""TBA""）"
9938,CN2505081-A,TBA,"→ 写为 NULL（raw_text 保留原值 ""TBA""）"
9939,CN2505082-A,TBA,"→ 写为 NULL（raw_text 保留原值 ""TBA""）"
9941,CN2505084-S,TBA,"→ 写为 NULL（raw_text 保留原值 ""TBA""）"
9942,CN2505085-S,TBA,"→ 写为 NULL（raw_text 保留原值 ""TBA""）"
9943,CN2505086-S,TBA,"→ 写为 NULL（raw_text 保留原值 ""TBA""）"
9944,CN2505087-S,TBA,"→ 写为 NULL（raw_text 保留原值 ""TBA""）"
9945,CN2505088-S,TBA,"→ 写为 NULL（raw_text 保留原值 ""TBA""）"
9946,CN2505089-S,TBA,"→ 写为 NULL（raw_text 保留原值 ""TBA""）"
9947,CN2505090-S,TBA,"→ 写为 NULL（raw_text 保留原值 ""TBA""）"
9948,CN2505091-S,TBA,"→ 写为 NULL（raw_text 保留原值 ""TBA""）"
9949,CN2505092-S,TBA,"→ 写为 NULL（raw_text 保留原值 ""TBA""）"
9953,CN2505096-S,TBA,"→ 写为 NULL（raw_text 保留原值 ""TBA""）"
9954,CN2505097-A,TBA,"→ 写为 NULL（raw_text 保留原值 ""TBA""）"
9955,CN2505098-S,TBA,"→ 写为 NULL（raw_text 保留原值 ""TBA""）"
9957,CN2505100-A,TBA,"→ 写为 NULL（raw_text 保留原值 ""TBA""）"
9958,CN2505101-A,TBA,"→ 写为 NULL（raw_text 保留原值 ""TBA""）"
9959,CN2505102-S,TBA,"→ 写为 NULL（raw_text 保留原值 ""TBA""）"
9963,CN2505106-A,TBA,"→ 写为 NULL（raw_text 保留原值 ""TBA""）"
9964,CN2505107-A,TBA,"→ 写为 NULL（raw_text 保留原值 ""TBA""）"
9965,CN2505108-A,TBA,"→ 写为 NULL（raw_text 保留原值 ""TBA""）"
9966,CN2505109-A,TBA,"→ 写为 NULL（raw_text 保留原值 ""TBA""）"
9968,CN2505111-S,TBA,"→ 写为 NULL（raw_text 保留原值 ""TBA""）"
9969,CN2505112-A,TBA,"→ 写为 NULL（raw_text 保留原值 ""TBA""）"
9972,CN2505115-A,TBA,"→ 写为 NULL（raw_text 保留原值 ""TBA""）"
9973,CN2505116-A,TBA,"→ 写为 NULL（raw_text 保留原值 ""TBA""）"
9974,CN2505117-A,TBA,"→ 写为 NULL（raw_text 保留原值 ""TBA""）"
9976,CN2505119-S,TBA,"→ 写为 NULL（raw_text 保留原值 ""TBA""）"
9977,CN2505120-A,TBA,"→ 写为 NULL（raw_text 保留原值 ""TBA""）"
9979,CN2505122-S,TBA,"→ 写为 NULL（raw_text 保留原值 ""TBA""）"
9980,CN2505123-S,TBA,"→ 写为 NULL（raw_text 保留原值 ""TBA""）"
9981,CN2505124-A,TBA,"→ 写为 NULL（raw_text 保留原值 ""TBA""）"
9982,CN2505125-S,TBA,"→ 写为 NULL（raw_text 保留原值 ""TBA""）"
9983,CN2505126-S,TBA,"→ 写为 NULL（raw_text 保留原值 ""TBA""）"
9984,CN2505127-S,TBA,"→ 写为 NULL（raw_text 保留原值 ""TBA""）"
9985,CN2505128-AS,TBA,"→ 写为 NULL（raw_text 保留原值 ""TBA""）"
9986,CN2505128-AS1,TBA,"→ 写为 NULL（raw_text 保留原值 ""TBA""）"
9987,CN2505129-S,TBA,"→ 写为 NULL（raw_text 保留原值 ""TBA""）"
9988,CN2505130-S,TBA,"→ 写为 NULL（raw_text 保留原值 ""TBA""）"
9989,CN2505131-A,TBA,"→ 写为 NULL（raw_text 保留原值 ""TBA""）"
9990,CN2505132-S,TBA,"→ 写为 NULL（raw_text 保留原值 ""TBA""）"
9991,CN2505133-A,TBA,"→ 写为 NULL（raw_text 保留原值 ""TBA""）"
9993,CN2505135-S,TBA,"→ 写为 NULL（raw_text 保留原值 ""TBA""）"
9994,CN2505136-S,TBA,"→ 写为 NULL（raw_text 保留原值 ""TBA""）"
9995,CN2505137-S,TBA,"→ 写为 NULL（raw_text 保留原值 ""TBA""）"
9996,CN2505138-S,TBA,"→ 写为 NULL（raw_text 保留原值 ""TBA""）"
9997,CN2505139-S,TBA,"→ 写为 NULL（raw_text 保留原值 ""TBA""）"
9998,CN2505140-A,TBA,"→ 写为 NULL（raw_text 保留原值 ""TBA""）"
9999,CN2505141-S,TBA,"→ 写为 NULL（raw_text 保留原值 ""TBA""）"
10000,CN2505142-S,TBA,"→ 写为 NULL（raw_text 保留原值 ""TBA""）"
10001,CN2505143-S,TBA,"→ 写为 NULL（raw_text 保留原值 ""TBA""）"
10002,CN2505144-A,TBA,"→ 写为 NULL（raw_text 保留原值 ""TBA""）"
10003,CN2505145-S,TBA,"→ 写为 NULL（raw_text 保留原值 ""TBA""）"
10004,CN2505146-S,TBA,"→ 写为 NULL（raw_text 保留原值 ""TBA""）"
10005,CN2505147-A,TBA,"→ 写为 NULL（raw_text 保留原值 ""TBA""）"
10006,CN2505148-S,TBA,"→ 写为 NULL（raw_text 保留原值 ""TBA""）"
10007,CN2505149-S,TBA,"→ 写为 NULL（raw_text 保留原值 ""TBA""）"
10008,CN2505150-S,TBA,"→ 写为 NULL（raw_text 保留原值 ""TBA""）"
10009,CN2505151-S,TBA,"→ 写为 NULL（raw_text 保留原值 ""TBA""）"
10010,CN2505152-S,TBA,"→ 写为 NULL（raw_text 保留原值 ""TBA""）"
10011,CN2505153-S,TBA,"→ 写为 NULL（raw_text 保留原值 ""TBA""）"
10012,CN2505154-A,TBA,"→ 写为 NULL（raw_text 保留原值 ""TBA""）"
10013,CN2505155-A,TBA,"→ 写为 NULL（raw_text 保留原值 ""TBA""）"
10014,CN2505156-A,TBA,"→ 写为 NULL（raw_text 保留原值 ""TBA""）"
10015,CN2505157-A,TBA,"→ 写为 NULL（raw_text 保留原值 ""TBA""）"
10016,CN2505158-S,TBA,"→ 写为 NULL（raw_text 保留原值 ""TBA""）"
10017,CN2505159-S,TBA,"→ 写为 NULL（raw_text 保留原值 ""TBA""）"
10018,CN2505160-S,TBA,"→ 写为 NULL（raw_text 保留原值 ""TBA""）"
10019,CN2505161-S,TBA,"→ 写为 NULL（raw_text 保留原值 ""TBA""）"
10023,CN2505165-S,TBA,"→ 写为 NULL（raw_text 保留原值 ""TBA""）"
10025,CN2505167-S,TBA,"→ 写为 NULL（raw_text 保留原值 ""TBA""）"
10026,CN2505168-A,TBA,"→ 写为 NULL（raw_text 保留原值 ""TBA""）"
10027,CN2505169-S,TBA,"→ 写为 NULL（raw_text 保留原值 ""TBA""）"
10028,CN2505170-A,TBA,"→ 写为 NULL（raw_text 保留原值 ""TBA""）"
10029,CN2505171-A,TBA,"→ 写为 NULL（raw_text 保留原值 ""TBA""）"
10030,CN2505172-S,TBA,"→ 写为 NULL（raw_text 保留原值 ""TBA""）"
10031,CN2505173-A,TBA,"→ 写为 NULL（raw_text 保留原值 ""TBA""）"
10032,CN2505174-A,TBA,"→ 写为 NULL（raw_text 保留原值 ""TBA""）"
10033,CN2505175-S,TBA,"→ 写为 NULL（raw_text 保留原值 ""TBA""）"
10034,CN2505176-S,TBA,"→ 写为 NULL（raw_text 保留原值 ""TBA""）"
10035,CN2505177-S,TBA,"→ 写为 NULL（raw_text 保留原值 ""TBA""）"
10036,CN2505178-S,TBA,"→ 写为 NULL（raw_text 保留原值 ""TBA""）"
10037,CN2505179-S,TBA,"→ 写为 NULL（raw_text 保留原值 ""TBA""）"
10038,CN2505180-A,TBA,"→ 写为 NULL（raw_text 保留原值 ""TBA""）"
10039,CN2505181-A,TBA,"→ 写为 NULL（raw_text 保留原值 ""TBA""）"
10040,CN2505182-A,TBA,"→ 写为 NULL（raw_text 保留原值 ""TBA""）"
10041,CN2505183-S,TBA,"→ 写为 NULL（raw_text 保留原值 ""TBA""）"
10042,CN2505184-S,TBA,"→ 写为 NULL（raw_text 保留原值 ""TBA""）"
10043,CN2505185-S,TBA,"→ 写为 NULL（raw_text 保留原值 ""TBA""）"
10044,CN2505186-S,TBA,"→ 写为 NULL（raw_text 保留原值 ""TBA""）"
10047,CN2505189-A,TBA,"→ 写为 NULL（raw_text 保留原值 ""TBA""）"
10048,CN2505190-S,TBA,"→ 写为 NULL（raw_text 保留原值 ""TBA""）"
10049,CN2505191-A,TBA,"→ 写为 NULL（raw_text 保留原值 ""TBA""）"
10050,CN2505192-S,TBA,"→ 写为 NULL（raw_text 保留原值 ""TBA""）"
10051,CN2505193-S,TBA,"→ 写为 NULL（raw_text 保留原值 ""TBA""）"
10052,CN2505194-S,TBA,"→ 写为 NULL（raw_text 保留原值 ""TBA""）"
10053,CN2505195-A,TBA,"→ 写为 NULL（raw_text 保留原值 ""TBA""）"
10054,CN2505196-S,TBA,"→ 写为 NULL（raw_text 保留原值 ""TBA""）"
10055,CN2505197-S,TBA,"→ 写为 NULL（raw_text 保留原值 ""TBA""）"
10056,CN2505198-S,TBA,"→ 写为 NULL（raw_text 保留原值 ""TBA""）"
10057,CN2505199-A,TBA,"→ 写为 NULL（raw_text 保留原值 ""TBA""）"
10059,CN2505201-A,TBA,"→ 写为 NULL（raw_text 保留原值 ""TBA""）"
10060,CN2505202-A,TBA,"→ 写为 NULL（raw_text 保留原值 ""TBA""）"
10061,CN2505203-S,TBA,"→ 写为 NULL（raw_text 保留原值 ""TBA""）"
10062,CN2505204-A,TBA,"→ 写为 NULL（raw_text 保留原值 ""TBA""）"
10063,CN2505205-S,TBA,"→ 写为 NULL（raw_text 保留原值 ""TBA""）"
10064,CN2505206-A,TBA,"→ 写为 NULL（raw_text 保留原值 ""TBA""）"
10065,CN2505207-A,TBA,"→ 写为 NULL（raw_text 保留原值 ""TBA""）"
10066,CN2505208-A,TBA,"→ 写为 NULL（raw_text 保留原值 ""TBA""）"
10068,CN2505210-S,TBA,"→ 写为 NULL（raw_text 保留原值 ""TBA""）"
10070,CN2505212-A,TBA,"→ 写为 NULL（raw_text 保留原值 ""TBA""）"
10071,CN2505213-A,TBA,"→ 写为 NULL（raw_text 保留原值 ""TBA""）"
10072,CN2505213-A1,TBA,"→ 写为 NULL（raw_text 保留原值 ""TBA""）"
10073,CN2505214-S,TBA,"→ 写为 NULL（raw_text 保留原值 ""TBA""）"
10074,CN2505215-A,TBA,"→ 写为 NULL（raw_text 保留原值 ""TBA""）"
10075,CN2505216-AS,TBA,"→ 写为 NULL（raw_text 保留原值 ""TBA""）"
10076,CN2505216-AS1,TBA,"→ 写为 NULL（raw_text 保留原值 ""TBA""）"
10077,CN2505217-A,TBA,"→ 写为 NULL（raw_text 保留原值 ""TBA""）"
10078,CN2505218-S,TBA,"→ 写为 NULL（raw_text 保留原值 ""TBA""）"
10079,CN2505219-A,TBA,"→ 写为 NULL（raw_text 保留原值 ""TBA""）"
10080,CN2505220-A,TBA,"→ 写为 NULL（raw_text 保留原值 ""TBA""）"
10081,CN2505221-S,TBA,"→ 写为 NULL（raw_text 保留原值 ""TBA""）"
10082,CN2505222-S,TBA,"→ 写为 NULL（raw_text 保留原值 ""TBA""）"
10083,CN2505223-S,TBA,"→ 写为 NULL（raw_text 保留原值 ""TBA""）"
10084,CN2505224-S,TBA,"→ 写为 NULL（raw_text 保留原值 ""TBA""）"
10085,CN2505225-A,TBA,"→ 写为 NULL（raw_text 保留原值 ""TBA""）"
10086,CN2505226-S,TBA,"→ 写为 NULL（raw_text 保留原值 ""TBA""）"
10087,CN2505227-S,TBA,"→ 写为 NULL（raw_text 保留原值 ""TBA""）"
10088,CN2505228-S,TBA,"→ 写为 NULL（raw_text 保留原值 ""TBA""）"
10091,CN2505231-S,TBA,"→ 写为 NULL（raw_text 保留原值 ""TBA""）"
10092,CN2505232-S,TBA,"→ 写为 NULL（raw_text 保留原值 ""TBA""）"
10094,CN2505234-A,TBA,"→ 写为 NULL（raw_text 保留原值 ""TBA""）"
10095,CN2505235-S,TBA,"→ 写为 NULL（raw_text 保留原值 ""TBA""）"
10096,CN2505236-S,TBA,"→ 写为 NULL（raw_text 保留原值 ""TBA""）"
10097,CN2505237-A,TBA,"→ 写为 NULL（raw_text 保留原值 ""TBA""）"
10098,CN2505238-A,TBA,"→ 写为 NULL（raw_text 保留原值 ""TBA""）"
10099,CN2505239-S,TBA,"→ 写为 NULL（raw_text 保留原值 ""TBA""）"
10100,CN2505240-A,TBA,"→ 写为 NULL（raw_text 保留原值 ""TBA""）"
10101,CN2505241-A,TBA,"→ 写为 NULL（raw_text 保留原值 ""TBA""）"
10102,CN2505242-S,TBA,"→ 写为 NULL（raw_text 保留原值 ""TBA""）"
10104,CN2505244-A,TBA,"→ 写为 NULL（raw_text 保留原值 ""TBA""）"
10105,CN2505244-A1,TBA,"→ 写为 NULL（raw_text 保留原值 ""TBA""）"
10107,CN2505246-A,TBA,"→ 写为 NULL（raw_text 保留原值 ""TBA""）"
10108,CN2505247-AS,TBA,"→ 写为 NULL（raw_text 保留原值 ""TBA""）"
10109,CN2505247-AS1,TBA,"→ 写为 NULL（raw_text 保留原值 ""TBA""）"
10110,CN2505248-S,TBA,"→ 写为 NULL（raw_text 保留原值 ""TBA""）"
10111,CN2505249-A,TBA,"→ 写为 NULL（raw_text 保留原值 ""TBA""）"
10112,CN2505250-S,TBA,"→ 写为 NULL（raw_text 保留原值 ""TBA""）"
10113,CN2505251-A,TBA,"→ 写为 NULL（raw_text 保留原值 ""TBA""）"
10114,CN2505252-S,TBA,"→ 写为 NULL（raw_text 保留原值 ""TBA""）"
10115,CN2505253-A,TBA,"→ 写为 NULL（raw_text 保留原值 ""TBA""）"
10116,CN2505253-A1,TBA,"→ 写为 NULL（raw_text 保留原值 ""TBA""）"
10117,CN2505254-S,TBA,"→ 写为 NULL（raw_text 保留原值 ""TBA""）"
10118,CN2505255-A,TBA,"→ 写为 NULL（raw_text 保留原值 ""TBA""）"
10119,CN2505256-S,TBA,"→ 写为 NULL（raw_text 保留原值 ""TBA""）"
10120,CN2505257-S,TBA,"→ 写为 NULL（raw_text 保留原值 ""TBA""）"
10121,CN2505258-S,TBA,"→ 写为 NULL（raw_text 保留原值 ""TBA""）"
10122,CN2505259-S,TBA,"→ 写为 NULL（raw_text 保留原值 ""TBA""）"
10123,CN2505260-S,TBA,"→ 写为 NULL（raw_text 保留原值 ""TBA""）"
10124,CN2505261-S,TBA,"→ 写为 NULL（raw_text 保留原值 ""TBA""）"
10125,CN2505262-S,TBA,"→ 写为 NULL（raw_text 保留原值 ""TBA""）"
10126,CN2505263-S,TBA,"→ 写为 NULL（raw_text 保留原值 ""TBA""）"
10127,CN2505264-S,TBA,"→ 写为 NULL（raw_text 保留原值 ""TBA""）"
10128,CN2505265-S,TBA,"→ 写为 NULL（raw_text 保留原值 ""TBA""）"
10129,CN2505266-A,TBA,"→ 写为 NULL（raw_text 保留原值 ""TBA""）"
10130,CN2505267-A,TBA,"→ 写为 NULL（raw_text 保留原值 ""TBA""）"
10131,CN2505268-A,TBA,"→ 写为 NULL（raw_text 保留原值 ""TBA""）"
10132,CN2505269-A,TBA,"→ 写为 NULL（raw_text 保留原值 ""TBA""）"
10134,CN2505271-A,TBA,"→ 写为 NULL（raw_text 保留原值 ""TBA""）"
10135,CN2505272-A,TBA,"→ 写为 NULL（raw_text 保留原值 ""TBA""）"
10137,CN2505274-S,TBA,"→ 写为 NULL（raw_text 保留原值 ""TBA""）"
10138,CN2505275-S,TBA,"→ 写为 NULL（raw_text 保留原值 ""TBA""）"
10139,CN2505276-S,TBA,"→ 写为 NULL（raw_text 保留原值 ""TBA""）"
10140,CN2505277-S,TBA,"→ 写为 NULL（raw_text 保留原值 ""TBA""）"
10141,CN2505278-A,TBA,"→ 写为 NULL（raw_text 保留原值 ""TBA""）"
10142,CN2505279-A,TBA,"→ 写为 NULL（raw_text 保留原值 ""TBA""）"
10143,CN2505280-A,TBA,"→ 写为 NULL（raw_text 保留原值 ""TBA""）"
10144,CN2505281-A,TBA,"→ 写为 NULL（raw_text 保留原值 ""TBA""）"
10145,CN2505282-S,TBA,"→ 写为 NULL（raw_text 保留原值 ""TBA""）"
10146,CN2505283-A,TBA,"→ 写为 NULL（raw_text 保留原值 ""TBA""）"
10147,CN2505284-A,TBA,"→ 写为 NULL（raw_text 保留原值 ""TBA""）"
10148,CN2505285-A,TBA,"→ 写为 NULL（raw_text 保留原值 ""TBA""）"
10149,CN2505286-A,TBA,"→ 写为 NULL（raw_text 保留原值 ""TBA""）"
10150,CN2505287-S,TBA,"→ 写为 NULL（raw_text 保留原值 ""TBA""）"
10151,CN2505288-S,TBA,"→ 写为 NULL（raw_text 保留原值 ""TBA""）"
10152,CN2505289-A,TBA,"→ 写为 NULL（raw_text 保留原值 ""TBA""）"
10153,CN2505290-S,TBA,"→ 写为 NULL（raw_text 保留原值 ""TBA""）"
10154,CN2505291-S,TBA,"→ 写为 NULL（raw_text 保留原值 ""TBA""）"
10155,CN2505292-S,TBA,"→ 写为 NULL（raw_text 保留原值 ""TBA""）"
10156,CN2505293-S,TBA,"→ 写为 NULL（raw_text 保留原值 ""TBA""）"
10157,CN2505294-S,TBA,"→ 写为 NULL（raw_text 保留原值 ""TBA""）"
10159,CN2505296-S,TBA,"→ 写为 NULL（raw_text 保留原值 ""TBA""）"
10160,CN2505297-A,TBA,"→ 写为 NULL（raw_text 保留原值 ""TBA""）"
10161,CN2505298-A,TBA,"→ 写为 NULL（raw_text 保留原值 ""TBA""）"
10162,CN2505299-A,TBA,"→ 写为 NULL（raw_text 保留原值 ""TBA""）"
10163,CN2505300-A,TBA,"→ 写为 NULL（raw_text 保留原值 ""TBA""）"
10164,CN2505301-S,TBA,"→ 写为 NULL（raw_text 保留原值 ""TBA""）"
10165,CN2505302-S,TBA,"→ 写为 NULL（raw_text 保留原值 ""TBA""）"
10166,CN2505303-S,TBA,"→ 写为 NULL（raw_text 保留原值 ""TBA""）"
10167,CN2505304-A,TBA,"→ 写为 NULL（raw_text 保留原值 ""TBA""）"
10168,CN2505305-A,TBA,"→ 写为 NULL（raw_text 保留原值 ""TBA""）"
10171,CN2505308-A,TBA,"→ 写为 NULL（raw_text 保留原值 ""TBA""）"
10176,CN2505313-A,TBA,"→ 写为 NULL（raw_text 保留原值 ""TBA""）"
10177,CN2505314-A,TBA,"→ 写为 NULL（raw_text 保留原值 ""TBA""）"
10179,CN2505316-S,TBA,"→ 写为 NULL（raw_text 保留原值 ""TBA""）"
10181,CN2505318-S,TBA,"→ 写为 NULL（raw_text 保留原值 ""TBA""）"
10182,CN2505319-A,TBA,"→ 写为 NULL（raw_text 保留原值 ""TBA""）"
10183,CN2505320-S,TBA,"→ 写为 NULL（raw_text 保留原值 ""TBA""）"
10184,CN2505321-A,TBA,"→ 写为 NULL（raw_text 保留原值 ""TBA""）"
10185,CN2505322-S,TBA,"→ 写为 NULL（raw_text 保留原值 ""TBA""）"
10186,CN2505323-A,TBA,"→ 写为 NULL（raw_text 保留原值 ""TBA""）"
10187,CN2505324-A,TBA,"→ 写为 NULL（raw_text 保留原值 ""TBA""）"
10189,CN2505326-S,TBA,"→ 写为 NULL（raw_text 保留原值 ""TBA""）"
10190,CN2505327-S,TBA,"→ 写为 NULL（raw_text 保留原值 ""TBA""）"
10191,CN2505328-S,TBA,"→ 写为 NULL（raw_text 保留原值 ""TBA""）"
10192,CN2505329-S,TBA,"→ 写为 NULL（raw_text 保留原值 ""TBA""）"
10193,CN2505330-S,TBA,"→ 写为 NULL（raw_text 保留原值 ""TBA""）"
10194,CN2505331-S,TBA,"→ 写为 NULL（raw_text 保留原值 ""TBA""）"
10195,CN2505332-S,TBA,"→ 写为 NULL（raw_text 保留原值 ""TBA""）"
10198,CN2505335-S,TBA,"→ 写为 NULL（raw_text 保留原值 ""TBA""）"
10199,CN2505336-S,TBA,"→ 写为 NULL（raw_text 保留原值 ""TBA""）"
10200,CN2505337-S,TBA,"→ 写为 NULL（raw_text 保留原值 ""TBA""）"
10201,CN2505338-S,TBA,"→ 写为 NULL（raw_text 保留原值 ""TBA""）"
10202,CN2505339-S,TBA,"→ 写为 NULL（raw_text 保留原值 ""TBA""）"
10204,CN2505341-A,TBA,"→ 写为 NULL（raw_text 保留原值 ""TBA""）"
10205,CN2505342-A,TBA,"→ 写为 NULL（raw_text 保留原值 ""TBA""）"
10206,CN2505343-S,TBA,"→ 写为 NULL（raw_text 保留原值 ""TBA""）"
10207,CN2505344-S,TBA,"→ 写为 NULL（raw_text 保留原值 ""TBA""）"
10208,CN2505345-S,TBA,"→ 写为 NULL（raw_text 保留原值 ""TBA""）"
10209,CN2505346-S,TBA,"→ 写为 NULL（raw_text 保留原值 ""TBA""）"
10210,CN2505347-S,TBA,"→ 写为 NULL（raw_text 保留原值 ""TBA""）"
10212,CN2505349-AS,TBA,"→ 写为 NULL（raw_text 保留原值 ""TBA""）"
10213,CN2505349-AS1,TBA,"→ 写为 NULL（raw_text 保留原值 ""TBA""）"
10214,CN2505350-R,TBA,"→ 写为 NULL（raw_text 保留原值 ""TBA""）"
10215,CN2505351-A,TBA,"→ 写为 NULL（raw_text 保留原值 ""TBA""）"
10216,CN2505352-A,TBA,"→ 写为 NULL（raw_text 保留原值 ""TBA""）"
10217,CN2505353-R,TBA,"→ 写为 NULL（raw_text 保留原值 ""TBA""）"
10218,CN2505354-A,TBA,"→ 写为 NULL（raw_text 保留原值 ""TBA""）"
10219,CN2505355-S,TBA,"→ 写为 NULL（raw_text 保留原值 ""TBA""）"
10220,CN2505356-S,TBA,"→ 写为 NULL（raw_text 保留原值 ""TBA""）"
10221,CN2505357-A,TBA,"→ 写为 NULL（raw_text 保留原值 ""TBA""）"
10222,CN2505358-A,TBA,"→ 写为 NULL（raw_text 保留原值 ""TBA""）"
10223,CN2505359-S,TBA,"→ 写为 NULL（raw_text 保留原值 ""TBA""）"
10224,CN2505360-A,TBA,"→ 写为 NULL（raw_text 保留原值 ""TBA""）"
10225,CN2505361-S,TBA,"→ 写为 NULL（raw_text 保留原值 ""TBA""）"
10226,CN2505362-S,TBA,"→ 写为 NULL（raw_text 保留原值 ""TBA""）"
10227,CN2505363-A,TBA,"→ 写为 NULL（raw_text 保留原值 ""TBA""）"
10228,CN2505364-S,TBA,"→ 写为 NULL（raw_text 保留原值 ""TBA""）"
10229,CN2505365-A,TBA,"→ 写为 NULL（raw_text 保留原值 ""TBA""）"
10230,CN2505366-S,TBA,"→ 写为 NULL（raw_text 保留原值 ""TBA""）"
10231,CN2505367-S,TBA,"→ 写为 NULL（raw_text 保留原值 ""TBA""）"
10232,CN2505368-S,TBA,"→ 写为 NULL（raw_text 保留原值 ""TBA""）"
10233,CN2505369-A,TBA,"→ 写为 NULL（raw_text 保留原值 ""TBA""）"
10235,CN2505371-S,TBA,"→ 写为 NULL（raw_text 保留原值 ""TBA""）"
10236,CN2505372-S,TBA,"→ 写为 NULL（raw_text 保留原值 ""TBA""）"
10237,CN2505373-S1,TBA,"→ 写为 NULL（raw_text 保留原值 ""TBA""）"
10238,CN2505373-S2,TBA,"→ 写为 NULL（raw_text 保留原值 ""TBA""）"
10241,CN2505376-S,TBA,"→ 写为 NULL（raw_text 保留原值 ""TBA""）"
10242,CN2505377-S,TBA,"→ 写为 NULL（raw_text 保留原值 ""TBA""）"
10243,CN2505378-A,TBA,"→ 写为 NULL（raw_text 保留原值 ""TBA""）"
10244,CN2505379-S,TBA,"→ 写为 NULL（raw_text 保留原值 ""TBA""）"
10245,CN2505380-S,TBA,"→ 写为 NULL（raw_text 保留原值 ""TBA""）"
10247,CN2505382-A,TBA,"→ 写为 NULL（raw_text 保留原值 ""TBA""）"
10248,CN2505383-S,TBA,"→ 写为 NULL（raw_text 保留原值 ""TBA""）"
10249,CN2505384-S,TBA,"→ 写为 NULL（raw_text 保留原值 ""TBA""）"
10251,CN2505386-S,TBA,"→ 写为 NULL（raw_text 保留原值 ""TBA""）"
10252,CN2505387-A,TBA,"→ 写为 NULL（raw_text 保留原值 ""TBA""）"
10253,CN2505388-S,TBA,"→ 写为 NULL（raw_text 保留原值 ""TBA""）"
10254,CN2505389-S,TBA,"→ 写为 NULL（raw_text 保留原值 ""TBA""）"
10256,CN2505391-S,TBA,"→ 写为 NULL（raw_text 保留原值 ""TBA""）"
10257,CN2505392-A,TBA,"→ 写为 NULL（raw_text 保留原值 ""TBA""）"
10258,CN2505393-S,TBA,"→ 写为 NULL（raw_text 保留原值 ""TBA""）"
10261,CN2505396-S,TBA,"→ 写为 NULL（raw_text 保留原值 ""TBA""）"
10262,CN2505397-A,TBA,"→ 写为 NULL（raw_text 保留原值 ""TBA""）"
10263,CN2505398-A,TBA,"→ 写为 NULL（raw_text 保留原值 ""TBA""）"
10264,CN2505399-A,TBA,"→ 写为 NULL（raw_text 保留原值 ""TBA""）"
10265,CN2505400-A,TBA,"→ 写为 NULL（raw_text 保留原值 ""TBA""）"
10266,CN2505401-S,TBA,"→ 写为 NULL（raw_text 保留原值 ""TBA""）"
10267,CN2505402-S,TBA,"→ 写为 NULL（raw_text 保留原值 ""TBA""）"
10268,CN2505403-A,TBA,"→ 写为 NULL（raw_text 保留原值 ""TBA""）"
10269,CN2505404-S,TBA,"→ 写为 NULL（raw_text 保留原值 ""TBA""）"
10270,CN2505405-S,TBA,"→ 写为 NULL（raw_text 保留原值 ""TBA""）"
10271,CN2505406-S,TBA,"→ 写为 NULL（raw_text 保留原值 ""TBA""）"
10272,CN2505407-S,TBA,"→ 写为 NULL（raw_text 保留原值 ""TBA""）"
10273,CN2505408-S,TBA,"→ 写为 NULL（raw_text 保留原值 ""TBA""）"
10274,CN2505409-S,TBA,"→ 写为 NULL（raw_text 保留原值 ""TBA""）"
10275,CN2505410-S,TBA,"→ 写为 NULL（raw_text 保留原值 ""TBA""）"
10276,CN2505411-A,TBA,"→ 写为 NULL（raw_text 保留原值 ""TBA""）"
10278,CN2505413-A,TBA,"→ 写为 NULL（raw_text 保留原值 ""TBA""）"
10279,CN2505414-A,TBA,"→ 写为 NULL（raw_text 保留原值 ""TBA""）"
10280,CN2505415-S,TBA,"→ 写为 NULL（raw_text 保留原值 ""TBA""）"
10281,CN2505416-S1,TBA,"→ 写为 NULL（raw_text 保留原值 ""TBA""）"
10282,CN2505416-S2,TBA,"→ 写为 NULL（raw_text 保留原值 ""TBA""）"
10283,CN2505416-S3,TBA,"→ 写为 NULL（raw_text 保留原值 ""TBA""）"
10284,CN2505417-A,TBA,"→ 写为 NULL（raw_text 保留原值 ""TBA""）"
10285,CN2505418-A,TBA,"→ 写为 NULL（raw_text 保留原值 ""TBA""）"
10286,CN2505419-S1,TBA,"→ 写为 NULL（raw_text 保留原值 ""TBA""）"
10287,CN2505419-S2,TBA,"→ 写为 NULL（raw_text 保留原值 ""TBA""）"
10288,CN2505420-A,TBA,"→ 写为 NULL（raw_text 保留原值 ""TBA""）"
10289,CN2505421-S,TBA,"→ 写为 NULL（raw_text 保留原值 ""TBA""）"
10290,CN2505422-A,TBA,"→ 写为 NULL（raw_text 保留原值 ""TBA""）"
10291,CN2505423-A,TBA,"→ 写为 NULL（raw_text 保留原值 ""TBA""）"
10292,CN2505424-A,TBA,"→ 写为 NULL（raw_text 保留原值 ""TBA""）"
10293,CN2505425-S,TBA,"→ 写为 NULL（raw_text 保留原值 ""TBA""）"
10294,CN2505426-S,TBA,"→ 写为 NULL（raw_text 保留原值 ""TBA""）"
10295,CN2505427-S,TBA,"→ 写为 NULL（raw_text 保留原值 ""TBA""）"
10296,CN2505428-S,TBA,"→ 写为 NULL（raw_text 保留原值 ""TBA""）"
10298,CN2505430-S,TBA,"→ 写为 NULL（raw_text 保留原值 ""TBA""）"
10299,CN2505431-S,TBA,"→ 写为 NULL（raw_text 保留原值 ""TBA""）"
10300,CN2505432-S,TBA,"→ 写为 NULL（raw_text 保留原值 ""TBA""）"
10301,CN2505433-S,TBA,"→ 写为 NULL（raw_text 保留原值 ""TBA""）"
10302,CN2505434-S,TBA,"→ 写为 NULL（raw_text 保留原值 ""TBA""）"
10303,CN2505435-A,TBA,"→ 写为 NULL（raw_text 保留原值 ""TBA""）"
10305,CN2505437-S,TBA,"→ 写为 NULL（raw_text 保留原值 ""TBA""）"
10306,CN2505438-A,TBA,"→ 写为 NULL（raw_text 保留原值 ""TBA""）"
10308,CN2505440-A,TBA,"→ 写为 NULL（raw_text 保留原值 ""TBA""）"
10309,CN2505441-A,TBA,"→ 写为 NULL（raw_text 保留原值 ""TBA""）"
10310,CN2505442-A,TBA,"→ 写为 NULL（raw_text 保留原值 ""TBA""）"
10313,CN2505445-A,TBA,"→ 写为 NULL（raw_text 保留原值 ""TBA""）"
10314,CN2505446-A,TBA,"→ 写为 NULL（raw_text 保留原值 ""TBA""）"
10315,CN2505447-A,TBA,"→ 写为 NULL（raw_text 保留原值 ""TBA""）"
10316,CN2505448-S,TBA,"→ 写为 NULL（raw_text 保留原值 ""TBA""）"
10318,CN2505450-A,TBA,"→ 写为 NULL（raw_text 保留原值 ""TBA""）"
10319,CN2505451-S,TBA,"→ 写为 NULL（raw_text 保留原值 ""TBA""）"
10320,CN2505452-A,TBA,"→ 写为 NULL（raw_text 保留原值 ""TBA""）"
10321,CN2505453-S,TBA,"→ 写为 NULL（raw_text 保留原值 ""TBA""）"
10322,CN2505454-S,TBA,"→ 写为 NULL（raw_text 保留原值 ""TBA""）"
10323,CN2505455-A,TBA,"→ 写为 NULL（raw_text 保留原值 ""TBA""）"
10324,CN2505456-A,TBA,"→ 写为 NULL（raw_text 保留原值 ""TBA""）"
10325,CN2505457-A,TBA,"→ 写为 NULL（raw_text 保留原值 ""TBA""）"
10326,CN2505458-A,TBA,"→ 写为 NULL（raw_text 保留原值 ""TBA""）"
10327,CN2505459-A,TBA,"→ 写为 NULL（raw_text 保留原值 ""TBA""）"
10328,CN2505460-A,TBA,"→ 写为 NULL（raw_text 保留原值 ""TBA""）"
10329,CN2505461-A,TBA,"→ 写为 NULL（raw_text 保留原值 ""TBA""）"
10330,CN2505462-A,TBA,"→ 写为 NULL（raw_text 保留原值 ""TBA""）"
10331,CN2505463-A,TBA,"→ 写为 NULL（raw_text 保留原值 ""TBA""）"
10332,CN2505464-A,TBA,"→ 写为 NULL（raw_text 保留原值 ""TBA""）"
10333,CN2505465-A,TBA,"→ 写为 NULL（raw_text 保留原值 ""TBA""）"
10334,CN2505466-A,TBA,"→ 写为 NULL（raw_text 保留原值 ""TBA""）"
10335,CN2505467-A,TBA,"→ 写为 NULL（raw_text 保留原值 ""TBA""）"
10336,CN2505468-A,TBA,"→ 写为 NULL（raw_text 保留原值 ""TBA""）"
10339,CN2505471-A,TBA,"→ 写为 NULL（raw_text 保留原值 ""TBA""）"
10341,CN2505473-A,TBA,"→ 写为 NULL（raw_text 保留原值 ""TBA""）"
10342,CN2505474-A,TBA,"→ 写为 NULL（raw_text 保留原值 ""TBA""）"
10343,CN2505475-A,TBA,"→ 写为 NULL（raw_text 保留原值 ""TBA""）"
10344,CN2505476-S,TBA,"→ 写为 NULL（raw_text 保留原值 ""TBA""）"
10345,CN2505477-A,TBA,"→ 写为 NULL（raw_text 保留原值 ""TBA""）"
10346,CN2505478-A,TBA,"→ 写为 NULL（raw_text 保留原值 ""TBA""）"
10347,CN2505479-S,TBA,"→ 写为 NULL（raw_text 保留原值 ""TBA""）"
10348,CN2505480-S,TBA,"→ 写为 NULL（raw_text 保留原值 ""TBA""）"
10349,CN2505481-A,TBA,"→ 写为 NULL（raw_text 保留原值 ""TBA""）"
10351,CN2505483-A,TBA,"→ 写为 NULL（raw_text 保留原值 ""TBA""）"
10352,CN2505484-A,TBA,"→ 写为 NULL（raw_text 保留原值 ""TBA""）"
10353,CN2505485-A,TBA,"→ 写为 NULL（raw_text 保留原值 ""TBA""）"
10356,CN2505488-S,TBA,"→ 写为 NULL（raw_text 保留原值 ""TBA""）"
10357,CN2505489-S,TBA,"→ 写为 NULL（raw_text 保留原值 ""TBA""）"
10358,CN2505490-S,TBA,"→ 写为 NULL（raw_text 保留原值 ""TBA""）"
10359,CN2505491-R,TBA,"→ 写为 NULL（raw_text 保留原值 ""TBA""）"
10360,CN2505492-S,TBA,"→ 写为 NULL（raw_text 保留原值 ""TBA""）"
10361,CN2505493-R,TBA,"→ 写为 NULL（raw_text 保留原值 ""TBA""）"
10362,CN2505494-S,TBA,"→ 写为 NULL（raw_text 保留原值 ""TBA""）"
10363,CN2505495-S,TBA,"→ 写为 NULL（raw_text 保留原值 ""TBA""）"
10364,CN2505496-S,TBA,"→ 写为 NULL（raw_text 保留原值 ""TBA""）"
10365,CN2505497-S,TBA,"→ 写为 NULL（raw_text 保留原值 ""TBA""）"
10366,CN2505498-S,TBA,"→ 写为 NULL（raw_text 保留原值 ""TBA""）"
10367,CN2505499-S,TBA,"→ 写为 NULL（raw_text 保留原值 ""TBA""）"
10368,CN2505500-S,TBA,"→ 写为 NULL（raw_text 保留原值 ""TBA""）"
10369,CN2505501-S,TBA,"→ 写为 NULL（raw_text 保留原值 ""TBA""）"
10370,CN2505502-S,TBA,"→ 写为 NULL（raw_text 保留原值 ""TBA""）"
10371,CN2505503-S1,TBA,"→ 写为 NULL（raw_text 保留原值 ""TBA""）"
10372,CN2505503-S2,TBA,"→ 写为 NULL（raw_text 保留原值 ""TBA""）"
10373,CN2505504-A,TBA,"→ 写为 NULL（raw_text 保留原值 ""TBA""）"
10374,CN2505505-A,TBA,"→ 写为 NULL（raw_text 保留原值 ""TBA""）"
10375,CN2505506-A,TBA,"→ 写为 NULL（raw_text 保留原值 ""TBA""）"
10377,CN2505508-S,TBA,"→ 写为 NULL（raw_text 保留原值 ""TBA""）"
10378,CN2505509-S,TBA,"→ 写为 NULL（raw_text 保留原值 ""TBA""）"
10379,CN2505510-A,TBA,"→ 写为 NULL（raw_text 保留原值 ""TBA""）"
10380,CN2505511-A,TBA,"→ 写为 NULL（raw_text 保留原值 ""TBA""）"
10381,CN2505512-S,TBA,"→ 写为 NULL（raw_text 保留原值 ""TBA""）"
10383,CN2505514-S,TBA,"→ 写为 NULL（raw_text 保留原值 ""TBA""）"
10384,CN2505515-S,TBA,"→ 写为 NULL（raw_text 保留原值 ""TBA""）"
10385,CN2505516-S,TBA,"→ 写为 NULL（raw_text 保留原值 ""TBA""）"
10386,CN2505517-S,TBA,"→ 写为 NULL（raw_text 保留原值 ""TBA""）"
10387,CN2505518-S,TBA,"→ 写为 NULL（raw_text 保留原值 ""TBA""）"
10388,CN2505519-S,TBA,"→ 写为 NULL（raw_text 保留原值 ""TBA""）"
10389,CN2505520-S,TBA,"→ 写为 NULL（raw_text 保留原值 ""TBA""）"
10390,CN2505521-S,TBA,"→ 写为 NULL（raw_text 保留原值 ""TBA""）"
10391,CN2505522-S,TBA,"→ 写为 NULL（raw_text 保留原值 ""TBA""）"
10392,CN2505523-S,TBA,"→ 写为 NULL（raw_text 保留原值 ""TBA""）"
10393,CN2505524-A,TBA,"→ 写为 NULL（raw_text 保留原值 ""TBA""）"
10394,CN2505525-S,TBA,"→ 写为 NULL（raw_text 保留原值 ""TBA""）"
10395,CN2505526-S,TBA,"→ 写为 NULL（raw_text 保留原值 ""TBA""）"
10396,CN2505527-S,TBA,"→ 写为 NULL（raw_text 保留原值 ""TBA""）"
10397,CN2505528-S,TBA,"→ 写为 NULL（raw_text 保留原值 ""TBA""）"
10398,CN2505529-S,TBA,"→ 写为 NULL（raw_text 保留原值 ""TBA""）"
10399,CN2505530-A,TBA,"→ 写为 NULL（raw_text 保留原值 ""TBA""）"
10400,CN2505531-S,TBA,"→ 写为 NULL（raw_text 保留原值 ""TBA""）"
10401,CN2505532-A,TBA,"→ 写为 NULL（raw_text 保留原值 ""TBA""）"
10402,CN2505533-A,TBA,"→ 写为 NULL（raw_text 保留原值 ""TBA""）"
10403,CN2505534-S,TBA,"→ 写为 NULL（raw_text 保留原值 ""TBA""）"
10404,CN2505535-AS,TBA,"→ 写为 NULL（raw_text 保留原值 ""TBA""）"
10405,CN2505535-AS1,TBA,"→ 写为 NULL（raw_text 保留原值 ""TBA""）"
10406,CN2505536-A,TBA,"→ 写为 NULL（raw_text 保留原值 ""TBA""）"
10407,CN2505537-A,TBA,"→ 写为 NULL（raw_text 保留原值 ""TBA""）"
10410,CN2505540-A,TBA,"→ 写为 NULL（raw_text 保留原值 ""TBA""）"
10411,CN2505541-A,TBA,"→ 写为 NULL（raw_text 保留原值 ""TBA""）"
10412,CN2505542-S,TBA,"→ 写为 NULL（raw_text 保留原值 ""TBA""）"
10413,CN2505543-S,TBA,"→ 写为 NULL（raw_text 保留原值 ""TBA""）"
10414,CN2505544-A,TBA,"→ 写为 NULL（raw_text 保留原值 ""TBA""）"
10415,CN2505545-S,TBA,"→ 写为 NULL（raw_text 保留原值 ""TBA""）"
10416,CN2505546-S,TBA,"→ 写为 NULL（raw_text 保留原值 ""TBA""）"
10417,CN2505547-S,TBA,"→ 写为 NULL（raw_text 保留原值 ""TBA""）"
10418,CN2505548-S,TBA,"→ 写为 NULL（raw_text 保留原值 ""TBA""）"
10419,CN2505549-S,TBA,"→ 写为 NULL（raw_text 保留原值 ""TBA""）"
10420,CN2505550-S,TBA,"→ 写为 NULL（raw_text 保留原值 ""TBA""）"
10421,CN2505551-S,TBA,"→ 写为 NULL（raw_text 保留原值 ""TBA""）"
10422,CN2505552-S,TBA,"→ 写为 NULL（raw_text 保留原值 ""TBA""）"
10423,CN2505553-S,TBA,"→ 写为 NULL（raw_text 保留原值 ""TBA""）"
10424,CN2505554-S,TBA,"→ 写为 NULL（raw_text 保留原值 ""TBA""）"
10425,CN2505555-S,TBA,"→ 写为 NULL（raw_text 保留原值 ""TBA""）"
10426,CN2505556-S,TBA,"→ 写为 NULL（raw_text 保留原值 ""TBA""）"
10427,CN2505557-S,TBA,"→ 写为 NULL（raw_text 保留原值 ""TBA""）"
10428,CN2505558-S,TBA,"→ 写为 NULL（raw_text 保留原值 ""TBA""）"
10429,CN2505559-S,TBA,"→ 写为 NULL（raw_text 保留原值 ""TBA""）"
10430,CN2505560-A,TBA,"→ 写为 NULL（raw_text 保留原值 ""TBA""）"
10431,CN2505561-S,TBA,"→ 写为 NULL（raw_text 保留原值 ""TBA""）"
10432,CN2505562-S,TBA,"→ 写为 NULL（raw_text 保留原值 ""TBA""）"
10433,CN2505563-A,TBA,"→ 写为 NULL（raw_text 保留原值 ""TBA""）"
10434,CN2505564-S,TBA,"→ 写为 NULL（raw_text 保留原值 ""TBA""）"
10435,CN2505565-A,TBA,"→ 写为 NULL（raw_text 保留原值 ""TBA""）"
10436,CN2505566-S,TBA,"→ 写为 NULL（raw_text 保留原值 ""TBA""）"
10437,CN2505567-S,TBA,"→ 写为 NULL（raw_text 保留原值 ""TBA""）"
10438,CN2505568-S,TBA,"→ 写为 NULL（raw_text 保留原值 ""TBA""）"
10439,CN2505569-AS,TBA,"→ 写为 NULL（raw_text 保留原值 ""TBA""）"
10440,CN2505569-AS1,TBA,"→ 写为 NULL（raw_text 保留原值 ""TBA""）"
10441,CN2505570-S,TBA,"→ 写为 NULL（raw_text 保留原值 ""TBA""）"
10442,CN2505571-A,TBA,"→ 写为 NULL（raw_text 保留原值 ""TBA""）"
10443,CN2505572-R,TBA,"→ 写为 NULL（raw_text 保留原值 ""TBA""）"
10444,CN2505573-S,TBA,"→ 写为 NULL（raw_text 保留原值 ""TBA""）"
10445,CN2505574-S,TBA,"→ 写为 NULL（raw_text 保留原值 ""TBA""）"
10446,CN2505575-S,TBA,"→ 写为 NULL（raw_text 保留原值 ""TBA""）"
10447,CN2505576-S,TBA,"→ 写为 NULL（raw_text 保留原值 ""TBA""）"
10448,CN2505577-S,TBA,"→ 写为 NULL（raw_text 保留原值 ""TBA""）"
10449,CN2505578-S,TBA,"→ 写为 NULL（raw_text 保留原值 ""TBA""）"
10450,CN2505579-A,TBA,"→ 写为 NULL（raw_text 保留原值 ""TBA""）"
10451,CN2505580-A,TBA,"→ 写为 NULL（raw_text 保留原值 ""TBA""）"
10453,CN2505582-S,TBA,"→ 写为 NULL（raw_text 保留原值 ""TBA""）"
10456,CN2505584-A,TBA,"→ 写为 NULL（raw_text 保留原值 ""TBA""）"
10457,CN2505585-S,TBA,"→ 写为 NULL（raw_text 保留原值 ""TBA""）"
10458,CN2505586-A,TBA,"→ 写为 NULL（raw_text 保留原值 ""TBA""）"
10459,CN2505587-S,TBA,"→ 写为 NULL（raw_text 保留原值 ""TBA""）"
10461,CN2505589-S,TBA,"→ 写为 NULL（raw_text 保留原值 ""TBA""）"
10462,CN2505590-S,TBA,"→ 写为 NULL（raw_text 保留原值 ""TBA""）"
10463,CN2505591-S,TBA,"→ 写为 NULL（raw_text 保留原值 ""TBA""）"
10464,CN2505592-A,TBA,"→ 写为 NULL（raw_text 保留原值 ""TBA""）"
10465,CN2505593-A,TBA,"→ 写为 NULL（raw_text 保留原值 ""TBA""）"
10466,CN2505594-S,TBA,"→ 写为 NULL（raw_text 保留原值 ""TBA""）"
10467,CN2505595-S,TBA,"→ 写为 NULL（raw_text 保留原值 ""TBA""）"
10468,CN2505596-A,TBA,"→ 写为 NULL（raw_text 保留原值 ""TBA""）"
10469,CN2505597-S,TBA,"→ 写为 NULL（raw_text 保留原值 ""TBA""）"
10470,CN2505598-S,TBA,"→ 写为 NULL（raw_text 保留原值 ""TBA""）"
10471,CN2505599-S,TBA,"→ 写为 NULL（raw_text 保留原值 ""TBA""）"
10472,CN2505600-S,TBA,"→ 写为 NULL（raw_text 保留原值 ""TBA""）"
10473,CN2505601-S,TBA,"→ 写为 NULL（raw_text 保留原值 ""TBA""）"
10474,CN2505602-S,TBA,"→ 写为 NULL（raw_text 保留原值 ""TBA""）"
10475,CN2505603-S,TBA,"→ 写为 NULL（raw_text 保留原值 ""TBA""）"
10476,CN2505604-S,TBA,"→ 写为 NULL（raw_text 保留原值 ""TBA""）"
10477,CN2505605-A,TBA,"→ 写为 NULL（raw_text 保留原值 ""TBA""）"
10478,CN2505606-A,TBA,"→ 写为 NULL（raw_text 保留原值 ""TBA""）"
10480,CN2505608-A,TBA,"→ 写为 NULL（raw_text 保留原值 ""TBA""）"
10481,CN2505609-A,TBA,"→ 写为 NULL（raw_text 保留原值 ""TBA""）"
10482,CN2505610-A,TBA,"→ 写为 NULL（raw_text 保留原值 ""TBA""）"
10483,CN2505611-A,TBA,"→ 写为 NULL（raw_text 保留原值 ""TBA""）"
10484,CN2505612-A,TBA,"→ 写为 NULL（raw_text 保留原值 ""TBA""）"
10487,CN2505615-A,TBA,"→ 写为 NULL（raw_text 保留原值 ""TBA""）"
10488,CN2505616-A,TBA,"→ 写为 NULL（raw_text 保留原值 ""TBA""）"
10489,CN2505617-S,TBA,"→ 写为 NULL（raw_text 保留原值 ""TBA""）"
10490,CN2505618-S,TBA,"→ 写为 NULL（raw_text 保留原值 ""TBA""）"
10491,CN2505619-A,TBA,"→ 写为 NULL（raw_text 保留原值 ""TBA""）"
10492,CN2505620-A,TBA,"→ 写为 NULL（raw_text 保留原值 ""TBA""）"
10493,CN2505621-S,TBA,"→ 写为 NULL（raw_text 保留原值 ""TBA""）"
10494,CN2505622-S,TBA,"→ 写为 NULL（raw_text 保留原值 ""TBA""）"
10495,CN2505623-S,TBA,"→ 写为 NULL（raw_text 保留原值 ""TBA""）"
10496,CN2505624-S,TBA,"→ 写为 NULL（raw_text 保留原值 ""TBA""）"
10497,CN2505625-S,TBA,"→ 写为 NULL（raw_text 保留原值 ""TBA""）"
10499,CN2505627-A1,TBA,"→ 写为 NULL（raw_text 保留原值 ""TBA""）"
10500,CN2505627-A2,TBA,"→ 写为 NULL（raw_text 保留原值 ""TBA""）"
10501,CN2505628-A,TBA,"→ 写为 NULL（raw_text 保留原值 ""TBA""）"
10502,CN2505629-S,TBA,"→ 写为 NULL（raw_text 保留原值 ""TBA""）"
10503,CN2505630-S,TBA,"→ 写为 NULL（raw_text 保留原值 ""TBA""）"
10504,CN2506001-A,TBA,"→ 写为 NULL（raw_text 保留原值 ""TBA""）"
10505,CN2506001-A1,TBA,"→ 写为 NULL（raw_text 保留原值 ""TBA""）"
10506,CN2506002-A,TBA,"→ 写为 NULL（raw_text 保留原值 ""TBA""）"
10508,CN2506004-AS,TBA,"→ 写为 NULL（raw_text 保留原值 ""TBA""）"
10509,CN2506004-AS1,TBA,"→ 写为 NULL（raw_text 保留原值 ""TBA""）"
10511,CN2506006-A,TBA,"→ 写为 NULL（raw_text 保留原值 ""TBA""）"
10512,CN2506007-A,TBA,"→ 写为 NULL（raw_text 保留原值 ""TBA""）"
10513,CN2506008-A,TBA,"→ 写为 NULL（raw_text 保留原值 ""TBA""）"
10514,CN2506009-A,TBA,"→ 写为 NULL（raw_text 保留原值 ""TBA""）"
10515,CN2506010-A,TBA,"→ 写为 NULL（raw_text 保留原值 ""TBA""）"
10516,CN2506011-A,TBA,"→ 写为 NULL（raw_text 保留原值 ""TBA""）"
10517,CN2506012-S,TBA,"→ 写为 NULL（raw_text 保留原值 ""TBA""）"
10518,CN2506013-S,TBA,"→ 写为 NULL（raw_text 保留原值 ""TBA""）"
10519,CN2506014-A,TBA,"→ 写为 NULL（raw_text 保留原值 ""TBA""）"
10520,CN2506015-A,TBA,"→ 写为 NULL（raw_text 保留原值 ""TBA""）"
10521,CN2506016-S,TBA,"→ 写为 NULL（raw_text 保留原值 ""TBA""）"
10522,CN2506017-S,TBA,"→ 写为 NULL（raw_text 保留原值 ""TBA""）"
10523,CN2506018-A,TBA,"→ 写为 NULL（raw_text 保留原值 ""TBA""）"
10524,CN2506019-A,TBA,"→ 写为 NULL（raw_text 保留原值 ""TBA""）"
10525,CN2506020-A,TBA,"→ 写为 NULL（raw_text 保留原值 ""TBA""）"
10526,CN2506021-S,TBA,"→ 写为 NULL（raw_text 保留原值 ""TBA""）"
10529,CN2506024-S,TBA,"→ 写为 NULL（raw_text 保留原值 ""TBA""）"
10531,CN2506026-S,TBA,"→ 写为 NULL（raw_text 保留原值 ""TBA""）"
10532,CN2506027-A,TBA,"→ 写为 NULL（raw_text 保留原值 ""TBA""）"
10536,CN2506031-A,TBA,"→ 写为 NULL（raw_text 保留原值 ""TBA""）"
10537,CN2506032-R,TBA,"→ 写为 NULL（raw_text 保留原值 ""TBA""）"
10539,CN2506034-S,TBA,"→ 写为 NULL（raw_text 保留原值 ""TBA""）"
10540,CN2506035-S,TBA,"→ 写为 NULL（raw_text 保留原值 ""TBA""）"
10541,CN2506036-S,TBA,"→ 写为 NULL（raw_text 保留原值 ""TBA""）"
10542,CN2506037-S,TBA,"→ 写为 NULL（raw_text 保留原值 ""TBA""）"
10543,CN2506038-A,TBA,"→ 写为 NULL（raw_text 保留原值 ""TBA""）"
10544,CN2506039-A,TBA,"→ 写为 NULL（raw_text 保留原值 ""TBA""）"
10545,CN2506040-A,TBA,"→ 写为 NULL（raw_text 保留原值 ""TBA""）"
10546,CN2506041-A,TBA,"→ 写为 NULL（raw_text 保留原值 ""TBA""）"
10547,CN2506042-A,TBA,"→ 写为 NULL（raw_text 保留原值 ""TBA""）"
10548,CN2506043-S,TBA,"→ 写为 NULL（raw_text 保留原值 ""TBA""）"
10549,CN2506044-A,TBA,"→ 写为 NULL（raw_text 保留原值 ""TBA""）"
10550,CN2506045-A,TBA,"→ 写为 NULL（raw_text 保留原值 ""TBA""）"
10551,CN2506046-A,TBA,"→ 写为 NULL（raw_text 保留原值 ""TBA""）"
10552,CN2506047-S,TBA,"→ 写为 NULL（raw_text 保留原值 ""TBA""）"
10553,CN2506048-A,TBA,"→ 写为 NULL（raw_text 保留原值 ""TBA""）"
10554,CN2506049-A,TBA,"→ 写为 NULL（raw_text 保留原值 ""TBA""）"
10555,CN2506050-S,TBA,"→ 写为 NULL（raw_text 保留原值 ""TBA""）"
10556,CN2506051-S,TBA,"→ 写为 NULL（raw_text 保留原值 ""TBA""）"
10557,CN2506052-S,TBA,"→ 写为 NULL（raw_text 保留原值 ""TBA""）"
10558,CN2506053-S,TBA,"→ 写为 NULL（raw_text 保留原值 ""TBA""）"
10559,CN2506054-S,TBA,"→ 写为 NULL（raw_text 保留原值 ""TBA""）"
10560,CN2506055-S,TBA,"→ 写为 NULL（raw_text 保留原值 ""TBA""）"
10561,CN2506056-A,TBA,"→ 写为 NULL（raw_text 保留原值 ""TBA""）"
10562,CN2506057-A,TBA,"→ 写为 NULL（raw_text 保留原值 ""TBA""）"
10563,CN2506058-S,TBA,"→ 写为 NULL（raw_text 保留原值 ""TBA""）"
10564,CN2506059-S,TBA,"→ 写为 NULL（raw_text 保留原值 ""TBA""）"
10565,CN2506060-AS,TBA,"→ 写为 NULL（raw_text 保留原值 ""TBA""）"
10566,CN2506060-AS1,TBA,"→ 写为 NULL（raw_text 保留原值 ""TBA""）"
10567,CN2506061-A,TBA,"→ 写为 NULL（raw_text 保留原值 ""TBA""）"
10568,CN2506062-A,TBA,"→ 写为 NULL（raw_text 保留原值 ""TBA""）"
10569,CN2506063-S,TBA,"→ 写为 NULL（raw_text 保留原值 ""TBA""）"
10570,CN2506064-A,TBA,"→ 写为 NULL（raw_text 保留原值 ""TBA""）"
10571,CN2506065-S,TBA,"→ 写为 NULL（raw_text 保留原值 ""TBA""）"
10572,CN2506066-S,TBA,"→ 写为 NULL（raw_text 保留原值 ""TBA""）"
10573,CN2506067-S,TBA,"→ 写为 NULL（raw_text 保留原值 ""TBA""）"
10574,CN2506068-S,TBA,"→ 写为 NULL（raw_text 保留原值 ""TBA""）"
10575,CN2506069-A,TBA,"→ 写为 NULL（raw_text 保留原值 ""TBA""）"
10576,CN2506069-A1,TBA,"→ 写为 NULL（raw_text 保留原值 ""TBA""）"
10578,CN2506071-A,TBA,"→ 写为 NULL（raw_text 保留原值 ""TBA""）"
10579,CN2506072-S,TBA,"→ 写为 NULL（raw_text 保留原值 ""TBA""）"
10580,CN2506073-S,TBA,"→ 写为 NULL（raw_text 保留原值 ""TBA""）"
10581,CN2506074-A,TBA,"→ 写为 NULL（raw_text 保留原值 ""TBA""）"
10583,CN2506076-A,TBA,"→ 写为 NULL（raw_text 保留原值 ""TBA""）"
10585,CN2506078-A,TBA,"→ 写为 NULL（raw_text 保留原值 ""TBA""）"
10587,CN2506080-S,TBA,"→ 写为 NULL（raw_text 保留原值 ""TBA""）"
10588,CN2506081-A,TBA,"→ 写为 NULL（raw_text 保留原值 ""TBA""）"
10589,CN2506082-S,TBA,"→ 写为 NULL（raw_text 保留原值 ""TBA""）"
10590,CN2506083-A,TBA,"→ 写为 NULL（raw_text 保留原值 ""TBA""）"
10591,CN2506084-S,TBA,"→ 写为 NULL（raw_text 保留原值 ""TBA""）"
10592,CN2506085-A,TBA,"→ 写为 NULL（raw_text 保留原值 ""TBA""）"
10593,CN2506086-S,TBA,"→ 写为 NULL（raw_text 保留原值 ""TBA""）"
10594,CN2506087-S,TBA,"→ 写为 NULL（raw_text 保留原值 ""TBA""）"
10595,CN2506088-S,TBA,"→ 写为 NULL（raw_text 保留原值 ""TBA""）"
10596,CN2506089-S,TBA,"→ 写为 NULL（raw_text 保留原值 ""TBA""）"
10597,CN2506090-S,TBA,"→ 写为 NULL（raw_text 保留原值 ""TBA""）"
10598,CN2506091-A,TBA,"→ 写为 NULL（raw_text 保留原值 ""TBA""）"
10600,CN2506093-A,TBA,"→ 写为 NULL（raw_text 保留原值 ""TBA""）"
10603,CN2506096-S,TBA,"→ 写为 NULL（raw_text 保留原值 ""TBA""）"
10604,CN2506096-S1,TBA,"→ 写为 NULL（raw_text 保留原值 ""TBA""）"
10605,CN2506097-A,TBA,"→ 写为 NULL（raw_text 保留原值 ""TBA""）"
10606,CN2506098-S,TBA,"→ 写为 NULL（raw_text 保留原值 ""TBA""）"
10607,CN2506099-S,TBA,"→ 写为 NULL（raw_text 保留原值 ""TBA""）"
10609,CN2506101-A,TBA,"→ 写为 NULL（raw_text 保留原值 ""TBA""）"
10610,CN2506102-AS,TBA,"→ 写为 NULL（raw_text 保留原值 ""TBA""）"
10611,CN2506102-AS1,TBA,"→ 写为 NULL（raw_text 保留原值 ""TBA""）"
10612,CN2506103-A,TBA,"→ 写为 NULL（raw_text 保留原值 ""TBA""）"
10613,CN2506104-A,TBA,"→ 写为 NULL（raw_text 保留原值 ""TBA""）"
10615,CN2506106-S,TBA,"→ 写为 NULL（raw_text 保留原值 ""TBA""）"
10616,CN2506107-A,TBA,"→ 写为 NULL（raw_text 保留原值 ""TBA""）"
10617,CN2506108-S,TBA,"→ 写为 NULL（raw_text 保留原值 ""TBA""）"
10618,CN2506109-S,TBA,"→ 写为 NULL（raw_text 保留原值 ""TBA""）"
10619,CN2506110-A,TBA,"→ 写为 NULL（raw_text 保留原值 ""TBA""）"
10620,CN2506111-A,TBA,"→ 写为 NULL（raw_text 保留原值 ""TBA""）"
10621,CN2506112-S,TBA,"→ 写为 NULL（raw_text 保留原值 ""TBA""）"
10622,CN2506113-A,TBA,"→ 写为 NULL（raw_text 保留原值 ""TBA""）"
10623,CN2506114-S,TBA,"→ 写为 NULL（raw_text 保留原值 ""TBA""）"
10624,CN2506115-AS,TBA,"→ 写为 NULL（raw_text 保留原值 ""TBA""）"
10625,CN2506115-AS1,TBA,"→ 写为 NULL（raw_text 保留原值 ""TBA""）"
10626,CN2506116-S,TBA,"→ 写为 NULL（raw_text 保留原值 ""TBA""）"
10627,CN2506117-S,TBA,"→ 写为 NULL（raw_text 保留原值 ""TBA""）"
10628,CN2506118-S,TBA,"→ 写为 NULL（raw_text 保留原值 ""TBA""）"
10629,CN2506119-S,TBA,"→ 写为 NULL（raw_text 保留原值 ""TBA""）"
10630,CN2506120-S,TBA,"→ 写为 NULL（raw_text 保留原值 ""TBA""）"
10631,CN2506121-S,TBA,"→ 写为 NULL（raw_text 保留原值 ""TBA""）"
10632,CN2506122-S,TBA,"→ 写为 NULL（raw_text 保留原值 ""TBA""）"
10633,CN2506123-S,TBA,"→ 写为 NULL（raw_text 保留原值 ""TBA""）"
10634,CN2506124-S,TBA,"→ 写为 NULL（raw_text 保留原值 ""TBA""）"
10637,CN2506127-S,TBA,"→ 写为 NULL（raw_text 保留原值 ""TBA""）"
10638,CN2506128-A,TBA,"→ 写为 NULL（raw_text 保留原值 ""TBA""）"
10639,CN2506129-A,TBA,"→ 写为 NULL（raw_text 保留原值 ""TBA""）"
10640,CN2506130-A,TBA,"→ 写为 NULL（raw_text 保留原值 ""TBA""）"
10641,CN2506131-A,TBA,"→ 写为 NULL（raw_text 保留原值 ""TBA""）"
10642,CN2506132-A,TBA,"→ 写为 NULL（raw_text 保留原值 ""TBA""）"
10645,CN2506135-A,TBA,"→ 写为 NULL（raw_text 保留原值 ""TBA""）"
10648,CN2506138-A,TBA,"→ 写为 NULL（raw_text 保留原值 ""TBA""）"
10649,CN2506139-A,TBA,"→ 写为 NULL（raw_text 保留原值 ""TBA""）"
10651,CN2506141-A,TBA,"→ 写为 NULL（raw_text 保留原值 ""TBA""）"
10652,CN2506142-S,TBA,"→ 写为 NULL（raw_text 保留原值 ""TBA""）"
10654,CN2506144-S,TBA,"→ 写为 NULL（raw_text 保留原值 ""TBA""）"
10655,CN2506145-A,TBA,"→ 写为 NULL（raw_text 保留原值 ""TBA""）"
10656,CN2506146-S,TBA,"→ 写为 NULL（raw_text 保留原值 ""TBA""）"
10657,CN2506147-A1,TBA,"→ 写为 NULL（raw_text 保留原值 ""TBA""）"
10658,CN2506147-A2,TBA,"→ 写为 NULL（raw_text 保留原值 ""TBA""）"
10659,CN2506147-A3,TBA,"→ 写为 NULL（raw_text 保留原值 ""TBA""）"
10660,CN2506148-S,TBA,"→ 写为 NULL（raw_text 保留原值 ""TBA""）"
10661,CN2506149-R,TBA,"→ 写为 NULL（raw_text 保留原值 ""TBA""）"
10662,CN2506150-A,TBA,"→ 写为 NULL（raw_text 保留原值 ""TBA""）"
10663,CN2506151-S,TBA,"→ 写为 NULL（raw_text 保留原值 ""TBA""）"
10664,CN2506152-A,TBA,"→ 写为 NULL（raw_text 保留原值 ""TBA""）"
10665,CN2506153-A,TBA,"→ 写为 NULL（raw_text 保留原值 ""TBA""）"
10666,CN2506154-S,TBA,"→ 写为 NULL（raw_text 保留原值 ""TBA""）"
10670,CN2506158-S,TBA,"→ 写为 NULL（raw_text 保留原值 ""TBA""）"
10671,CN2506159-S,TBA,"→ 写为 NULL（raw_text 保留原值 ""TBA""）"
10672,CN2506160-S,TBA,"→ 写为 NULL（raw_text 保留原值 ""TBA""）"
10673,CN2506161-S,TBA,"→ 写为 NULL（raw_text 保留原值 ""TBA""）"
10674,CN2506162-S,TBA,"→ 写为 NULL（raw_text 保留原值 ""TBA""）"
10675,CN2506163-S,TBA,"→ 写为 NULL（raw_text 保留原值 ""TBA""）"
10676,CN2506164-A,TBA,"→ 写为 NULL（raw_text 保留原值 ""TBA""）"
10677,CN2506165-S,TBA,"→ 写为 NULL（raw_text 保留原值 ""TBA""）"
10679,CN2506167-S,TBA,"→ 写为 NULL（raw_text 保留原值 ""TBA""）"
10680,CN2506168-S,TBA,"→ 写为 NULL（raw_text 保留原值 ""TBA""）"
10682,CN2506170-S,TBA,"→ 写为 NULL（raw_text 保留原值 ""TBA""）"
10685,CN2506173-A,TBA,"→ 写为 NULL（raw_text 保留原值 ""TBA""）"
10686,CN2506174-A,TBA,"→ 写为 NULL（raw_text 保留原值 ""TBA""）"
10687,CN2506175-S,TBA,"→ 写为 NULL（raw_text 保留原值 ""TBA""）"
10688,CN2506176-A,TBA,"→ 写为 NULL（raw_text 保留原值 ""TBA""）"
10689,CN2506177-S,TBA,"→ 写为 NULL（raw_text 保留原值 ""TBA""）"
10690,CN2506178-S,TBA,"→ 写为 NULL（raw_text 保留原值 ""TBA""）"
10691,CN2506179-A,TBA,"→ 写为 NULL（raw_text 保留原值 ""TBA""）"
10692,CN2506180-A,TBA,"→ 写为 NULL（raw_text 保留原值 ""TBA""）"
10693,CN2506181-A,TBA,"→ 写为 NULL（raw_text 保留原值 ""TBA""）"
10694,CN2506182-S,TBA,"→ 写为 NULL（raw_text 保留原值 ""TBA""）"
10695,CN2506183-A,TBA,"→ 写为 NULL（raw_text 保留原值 ""TBA""）"
10696,CN2506184-A,TBA,"→ 写为 NULL（raw_text 保留原值 ""TBA""）"
10697,CN2506185-A,TBA,"→ 写为 NULL（raw_text 保留原值 ""TBA""）"
10698,CN2506186-A,TBA,"→ 写为 NULL（raw_text 保留原值 ""TBA""）"
10699,CN2506187-A,TBA,"→ 写为 NULL（raw_text 保留原值 ""TBA""）"
10700,CN2506188-A,TBA,"→ 写为 NULL（raw_text 保留原值 ""TBA""）"
10701,CN2506189-A,TBA,"→ 写为 NULL（raw_text 保留原值 ""TBA""）"
10703,CN2506191-A,TBA,"→ 写为 NULL（raw_text 保留原值 ""TBA""）"
10704,CN2506192-S,TBA,"→ 写为 NULL（raw_text 保留原值 ""TBA""）"
10705,CN2506193-A,TBA,"→ 写为 NULL（raw_text 保留原值 ""TBA""）"
10706,CN2506194-A,TBA,"→ 写为 NULL（raw_text 保留原值 ""TBA""）"
10707,CN2506195-S,TBA,"→ 写为 NULL（raw_text 保留原值 ""TBA""）"
10708,CN2506196-S,TBA,"→ 写为 NULL（raw_text 保留原值 ""TBA""）"
10709,CN2506197-S,TBA,"→ 写为 NULL（raw_text 保留原值 ""TBA""）"
10710,CN2506198-S,TBA,"→ 写为 NULL（raw_text 保留原值 ""TBA""）"
10711,CN2506199-A,TBA,"→ 写为 NULL（raw_text 保留原值 ""TBA""）"
10712,CN2506200-S,TBA,"→ 写为 NULL（raw_text 保留原值 ""TBA""）"
10713,CN2506201-A,TBA,"→ 写为 NULL（raw_text 保留原值 ""TBA""）"
10714,CN2506202-A,TBA,"→ 写为 NULL（raw_text 保留原值 ""TBA""）"
10715,CN2506203-S,TBA,"→ 写为 NULL（raw_text 保留原值 ""TBA""）"
10716,CN2506204-A,TBA,"→ 写为 NULL（raw_text 保留原值 ""TBA""）"
10717,CN2506205-S,TBA,"→ 写为 NULL（raw_text 保留原值 ""TBA""）"
10718,CN2506206-A,TBA,"→ 写为 NULL（raw_text 保留原值 ""TBA""）"
10719,CN2506207-A,TBA,"→ 写为 NULL（raw_text 保留原值 ""TBA""）"
10720,CN2506208-A,TBA,"→ 写为 NULL（raw_text 保留原值 ""TBA""）"
10721,CN2506209-S,TBA,"→ 写为 NULL（raw_text 保留原值 ""TBA""）"
10722,CN2506210-A,TBA,"→ 写为 NULL（raw_text 保留原值 ""TBA""）"
10723,CN2506211-S,TBA,"→ 写为 NULL（raw_text 保留原值 ""TBA""）"
10725,CN2506213-S,TBA,"→ 写为 NULL（raw_text 保留原值 ""TBA""）"
10727,CN2506215-AS,TBA,"→ 写为 NULL（raw_text 保留原值 ""TBA""）"
10728,CN2506215-AS1,TBA,"→ 写为 NULL（raw_text 保留原值 ""TBA""）"
10729,CN2506216-S,TBA,"→ 写为 NULL（raw_text 保留原值 ""TBA""）"
10731,CN2506218-S,TBA,"→ 写为 NULL（raw_text 保留原值 ""TBA""）"
10732,CN2506219-S,TBA,"→ 写为 NULL（raw_text 保留原值 ""TBA""）"
10733,CN2506220-A,TBA,"→ 写为 NULL（raw_text 保留原值 ""TBA""）"
10734,CN2506221-A,TBA,"→ 写为 NULL（raw_text 保留原值 ""TBA""）"
10735,CN2506222-S,TBA,"→ 写为 NULL（raw_text 保留原值 ""TBA""）"
10739,CN2506225-S,TBA,"→ 写为 NULL（raw_text 保留原值 ""TBA""）"
10740,CN2506226-A,TBA,"→ 写为 NULL（raw_text 保留原值 ""TBA""）"
10741,CN2506227-A,TBA,"→ 写为 NULL（raw_text 保留原值 ""TBA""）"
10742,CN2506228-S,TBA,"→ 写为 NULL（raw_text 保留原值 ""TBA""）"
10743,CN2506229-A,TBA,"→ 写为 NULL（raw_text 保留原值 ""TBA""）"
10744,CN2506230-S,TBA,"→ 写为 NULL（raw_text 保留原值 ""TBA""）"
10745,CN2506231-S,TBA,"→ 写为 NULL（raw_text 保留原值 ""TBA""）"
10747,CN2506233-S,TBA,"→ 写为 NULL（raw_text 保留原值 ""TBA""）"
10748,CN2506234-S,TBA,"→ 写为 NULL（raw_text 保留原值 ""TBA""）"
10750,CN2506236-A,TBA,"→ 写为 NULL（raw_text 保留原值 ""TBA""）"
10751,CN2506237-A,TBA,"→ 写为 NULL（raw_text 保留原值 ""TBA""）"
10752,CN2506238-A,TBA,"→ 写为 NULL（raw_text 保留原值 ""TBA""）"
10753,CN2506239-A,TBA,"→ 写为 NULL（raw_text 保留原值 ""TBA""）"
10759,CN2506245-A,TBA,"→ 写为 NULL（raw_text 保留原值 ""TBA""）"
10760,CN2506246-A,TBA,"→ 写为 NULL（raw_text 保留原值 ""TBA""）"
10762,CN2506248-S,TBA,"→ 写为 NULL（raw_text 保留原值 ""TBA""）"
10763,CN2506249-A,TBA,"→ 写为 NULL（raw_text 保留原值 ""TBA""）"
10764,CN2506250-S,TBA,"→ 写为 NULL（raw_text 保留原值 ""TBA""）"
10767,CN2506253-A,TBA,"→ 写为 NULL（raw_text 保留原值 ""TBA""）"
10768,CN2506254-S,TBA,"→ 写为 NULL（raw_text 保留原值 ""TBA""）"
10769,CN2506255-A,TBA,"→ 写为 NULL（raw_text 保留原值 ""TBA""）"
10771,CN2506257-A,TBA,"→ 写为 NULL（raw_text 保留原值 ""TBA""）"
10772,CN2506258-S,TBA,"→ 写为 NULL（raw_text 保留原值 ""TBA""）"
10773,CN2506259-S,TBA,"→ 写为 NULL（raw_text 保留原值 ""TBA""）"
10774,CN2506260-S,TBA,"→ 写为 NULL（raw_text 保留原值 ""TBA""）"
10780,CN2506266-S,TBA,"→ 写为 NULL（raw_text 保留原值 ""TBA""）"
10784,CN2506270-S,TBA,"→ 写为 NULL（raw_text 保留原值 ""TBA""）"
10785,CN2506271-S,TBA,"→ 写为 NULL（raw_text 保留原值 ""TBA""）"
10786,CN2506272-S,TBA,"→ 写为 NULL（raw_text 保留原值 ""TBA""）"
10787,CN2506273-S,TBA,"→ 写为 NULL（raw_text 保留原值 ""TBA""）"
10788,CN2506274-S,TBA,"→ 写为 NULL（raw_text 保留原值 ""TBA""）"
10789,CN2506275-S,TBA,"→ 写为 NULL（raw_text 保留原值 ""TBA""）"
10790,CN2506276-S,TBA,"→ 写为 NULL（raw_text 保留原值 ""TBA""）"
10791,CN2506277-S,TBA,"→ 写为 NULL（raw_text 保留原值 ""TBA""）"
10792,CN2506278-S,TBA,"→ 写为 NULL（raw_text 保留原值 ""TBA""）"
10793,CN2506279-A,TBA,"→ 写为 NULL（raw_text 保留原值 ""TBA""）"
10794,CN2506280-A,TBA,"→ 写为 NULL（raw_text 保留原值 ""TBA""）"
10795,CN2506281-A,TBA,"→ 写为 NULL（raw_text 保留原值 ""TBA""）"
10796,CN2506282-A,TBA,"→ 写为 NULL（raw_text 保留原值 ""TBA""）"
10797,CN2506283-A,TBA,"→ 写为 NULL（raw_text 保留原值 ""TBA""）"
10798,CN2506284-A,TBA,"→ 写为 NULL（raw_text 保留原值 ""TBA""）"
10799,CN2506285-A,TBA,"→ 写为 NULL（raw_text 保留原值 ""TBA""）"
10800,CN2506286-A,TBA,"→ 写为 NULL（raw_text 保留原值 ""TBA""）"
10801,CN2506287-A,TBA,"→ 写为 NULL（raw_text 保留原值 ""TBA""）"
10802,CN2506288-S,TBA,"→ 写为 NULL（raw_text 保留原值 ""TBA""）"
10803,CN2506289-R,TBA,"→ 写为 NULL（raw_text 保留原值 ""TBA""）"
10804,CN2506290-S,TBA,"→ 写为 NULL（raw_text 保留原值 ""TBA""）"
10805,CN2506291-S,TBA,"→ 写为 NULL（raw_text 保留原值 ""TBA""）"
10806,CN2506292-S,TBA,"→ 写为 NULL（raw_text 保留原值 ""TBA""）"
10807,CN2506293-S,TBA,"→ 写为 NULL（raw_text 保留原值 ""TBA""）"
10809,CN2506295-S,TBA,"→ 写为 NULL（raw_text 保留原值 ""TBA""）"
10810,CN2506296-S,TBA,"→ 写为 NULL（raw_text 保留原值 ""TBA""）"
10811,CN2506297-S,TBA,"→ 写为 NULL（raw_text 保留原值 ""TBA""）"
10812,CN2506298-S,TBA,"→ 写为 NULL（raw_text 保留原值 ""TBA""）"
10813,CN2506299-S,TBA,"→ 写为 NULL（raw_text 保留原值 ""TBA""）"
10814,CN2506300-S,TBA,"→ 写为 NULL（raw_text 保留原值 ""TBA""）"
10815,CN2506301-S,TBA,"→ 写为 NULL（raw_text 保留原值 ""TBA""）"
10816,CN2506302-S,TBA,"→ 写为 NULL（raw_text 保留原值 ""TBA""）"
10817,CN2506303-S,TBA,"→ 写为 NULL（raw_text 保留原值 ""TBA""）"
10818,CN2506304-A1,TBA,"→ 写为 NULL（raw_text 保留原值 ""TBA""）"
10819,CN2506304-A2,TBA,"→ 写为 NULL（raw_text 保留原值 ""TBA""）"
10821,CN2506306-S,TBA,"→ 写为 NULL（raw_text 保留原值 ""TBA""）"
10822,CN2506307-S,TBA,"→ 写为 NULL（raw_text 保留原值 ""TBA""）"
10823,CN2506308-S,TBA,"→ 写为 NULL（raw_text 保留原值 ""TBA""）"
10824,CN2506309-A,TBA,"→ 写为 NULL（raw_text 保留原值 ""TBA""）"
10825,CN2506310-S,TBA,"→ 写为 NULL（raw_text 保留原值 ""TBA""）"
10826,CN2506311-A,TBA,"→ 写为 NULL（raw_text 保留原值 ""TBA""）"
10827,CN2506312-S,TBA,"→ 写为 NULL（raw_text 保留原值 ""TBA""）"
10828,CN2506313-S,TBA,"→ 写为 NULL（raw_text 保留原值 ""TBA""）"
10830,CN2506315-A1,TBA,"→ 写为 NULL（raw_text 保留原值 ""TBA""）"
10831,CN2506315-A2,TBA,"→ 写为 NULL（raw_text 保留原值 ""TBA""）"
10832,CN2506316-A,TBA,"→ 写为 NULL（raw_text 保留原值 ""TBA""）"
10833,CN2506317-A1,TBA,"→ 写为 NULL（raw_text 保留原值 ""TBA""）"
10834,CN2506317-A2,TBA,"→ 写为 NULL（raw_text 保留原值 ""TBA""）"
10835,CN2506318-A,TBA,"→ 写为 NULL（raw_text 保留原值 ""TBA""）"
10837,CN2506320-S,TBA,"→ 写为 NULL（raw_text 保留原值 ""TBA""）"
10839,CN2506322-S,TBA,"→ 写为 NULL（raw_text 保留原值 ""TBA""）"
10840,CN2506323-S,TBA,"→ 写为 NULL（raw_text 保留原值 ""TBA""）"
10841,CN2506324-S,TBA,"→ 写为 NULL（raw_text 保留原值 ""TBA""）"
10842,CN2506325-S,TBA,"→ 写为 NULL（raw_text 保留原值 ""TBA""）"
10843,CN2506326-S,TBA,"→ 写为 NULL（raw_text 保留原值 ""TBA""）"
10844,CN2506327-S,TBA,"→ 写为 NULL（raw_text 保留原值 ""TBA""）"
10847,CN2506330-A,TBA,"→ 写为 NULL（raw_text 保留原值 ""TBA""）"
10848,CN2506331-A,TBA,"→ 写为 NULL（raw_text 保留原值 ""TBA""）"
10849,CN2506332-A,TBA,"→ 写为 NULL（raw_text 保留原值 ""TBA""）"
10850,CN2506333-A,TBA,"→ 写为 NULL（raw_text 保留原值 ""TBA""）"
10851,CN2506334-A,TBA,"→ 写为 NULL（raw_text 保留原值 ""TBA""）"
10852,CN2506335-S,TBA,"→ 写为 NULL（raw_text 保留原值 ""TBA""）"
10853,CN2506336-A,TBA,"→ 写为 NULL（raw_text 保留原值 ""TBA""）"
10854,CN2506337-A,TBA,"→ 写为 NULL（raw_text 保留原值 ""TBA""）"
10855,CN2506338-A,TBA,"→ 写为 NULL（raw_text 保留原值 ""TBA""）"
10856,CN2506339-A,TBA,"→ 写为 NULL（raw_text 保留原值 ""TBA""）"
10857,CN2506340-A,TBA,"→ 写为 NULL（raw_text 保留原值 ""TBA""）"
10858,CN2506341-S,TBA,"→ 写为 NULL（raw_text 保留原值 ""TBA""）"
10859,CN2506342-A,TBA,"→ 写为 NULL（raw_text 保留原值 ""TBA""）"
10860,CN2506343-A,TBA,"→ 写为 NULL（raw_text 保留原值 ""TBA""）"
10861,CN2506344-S,TBA,"→ 写为 NULL（raw_text 保留原值 ""TBA""）"
10862,CN2506345-AS,TBA,"→ 写为 NULL（raw_text 保留原值 ""TBA""）"
10863,CN2506345-AS1,TBA,"→ 写为 NULL（raw_text 保留原值 ""TBA""）"
10864,CN2506346-S,TBA,"→ 写为 NULL（raw_text 保留原值 ""TBA""）"
10865,CN2506347-A,TBA,"→ 写为 NULL（raw_text 保留原值 ""TBA""）"
10866,CN2506348-A,TBA,"→ 写为 NULL（raw_text 保留原值 ""TBA""）"
10867,CN2506349-A,TBA,"→ 写为 NULL（raw_text 保留原值 ""TBA""）"
10868,CN2506350-S,TBA,"→ 写为 NULL（raw_text 保留原值 ""TBA""）"
10869,CN2506351-S,TBA,"→ 写为 NULL（raw_text 保留原值 ""TBA""）"
10870,CN2506352-S,TBA,"→ 写为 NULL（raw_text 保留原值 ""TBA""）"
10872,CN2506354-S,TBA,"→ 写为 NULL（raw_text 保留原值 ""TBA""）"
10873,CN2506355-A,TBA,"→ 写为 NULL（raw_text 保留原值 ""TBA""）"
10874,CN2506356-S1,TBA,"→ 写为 NULL（raw_text 保留原值 ""TBA""）"
10875,CN2506356-S2,TBA,"→ 写为 NULL（raw_text 保留原值 ""TBA""）"
10876,CN2506356-S3,TBA,"→ 写为 NULL（raw_text 保留原值 ""TBA""）"
10877,CN2506357-A,TBA,"→ 写为 NULL（raw_text 保留原值 ""TBA""）"
10878,CN2506358-S,TBA,"→ 写为 NULL（raw_text 保留原值 ""TBA""）"
10879,CN2506359-A,TBA,"→ 写为 NULL（raw_text 保留原值 ""TBA""）"
10880,CN2506360-A,TBA,"→ 写为 NULL（raw_text 保留原值 ""TBA""）"
10881,CN2506361-S,TBA,"→ 写为 NULL（raw_text 保留原值 ""TBA""）"
10882,CN2506362-S,TBA,"→ 写为 NULL（raw_text 保留原值 ""TBA""）"
10883,CN2506363-A,TBA,"→ 写为 NULL（raw_text 保留原值 ""TBA""）"
10885,CN2506365-A,TBA,"→ 写为 NULL（raw_text 保留原值 ""TBA""）"
10886,CN2506366-S,TBA,"→ 写为 NULL（raw_text 保留原值 ""TBA""）"
10887,CN2506367-S,TBA,"→ 写为 NULL（raw_text 保留原值 ""TBA""）"
10890,CN2506369-S,TBA,"→ 写为 NULL（raw_text 保留原值 ""TBA""）"
10892,CN2506371-S,TBA,"→ 写为 NULL（raw_text 保留原值 ""TBA""）"
10893,CN2506372-S,TBA,"→ 写为 NULL（raw_text 保留原值 ""TBA""）"
10894,CN2506373-A,TBA,"→ 写为 NULL（raw_text 保留原值 ""TBA""）"
10895,CN2506374-S,TBA,"→ 写为 NULL（raw_text 保留原值 ""TBA""）"
10896,CN2506375-A,TBA,"→ 写为 NULL（raw_text 保留原值 ""TBA""）"
10897,CN2506376-S,TBA,"→ 写为 NULL（raw_text 保留原值 ""TBA""）"
10898,CN2506377-A,TBA,"→ 写为 NULL（raw_text 保留原值 ""TBA""）"
10899,CN2506378-S,TBA,"→ 写为 NULL（raw_text 保留原值 ""TBA""）"
10900,CN2506379-A,TBA,"→ 写为 NULL（raw_text 保留原值 ""TBA""）"
10901,CN2506380-A,TBA,"→ 写为 NULL（raw_text 保留原值 ""TBA""）"
10902,CN2506381-A,TBA,"→ 写为 NULL（raw_text 保留原值 ""TBA""）"
10903,CN2506382-S,TBA,"→ 写为 NULL（raw_text 保留原值 ""TBA""）"
10904,CN2506383-S,TBA,"→ 写为 NULL（raw_text 保留原值 ""TBA""）"
10906,CN2506385-A,TBA,"→ 写为 NULL（raw_text 保留原值 ""TBA""）"
10907,CN2506386-AS,TBA,"→ 写为 NULL（raw_text 保留原值 ""TBA""）"
10908,CN2506386-AS1,TBA,"→ 写为 NULL（raw_text 保留原值 ""TBA""）"
10909,CN2506387-S,TBA,"→ 写为 NULL（raw_text 保留原值 ""TBA""）"
10910,CN2506388-S,TBA,"→ 写为 NULL（raw_text 保留原值 ""TBA""）"
10911,CN2506389-S,TBA,"→ 写为 NULL（raw_text 保留原值 ""TBA""）"
10912,CN2506390-S,TBA,"→ 写为 NULL（raw_text 保留原值 ""TBA""）"
10913,CN2506391-AS,TBA,"→ 写为 NULL（raw_text 保留原值 ""TBA""）"
10914,CN2506391-AS1,TBA,"→ 写为 NULL（raw_text 保留原值 ""TBA""）"
10915,CN2506392-S,TBA,"→ 写为 NULL（raw_text 保留原值 ""TBA""）"
10916,CN2506393-A,TBA,"→ 写为 NULL（raw_text 保留原值 ""TBA""）"
10917,CN2506394-S,TBA,"→ 写为 NULL（raw_text 保留原值 ""TBA""）"
10918,CN2506395-A,TBA,"→ 写为 NULL（raw_text 保留原值 ""TBA""）"
10919,CN2506396-S,TBA,"→ 写为 NULL（raw_text 保留原值 ""TBA""）"
10920,CN2506397-S,TBA,"→ 写为 NULL（raw_text 保留原值 ""TBA""）"
10922,CN2506399-A,TBA,"→ 写为 NULL（raw_text 保留原值 ""TBA""）"
10923,CN2506400-S,TBA,"→ 写为 NULL（raw_text 保留原值 ""TBA""）"
10924,CN2506401-S,TBA,"→ 写为 NULL（raw_text 保留原值 ""TBA""）"
10925,CN2506402-S,TBA,"→ 写为 NULL（raw_text 保留原值 ""TBA""）"
10926,CN2506403-A,TBA,"→ 写为 NULL（raw_text 保留原值 ""TBA""）"
10928,CN2506405-A,TBA,"→ 写为 NULL（raw_text 保留原值 ""TBA""）"
10929,CN2506406-S,TBA,"→ 写为 NULL（raw_text 保留原值 ""TBA""）"
10932,CN2506409-A,TBA,"→ 写为 NULL（raw_text 保留原值 ""TBA""）"
10934,CN2506411-S,TBA,"→ 写为 NULL（raw_text 保留原值 ""TBA""）"
10935,CN2506412-S,TBA,"→ 写为 NULL（raw_text 保留原值 ""TBA""）"
10936,CN2506413-A,TBA,"→ 写为 NULL（raw_text 保留原值 ""TBA""）"
10937,CN2506414-A,TBA,"→ 写为 NULL（raw_text 保留原值 ""TBA""）"
10938,CN2506415-S,TBA,"→ 写为 NULL（raw_text 保留原值 ""TBA""）"
10939,CN2506416-A,TBA,"→ 写为 NULL（raw_text 保留原值 ""TBA""）"
10940,CN2506417-S,TBA,"→ 写为 NULL（raw_text 保留原值 ""TBA""）"
10941,CN2506418-A,TBA,"→ 写为 NULL（raw_text 保留原值 ""TBA""）"
10942,CN2506419-S,TBA,"→ 写为 NULL（raw_text 保留原值 ""TBA""）"
10943,CN2506420-S,TBA,"→ 写为 NULL（raw_text 保留原值 ""TBA""）"
10944,CN2506421-S,TBA,"→ 写为 NULL（raw_text 保留原值 ""TBA""）"
10945,CN2506422-S,TBA,"→ 写为 NULL（raw_text 保留原值 ""TBA""）"
10946,CN2506423-A,TBA,"→ 写为 NULL（raw_text 保留原值 ""TBA""）"
10947,CN2506424-S,TBA,"→ 写为 NULL（raw_text 保留原值 ""TBA""）"
10948,CN2506425-A,TBA,"→ 写为 NULL（raw_text 保留原值 ""TBA""）"
10949,CN2506426-A,TBA,"→ 写为 NULL（raw_text 保留原值 ""TBA""）"
10950,CN2506427-S,TBA,"→ 写为 NULL（raw_text 保留原值 ""TBA""）"
10951,CN2506428-A,TBA,"→ 写为 NULL（raw_text 保留原值 ""TBA""）"
10952,CN2506428-A1,TBA,"→ 写为 NULL（raw_text 保留原值 ""TBA""）"
10953,CN2506429-A,TBA,"→ 写为 NULL（raw_text 保留原值 ""TBA""）"
10954,CN2506430-S,TBA,"→ 写为 NULL（raw_text 保留原值 ""TBA""）"
10955,CN2506431-A,TBA,"→ 写为 NULL（raw_text 保留原值 ""TBA""）"
10956,CN2506432-S,TBA,"→ 写为 NULL（raw_text 保留原值 ""TBA""）"
10957,CN2506433-A,TBA,"→ 写为 NULL（raw_text 保留原值 ""TBA""）"
10958,CN2506434-S,TBA,"→ 写为 NULL（raw_text 保留原值 ""TBA""）"
10959,CN2506435-S,TBA,"→ 写为 NULL（raw_text 保留原值 ""TBA""）"
10960,CN2506436-A,TBA,"→ 写为 NULL（raw_text 保留原值 ""TBA""）"
10961,CN2506436-A1,TBA,"→ 写为 NULL（raw_text 保留原值 ""TBA""）"
10962,CN2506437-S,TBA,"→ 写为 NULL（raw_text 保留原值 ""TBA""）"
10963,CN2506438-S,TBA,"→ 写为 NULL（raw_text 保留原值 ""TBA""）"
10964,CN2506439-S,TBA,"→ 写为 NULL（raw_text 保留原值 ""TBA""）"
10965,CN2506440-A,TBA,"→ 写为 NULL（raw_text 保留原值 ""TBA""）"
10966,CN2506441-A,TBA,"→ 写为 NULL（raw_text 保留原值 ""TBA""）"
10967,CN2506442-AS,TBA,"→ 写为 NULL（raw_text 保留原值 ""TBA""）"
10968,CN2506442-AS1,TBA,"→ 写为 NULL（raw_text 保留原值 ""TBA""）"
10969,CN2506443-A,TBA,"→ 写为 NULL（raw_text 保留原值 ""TBA""）"
10970,CN2506444-A,TBA,"→ 写为 NULL（raw_text 保留原值 ""TBA""）"
10971,CN2506445-A1,TBA,"→ 写为 NULL（raw_text 保留原值 ""TBA""）"
10972,CN2506445-A2,TBA,"→ 写为 NULL（raw_text 保留原值 ""TBA""）"
10973,CN2506446-A,TBA,"→ 写为 NULL（raw_text 保留原值 ""TBA""）"
10974,CN2506447-S,TBA,"→ 写为 NULL（raw_text 保留原值 ""TBA""）"
10975,CN2506448-S,TBA,"→ 写为 NULL（raw_text 保留原值 ""TBA""）"
10976,CN2506449-S,TBA,"→ 写为 NULL（raw_text 保留原值 ""TBA""）"
10977,CN2506450-S,TBA,"→ 写为 NULL（raw_text 保留原值 ""TBA""）"
10978,CN2506451-S,TBA,"→ 写为 NULL（raw_text 保留原值 ""TBA""）"
10979,CN2506452-S,TBA,"→ 写为 NULL（raw_text 保留原值 ""TBA""）"
10981,CN2506454-S,TBA,"→ 写为 NULL（raw_text 保留原值 ""TBA""）"
10982,CN2506455-R,TBA,"→ 写为 NULL（raw_text 保留原值 ""TBA""）"
10984,CN2506457-A,TBA,"→ 写为 NULL（raw_text 保留原值 ""TBA""）"
10985,CN2506458-A,TBA,"→ 写为 NULL（raw_text 保留原值 ""TBA""）"
10986,CN2506459-A,TBA,"→ 写为 NULL（raw_text 保留原值 ""TBA""）"
10987,CN2506460-A,TBA,"→ 写为 NULL（raw_text 保留原值 ""TBA""）"
10988,CN2506461-A,TBA,"→ 写为 NULL（raw_text 保留原值 ""TBA""）"
10989,CN2506462-A,TBA,"→ 写为 NULL（raw_text 保留原值 ""TBA""）"
10990,CN2506463-A,TBA,"→ 写为 NULL（raw_text 保留原值 ""TBA""）"
10991,CN2506464-A,TBA,"→ 写为 NULL（raw_text 保留原值 ""TBA""）"
10992,CN2506465-A,TBA,"→ 写为 NULL（raw_text 保留原值 ""TBA""）"
10993,CN2506466-A,TBA,"→ 写为 NULL（raw_text 保留原值 ""TBA""）"
10994,CN2506467-S,TBA,"→ 写为 NULL（raw_text 保留原值 ""TBA""）"
10995,CN2506468-A,TBA,"→ 写为 NULL（raw_text 保留原值 ""TBA""）"
10996,CN2506469-A,TBA,"→ 写为 NULL（raw_text 保留原值 ""TBA""）"
10997,CN2506470-S,TBA,"→ 写为 NULL（raw_text 保留原值 ""TBA""）"
10998,CN2506471-S,TBA,"→ 写为 NULL（raw_text 保留原值 ""TBA""）"
10999,CN2506472-S,TBA,"→ 写为 NULL（raw_text 保留原值 ""TBA""）"
11000,CN2506473-A,TBA,"→ 写为 NULL（raw_text 保留原值 ""TBA""）"
11001,CN2506474-S,TBA,"→ 写为 NULL（raw_text 保留原值 ""TBA""）"
11003,CN2506476-A,TBA,"→ 写为 NULL（raw_text 保留原值 ""TBA""）"
11004,CN2506477-S,TBA,"→ 写为 NULL（raw_text 保留原值 ""TBA""）"
11006,CN2506479-A,TBA,"→ 写为 NULL（raw_text 保留原值 ""TBA""）"
11007,CN2506480-S,TBA,"→ 写为 NULL（raw_text 保留原值 ""TBA""）"
11008,CN2506481-A,TBA,"→ 写为 NULL（raw_text 保留原值 ""TBA""）"
11009,CN2506482-A,TBA,"→ 写为 NULL（raw_text 保留原值 ""TBA""）"
11010,CN2506483-A,TBA,"→ 写为 NULL（raw_text 保留原值 ""TBA""）"
11011,CN2506484-S,TBA,"→ 写为 NULL（raw_text 保留原值 ""TBA""）"
11012,CN2506485-S,TBA,"→ 写为 NULL（raw_text 保留原值 ""TBA""）"
11013,CN2506486-S,TBA,"→ 写为 NULL（raw_text 保留原值 ""TBA""）"
11014,CN2506487-S,TBA,"→ 写为 NULL（raw_text 保留原值 ""TBA""）"
11015,CN2506488-A,TBA,"→ 写为 NULL（raw_text 保留原值 ""TBA""）"
11016,CN2506489-A,TBA,"→ 写为 NULL（raw_text 保留原值 ""TBA""）"
11017,CN2506490-A,TBA,"→ 写为 NULL（raw_text 保留原值 ""TBA""）"
11018,CN2506491-A,TBA,"→ 写为 NULL（raw_text 保留原值 ""TBA""）"
11019,CN2506492-S,TBA,"→ 写为 NULL（raw_text 保留原值 ""TBA""）"
11020,CN2506493-A,TBA,"→ 写为 NULL（raw_text 保留原值 ""TBA""）"
11021,CN2506494-R,TBA,"→ 写为 NULL（raw_text 保留原值 ""TBA""）"
11022,CN2506495-A,TBA,"→ 写为 NULL（raw_text 保留原值 ""TBA""）"
11023,CN2506496-S,TBA,"→ 写为 NULL（raw_text 保留原值 ""TBA""）"
11025,CN2506498-R,TBA,"→ 写为 NULL（raw_text 保留原值 ""TBA""）"
11028,CN2506501-A,TBA,"→ 写为 NULL（raw_text 保留原值 ""TBA""）"
11029,CN2506502-S,TBA,"→ 写为 NULL（raw_text 保留原值 ""TBA""）"
11031,CN2506504-S,TBA,"→ 写为 NULL（raw_text 保留原值 ""TBA""）"
11034,CN2506507-S,TBA,"→ 写为 NULL（raw_text 保留原值 ""TBA""）"
11036,CN2506509-A,TBA,"→ 写为 NULL（raw_text 保留原值 ""TBA""）"
11037,CN2506510-A,TBA,"→ 写为 NULL（raw_text 保留原值 ""TBA""）"
11038,CN2506511-A,TBA,"→ 写为 NULL（raw_text 保留原值 ""TBA""）"
11039,CN2506512-A,TBA,"→ 写为 NULL（raw_text 保留原值 ""TBA""）"
11041,CN2506514-A,TBA,"→ 写为 NULL（raw_text 保留原值 ""TBA""）"
11042,CN2506515-S,TBA,"→ 写为 NULL（raw_text 保留原值 ""TBA""）"
11043,CN2506516-S,TBA,"→ 写为 NULL（raw_text 保留原值 ""TBA""）"
11044,CN2506517-S,TBA,"→ 写为 NULL（raw_text 保留原值 ""TBA""）"
11045,CN2506518-S,TBA,"→ 写为 NULL（raw_text 保留原值 ""TBA""）"
11046,CN2506519-S,TBA,"→ 写为 NULL（raw_text 保留原值 ""TBA""）"
11047,CN2506520-S,TBA,"→ 写为 NULL（raw_text 保留原值 ""TBA""）"
11048,CN2506521-S,TBA,"→ 写为 NULL（raw_text 保留原值 ""TBA""）"
11049,CN2506522-S,TBA,"→ 写为 NULL（raw_text 保留原值 ""TBA""）"
11050,CN2506523-S,TBA,"→ 写为 NULL（raw_text 保留原值 ""TBA""）"
11051,CN2506524-S,TBA,"→ 写为 NULL（raw_text 保留原值 ""TBA""）"
11052,CN2506525-S,TBA,"→ 写为 NULL（raw_text 保留原值 ""TBA""）"
11053,CN2506526-S,TBA,"→ 写为 NULL（raw_text 保留原值 ""TBA""）"
11054,CN2506527-A,TBA,"→ 写为 NULL（raw_text 保留原值 ""TBA""）"
11055,CN2506528-S,TBA,"→ 写为 NULL（raw_text 保留原值 ""TBA""）"
11056,CN2506529-S,TBA,"→ 写为 NULL（raw_text 保留原值 ""TBA""）"
11057,CN2506530-S,TBA,"→ 写为 NULL（raw_text 保留原值 ""TBA""）"
11058,CN2506531-S,TBA,"→ 写为 NULL（raw_text 保留原值 ""TBA""）"
11059,CN2506532-S,TBA,"→ 写为 NULL（raw_text 保留原值 ""TBA""）"
11060,CN2506533-S,TBA,"→ 写为 NULL（raw_text 保留原值 ""TBA""）"
11061,CN2506534-S,TBA,"→ 写为 NULL（raw_text 保留原值 ""TBA""）"
11062,CN2506535-S,TBA,"→ 写为 NULL（raw_text 保留原值 ""TBA""）"
11063,CN2506536-S,TBA,"→ 写为 NULL（raw_text 保留原值 ""TBA""）"
11065,CN2506538-S,TBA,"→ 写为 NULL（raw_text 保留原值 ""TBA""）"
11066,CN2506539-S,TBA,"→ 写为 NULL（raw_text 保留原值 ""TBA""）"
11067,CN2506540-S,TBA,"→ 写为 NULL（raw_text 保留原值 ""TBA""）"
11068,CN2506541-S,TBA,"→ 写为 NULL（raw_text 保留原值 ""TBA""）"
11069,CN2506542-A,TBA,"→ 写为 NULL（raw_text 保留原值 ""TBA""）"
11070,CN2506543-S,TBA,"→ 写为 NULL（raw_text 保留原值 ""TBA""）"
11071,CN2506544-R,TBA,"→ 写为 NULL（raw_text 保留原值 ""TBA""）"
11072,CN2506545-A,TBA,"→ 写为 NULL（raw_text 保留原值 ""TBA""）"
11073,CN2506546-A,TBA,"→ 写为 NULL（raw_text 保留原值 ""TBA""）"
11074,CN2506547-A,TBA,"→ 写为 NULL（raw_text 保留原值 ""TBA""）"
11075,CN2506548-A,TBA,"→ 写为 NULL（raw_text 保留原值 ""TBA""）"
11077,CN2506550-S,TBA,"→ 写为 NULL（raw_text 保留原值 ""TBA""）"
11078,CN2506551-S,TBA,"→ 写为 NULL（raw_text 保留原值 ""TBA""）"
11079,CN2506552-S,TBA,"→ 写为 NULL（raw_text 保留原值 ""TBA""）"
11080,CN2506553-S,TBA,"→ 写为 NULL（raw_text 保留原值 ""TBA""）"
11082,CN2506555-AS,TBA,"→ 写为 NULL（raw_text 保留原值 ""TBA""）"
11083,CN2506555-AS1,TBA,"→ 写为 NULL（raw_text 保留原值 ""TBA""）"
11084,CN2506556-S,TBA,"→ 写为 NULL（raw_text 保留原值 ""TBA""）"
11085,CN2506557-S,TBA,"→ 写为 NULL（raw_text 保留原值 ""TBA""）"
11086,CN2506558-S,TBA,"→ 写为 NULL（raw_text 保留原值 ""TBA""）"
11087,CN2506559-S,TBA,"→ 写为 NULL（raw_text 保留原值 ""TBA""）"
11088,CN2506560-S,TBA,"→ 写为 NULL（raw_text 保留原值 ""TBA""）"
11089,CN2506561-S,TBA,"→ 写为 NULL（raw_text 保留原值 ""TBA""）"
11090,CN2506562-A,TBA,"→ 写为 NULL（raw_text 保留原值 ""TBA""）"
11091,CN2506563-S,TBA,"→ 写为 NULL（raw_text 保留原值 ""TBA""）"
11092,CN2506564-S,TBA,"→ 写为 NULL（raw_text 保留原值 ""TBA""）"
11093,CN2506565-S,TBA,"→ 写为 NULL（raw_text 保留原值 ""TBA""）"
11094,CN2506566-A,TBA,"→ 写为 NULL（raw_text 保留原值 ""TBA""）"
11095,CN2506567-S1,TBA,"→ 写为 NULL（raw_text 保留原值 ""TBA""）"
11096,CN2506567-S2,TBA,"→ 写为 NULL（raw_text 保留原值 ""TBA""）"
11098,CN2506569-S,TBA,"→ 写为 NULL（raw_text 保留原值 ""TBA""）"
11099,CN2506570-A,TBA,"→ 写为 NULL（raw_text 保留原值 ""TBA""）"
11100,CN2506571-S,TBA,"→ 写为 NULL（raw_text 保留原值 ""TBA""）"
11101,CN2506572-S,TBA,"→ 写为 NULL（raw_text 保留原值 ""TBA""）"
11102,CN2506573-S,TBA,"→ 写为 NULL（raw_text 保留原值 ""TBA""）"
11103,CN2506574-A,TBA,"→ 写为 NULL（raw_text 保留原值 ""TBA""）"
11105,CN2506576-A,TBA,"→ 写为 NULL（raw_text 保留原值 ""TBA""）"
11106,CN2506577-A,TBA,"→ 写为 NULL（raw_text 保留原值 ""TBA""）"
11107,CN2506578-AS,TBA,"→ 写为 NULL（raw_text 保留原值 ""TBA""）"
11108,CN2506578-AS1,TBA,"→ 写为 NULL（raw_text 保留原值 ""TBA""）"
11109,CN2506579-S,TBA,"→ 写为 NULL（raw_text 保留原值 ""TBA""）"
11110,CN2506580-A,TBA,"→ 写为 NULL（raw_text 保留原值 ""TBA""）"
11111,CN2506581-A,TBA,"→ 写为 NULL（raw_text 保留原值 ""TBA""）"
11112,CN2506582-S,TBA,"→ 写为 NULL（raw_text 保留原值 ""TBA""）"
11113,CN2506583-S,TBA,"→ 写为 NULL（raw_text 保留原值 ""TBA""）"
11114,CN2506584-S,TBA,"→ 写为 NULL（raw_text 保留原值 ""TBA""）"
11115,CN2506585-S,TBA,"→ 写为 NULL（raw_text 保留原值 ""TBA""）"
11116,CN2506586-S,TBA,"→ 写为 NULL（raw_text 保留原值 ""TBA""）"
11117,CN2506587-S,TBA,"→ 写为 NULL（raw_text 保留原值 ""TBA""）"
11118,CN2506588-S,TBA,"→ 写为 NULL（raw_text 保留原值 ""TBA""）"
11119,CN2506589-S,TBA,"→ 写为 NULL（raw_text 保留原值 ""TBA""）"
11120,CN2506590-S,TBA,"→ 写为 NULL（raw_text 保留原值 ""TBA""）"
11121,CN2506591-S,TBA,"→ 写为 NULL（raw_text 保留原值 ""TBA""）"
11123,CN2506593-A,TBA,"→ 写为 NULL（raw_text 保留原值 ""TBA""）"
11124,CN2506594-A,TBA,"→ 写为 NULL（raw_text 保留原值 ""TBA""）"
11126,CN2506596-A,TBA,"→ 写为 NULL（raw_text 保留原值 ""TBA""）"
11127,CN2506597-S,TBA,"→ 写为 NULL（raw_text 保留原值 ""TBA""）"
11128,CN2506598-S,TBA,"→ 写为 NULL（raw_text 保留原值 ""TBA""）"
11129,CN2506599-S,TBA,"→ 写为 NULL（raw_text 保留原值 ""TBA""）"
11130,CN2506600-S,TBA,"→ 写为 NULL（raw_text 保留原值 ""TBA""）"
11131,CN2506601-S,TBA,"→ 写为 NULL（raw_text 保留原值 ""TBA""）"
11132,CN2506602-S,TBA,"→ 写为 NULL（raw_text 保留原值 ""TBA""）"
11133,CN2506603-S,TBA,"→ 写为 NULL（raw_text 保留原值 ""TBA""）"
11134,CN2506604-S,TBA,"→ 写为 NULL（raw_text 保留原值 ""TBA""）"
11135,CN2506605-S,TBA,"→ 写为 NULL（raw_text 保留原值 ""TBA""）"
11136,CN2506606-A,TBA,"→ 写为 NULL（raw_text 保留原值 ""TBA""）"
11137,CN2506607-A,TBA,"→ 写为 NULL（raw_text 保留原值 ""TBA""）"
11138,CN2506608-A,TBA,"→ 写为 NULL（raw_text 保留原值 ""TBA""）"
11139,CN2506609-A,TBA,"→ 写为 NULL（raw_text 保留原值 ""TBA""）"
11141,CN2506611-A,TBA,"→ 写为 NULL（raw_text 保留原值 ""TBA""）"
11142,CN2506612-A,TBA,"→ 写为 NULL（raw_text 保留原值 ""TBA""）"
11143,CN2506613-A,TBA,"→ 写为 NULL（raw_text 保留原值 ""TBA""）"
11144,CN2506614-S,TBA,"→ 写为 NULL（raw_text 保留原值 ""TBA""）"
11145,CN2506615-S,TBA,"→ 写为 NULL（raw_text 保留原值 ""TBA""）"
11148,CN2506618-A,TBA,"→ 写为 NULL（raw_text 保留原值 ""TBA""）"
11149,CN2506619-A,TBA,"→ 写为 NULL（raw_text 保留原值 ""TBA""）"
11150,CN2506620-A,TBA,"→ 写为 NULL（raw_text 保留原值 ""TBA""）"
11154,CN2506624-A,TBA,"→ 写为 NULL（raw_text 保留原值 ""TBA""）"
11155,CN2506625-A,TBA,"→ 写为 NULL（raw_text 保留原值 ""TBA""）"
11157,CN2506627-A,TBA,"→ 写为 NULL（raw_text 保留原值 ""TBA""）"
11158,CN2506628-S,TBA,"→ 写为 NULL（raw_text 保留原值 ""TBA""）"
11159,CN2506629-S,TBA,"→ 写为 NULL（raw_text 保留原值 ""TBA""）"
11160,CN2506630-S,TBA,"→ 写为 NULL（raw_text 保留原值 ""TBA""）"
11161,CN2506631-S,TBA,"→ 写为 NULL（raw_text 保留原值 ""TBA""）"
11162,CN2506632-S,TBA,"→ 写为 NULL（raw_text 保留原值 ""TBA""）"
11163,CN2506633-S,TBA,"→ 写为 NULL（raw_text 保留原值 ""TBA""）"
11164,CN2506634-S,TBA,"→ 写为 NULL（raw_text 保留原值 ""TBA""）"
11165,CN2506635-A,TBA,"→ 写为 NULL（raw_text 保留原值 ""TBA""）"
11166,CN2506636-A,TBA,"→ 写为 NULL（raw_text 保留原值 ""TBA""）"
11167,CN2506637-A,TBA,"→ 写为 NULL（raw_text 保留原值 ""TBA""）"
11168,CN2506638-S,TBA,"→ 写为 NULL（raw_text 保留原值 ""TBA""）"
11169,CN2506639-A,TBA,"→ 写为 NULL（raw_text 保留原值 ""TBA""）"
11170,CN2506640-A,TBA,"→ 写为 NULL（raw_text 保留原值 ""TBA""）"
11171,CN2506641-AS,TBA,"→ 写为 NULL（raw_text 保留原值 ""TBA""）"
11172,CN2506641-AS1,TBA,"→ 写为 NULL（raw_text 保留原值 ""TBA""）"
11173,CN2506642-A,TBA,"→ 写为 NULL（raw_text 保留原值 ""TBA""）"
11174,CN2506643-S,TBA,"→ 写为 NULL（raw_text 保留原值 ""TBA""）"
11175,CN2506644-S,TBA,"→ 写为 NULL（raw_text 保留原值 ""TBA""）"
11176,CN2506645-A,TBA,"→ 写为 NULL（raw_text 保留原值 ""TBA""）"
11177,CN2506646-A,TBA,"→ 写为 NULL（raw_text 保留原值 ""TBA""）"
11178,CN2506647-A,TBA,"→ 写为 NULL（raw_text 保留原值 ""TBA""）"
11179,CN2506648-S,TBA,"→ 写为 NULL（raw_text 保留原值 ""TBA""）"
11180,CN2506649-S,TBA,"→ 写为 NULL（raw_text 保留原值 ""TBA""）"
11181,CN2506650-A,TBA,"→ 写为 NULL（raw_text 保留原值 ""TBA""）"
11182,CN2506651-S,TBA,"→ 写为 NULL（raw_text 保留原值 ""TBA""）"
11184,CN2506653-A,TBA,"→ 写为 NULL（raw_text 保留原值 ""TBA""）"
11185,CN2506654-A,TBA,"→ 写为 NULL（raw_text 保留原值 ""TBA""）"
11186,CN2506655-A,TBA,"→ 写为 NULL（raw_text 保留原值 ""TBA""）"
11187,CN2506656-A,TBA,"→ 写为 NULL（raw_text 保留原值 ""TBA""）"
11188,CN2506657-S,TBA,"→ 写为 NULL（raw_text 保留原值 ""TBA""）"
11190,CN2507001-S,TBA,"→ 写为 NULL（raw_text 保留原值 ""TBA""）"
11191,CN2507002-A,TBA,"→ 写为 NULL（raw_text 保留原值 ""TBA""）"
11194,CN2507004-S,TBA,"→ 写为 NULL（raw_text 保留原值 ""TBA""）"
11195,CN2507005-A,TBA,"→ 写为 NULL（raw_text 保留原值 ""TBA""）"
11196,CN2507006-A,TBA,"→ 写为 NULL（raw_text 保留原值 ""TBA""）"
11198,CN2507008-A,TBA,"→ 写为 NULL（raw_text 保留原值 ""TBA""）"
11199,CN2507009-S,TBA,"→ 写为 NULL（raw_text 保留原值 ""TBA""）"
11200,CN2507010-S,TBA,"→ 写为 NULL（raw_text 保留原值 ""TBA""）"
11202,CN2507012-S,TBA,"→ 写为 NULL（raw_text 保留原值 ""TBA""）"
11203,CN2507013-A,TBA,"→ 写为 NULL（raw_text 保留原值 ""TBA""）"
11204,CN2507014-S,TBA,"→ 写为 NULL（raw_text 保留原值 ""TBA""）"
11207,CN2507016-S,TBA,"→ 写为 NULL（raw_text 保留原值 ""TBA""）"
11208,CN2507017-S,TBA,"→ 写为 NULL（raw_text 保留原值 ""TBA""）"
11209,CN2507018-S,TBA,"→ 写为 NULL（raw_text 保留原值 ""TBA""）"
11210,CN2507019-S,TBA,"→ 写为 NULL（raw_text 保留原值 ""TBA""）"
11211,CN2507020-S,TBA,"→ 写为 NULL（raw_text 保留原值 ""TBA""）"
11212,CN2507021-A,TBA,"→ 写为 NULL（raw_text 保留原值 ""TBA""）"
11213,CN2507022-S,TBA,"→ 写为 NULL（raw_text 保留原值 ""TBA""）"
11214,CN2507023-S,TBA,"→ 写为 NULL（raw_text 保留原值 ""TBA""）"
11215,CN2507024-A,TBA,"→ 写为 NULL（raw_text 保留原值 ""TBA""）"
11216,CN2507025-A,TBA,"→ 写为 NULL（raw_text 保留原值 ""TBA""）"
11217,CN2507026-A,TBA,"→ 写为 NULL（raw_text 保留原值 ""TBA""）"
11218,CN2507027-S,TBA,"→ 写为 NULL（raw_text 保留原值 ""TBA""）"
11219,CN2507028-S,TBA,"→ 写为 NULL（raw_text 保留原值 ""TBA""）"
11220,CN2507029-S,TBA,"→ 写为 NULL（raw_text 保留原值 ""TBA""）"
11221,CN2507030-A,TBA,"→ 写为 NULL（raw_text 保留原值 ""TBA""）"
11222,CN2507031-S,TBA,"→ 写为 NULL（raw_text 保留原值 ""TBA""）"
11223,CN2507032-S,TBA,"→ 写为 NULL（raw_text 保留原值 ""TBA""）"
11224,CN2507033-S,TBA,"→ 写为 NULL（raw_text 保留原值 ""TBA""）"
11226,CN2507035-S,TBA,"→ 写为 NULL（raw_text 保留原值 ""TBA""）"
11227,CN2507036-S,TBA,"→ 写为 NULL（raw_text 保留原值 ""TBA""）"
11228,CN2507037-S,TBA,"→ 写为 NULL（raw_text 保留原值 ""TBA""）"
11229,CN2507038-S,TBA,"→ 写为 NULL（raw_text 保留原值 ""TBA""）"
11231,CN2507040-S,TBA,"→ 写为 NULL（raw_text 保留原值 ""TBA""）"
11232,CN2507041-A,TBA,"→ 写为 NULL（raw_text 保留原值 ""TBA""）"
11233,CN2507042-S,TBA,"→ 写为 NULL（raw_text 保留原值 ""TBA""）"
11236,CN2507045-S,TBA,"→ 写为 NULL（raw_text 保留原值 ""TBA""）"
11238,CN2507047-A,TBA,"→ 写为 NULL（raw_text 保留原值 ""TBA""）"
11239,CN2507048-S,TBA,"→ 写为 NULL（raw_text 保留原值 ""TBA""）"
11240,CN2507049-S,TBA,"→ 写为 NULL（raw_text 保留原值 ""TBA""）"
11241,CN2507050-S,TBA,"→ 写为 NULL（raw_text 保留原值 ""TBA""）"
11242,CN2507051-R,TBA,"→ 写为 NULL（raw_text 保留原值 ""TBA""）"
11243,CN2507052-A,TBA,"→ 写为 NULL（raw_text 保留原值 ""TBA""）"
11244,CN2507053-A,TBA,"→ 写为 NULL（raw_text 保留原值 ""TBA""）"
11245,CN2507054-S,TBA,"→ 写为 NULL（raw_text 保留原值 ""TBA""）"
11246,CN2507055-S,TBA,"→ 写为 NULL（raw_text 保留原值 ""TBA""）"
11247,CN2507056-S,TBA,"→ 写为 NULL（raw_text 保留原值 ""TBA""）"
11248,CN2507057-S,TBA,"→ 写为 NULL（raw_text 保留原值 ""TBA""）"
11249,CN2507058-S,TBA,"→ 写为 NULL（raw_text 保留原值 ""TBA""）"
11250,CN2507059-S,TBA,"→ 写为 NULL（raw_text 保留原值 ""TBA""）"
11251,CN2507060-S,TBA,"→ 写为 NULL（raw_text 保留原值 ""TBA""）"
11252,CN2507061-S,TBA,"→ 写为 NULL（raw_text 保留原值 ""TBA""）"
11253,CN2507062-AS,TBA,"→ 写为 NULL（raw_text 保留原值 ""TBA""）"
11254,CN2507062-AS1,TBA,"→ 写为 NULL（raw_text 保留原值 ""TBA""）"
11255,CN2507063-R,TBA,"→ 写为 NULL（raw_text 保留原值 ""TBA""）"
11256,CN2507064-S,TBA,"→ 写为 NULL（raw_text 保留原值 ""TBA""）"
11258,CN2507066-S,TBA,"→ 写为 NULL（raw_text 保留原值 ""TBA""）"
11259,CN2507067-S,TBA,"→ 写为 NULL（raw_text 保留原值 ""TBA""）"
11260,CN2507068-S,TBA,"→ 写为 NULL（raw_text 保留原值 ""TBA""）"
11261,CN2507069-A,TBA,"→ 写为 NULL（raw_text 保留原值 ""TBA""）"
11262,CN2507070-R,TBA,"→ 写为 NULL（raw_text 保留原值 ""TBA""）"
11263,CN2507071-S,TBA,"→ 写为 NULL（raw_text 保留原值 ""TBA""）"
11264,CN2507072-S,TBA,"→ 写为 NULL（raw_text 保留原值 ""TBA""）"
11265,CN2507073-S,TBA,"→ 写为 NULL（raw_text 保留原值 ""TBA""）"
11266,CN2507074-A,TBA,"→ 写为 NULL（raw_text 保留原值 ""TBA""）"
11267,CN2507075-S,TBA,"→ 写为 NULL（raw_text 保留原值 ""TBA""）"
11268,CN2507076-A,TBA,"→ 写为 NULL（raw_text 保留原值 ""TBA""）"
11269,CN2507077-S,TBA,"→ 写为 NULL（raw_text 保留原值 ""TBA""）"
11270,CN2507078-A,TBA,"→ 写为 NULL（raw_text 保留原值 ""TBA""）"
11271,CN2507079-S,TBA,"→ 写为 NULL（raw_text 保留原值 ""TBA""）"
11272,CN2507080-A,TBA,"→ 写为 NULL（raw_text 保留原值 ""TBA""）"
11273,CN2507081-S,TBA,"→ 写为 NULL（raw_text 保留原值 ""TBA""）"
11274,CN2507082-A,TBA,"→ 写为 NULL（raw_text 保留原值 ""TBA""）"
11275,CN2507083-A,TBA,"→ 写为 NULL（raw_text 保留原值 ""TBA""）"
11276,CN2507084-S,TBA,"→ 写为 NULL（raw_text 保留原值 ""TBA""）"
11277,CN2507085-A,TBA,"→ 写为 NULL（raw_text 保留原值 ""TBA""）"
11278,CN2507086-A,TBA,"→ 写为 NULL（raw_text 保留原值 ""TBA""）"
11279,CN2507087-A,TBA,"→ 写为 NULL（raw_text 保留原值 ""TBA""）"
11280,CN2507088-A,TBA,"→ 写为 NULL（raw_text 保留原值 ""TBA""）"
11281,CN2507089-A,TBA,"→ 写为 NULL（raw_text 保留原值 ""TBA""）"
11282,CN2507090-S,TBA,"→ 写为 NULL（raw_text 保留原值 ""TBA""）"
11283,CN2507091-S,TBA,"→ 写为 NULL（raw_text 保留原值 ""TBA""）"
11284,CN2507092-A,TBA,"→ 写为 NULL（raw_text 保留原值 ""TBA""）"
11285,CN2507093-S,TBA,"→ 写为 NULL（raw_text 保留原值 ""TBA""）"
11286,CN2507094-S,TBA,"→ 写为 NULL（raw_text 保留原值 ""TBA""）"
11287,CN2507095-S,TBA,"→ 写为 NULL（raw_text 保留原值 ""TBA""）"
11288,CN2507096-A,TBA,"→ 写为 NULL（raw_text 保留原值 ""TBA""）"
11289,CN2507097-S,TBA,"→ 写为 NULL（raw_text 保留原值 ""TBA""）"
11290,CN2507098-A,TBA,"→ 写为 NULL（raw_text 保留原值 ""TBA""）"
11291,CN2507099-A,TBA,"→ 写为 NULL（raw_text 保留原值 ""TBA""）"
11292,CN2507100-S,TBA,"→ 写为 NULL（raw_text 保留原值 ""TBA""）"
11293,CN2507101-S,TBA,"→ 写为 NULL（raw_text 保留原值 ""TBA""）"
11294,CN2507102-A,TBA,"→ 写为 NULL（raw_text 保留原值 ""TBA""）"
11295,CN2507103-A,TBA,"→ 写为 NULL（raw_text 保留原值 ""TBA""）"
11296,CN2507103-A1,TBA,"→ 写为 NULL（raw_text 保留原值 ""TBA""）"
11297,CN2507104-A,TBA,"→ 写为 NULL（raw_text 保留原值 ""TBA""）"
11298,CN2507105-A,TBA,"→ 写为 NULL（raw_text 保留原值 ""TBA""）"
11300,CN2507107-A,TBA,"→ 写为 NULL（raw_text 保留原值 ""TBA""）"
11301,CN2507108-A,TBA,"→ 写为 NULL（raw_text 保留原值 ""TBA""）"
11302,CN2507109-S,TBA,"→ 写为 NULL（raw_text 保留原值 ""TBA""）"
11303,CN2507110-S,TBA,"→ 写为 NULL（raw_text 保留原值 ""TBA""）"
11304,CN2507111-S,TBA,"→ 写为 NULL（raw_text 保留原值 ""TBA""）"
11305,CN2507112-S,TBA,"→ 写为 NULL（raw_text 保留原值 ""TBA""）"
11306,CN2507113-S,TBA,"→ 写为 NULL（raw_text 保留原值 ""TBA""）"
11307,CN2507114-A,TBA,"→ 写为 NULL（raw_text 保留原值 ""TBA""）"
11308,CN2507115-S,TBA,"→ 写为 NULL（raw_text 保留原值 ""TBA""）"
11309,CN2507116-S,TBA,"→ 写为 NULL（raw_text 保留原值 ""TBA""）"
11310,CN2507117-S,TBA,"→ 写为 NULL（raw_text 保留原值 ""TBA""）"
11311,CN2507118-A,TBA,"→ 写为 NULL（raw_text 保留原值 ""TBA""）"
11312,CN2507119-A,TBA,"→ 写为 NULL（raw_text 保留原值 ""TBA""）"
11314,CN2507121-A,TBA,"→ 写为 NULL（raw_text 保留原值 ""TBA""）"
11315,CN2507122-A,TBA,"→ 写为 NULL（raw_text 保留原值 ""TBA""）"
11316,CN2507123-S,TBA,"→ 写为 NULL（raw_text 保留原值 ""TBA""）"
11317,CN2507124-A,TBA,"→ 写为 NULL（raw_text 保留原值 ""TBA""）"
11318,CN2507125-A,TBA,"→ 写为 NULL（raw_text 保留原值 ""TBA""）"
11320,CN2507127-A,TBA,"→ 写为 NULL（raw_text 保留原值 ""TBA""）"
11321,CN2507128-A,TBA,"→ 写为 NULL（raw_text 保留原值 ""TBA""）"
11322,CN2507129-A,TBA,"→ 写为 NULL（raw_text 保留原值 ""TBA""）"
11323,CN2507130-A,TBA,"→ 写为 NULL（raw_text 保留原值 ""TBA""）"
11325,CN2507132-S,TBA,"→ 写为 NULL（raw_text 保留原值 ""TBA""）"
11326,CN2507133-A,TBA,"→ 写为 NULL（raw_text 保留原值 ""TBA""）"
11327,CN2507134-A,TBA,"→ 写为 NULL（raw_text 保留原值 ""TBA""）"
11328,CN2507135-A,TBA,"→ 写为 NULL（raw_text 保留原值 ""TBA""）"
11329,CN2507136-A,TBA,"→ 写为 NULL（raw_text 保留原值 ""TBA""）"
11330,CN2507137-S,TBA,"→ 写为 NULL（raw_text 保留原值 ""TBA""）"
11333,CN2507140-RS,TBA,"→ 写为 NULL（raw_text 保留原值 ""TBA""）"
11334,CN2507140-RS1,TBA,"→ 写为 NULL（raw_text 保留原值 ""TBA""）"
11336,CN2507142-S,TBA,"→ 写为 NULL（raw_text 保留原值 ""TBA""）"
11337,CN2507143-A,TBA,"→ 写为 NULL（raw_text 保留原值 ""TBA""）"
11338,CN2507144-S,TBA,"→ 写为 NULL（raw_text 保留原值 ""TBA""）"
11339,CN2507145-S,TBA,"→ 写为 NULL（raw_text 保留原值 ""TBA""）"
11340,CN2507146-S,TBA,"→ 写为 NULL（raw_text 保留原值 ""TBA""）"
11341,CN2507147-A,TBA,"→ 写为 NULL（raw_text 保留原值 ""TBA""）"
11342,CN2507148-S,TBA,"→ 写为 NULL（raw_text 保留原值 ""TBA""）"
11343,CN2507149-S,TBA,"→ 写为 NULL（raw_text 保留原值 ""TBA""）"
11344,CN2507150-A,TBA,"→ 写为 NULL（raw_text 保留原值 ""TBA""）"
11345,CN2507151-A,TBA,"→ 写为 NULL（raw_text 保留原值 ""TBA""）"
11346,CN2507152-A,TBA,"→ 写为 NULL（raw_text 保留原值 ""TBA""）"
11347,CN2507153-A,TBA,"→ 写为 NULL（raw_text 保留原值 ""TBA""）"
11348,CN2507154-A,TBA,"→ 写为 NULL（raw_text 保留原值 ""TBA""）"
11349,CN2507155-A,TBA,"→ 写为 NULL（raw_text 保留原值 ""TBA""）"
11350,CN2507156-A,TBA,"→ 写为 NULL（raw_text 保留原值 ""TBA""）"
11351,CN2507157-S,TBA,"→ 写为 NULL（raw_text 保留原值 ""TBA""）"
11352,CN2507158-S,TBA,"→ 写为 NULL（raw_text 保留原值 ""TBA""）"
11353,CN2507159-A,TBA,"→ 写为 NULL（raw_text 保留原值 ""TBA""）"
11354,CN2507160-S,TBA,"→ 写为 NULL（raw_text 保留原值 ""TBA""）"
11355,CN2507161-S,TBA,"→ 写为 NULL（raw_text 保留原值 ""TBA""）"
11356,CN2507162-S,TBA,"→ 写为 NULL（raw_text 保留原值 ""TBA""）"
11357,CN2507163-S,TBA,"→ 写为 NULL（raw_text 保留原值 ""TBA""）"
11358,CN2507164-A,TBA,"→ 写为 NULL（raw_text 保留原值 ""TBA""）"
11359,CN2507165-S,TBA,"→ 写为 NULL（raw_text 保留原值 ""TBA""）"
11362,CN2507168-S,TBA,"→ 写为 NULL（raw_text 保留原值 ""TBA""）"
11363,CN2507169-S,TBA,"→ 写为 NULL（raw_text 保留原值 ""TBA""）"
11364,CN2507170-A,TBA,"→ 写为 NULL（raw_text 保留原值 ""TBA""）"
11365,CN2507171-S,TBA,"→ 写为 NULL（raw_text 保留原值 ""TBA""）"
11366,CN2507172-A,TBA,"→ 写为 NULL（raw_text 保留原值 ""TBA""）"
11367,CN2507173-A,TBA,"→ 写为 NULL（raw_text 保留原值 ""TBA""）"
11368,CN2507174-A,TBA,"→ 写为 NULL（raw_text 保留原值 ""TBA""）"
11369,CN2507175-S,TBA,"→ 写为 NULL（raw_text 保留原值 ""TBA""）"
11371,CN2507177-A,TBA,"→ 写为 NULL（raw_text 保留原值 ""TBA""）"
11373,CN2507179-A,TBA,"→ 写为 NULL（raw_text 保留原值 ""TBA""）"
11374,CN2507180-A,TBA,"→ 写为 NULL（raw_text 保留原值 ""TBA""）"
11375,CN2507181-S,TBA,"→ 写为 NULL（raw_text 保留原值 ""TBA""）"
11376,CN2507182-S,TBA,"→ 写为 NULL（raw_text 保留原值 ""TBA""）"
11377,CN2507183-S,TBA,"→ 写为 NULL（raw_text 保留原值 ""TBA""）"
11378,CN2507184-A,TBA,"→ 写为 NULL（raw_text 保留原值 ""TBA""）"
11379,CN2507185-S,TBA,"→ 写为 NULL（raw_text 保留原值 ""TBA""）"
11380,CN2507186-S,TBA,"→ 写为 NULL（raw_text 保留原值 ""TBA""）"
11381,CN2507187-S,TBA,"→ 写为 NULL（raw_text 保留原值 ""TBA""）"
11382,CN2507188-S,TBA,"→ 写为 NULL（raw_text 保留原值 ""TBA""）"
11383,CN2507189-S,TBA,"→ 写为 NULL（raw_text 保留原值 ""TBA""）"
11384,CN2507190-S,TBA,"→ 写为 NULL（raw_text 保留原值 ""TBA""）"
11385,CN2507191-AS,TBA,"→ 写为 NULL（raw_text 保留原值 ""TBA""）"
11386,CN2507191-AS1,TBA,"→ 写为 NULL（raw_text 保留原值 ""TBA""）"
11388,CN2507193-A,TBA,"→ 写为 NULL（raw_text 保留原值 ""TBA""）"
11389,CN2507194-A,TBA,"→ 写为 NULL（raw_text 保留原值 ""TBA""）"
11391,CN2507196-S,TBA,"→ 写为 NULL（raw_text 保留原值 ""TBA""）"
11392,CN2507197-S,TBA,"→ 写为 NULL（raw_text 保留原值 ""TBA""）"
11393,CN2507198-S,TBA,"→ 写为 NULL（raw_text 保留原值 ""TBA""）"
11396,CN2507201-S,TBA,"→ 写为 NULL（raw_text 保留原值 ""TBA""）"
11397,CN2507202-S,TBA,"→ 写为 NULL（raw_text 保留原值 ""TBA""）"
11398,CN2507203-S,TBA,"→ 写为 NULL（raw_text 保留原值 ""TBA""）"
11399,CN2507204-A,TBA,"→ 写为 NULL（raw_text 保留原值 ""TBA""）"
11400,CN2507205-S,TBA,"→ 写为 NULL（raw_text 保留原值 ""TBA""）"
11401,CN2507206-S,TBA,"→ 写为 NULL（raw_text 保留原值 ""TBA""）"
11402,CN2507207-A,TBA,"→ 写为 NULL（raw_text 保留原值 ""TBA""）"
11403,CN2507208-A,TBA,"→ 写为 NULL（raw_text 保留原值 ""TBA""）"
11405,CN2507210-S,TBA,"→ 写为 NULL（raw_text 保留原值 ""TBA""）"
11406,CN2507211-A,TBA,"→ 写为 NULL（raw_text 保留原值 ""TBA""）"
11407,CN2507212-A,TBA,"→ 写为 NULL（raw_text 保留原值 ""TBA""）"
11408,CN2507213-S,TBA,"→ 写为 NULL（raw_text 保留原值 ""TBA""）"
11409,CN2507214-A,TBA,"→ 写为 NULL（raw_text 保留原值 ""TBA""）"
11410,CN2507215-S,TBA,"→ 写为 NULL（raw_text 保留原值 ""TBA""）"
11411,CN2507216-AS,TBA,"→ 写为 NULL（raw_text 保留原值 ""TBA""）"
11412,CN2507216-AS1,TBA,"→ 写为 NULL（raw_text 保留原值 ""TBA""）"
11414,CN2507218-A,TBA,"→ 写为 NULL（raw_text 保留原值 ""TBA""）"
11415,CN2507219-S,TBA,"→ 写为 NULL（raw_text 保留原值 ""TBA""）"
11416,CN2507220-A,TBA,"→ 写为 NULL（raw_text 保留原值 ""TBA""）"
11419,CN2507223-S,TBA,"→ 写为 NULL（raw_text 保留原值 ""TBA""）"
11420,CN2507224-S,TBA,"→ 写为 NULL（raw_text 保留原值 ""TBA""）"
11421,CN2507225-S,TBA,"→ 写为 NULL（raw_text 保留原值 ""TBA""）"
11422,CN2507226-S,TBA,"→ 写为 NULL（raw_text 保留原值 ""TBA""）"
11423,CN2507227-A,TBA,"→ 写为 NULL（raw_text 保留原值 ""TBA""）"
11424,CN2507228-S,TBA,"→ 写为 NULL（raw_text 保留原值 ""TBA""）"
11425,CN2507229-S,TBA,"→ 写为 NULL（raw_text 保留原值 ""TBA""）"
11426,CN2507230-S,TBA,"→ 写为 NULL（raw_text 保留原值 ""TBA""）"
11427,CN2507231-S,TBA,"→ 写为 NULL（raw_text 保留原值 ""TBA""）"
11428,CN2507232-S,TBA,"→ 写为 NULL（raw_text 保留原值 ""TBA""）"
11429,CN2507233-S,TBA,"→ 写为 NULL（raw_text 保留原值 ""TBA""）"
11430,CN2507234-S,TBA,"→ 写为 NULL（raw_text 保留原值 ""TBA""）"
11431,CN2507235-A,TBA,"→ 写为 NULL（raw_text 保留原值 ""TBA""）"
11433,CN2507237-A,TBA,"→ 写为 NULL（raw_text 保留原值 ""TBA""）"
11434,CN2507238-S,TBA,"→ 写为 NULL（raw_text 保留原值 ""TBA""）"
11435,CN2507239-A,TBA,"→ 写为 NULL（raw_text 保留原值 ""TBA""）"
11436,CN2507240-AS,TBA,"→ 写为 NULL（raw_text 保留原值 ""TBA""）"
11437,CN2507240-AS1,TBA,"→ 写为 NULL（raw_text 保留原值 ""TBA""）"
11438,CN2507241-A,TBA,"→ 写为 NULL（raw_text 保留原值 ""TBA""）"
11439,CN2507242-S,TBA,"→ 写为 NULL（raw_text 保留原值 ""TBA""）"
11440,CN2507243-S,TBA,"→ 写为 NULL（raw_text 保留原值 ""TBA""）"
11443,CN2507246-S,TBA,"→ 写为 NULL（raw_text 保留原值 ""TBA""）"
11444,CN2507247-A,TBA,"→ 写为 NULL（raw_text 保留原值 ""TBA""）"
11445,CN2507248-S,TBA,"→ 写为 NULL（raw_text 保留原值 ""TBA""）"
11446,CN2507249-A,TBA,"→ 写为 NULL（raw_text 保留原值 ""TBA""）"
11447,CN2507250-A,TBA,"→ 写为 NULL（raw_text 保留原值 ""TBA""）"
11448,CN2507251-S,TBA,"→ 写为 NULL（raw_text 保留原值 ""TBA""）"
11449,CN2507252-S,TBA,"→ 写为 NULL（raw_text 保留原值 ""TBA""）"
11452,CN2507254-S,TBA,"→ 写为 NULL（raw_text 保留原值 ""TBA""）"
11453,CN2507255-A,TBA,"→ 写为 NULL（raw_text 保留原值 ""TBA""）"
11454,CN2507256-A,TBA,"→ 写为 NULL（raw_text 保留原值 ""TBA""）"
11455,CN2507257-S,TBA,"→ 写为 NULL（raw_text 保留原值 ""TBA""）"
11456,CN2507258-S,TBA,"→ 写为 NULL（raw_text 保留原值 ""TBA""）"
11457,CN2507259-S,TBA,"→ 写为 NULL（raw_text 保留原值 ""TBA""）"
11458,CN2507260-A,TBA,"→ 写为 NULL（raw_text 保留原值 ""TBA""）"
11460,CN2507262-S,TBA,"→ 写为 NULL（raw_text 保留原值 ""TBA""）"
11462,CN2507264-A,TBA,"→ 写为 NULL（raw_text 保留原值 ""TBA""）"
11467,CN2507269-S,TBA,"→ 写为 NULL（raw_text 保留原值 ""TBA""）"
11468,CN2507270-A,TBA,"→ 写为 NULL（raw_text 保留原值 ""TBA""）"
11469,CN2507271-A,TBA,"→ 写为 NULL（raw_text 保留原值 ""TBA""）"
11470,CN2507272-S,TBA,"→ 写为 NULL（raw_text 保留原值 ""TBA""）"
11471,CN2507273-S,TBA,"→ 写为 NULL（raw_text 保留原值 ""TBA""）"
11474,CN2507276-A,TBA,"→ 写为 NULL（raw_text 保留原值 ""TBA""）"
11475,CN2507277-S,TBA,"→ 写为 NULL（raw_text 保留原值 ""TBA""）"
11476,CN2507278-A,TBA,"→ 写为 NULL（raw_text 保留原值 ""TBA""）"
11477,CN2507279-S,TBA,"→ 写为 NULL（raw_text 保留原值 ""TBA""）"
11478,CN2507280-S,TBA,"→ 写为 NULL（raw_text 保留原值 ""TBA""）"
11480,CN2507282-S,TBA,"→ 写为 NULL（raw_text 保留原值 ""TBA""）"
11482,CN2507284-S,TBA,"→ 写为 NULL（raw_text 保留原值 ""TBA""）"
11483,CN2507285-A,TBA,"→ 写为 NULL（raw_text 保留原值 ""TBA""）"
11484,CN2507286-S,TBA,"→ 写为 NULL（raw_text 保留原值 ""TBA""）"
11486,CN2507288-A,TBA,"→ 写为 NULL（raw_text 保留原值 ""TBA""）"
11487,CN2507289-A,TBA,"→ 写为 NULL（raw_text 保留原值 ""TBA""）"
11488,CN2507290-A,TBA,"→ 写为 NULL（raw_text 保留原值 ""TBA""）"
11490,CN2507292-S1,TBA,"→ 写为 NULL（raw_text 保留原值 ""TBA""）"
11491,CN2507292-S2,TBA,"→ 写为 NULL（raw_text 保留原值 ""TBA""）"
11492,CN2507293-A,TBA,"→ 写为 NULL（raw_text 保留原值 ""TBA""）"
11493,CN2507294-A,TBA,"→ 写为 NULL（raw_text 保留原值 ""TBA""）"
11494,CN2507295-A,TBA,"→ 写为 NULL（raw_text 保留原值 ""TBA""）"
11495,CN2507296-A,TBA,"→ 写为 NULL（raw_text 保留原值 ""TBA""）"
11498,CN2507299-A,TBA,"→ 写为 NULL（raw_text 保留原值 ""TBA""）"
11499,CN2507300-A,TBA,"→ 写为 NULL（raw_text 保留原值 ""TBA""）"
11500,CN2507301-S,TBA,"→ 写为 NULL（raw_text 保留原值 ""TBA""）"
11505,CN2507306-A,TBA,"→ 写为 NULL（raw_text 保留原值 ""TBA""）"
11506,CN2507307-A,TBA,"→ 写为 NULL（raw_text 保留原值 ""TBA""）"
11507,CN2507308-A,TBA,"→ 写为 NULL（raw_text 保留原值 ""TBA""）"
11508,CN2507309-A,TBA,"→ 写为 NULL（raw_text 保留原值 ""TBA""）"
11509,CN2507310-A,TBA,"→ 写为 NULL（raw_text 保留原值 ""TBA""）"
11510,CN2507311-A,TBA,"→ 写为 NULL（raw_text 保留原值 ""TBA""）"
11511,CN2507312-A,TBA,"→ 写为 NULL（raw_text 保留原值 ""TBA""）"
11512,CN2507313-A,TBA,"→ 写为 NULL（raw_text 保留原值 ""TBA""）"
11513,CN2507314-A,TBA,"→ 写为 NULL（raw_text 保留原值 ""TBA""）"
11516,CN2507317-A,TBA,"→ 写为 NULL（raw_text 保留原值 ""TBA""）"
11517,CN2507318-S,TBA,"→ 写为 NULL（raw_text 保留原值 ""TBA""）"
11518,CN2507319-A,TBA,"→ 写为 NULL（raw_text 保留原值 ""TBA""）"
11519,CN2507320-A,TBA,"→ 写为 NULL（raw_text 保留原值 ""TBA""）"
11521,CN2507322-A,TBA,"→ 写为 NULL（raw_text 保留原值 ""TBA""）"
11522,CN2507323-S,TBA,"→ 写为 NULL（raw_text 保留原值 ""TBA""）"
11523,CN2507324-R,TBA,"→ 写为 NULL（raw_text 保留原值 ""TBA""）"
11524,CN2507325-A,TBA,"→ 写为 NULL（raw_text 保留原值 ""TBA""）"
11525,CN2507326-S,TBA,"→ 写为 NULL（raw_text 保留原值 ""TBA""）"
11526,CN2507327-S,TBA,"→ 写为 NULL（raw_text 保留原值 ""TBA""）"
11527,CN2507328-A,TBA,"→ 写为 NULL（raw_text 保留原值 ""TBA""）"
11528,CN2507329-A,TBA,"→ 写为 NULL（raw_text 保留原值 ""TBA""）"
11529,CN2507330-A,TBA,"→ 写为 NULL（raw_text 保留原值 ""TBA""）"
11530,CN2507331-A,TBA,"→ 写为 NULL（raw_text 保留原值 ""TBA""）"
11531,CN2507332-S,TBA,"→ 写为 NULL（raw_text 保留原值 ""TBA""）"
11532,CN2507333-A,TBA,"→ 写为 NULL（raw_text 保留原值 ""TBA""）"
11533,CN2507334-A,TBA,"→ 写为 NULL（raw_text 保留原值 ""TBA""）"
11534,CN2507335-A,TBA,"→ 写为 NULL（raw_text 保留原值 ""TBA""）"
11535,CN2507336-S,TBA,"→ 写为 NULL（raw_text 保留原值 ""TBA""）"
11537,CN2507338-A,TBA,"→ 写为 NULL（raw_text 保留原值 ""TBA""）"
11538,CN2507339-A,TBA,"→ 写为 NULL（raw_text 保留原值 ""TBA""）"
11539,CN2507340-S,TBA,"→ 写为 NULL（raw_text 保留原值 ""TBA""）"
11540,CN2507341-S,TBA,"→ 写为 NULL（raw_text 保留原值 ""TBA""）"
11542,CN2507343-A,TBA,"→ 写为 NULL（raw_text 保留原值 ""TBA""）"
11543,CN2507344-A,TBA,"→ 写为 NULL（raw_text 保留原值 ""TBA""）"
11544,CN2507345-S,TBA,"→ 写为 NULL（raw_text 保留原值 ""TBA""）"
11546,CN2507347-S,TBA,"→ 写为 NULL（raw_text 保留原值 ""TBA""）"
11547,CN2507348-A,TBA,"→ 写为 NULL（raw_text 保留原值 ""TBA""）"
11548,CN2507349-S,TBA,"→ 写为 NULL（raw_text 保留原值 ""TBA""）"
11549,CN2507350-A,TBA,"→ 写为 NULL（raw_text 保留原值 ""TBA""）"
11551,CN2507352-S,TBA,"→ 写为 NULL（raw_text 保留原值 ""TBA""）"
11552,CN2507353-S,TBA,"→ 写为 NULL（raw_text 保留原值 ""TBA""）"
11553,CN2507354-S,TBA,"→ 写为 NULL（raw_text 保留原值 ""TBA""）"
11554,CN2507355-S,TBA,"→ 写为 NULL（raw_text 保留原值 ""TBA""）"
11555,CN2507356-S,TBA,"→ 写为 NULL（raw_text 保留原值 ""TBA""）"
11556,CN2507357-A,TBA,"→ 写为 NULL（raw_text 保留原值 ""TBA""）"
11557,CN2507358-S,TBA,"→ 写为 NULL（raw_text 保留原值 ""TBA""）"
11558,CN2507359-S,TBA,"→ 写为 NULL（raw_text 保留原值 ""TBA""）"
11559,CN2507360-A,TBA,"→ 写为 NULL（raw_text 保留原值 ""TBA""）"
11560,CN2507361-S,TBA,"→ 写为 NULL（raw_text 保留原值 ""TBA""）"
11561,CN2507362-AS,TBA,"→ 写为 NULL（raw_text 保留原值 ""TBA""）"
11562,CN2507362-AS1,TBA,"→ 写为 NULL（raw_text 保留原值 ""TBA""）"
11563,CN2507363-S,TBA,"→ 写为 NULL（raw_text 保留原值 ""TBA""）"
11564,CN2507364-A,TBA,"→ 写为 NULL（raw_text 保留原值 ""TBA""）"
11565,CN2507365-A,TBA,"→ 写为 NULL（raw_text 保留原值 ""TBA""）"
11566,CN2507366-S,TBA,"→ 写为 NULL（raw_text 保留原值 ""TBA""）"
11567,CN2507367-A,TBA,"→ 写为 NULL（raw_text 保留原值 ""TBA""）"
11568,CN2507368-S1,TBA,"→ 写为 NULL（raw_text 保留原值 ""TBA""）"
11569,CN2507368-S2,TBA,"→ 写为 NULL（raw_text 保留原值 ""TBA""）"
11570,CN2507369-S,TBA,"→ 写为 NULL（raw_text 保留原值 ""TBA""）"
11571,CN2507370-S,TBA,"→ 写为 NULL（raw_text 保留原值 ""TBA""）"
11572,CN2507371-S,TBA,"→ 写为 NULL（raw_text 保留原值 ""TBA""）"
11573,CN2507372-S,TBA,"→ 写为 NULL（raw_text 保留原值 ""TBA""）"
11574,CN2507373-S,TBA,"→ 写为 NULL（raw_text 保留原值 ""TBA""）"
11575,CN2507374-S,TBA,"→ 写为 NULL（raw_text 保留原值 ""TBA""）"
11576,CN2507375-S,TBA,"→ 写为 NULL（raw_text 保留原值 ""TBA""）"
11577,CN2507376-S,TBA,"→ 写为 NULL（raw_text 保留原值 ""TBA""）"
11578,CN2507377-S,TBA,"→ 写为 NULL（raw_text 保留原值 ""TBA""）"
11579,CN2507378-RS,TBA,"→ 写为 NULL（raw_text 保留原值 ""TBA""）"
11580,CN2507378-RS1,TBA,"→ 写为 NULL（raw_text 保留原值 ""TBA""）"
11581,CN2507379-A,TBA,"→ 写为 NULL（raw_text 保留原值 ""TBA""）"
11582,CN2507380-A,TBA,"→ 写为 NULL（raw_text 保留原值 ""TBA""）"
11583,CN2507381-A,TBA,"→ 写为 NULL（raw_text 保留原值 ""TBA""）"
11584,CN2507382-S,TBA,"→ 写为 NULL（raw_text 保留原值 ""TBA""）"
11585,CN2507383-S,TBA,"→ 写为 NULL（raw_text 保留原值 ""TBA""）"
11586,CN2507384-A,TBA,"→ 写为 NULL（raw_text 保留原值 ""TBA""）"
11587,CN2507385-S,TBA,"→ 写为 NULL（raw_text 保留原值 ""TBA""）"
11588,CN2507386-A,TBA,"→ 写为 NULL（raw_text 保留原值 ""TBA""）"
11589,CN2507387-S,TBA,"→ 写为 NULL（raw_text 保留原值 ""TBA""）"
11590,CN2507388-S1,TBA,"→ 写为 NULL（raw_text 保留原值 ""TBA""）"
11591,CN2507388-S2,TBA,"→ 写为 NULL（raw_text 保留原值 ""TBA""）"
11592,CN2507389-S,TBA,"→ 写为 NULL（raw_text 保留原值 ""TBA""）"
11593,CN2507390-A,TBA,"→ 写为 NULL（raw_text 保留原值 ""TBA""）"
11594,CN2507391-S,TBA,"→ 写为 NULL（raw_text 保留原值 ""TBA""）"
11595,CN2507392-A,TBA,"→ 写为 NULL（raw_text 保留原值 ""TBA""）"
11596,CN2507393-S,TBA,"→ 写为 NULL（raw_text 保留原值 ""TBA""）"
11598,CN2507395-A,TBA,"→ 写为 NULL（raw_text 保留原值 ""TBA""）"
11599,CN2507396-A,TBA,"→ 写为 NULL（raw_text 保留原值 ""TBA""）"
11600,CN2507397-S,TBA,"→ 写为 NULL（raw_text 保留原值 ""TBA""）"
11601,CN2507398-S,TBA,"→ 写为 NULL（raw_text 保留原值 ""TBA""）"
11602,CN2507399-S,TBA,"→ 写为 NULL（raw_text 保留原值 ""TBA""）"
11604,CN2507401-S,TBA,"→ 写为 NULL（raw_text 保留原值 ""TBA""）"
11606,CN2507403-S,TBA,"→ 写为 NULL（raw_text 保留原值 ""TBA""）"
11607,CN2507405-A,TBA,"→ 写为 NULL（raw_text 保留原值 ""TBA""）"
11608,CN2507406-S,TBA,"→ 写为 NULL（raw_text 保留原值 ""TBA""）"
11609,CN2507407-S,TBA,"→ 写为 NULL（raw_text 保留原值 ""TBA""）"
11610,CN2507408-S,TBA,"→ 写为 NULL（raw_text 保留原值 ""TBA""）"
11614,CN2507411-A,TBA,"→ 写为 NULL（raw_text 保留原值 ""TBA""）"
11616,CN2507413-S,TBA,"→ 写为 NULL（raw_text 保留原值 ""TBA""）"
11617,CN2507414-A,TBA,"→ 写为 NULL（raw_text 保留原值 ""TBA""）"
11618,CN2507415-A,TBA,"→ 写为 NULL（raw_text 保留原值 ""TBA""）"
11619,CN2507416-A,TBA,"→ 写为 NULL（raw_text 保留原值 ""TBA""）"
11620,CN2507417-A,TBA,"→ 写为 NULL（raw_text 保留原值 ""TBA""）"
11622,CN2507419-A,TBA,"→ 写为 NULL（raw_text 保留原值 ""TBA""）"
11623,CN2507420-A,TBA,"→ 写为 NULL（raw_text 保留原值 ""TBA""）"
11624,CN2507421-A,TBA,"→ 写为 NULL（raw_text 保留原值 ""TBA""）"
11625,CN2507422-A,TBA,"→ 写为 NULL（raw_text 保留原值 ""TBA""）"
11626,CN2507423-S,TBA,"→ 写为 NULL（raw_text 保留原值 ""TBA""）"
11627,CN2507424-A,TBA,"→ 写为 NULL（raw_text 保留原值 ""TBA""）"
11628,CN2507425-A,TBA,"→ 写为 NULL（raw_text 保留原值 ""TBA""）"
11629,CN2507426-A,TBA,"→ 写为 NULL（raw_text 保留原值 ""TBA""）"
11630,CN2507427-S,TBA,"→ 写为 NULL（raw_text 保留原值 ""TBA""）"
11633,CN2507430-S,TBA,"→ 写为 NULL（raw_text 保留原值 ""TBA""）"
11634,CN2507431-S,TBA,"→ 写为 NULL（raw_text 保留原值 ""TBA""）"
11635,CN2507432-S,TBA,"→ 写为 NULL（raw_text 保留原值 ""TBA""）"
11639,CN2507436-S,TBA,"→ 写为 NULL（raw_text 保留原值 ""TBA""）"
11640,CN2507437-S,TBA,"→ 写为 NULL（raw_text 保留原值 ""TBA""）"
11641,CN2507438-A,TBA,"→ 写为 NULL（raw_text 保留原值 ""TBA""）"
11642,CN2507439-A,TBA,"→ 写为 NULL（raw_text 保留原值 ""TBA""）"
11643,CN2507440-A,TBA,"→ 写为 NULL（raw_text 保留原值 ""TBA""）"
11644,CN2507441-A,TBA,"→ 写为 NULL（raw_text 保留原值 ""TBA""）"
11645,CN2507442-A,TBA,"→ 写为 NULL（raw_text 保留原值 ""TBA""）"
11646,CN2507442-A1,TBA,"→ 写为 NULL（raw_text 保留原值 ""TBA""）"
11647,CN2507443-A,TBA,"→ 写为 NULL（raw_text 保留原值 ""TBA""）"
11648,CN2507444-A,TBA,"→ 写为 NULL（raw_text 保留原值 ""TBA""）"
11653,CN2507449-A,TBA,"→ 写为 NULL（raw_text 保留原值 ""TBA""）"
11658,CN2507454-A,TBA,"→ 写为 NULL（raw_text 保留原值 ""TBA""）"
11660,CN2507456-A,TBA,"→ 写为 NULL（raw_text 保留原值 ""TBA""）"
11661,CN2507456-A1,TBA,"→ 写为 NULL（raw_text 保留原值 ""TBA""）"
11664,CN2507459-A,TBA,"→ 写为 NULL（raw_text 保留原值 ""TBA""）"
11665,CN2507460-A,TBA,"→ 写为 NULL（raw_text 保留原值 ""TBA""）"
11667,CN2507462-A,TBA,"→ 写为 NULL（raw_text 保留原值 ""TBA""）"
11668,CN2507463-S,TBA,"→ 写为 NULL（raw_text 保留原值 ""TBA""）"
11669,CN2507464-A,TBA,"→ 写为 NULL（raw_text 保留原值 ""TBA""）"
11670,CN2507465-A,TBA,"→ 写为 NULL（raw_text 保留原值 ""TBA""）"
11671,CN2507466-S,TBA,"→ 写为 NULL（raw_text 保留原值 ""TBA""）"
11672,CN2507467-R,TBA,"→ 写为 NULL（raw_text 保留原值 ""TBA""）"
11673,CN2507468-S,TBA,"→ 写为 NULL（raw_text 保留原值 ""TBA""）"
11674,CN2507469-S,TBA,"→ 写为 NULL（raw_text 保留原值 ""TBA""）"
11675,CN2507470-A,TBA,"→ 写为 NULL（raw_text 保留原值 ""TBA""）"
11676,CN2507470-A1,TBA,"→ 写为 NULL（raw_text 保留原值 ""TBA""）"
11677,CN2507471-A,TBA,"→ 写为 NULL（raw_text 保留原值 ""TBA""）"
11678,CN2507472-S,TBA,"→ 写为 NULL（raw_text 保留原值 ""TBA""）"
11679,CN2507473-A,TBA,"→ 写为 NULL（raw_text 保留原值 ""TBA""）"
11680,CN2507474-A,TBA,"→ 写为 NULL（raw_text 保留原值 ""TBA""）"
11681,CN2507475-S,TBA,"→ 写为 NULL（raw_text 保留原值 ""TBA""）"
11682,CN2507476-S,TBA,"→ 写为 NULL（raw_text 保留原值 ""TBA""）"
11683,CN2507477-A,TBA,"→ 写为 NULL（raw_text 保留原值 ""TBA""）"
11685,CN2507479-S,TBA,"→ 写为 NULL（raw_text 保留原值 ""TBA""）"
11686,CN2507480-AS,TBA,"→ 写为 NULL（raw_text 保留原值 ""TBA""）"
11687,CN2507480-AS1,TBA,"→ 写为 NULL（raw_text 保留原值 ""TBA""）"
11688,CN2507481-A,TBA,"→ 写为 NULL（raw_text 保留原值 ""TBA""）"
11689,CN2507482-A,TBA,"→ 写为 NULL（raw_text 保留原值 ""TBA""）"
11690,CN2507483-A,TBA,"→ 写为 NULL（raw_text 保留原值 ""TBA""）"
11691,CN2507484-S,TBA,"→ 写为 NULL（raw_text 保留原值 ""TBA""）"
11692,CN2507485-S,TBA,"→ 写为 NULL（raw_text 保留原值 ""TBA""）"
11694,CN2507487-S,TBA,"→ 写为 NULL（raw_text 保留原值 ""TBA""）"
11695,CN2507488-S,TBA,"→ 写为 NULL（raw_text 保留原值 ""TBA""）"
11696,CN2507489-A,TBA,"→ 写为 NULL（raw_text 保留原值 ""TBA""）"
11699,CN2507492-S,TBA,"→ 写为 NULL（raw_text 保留原值 ""TBA""）"
11700,CN2507493-S,TBA,"→ 写为 NULL（raw_text 保留原值 ""TBA""）"
11701,CN2507494-A,TBA,"→ 写为 NULL（raw_text 保留原值 ""TBA""）"
11702,CN2507495-A,TBA,"→ 写为 NULL（raw_text 保留原值 ""TBA""）"
11703,CN2507496-S,TBA,"→ 写为 NULL（raw_text 保留原值 ""TBA""）"
11704,CN2507497-S,TBA,"→ 写为 NULL（raw_text 保留原值 ""TBA""）"
11705,CN2507498-A,TBA,"→ 写为 NULL（raw_text 保留原值 ""TBA""）"
11706,CN2507499-S,TBA,"→ 写为 NULL（raw_text 保留原值 ""TBA""）"
11707,CN2507500-AS,TBA,"→ 写为 NULL（raw_text 保留原值 ""TBA""）"
11708,CN2507500-AS1,TBA,"→ 写为 NULL（raw_text 保留原值 ""TBA""）"
11711,CN2507503-S,TBA,"→ 写为 NULL（raw_text 保留原值 ""TBA""）"
11712,CN2507504-S,TBA,"→ 写为 NULL（raw_text 保留原值 ""TBA""）"
11713,CN2507505-S,TBA,"→ 写为 NULL（raw_text 保留原值 ""TBA""）"
11714,CN2507506-S,TBA,"→ 写为 NULL（raw_text 保留原值 ""TBA""）"
11715,CN2507507-S,TBA,"→ 写为 NULL（raw_text 保留原值 ""TBA""）"
11716,CN2507508-A,TBA,"→ 写为 NULL（raw_text 保留原值 ""TBA""）"
11717,CN2507509-S,TBA,"→ 写为 NULL（raw_text 保留原值 ""TBA""）"
11718,CN2507510-A,TBA,"→ 写为 NULL（raw_text 保留原值 ""TBA""）"
11719,CN2507511-A,TBA,"→ 写为 NULL（raw_text 保留原值 ""TBA""）"
11720,CN2507512-S,TBA,"→ 写为 NULL（raw_text 保留原值 ""TBA""）"
11721,CN2507513-S,TBA,"→ 写为 NULL（raw_text 保留原值 ""TBA""）"
11722,CN2507514-AS,TBA,"→ 写为 NULL（raw_text 保留原值 ""TBA""）"
11723,CN2507514-AS1,TBA,"→ 写为 NULL（raw_text 保留原值 ""TBA""）"
11726,CN2507517-S,TBA,"→ 写为 NULL（raw_text 保留原值 ""TBA""）"
11727,CN2507518-A1,TBA,"→ 写为 NULL（raw_text 保留原值 ""TBA""）"
11728,CN2507518-A2,TBA,"→ 写为 NULL（raw_text 保留原值 ""TBA""）"
11729,CN2507518-A3,TBA,"→ 写为 NULL（raw_text 保留原值 ""TBA""）"
11730,CN2507519-S,TBA,"→ 写为 NULL（raw_text 保留原值 ""TBA""）"
11731,CN2507520-A,TBA,"→ 写为 NULL（raw_text 保留原值 ""TBA""）"
11732,CN2507521-A,TBA,"→ 写为 NULL（raw_text 保留原值 ""TBA""）"
11733,CN2507522-S,TBA,"→ 写为 NULL（raw_text 保留原值 ""TBA""）"
11734,CN2507523-AS,TBA,"→ 写为 NULL（raw_text 保留原值 ""TBA""）"
11735,CN2507523-AS1,TBA,"→ 写为 NULL（raw_text 保留原值 ""TBA""）"
11736,CN2507524-A,TBA,"→ 写为 NULL（raw_text 保留原值 ""TBA""）"
11737,CN2507525-S,TBA,"→ 写为 NULL（raw_text 保留原值 ""TBA""）"
11738,CN2507526-A,TBA,"→ 写为 NULL（raw_text 保留原值 ""TBA""）"
11739,CN2507527-S,TBA,"→ 写为 NULL（raw_text 保留原值 ""TBA""）"
11740,CN2507528-S1,TBA,"→ 写为 NULL（raw_text 保留原值 ""TBA""）"
11741,CN2507528-S2,TBA,"→ 写为 NULL（raw_text 保留原值 ""TBA""）"
11742,CN2507529-A,TBA,"→ 写为 NULL（raw_text 保留原值 ""TBA""）"
11743,CN2507530-S,TBA,"→ 写为 NULL（raw_text 保留原值 ""TBA""）"
11744,CN2507531-S,TBA,"→ 写为 NULL（raw_text 保留原值 ""TBA""）"
11745,CN2507532-S,TBA,"→ 写为 NULL（raw_text 保留原值 ""TBA""）"
11746,CN2507533-S,TBA,"→ 写为 NULL（raw_text 保留原值 ""TBA""）"
11747,CN2507534-S,TBA,"→ 写为 NULL（raw_text 保留原值 ""TBA""）"
11748,CN2507535-S,TBA,"→ 写为 NULL（raw_text 保留原值 ""TBA""）"
11749,CN2507536-S,TBA,"→ 写为 NULL（raw_text 保留原值 ""TBA""）"
11750,CN2507537-A,TBA,"→ 写为 NULL（raw_text 保留原值 ""TBA""）"
11751,CN2507538-S,TBA,"→ 写为 NULL（raw_text 保留原值 ""TBA""）"
11753,CN2507540-A,TBA,"→ 写为 NULL（raw_text 保留原值 ""TBA""）"
11754,CN2507541-AS,TBA,"→ 写为 NULL（raw_text 保留原值 ""TBA""）"
11755,CN2507541-AS1,TBA,"→ 写为 NULL（raw_text 保留原值 ""TBA""）"
11756,CN2507542-A,TBA,"→ 写为 NULL（raw_text 保留原值 ""TBA""）"
11757,CN2507543-S,TBA,"→ 写为 NULL（raw_text 保留原值 ""TBA""）"
11762,CN2507548-S,TBA,"→ 写为 NULL（raw_text 保留原值 ""TBA""）"
11763,CN2507549-A,TBA,"→ 写为 NULL（raw_text 保留原值 ""TBA""）"
11764,CN2507550-A,TBA,"→ 写为 NULL（raw_text 保留原值 ""TBA""）"
11765,CN2507551-A,TBA,"→ 写为 NULL（raw_text 保留原值 ""TBA""）"
11766,CN2507552-A,TBA,"→ 写为 NULL（raw_text 保留原值 ""TBA""）"
11767,CN2507553-S,TBA,"→ 写为 NULL（raw_text 保留原值 ""TBA""）"
11768,CN2507554-S,TBA,"→ 写为 NULL（raw_text 保留原值 ""TBA""）"
11769,CN2507555-S,TBA,"→ 写为 NULL（raw_text 保留原值 ""TBA""）"
11770,CN2507556-A,TBA,"→ 写为 NULL（raw_text 保留原值 ""TBA""）"
11771,CN2507557-A,TBA,"→ 写为 NULL（raw_text 保留原值 ""TBA""）"
11772,CN2507557-A1,TBA,"→ 写为 NULL（raw_text 保留原值 ""TBA""）"
11773,CN2507558-S,TBA,"→ 写为 NULL（raw_text 保留原值 ""TBA""）"
11774,CN2507559-S,TBA,"→ 写为 NULL（raw_text 保留原值 ""TBA""）"
11775,CN2507560-A,TBA,"→ 写为 NULL（raw_text 保留原值 ""TBA""）"
11776,CN2507561-A,TBA,"→ 写为 NULL（raw_text 保留原值 ""TBA""）"
11777,CN2507562-S,TBA,"→ 写为 NULL（raw_text 保留原值 ""TBA""）"
11778,CN2507563-A,TBA,"→ 写为 NULL（raw_text 保留原值 ""TBA""）"
11779,CN2507564-A,TBA,"→ 写为 NULL（raw_text 保留原值 ""TBA""）"
11780,CN2507565-S,TBA,"→ 写为 NULL（raw_text 保留原值 ""TBA""）"
11781,CN2507566-S,TBA,"→ 写为 NULL（raw_text 保留原值 ""TBA""）"
11782,CN2507567-A,TBA,"→ 写为 NULL（raw_text 保留原值 ""TBA""）"
11783,CN2507568-A,TBA,"→ 写为 NULL（raw_text 保留原值 ""TBA""）"
11784,CN2507569-A,TBA,"→ 写为 NULL（raw_text 保留原值 ""TBA""）"
11785,CN2507570-S,TBA,"→ 写为 NULL（raw_text 保留原值 ""TBA""）"
11786,CN2507571-S,TBA,"→ 写为 NULL（raw_text 保留原值 ""TBA""）"
11787,CN2507572-S,TBA,"→ 写为 NULL（raw_text 保留原值 ""TBA""）"
11788,CN2507573-A,TBA,"→ 写为 NULL（raw_text 保留原值 ""TBA""）"
11790,CN2507575-A,TBA,"→ 写为 NULL（raw_text 保留原值 ""TBA""）"
11791,CN2507576-A,TBA,"→ 写为 NULL（raw_text 保留原值 ""TBA""）"
11792,CN2507577-A,TBA,"→ 写为 NULL（raw_text 保留原值 ""TBA""）"
11793,CN2507578-A,TBA,"→ 写为 NULL（raw_text 保留原值 ""TBA""）"
11794,CN2507579-A,TBA,"→ 写为 NULL（raw_text 保留原值 ""TBA""）"
11795,CN2507580-A,TBA,"→ 写为 NULL（raw_text 保留原值 ""TBA""）"
11796,CN2507581-S,TBA,"→ 写为 NULL（raw_text 保留原值 ""TBA""）"
11797,CN2507582-S,TBA,"→ 写为 NULL（raw_text 保留原值 ""TBA""）"
11798,CN2507583-S,TBA,"→ 写为 NULL（raw_text 保留原值 ""TBA""）"
11799,CN2507584-S,TBA,"→ 写为 NULL（raw_text 保留原值 ""TBA""）"
11800,CN2507585-S,TBA,"→ 写为 NULL（raw_text 保留原值 ""TBA""）"
11801,CN2507586-A,TBA,"→ 写为 NULL（raw_text 保留原值 ""TBA""）"
11802,CN2507587-S,TBA,"→ 写为 NULL（raw_text 保留原值 ""TBA""）"
11809,CN2507594-A,TBA,"→ 写为 NULL（raw_text 保留原值 ""TBA""）"
11811,CN2507596-A,TBA,"→ 写为 NULL（raw_text 保留原值 ""TBA""）"
11812,CN2507597-S,TBA,"→ 写为 NULL（raw_text 保留原值 ""TBA""）"
11813,CN2507598-S,TBA,"→ 写为 NULL（raw_text 保留原值 ""TBA""）"
11814,CN2507599-S,TBA,"→ 写为 NULL（raw_text 保留原值 ""TBA""）"
11815,CN2507600-S,TBA,"→ 写为 NULL（raw_text 保留原值 ""TBA""）"
11816,CN2507601-S,TBA,"→ 写为 NULL（raw_text 保留原值 ""TBA""）"
11817,CN2507602-S,TBA,"→ 写为 NULL（raw_text 保留原值 ""TBA""）"
11818,CN2507603-S,TBA,"→ 写为 NULL（raw_text 保留原值 ""TBA""）"
11819,CN2507604-A,TBA,"→ 写为 NULL（raw_text 保留原值 ""TBA""）"
11820,CN2507605-S,TBA,"→ 写为 NULL（raw_text 保留原值 ""TBA""）"
11821,CN2507606-S,TBA,"→ 写为 NULL（raw_text 保留原值 ""TBA""）"
11822,CN2507607-S,TBA,"→ 写为 NULL（raw_text 保留原值 ""TBA""）"
11823,CN2507608-S,TBA,"→ 写为 NULL（raw_text 保留原值 ""TBA""）"
11824,CN2507609-S,TBA,"→ 写为 NULL（raw_text 保留原值 ""TBA""）"
11825,CN2507610-A,TBA,"→ 写为 NULL（raw_text 保留原值 ""TBA""）"
11826,CN2507611-S,TBA,"→ 写为 NULL（raw_text 保留原值 ""TBA""）"
11827,CN2507612-S,TBA,"→ 写为 NULL（raw_text 保留原值 ""TBA""）"
11828,CN2507613-S,TBA,"→ 写为 NULL（raw_text 保留原值 ""TBA""）"
11829,CN2507614-S,TBA,"→ 写为 NULL（raw_text 保留原值 ""TBA""）"
11830,CN2507615-A,TBA,"→ 写为 NULL（raw_text 保留原值 ""TBA""）"
11831,CN2507616-S,TBA,"→ 写为 NULL（raw_text 保留原值 ""TBA""）"
11832,CN2507617-A,TBA,"→ 写为 NULL（raw_text 保留原值 ""TBA""）"
11833,CN2507618-S,TBA,"→ 写为 NULL（raw_text 保留原值 ""TBA""）"
11834,CN2507619-S,TBA,"→ 写为 NULL（raw_text 保留原值 ""TBA""）"
11835,CN2507620-A,TBA,"→ 写为 NULL（raw_text 保留原值 ""TBA""）"
11836,CN2507621-S,TBA,"→ 写为 NULL（raw_text 保留原值 ""TBA""）"
11837,CN2507622-AS,TBA,"→ 写为 NULL（raw_text 保留原值 ""TBA""）"
11838,CN2507622-AS1,TBA,"→ 写为 NULL（raw_text 保留原值 ""TBA""）"
11839,CN2507623-S,TBA,"→ 写为 NULL（raw_text 保留原值 ""TBA""）"
11842,CN2507626-A,TBA,"→ 写为 NULL（raw_text 保留原值 ""TBA""）"
11843,CN2507627-A,TBA,"→ 写为 NULL（raw_text 保留原值 ""TBA""）"
11844,CN2507628-A,TBA,"→ 写为 NULL（raw_text 保留原值 ""TBA""）"
11845,CN2507629-A,TBA,"→ 写为 NULL（raw_text 保留原值 ""TBA""）"
11846,CN2507630-A,TBA,"→ 写为 NULL（raw_text 保留原值 ""TBA""）"
11847,CN2507631-A,TBA,"→ 写为 NULL（raw_text 保留原值 ""TBA""）"
11848,CN2507632-A,TBA,"→ 写为 NULL（raw_text 保留原值 ""TBA""）"
11849,CN2507633-A,TBA,"→ 写为 NULL（raw_text 保留原值 ""TBA""）"
11850,CN2507634-A,TBA,"→ 写为 NULL（raw_text 保留原值 ""TBA""）"
11851,CN2507635-S,TBA,"→ 写为 NULL（raw_text 保留原值 ""TBA""）"
11852,CN2507636-S,TBA,"→ 写为 NULL（raw_text 保留原值 ""TBA""）"
11853,CN2507637-S,TBA,"→ 写为 NULL（raw_text 保留原值 ""TBA""）"
11854,CN2507638-S,TBA,"→ 写为 NULL（raw_text 保留原值 ""TBA""）"
11855,CN2507639-A,TBA,"→ 写为 NULL（raw_text 保留原值 ""TBA""）"
11856,CN2507640-A,TBA,"→ 写为 NULL（raw_text 保留原值 ""TBA""）"
11857,CN2507641-A,TBA,"→ 写为 NULL（raw_text 保留原值 ""TBA""）"
11858,CN2507642-A,TBA,"→ 写为 NULL（raw_text 保留原值 ""TBA""）"
11859,CN2507643-A,TBA,"→ 写为 NULL（raw_text 保留原值 ""TBA""）"
11860,CN2507644-S,TBA,"→ 写为 NULL（raw_text 保留原值 ""TBA""）"
11861,CN2507645-S,TBA,"→ 写为 NULL（raw_text 保留原值 ""TBA""）"
11862,CN2507646-S,TBA,"→ 写为 NULL（raw_text 保留原值 ""TBA""）"
11863,CN2507647-S,TBA,"→ 写为 NULL（raw_text 保留原值 ""TBA""）"
11864,CN2507648-S,TBA,"→ 写为 NULL（raw_text 保留原值 ""TBA""）"
11865,CN2507649-S,TBA,"→ 写为 NULL（raw_text 保留原值 ""TBA""）"
11866,CN2507650-A,TBA,"→ 写为 NULL（raw_text 保留原值 ""TBA""）"
11867,CN2507651-S,TBA,"→ 写为 NULL（raw_text 保留原值 ""TBA""）"
11868,CN2507652-A,TBA,"→ 写为 NULL（raw_text 保留原值 ""TBA""）"
11869,CN2507653-S,TBA,"→ 写为 NULL（raw_text 保留原值 ""TBA""）"
11870,CN2507654-A,TBA,"→ 写为 NULL（raw_text 保留原值 ""TBA""）"
11871,CN2507655-A,TBA,"→ 写为 NULL（raw_text 保留原值 ""TBA""）"
11872,CN2507656-S,TBA,"→ 写为 NULL（raw_text 保留原值 ""TBA""）"
11873,CN2507657-A,TBA,"→ 写为 NULL（raw_text 保留原值 ""TBA""）"
11874,CN2507658-A,TBA,"→ 写为 NULL（raw_text 保留原值 ""TBA""）"
11875,CN2507659-S,TBA,"→ 写为 NULL（raw_text 保留原值 ""TBA""）"
11876,CN2507660-S,TBA,"→ 写为 NULL（raw_text 保留原值 ""TBA""）"
11877,CN2507661-A,TBA,"→ 写为 NULL（raw_text 保留原值 ""TBA""）"
11878,CN2507662-S,TBA,"→ 写为 NULL（raw_text 保留原值 ""TBA""）"
11879,CN2507663-A,TBA,"→ 写为 NULL（raw_text 保留原值 ""TBA""）"
11880,CN2507664-S,TBA,"→ 写为 NULL（raw_text 保留原值 ""TBA""）"
11881,CN2507665-A,TBA,"→ 写为 NULL（raw_text 保留原值 ""TBA""）"
11882,CN2507666-S,TBA,"→ 写为 NULL（raw_text 保留原值 ""TBA""）"
11883,CN2507667-A,TBA,"→ 写为 NULL（raw_text 保留原值 ""TBA""）"
11884,CN2507668-S,TBA,"→ 写为 NULL（raw_text 保留原值 ""TBA""）"
11885,CN2507669-A,TBA,"→ 写为 NULL（raw_text 保留原值 ""TBA""）"
11886,CN2507670-A,TBA,"→ 写为 NULL（raw_text 保留原值 ""TBA""）"
11887,CN2507671-S,TBA,"→ 写为 NULL（raw_text 保留原值 ""TBA""）"
11888,CN2507672-S,TBA,"→ 写为 NULL（raw_text 保留原值 ""TBA""）"
11889,CN2507673-S1,TBA,"→ 写为 NULL（raw_text 保留原值 ""TBA""）"
11890,CN2507673-S2,TBA,"→ 写为 NULL（raw_text 保留原值 ""TBA""）"
11891,CN2507674-A,TBA,"→ 写为 NULL（raw_text 保留原值 ""TBA""）"
11893,CN2507676-S,TBA,"→ 写为 NULL（raw_text 保留原值 ""TBA""）"
11894,CN2507677-R,TBA,"→ 写为 NULL（raw_text 保留原值 ""TBA""）"
11895,CN2507678-S,TBA,"→ 写为 NULL（raw_text 保留原值 ""TBA""）"
11897,CN2507680-S,TBA,"→ 写为 NULL（raw_text 保留原值 ""TBA""）"
11898,CN2507681-S,TBA,"→ 写为 NULL（raw_text 保留原值 ""TBA""）"
11899,CN2507682-A,TBA,"→ 写为 NULL（raw_text 保留原值 ""TBA""）"
11900,CN2507683-S,TBA,"→ 写为 NULL（raw_text 保留原值 ""TBA""）"
11901,CN2507684-A,TBA,"→ 写为 NULL（raw_text 保留原值 ""TBA""）"
11902,CN2507685-A,TBA,"→ 写为 NULL（raw_text 保留原值 ""TBA""）"
11903,CN2507686-S,TBA,"→ 写为 NULL（raw_text 保留原值 ""TBA""）"
11907,CN2507690-A,TBA,"→ 写为 NULL（raw_text 保留原值 ""TBA""）"
11909,CN2507692-S,TBA,"→ 写为 NULL（raw_text 保留原值 ""TBA""）"
11910,CN2507693-A,TBA,"→ 写为 NULL（raw_text 保留原值 ""TBA""）"
11911,CN2507694-S,TBA,"→ 写为 NULL（raw_text 保留原值 ""TBA""）"
11912,CN2507695-A,TBA,"→ 写为 NULL（raw_text 保留原值 ""TBA""）"
11913,CN2507696-S,TBA,"→ 写为 NULL（raw_text 保留原值 ""TBA""）"
11914,CN2507697-S,TBA,"→ 写为 NULL（raw_text 保留原值 ""TBA""）"
11915,CN2507698-S,TBA,"→ 写为 NULL（raw_text 保留原值 ""TBA""）"
11916,CN2507699-S,TBA,"→ 写为 NULL（raw_text 保留原值 ""TBA""）"
11917,CN2507700-A,TBA,"→ 写为 NULL（raw_text 保留原值 ""TBA""）"
11918,CN2507701-A,TBA,"→ 写为 NULL（raw_text 保留原值 ""TBA""）"
11919,CN2508001-A,TBA,"→ 写为 NULL（raw_text 保留原值 ""TBA""）"
11920,CN2508002-A,TBA,"→ 写为 NULL（raw_text 保留原值 ""TBA""）"
11921,CN2508003-A,TBA,"→ 写为 NULL（raw_text 保留原值 ""TBA""）"
11922,CN2508004-AS,TBA,"→ 写为 NULL（raw_text 保留原值 ""TBA""）"
11923,CN2508004-AS1,TBA,"→ 写为 NULL（raw_text 保留原值 ""TBA""）"
11925,CN2508006-S,TBA,"→ 写为 NULL（raw_text 保留原值 ""TBA""）"
11926,CN2508007-S,TBA,"→ 写为 NULL（raw_text 保留原值 ""TBA""）"
11927,CN2508008-A,TBA,"→ 写为 NULL（raw_text 保留原值 ""TBA""）"
11928,CN2508009-S,TBA,"→ 写为 NULL（raw_text 保留原值 ""TBA""）"
11929,CN2508010-S,TBA,"→ 写为 NULL（raw_text 保留原值 ""TBA""）"
11930,CN2508011-A,TBA,"→ 写为 NULL（raw_text 保留原值 ""TBA""）"
11931,CN2508012-S,TBA,"→ 写为 NULL（raw_text 保留原值 ""TBA""）"
11932,CN2508013-S,TBA,"→ 写为 NULL（raw_text 保留原值 ""TBA""）"
11933,CN2508014-S,TBA,"→ 写为 NULL（raw_text 保留原值 ""TBA""）"
11934,CN2508015-S,TBA,"→ 写为 NULL（raw_text 保留原值 ""TBA""）"
11935,CN2508016-S,TBA,"→ 写为 NULL（raw_text 保留原值 ""TBA""）"
11936,CN2508017-A,TBA,"→ 写为 NULL（raw_text 保留原值 ""TBA""）"
11937,CN2508018-A,TBA,"→ 写为 NULL（raw_text 保留原值 ""TBA""）"
11941,CN2508022-A,TBA,"→ 写为 NULL（raw_text 保留原值 ""TBA""）"
11943,CN2508024-A,TBA,"→ 写为 NULL（raw_text 保留原值 ""TBA""）"
11944,CN2508025-A,TBA,"→ 写为 NULL（raw_text 保留原值 ""TBA""）"
11945,CN2508026-S,TBA,"→ 写为 NULL（raw_text 保留原值 ""TBA""）"
11946,CN2508027-A,TBA,"→ 写为 NULL（raw_text 保留原值 ""TBA""）"
11947,CN2508028-A,TBA,"→ 写为 NULL（raw_text 保留原值 ""TBA""）"
11949,CN2508030-A,TBA,"→ 写为 NULL（raw_text 保留原值 ""TBA""）"
11950,CN2508031-S,TBA,"→ 写为 NULL（raw_text 保留原值 ""TBA""）"
11951,CN2508032-S,TBA,"→ 写为 NULL（raw_text 保留原值 ""TBA""）"
11952,CN2508033-A,TBA,"→ 写为 NULL（raw_text 保留原值 ""TBA""）"
11953,CN2508034-A,TBA,"→ 写为 NULL（raw_text 保留原值 ""TBA""）"
11954,CN2508035-A,TBA,"→ 写为 NULL（raw_text 保留原值 ""TBA""）"
11955,CN2508036-S,TBA,"→ 写为 NULL（raw_text 保留原值 ""TBA""）"
11956,CN2508037-A,TBA,"→ 写为 NULL（raw_text 保留原值 ""TBA""）"
11958,CN2508039-A,TBA,"→ 写为 NULL（raw_text 保留原值 ""TBA""）"
11959,CN2508040-A,TBA,"→ 写为 NULL（raw_text 保留原值 ""TBA""）"
11961,CN2508042-A,TBA,"→ 写为 NULL（raw_text 保留原值 ""TBA""）"
11963,CN2508044-A,TBA,"→ 写为 NULL（raw_text 保留原值 ""TBA""）"
11964,CN2508045-A,TBA,"→ 写为 NULL（raw_text 保留原值 ""TBA""）"
11965,CN2508046-S,TBA,"→ 写为 NULL（raw_text 保留原值 ""TBA""）"
11969,CN2508050-A,TBA,"→ 写为 NULL（raw_text 保留原值 ""TBA""）"
11970,CN2508051-A,TBA,"→ 写为 NULL（raw_text 保留原值 ""TBA""）"
11972,CN2508053-S,TBA,"→ 写为 NULL（raw_text 保留原值 ""TBA""）"
11974,CN2508055-S,TBA,"→ 写为 NULL（raw_text 保留原值 ""TBA""）"
11975,CN2508056-A,TBA,"→ 写为 NULL（raw_text 保留原值 ""TBA""）"
11976,CN2508057-S,TBA,"→ 写为 NULL（raw_text 保留原值 ""TBA""）"
11977,CN2508058-A,TBA,"→ 写为 NULL（raw_text 保留原值 ""TBA""）"
11978,CN2508059-A,TBA,"→ 写为 NULL（raw_text 保留原值 ""TBA""）"
11979,CN2508060-A,TBA,"→ 写为 NULL（raw_text 保留原值 ""TBA""）"
11980,CN2508061-A,TBA,"→ 写为 NULL（raw_text 保留原值 ""TBA""）"
11981,CN2508062-S,TBA,"→ 写为 NULL（raw_text 保留原值 ""TBA""）"
11984,CN2508065-S,TBA,"→ 写为 NULL（raw_text 保留原值 ""TBA""）"
11985,CN2508066-S,TBA,"→ 写为 NULL（raw_text 保留原值 ""TBA""）"
11986,CN2508067-S,TBA,"→ 写为 NULL（raw_text 保留原值 ""TBA""）"
11987,CN2508068-S,TBA,"→ 写为 NULL（raw_text 保留原值 ""TBA""）"
11988,CN2508069-S,TBA,"→ 写为 NULL（raw_text 保留原值 ""TBA""）"
11989,CN2508070-S,TBA,"→ 写为 NULL（raw_text 保留原值 ""TBA""）"
11990,CN2508071-S,TBA,"→ 写为 NULL（raw_text 保留原值 ""TBA""）"
11991,CN2508072-S,TBA,"→ 写为 NULL（raw_text 保留原值 ""TBA""）"
11992,CN2508073-A,TBA,"→ 写为 NULL（raw_text 保留原值 ""TBA""）"
11993,CN2508074-A,TBA,"→ 写为 NULL（raw_text 保留原值 ""TBA""）"
11994,CN2508075-S,TBA,"→ 写为 NULL（raw_text 保留原值 ""TBA""）"
11995,CN2508076-S,TBA,"→ 写为 NULL（raw_text 保留原值 ""TBA""）"
11996,CN2508077-A,TBA,"→ 写为 NULL（raw_text 保留原值 ""TBA""）"
11997,CN2508078-S,TBA,"→ 写为 NULL（raw_text 保留原值 ""TBA""）"
11998,CN2508079-S,TBA,"→ 写为 NULL（raw_text 保留原值 ""TBA""）"
11999,CN2508080-S,TBA,"→ 写为 NULL（raw_text 保留原值 ""TBA""）"
12000,CN2508081-A,TBA,"→ 写为 NULL（raw_text 保留原值 ""TBA""）"
12001,CN2508082-A,TBA,"→ 写为 NULL（raw_text 保留原值 ""TBA""）"
12002,CN2508083-A,TBA,"→ 写为 NULL（raw_text 保留原值 ""TBA""）"
12003,CN2508084-S,TBA,"→ 写为 NULL（raw_text 保留原值 ""TBA""）"
12004,CN2508084-S1,TBA,"→ 写为 NULL（raw_text 保留原值 ""TBA""）"
12005,CN2508085-S,TBA,"→ 写为 NULL（raw_text 保留原值 ""TBA""）"
12006,CN2508086-A,TBA,"→ 写为 NULL（raw_text 保留原值 ""TBA""）"
12007,CN2508087-A,TBA,"→ 写为 NULL（raw_text 保留原值 ""TBA""）"
12008,CN2508088-A,TBA,"→ 写为 NULL（raw_text 保留原值 ""TBA""）"
12009,CN2508089-S,TBA,"→ 写为 NULL（raw_text 保留原值 ""TBA""）"
12010,CN2508090-A,TBA,"→ 写为 NULL（raw_text 保留原值 ""TBA""）"
12011,CN2508091-A,TBA,"→ 写为 NULL（raw_text 保留原值 ""TBA""）"
12012,CN2508092-AS,TBA,"→ 写为 NULL（raw_text 保留原值 ""TBA""）"
12013,CN2508092-AS1,TBA,"→ 写为 NULL（raw_text 保留原值 ""TBA""）"
12014,CN2508093-S,TBA,"→ 写为 NULL（raw_text 保留原值 ""TBA""）"
12016,CN2508095-S,TBA,"→ 写为 NULL（raw_text 保留原值 ""TBA""）"
12017,CN2508096-S,TBA,"→ 写为 NULL（raw_text 保留原值 ""TBA""）"
12018,CN2508097-S,TBA,"→ 写为 NULL（raw_text 保留原值 ""TBA""）"
12019,CN2508098-S,TBA,"→ 写为 NULL（raw_text 保留原值 ""TBA""）"
12020,CN2508099-A,TBA,"→ 写为 NULL（raw_text 保留原值 ""TBA""）"
12021,CN2508100-S,TBA,"→ 写为 NULL（raw_text 保留原值 ""TBA""）"
12022,CN2508101-S,TBA,"→ 写为 NULL（raw_text 保留原值 ""TBA""）"
12023,CN2508102-S,TBA,"→ 写为 NULL（raw_text 保留原值 ""TBA""）"
12024,CN2508103-S,TBA,"→ 写为 NULL（raw_text 保留原值 ""TBA""）"
12025,CN2508104-S,TBA,"→ 写为 NULL（raw_text 保留原值 ""TBA""）"
12026,CN2508105-S,TBA,"→ 写为 NULL（raw_text 保留原值 ""TBA""）"
12027,CN2508106-S,TBA,"→ 写为 NULL（raw_text 保留原值 ""TBA""）"
12028,CN2508107-S,TBA,"→ 写为 NULL（raw_text 保留原值 ""TBA""）"
12029,CN2508108-S,TBA,"→ 写为 NULL（raw_text 保留原值 ""TBA""）"
12030,CN2508109-S,TBA,"→ 写为 NULL（raw_text 保留原值 ""TBA""）"
12031,CN2508110-A,TBA,"→ 写为 NULL（raw_text 保留原值 ""TBA""）"
12032,CN2508111-S,TBA,"→ 写为 NULL（raw_text 保留原值 ""TBA""）"
12033,CN2508112-S,TBA,"→ 写为 NULL（raw_text 保留原值 ""TBA""）"
12034,CN2508113-A,TBA,"→ 写为 NULL（raw_text 保留原值 ""TBA""）"
12036,CN2508115-S,TBA,"→ 写为 NULL（raw_text 保留原值 ""TBA""）"
12037,CN2508116-A,TBA,"→ 写为 NULL（raw_text 保留原值 ""TBA""）"
12038,CN2508117-A,TBA,"→ 写为 NULL（raw_text 保留原值 ""TBA""）"
12039,CN2508118-R,TBA,"→ 写为 NULL（raw_text 保留原值 ""TBA""）"
12040,CN2508119-A,TBA,"→ 写为 NULL（raw_text 保留原值 ""TBA""）"
12041,CN2508120-A,TBA,"→ 写为 NULL（raw_text 保留原值 ""TBA""）"
12042,CN2508121-S,TBA,"→ 写为 NULL（raw_text 保留原值 ""TBA""）"
12043,CN2508122-A,TBA,"→ 写为 NULL（raw_text 保留原值 ""TBA""）"
12044,CN2508123-A,TBA,"→ 写为 NULL（raw_text 保留原值 ""TBA""）"
12045,CN2508124-S,TBA,"→ 写为 NULL（raw_text 保留原值 ""TBA""）"
12046,CN2508125-A,TBA,"→ 写为 NULL（raw_text 保留原值 ""TBA""）"
12047,CN2508126-A,TBA,"→ 写为 NULL（raw_text 保留原值 ""TBA""）"
12048,CN2508127-A,TBA,"→ 写为 NULL（raw_text 保留原值 ""TBA""）"
12050,CN2508129-S,TBA,"→ 写为 NULL（raw_text 保留原值 ""TBA""）"
12051,CN2508130-S,TBA,"→ 写为 NULL（raw_text 保留原值 ""TBA""）"
12052,CN2508131-S,TBA,"→ 写为 NULL（raw_text 保留原值 ""TBA""）"
12053,CN2508132-S,TBA,"→ 写为 NULL（raw_text 保留原值 ""TBA""）"
12054,CN2508133-S,TBA,"→ 写为 NULL（raw_text 保留原值 ""TBA""）"
12055,CN2508134-S,TBA,"→ 写为 NULL（raw_text 保留原值 ""TBA""）"
12056,CN2508135-S,TBA,"→ 写为 NULL（raw_text 保留原值 ""TBA""）"
12057,CN2508136-A,TBA,"→ 写为 NULL（raw_text 保留原值 ""TBA""）"
12058,CN2508137-A,TBA,"→ 写为 NULL（raw_text 保留原值 ""TBA""）"
12059,CN2508138-A,TBA,"→ 写为 NULL（raw_text 保留原值 ""TBA""）"
12060,CN2508139-S,TBA,"→ 写为 NULL（raw_text 保留原值 ""TBA""）"
12061,CN2508140-S,TBA,"→ 写为 NULL（raw_text 保留原值 ""TBA""）"
12062,CN2508141-S,TBA,"→ 写为 NULL（raw_text 保留原值 ""TBA""）"
12063,CN2508142-A,TBA,"→ 写为 NULL（raw_text 保留原值 ""TBA""）"
12065,CN2508144-S,TBA,"→ 写为 NULL（raw_text 保留原值 ""TBA""）"
12066,CN2508145-S1,TBA,"→ 写为 NULL（raw_text 保留原值 ""TBA""）"
12067,CN2508145-S2,TBA,"→ 写为 NULL（raw_text 保留原值 ""TBA""）"
12068,CN2508146-A,TBA,"→ 写为 NULL（raw_text 保留原值 ""TBA""）"
12069,CN2508147-A,TBA,"→ 写为 NULL（raw_text 保留原值 ""TBA""）"
12070,CN2508148-A,TBA,"→ 写为 NULL（raw_text 保留原值 ""TBA""）"
12072,CN2508150-S,TBA,"→ 写为 NULL（raw_text 保留原值 ""TBA""）"
12073,CN2508151-A,TBA,"→ 写为 NULL（raw_text 保留原值 ""TBA""）"
12074,CN2508152-S,TBA,"→ 写为 NULL（raw_text 保留原值 ""TBA""）"
12075,CN2508153-R,TBA,"→ 写为 NULL（raw_text 保留原值 ""TBA""）"
12076,CN2508154-S,TBA,"→ 写为 NULL（raw_text 保留原值 ""TBA""）"
12077,CN2508155-S,TBA,"→ 写为 NULL（raw_text 保留原值 ""TBA""）"
12078,CN2508156-S,TBA,"→ 写为 NULL（raw_text 保留原值 ""TBA""）"
12082,CN2508160-A,TBA,"→ 写为 NULL（raw_text 保留原值 ""TBA""）"
12083,CN2508161-A,TBA,"→ 写为 NULL（raw_text 保留原值 ""TBA""）"
12084,CN2508162-A,TBA,"→ 写为 NULL（raw_text 保留原值 ""TBA""）"
12086,CN2508164-A,TBA,"→ 写为 NULL（raw_text 保留原值 ""TBA""）"
12087,CN2508165-A,TBA,"→ 写为 NULL（raw_text 保留原值 ""TBA""）"
12088,CN2508166-A,TBA,"→ 写为 NULL（raw_text 保留原值 ""TBA""）"
12089,CN2508167-A,TBA,"→ 写为 NULL（raw_text 保留原值 ""TBA""）"
12090,CN2508168-A,TBA,"→ 写为 NULL（raw_text 保留原值 ""TBA""）"
12091,CN2508169-S,TBA,"→ 写为 NULL（raw_text 保留原值 ""TBA""）"
12092,CN2508170-S,TBA,"→ 写为 NULL（raw_text 保留原值 ""TBA""）"
12094,CN2508172-A,TBA,"→ 写为 NULL（raw_text 保留原值 ""TBA""）"
12095,CN2508173-A,TBA,"→ 写为 NULL（raw_text 保留原值 ""TBA""）"
12096,CN2508174-A,TBA,"→ 写为 NULL（raw_text 保留原值 ""TBA""）"
12097,CN2508175-A,TBA,"→ 写为 NULL（raw_text 保留原值 ""TBA""）"
12098,CN2508176-A,TBA,"→ 写为 NULL（raw_text 保留原值 ""TBA""）"
12102,CN2508180-S,TBA,"→ 写为 NULL（raw_text 保留原值 ""TBA""）"
12109,CN2508187-S,TBA,"→ 写为 NULL（raw_text 保留原值 ""TBA""）"
12111,CN2508189-S,TBA,"→ 写为 NULL（raw_text 保留原值 ""TBA""）"
12113,CN2508191-S,TBA,"→ 写为 NULL（raw_text 保留原值 ""TBA""）"
12114,CN2508192-AS,TBA,"→ 写为 NULL（raw_text 保留原值 ""TBA""）"
12115,CN2508192-AS1,TBA,"→ 写为 NULL（raw_text 保留原值 ""TBA""）"
12116,CN2508193-A,TBA,"→ 写为 NULL（raw_text 保留原值 ""TBA""）"
12117,CN2508194-S,TBA,"→ 写为 NULL（raw_text 保留原值 ""TBA""）"
12118,CN2508195-S,TBA,"→ 写为 NULL（raw_text 保留原值 ""TBA""）"
12119,CN2508196-S,TBA,"→ 写为 NULL（raw_text 保留原值 ""TBA""）"
12120,CN2508197-S,TBA,"→ 写为 NULL（raw_text 保留原值 ""TBA""）"
12121,CN2508198-S,TBA,"→ 写为 NULL（raw_text 保留原值 ""TBA""）"
12122,CN2508199-S,TBA,"→ 写为 NULL（raw_text 保留原值 ""TBA""）"
12123,CN2508200-A,TBA,"→ 写为 NULL（raw_text 保留原值 ""TBA""）"
12124,CN2508201-A,TBA,"→ 写为 NULL（raw_text 保留原值 ""TBA""）"
12125,CN2508202-A,TBA,"→ 写为 NULL（raw_text 保留原值 ""TBA""）"
12126,CN2508203-S,TBA,"→ 写为 NULL（raw_text 保留原值 ""TBA""）"
12127,CN2508204-S,TBA,"→ 写为 NULL（raw_text 保留原值 ""TBA""）"
12128,CN2508205-S,TBA,"→ 写为 NULL（raw_text 保留原值 ""TBA""）"
12129,CN2508206-A1,TBA,"→ 写为 NULL（raw_text 保留原值 ""TBA""）"
12130,CN2508206-A2,TBA,"→ 写为 NULL（raw_text 保留原值 ""TBA""）"
12131,CN2508207-A,TBA,"→ 写为 NULL（raw_text 保留原值 ""TBA""）"
12132,CN2508208-A,TBA,"→ 写为 NULL（raw_text 保留原值 ""TBA""）"
12133,CN2508209-A,TBA,"→ 写为 NULL（raw_text 保留原值 ""TBA""）"
12134,CN2508210-A,TBA,"→ 写为 NULL（raw_text 保留原值 ""TBA""）"
12135,CN2508211-A,TBA,"→ 写为 NULL（raw_text 保留原值 ""TBA""）"
12137,CN2508213-S,TBA,"→ 写为 NULL（raw_text 保留原值 ""TBA""）"
12138,CN2508214-S,TBA,"→ 写为 NULL（raw_text 保留原值 ""TBA""）"
12139,CN2508215-S,TBA,"→ 写为 NULL（raw_text 保留原值 ""TBA""）"
12140,CN2508216-S,TBA,"→ 写为 NULL（raw_text 保留原值 ""TBA""）"
12141,CN2508217-S,TBA,"→ 写为 NULL（raw_text 保留原值 ""TBA""）"
12142,CN2508218-S,TBA,"→ 写为 NULL（raw_text 保留原值 ""TBA""）"
12143,CN2508219-A,TBA,"→ 写为 NULL（raw_text 保留原值 ""TBA""）"
12144,CN2508220-S,TBA,"→ 写为 NULL（raw_text 保留原值 ""TBA""）"
12145,CN2508221-A,TBA,"→ 写为 NULL（raw_text 保留原值 ""TBA""）"
12146,CN2508222-A,TBA,"→ 写为 NULL（raw_text 保留原值 ""TBA""）"
12147,CN2508223-A,TBA,"→ 写为 NULL（raw_text 保留原值 ""TBA""）"
12148,CN2508224-S,TBA,"→ 写为 NULL（raw_text 保留原值 ""TBA""）"
12149,CN2508225-S,TBA,"→ 写为 NULL（raw_text 保留原值 ""TBA""）"
12150,CN2508226-S,TBA,"→ 写为 NULL（raw_text 保留原值 ""TBA""）"
12152,CN2508228-S,TBA,"→ 写为 NULL（raw_text 保留原值 ""TBA""）"
12153,CN2508229-A,TBA,"→ 写为 NULL（raw_text 保留原值 ""TBA""）"
12156,CN2508232-A,TBA,"→ 写为 NULL（raw_text 保留原值 ""TBA""）"
12159,CN2508235-A,TBA,"→ 写为 NULL（raw_text 保留原值 ""TBA""）"
12160,CN2508236-S,TBA,"→ 写为 NULL（raw_text 保留原值 ""TBA""）"
12161,CN2508237-S,TBA,"→ 写为 NULL（raw_text 保留原值 ""TBA""）"
12162,CN2508238-S,TBA,"→ 写为 NULL（raw_text 保留原值 ""TBA""）"
12163,CN2508239-S,TBA,"→ 写为 NULL（raw_text 保留原值 ""TBA""）"
12164,CN2508239-S1,TBA,"→ 写为 NULL（raw_text 保留原值 ""TBA""）"
12165,CN2508240-A,TBA,"→ 写为 NULL（raw_text 保留原值 ""TBA""）"
12166,CN2508241-A,TBA,"→ 写为 NULL（raw_text 保留原值 ""TBA""）"
12167,CN2508242-A,TBA,"→ 写为 NULL（raw_text 保留原值 ""TBA""）"
12168,CN2508243-S,TBA,"→ 写为 NULL（raw_text 保留原值 ""TBA""）"
12169,CN2508244-A,TBA,"→ 写为 NULL（raw_text 保留原值 ""TBA""）"
12171,CN2508246-S,TBA,"→ 写为 NULL（raw_text 保留原值 ""TBA""）"
12172,CN2508247-S,TBA,"→ 写为 NULL（raw_text 保留原值 ""TBA""）"
12173,CN2508248-S,TBA,"→ 写为 NULL（raw_text 保留原值 ""TBA""）"
12181,CN2508254-S,TBA,"→ 写为 NULL（raw_text 保留原值 ""TBA""）"
12182,CN2508255-AS,TBA,"→ 写为 NULL（raw_text 保留原值 ""TBA""）"
12183,CN2508255-AS1,TBA,"→ 写为 NULL（raw_text 保留原值 ""TBA""）"
12184,CN2508256-A,TBA,"→ 写为 NULL（raw_text 保留原值 ""TBA""）"
12185,CN2508257-A,TBA,"→ 写为 NULL（raw_text 保留原值 ""TBA""）"
12186,CN2508258-A,TBA,"→ 写为 NULL（raw_text 保留原值 ""TBA""）"
12187,CN2508258-A1,TBA,"→ 写为 NULL（raw_text 保留原值 ""TBA""）"
12188,CN2508259-A,TBA,"→ 写为 NULL（raw_text 保留原值 ""TBA""）"
12189,CN2508260-A,TBA,"→ 写为 NULL（raw_text 保留原值 ""TBA""）"
12190,CN2508261-A,TBA,"→ 写为 NULL（raw_text 保留原值 ""TBA""）"
12191,CN2508262-A,TBA,"→ 写为 NULL（raw_text 保留原值 ""TBA""）"
12192,CN2508263-A,TBA,"→ 写为 NULL（raw_text 保留原值 ""TBA""）"
12193,CN2508263-A1,TBA,"→ 写为 NULL（raw_text 保留原值 ""TBA""）"
12194,CN2508264-A,TBA,"→ 写为 NULL（raw_text 保留原值 ""TBA""）"
12195,CN2508265-S,TBA,"→ 写为 NULL（raw_text 保留原值 ""TBA""）"
12196,CN2508266-A,TBA,"→ 写为 NULL（raw_text 保留原值 ""TBA""）"
12197,CN2508267-S,TBA,"→ 写为 NULL（raw_text 保留原值 ""TBA""）"
12198,CN2508268-A,TBA,"→ 写为 NULL（raw_text 保留原值 ""TBA""）"
12199,CN2508269-S,TBA,"→ 写为 NULL（raw_text 保留原值 ""TBA""）"
12200,CN2508270-A,TBA,"→ 写为 NULL（raw_text 保留原值 ""TBA""）"
12201,CN2508271-S,TBA,"→ 写为 NULL（raw_text 保留原值 ""TBA""）"
12202,CN2508272-S,TBA,"→ 写为 NULL（raw_text 保留原值 ""TBA""）"
12204,CN2508274-S,TBA,"→ 写为 NULL（raw_text 保留原值 ""TBA""）"
12205,CN2508275-S,TBA,"→ 写为 NULL（raw_text 保留原值 ""TBA""）"
12207,CN2508277-A,TBA,"→ 写为 NULL（raw_text 保留原值 ""TBA""）"
12210,CN2508280-A,TBA,"→ 写为 NULL（raw_text 保留原值 ""TBA""）"
12211,CN2508281-A,TBA,"→ 写为 NULL（raw_text 保留原值 ""TBA""）"
12212,CN2508282-A,TBA,"→ 写为 NULL（raw_text 保留原值 ""TBA""）"
12217,CN2508287-A,TBA,"→ 写为 NULL（raw_text 保留原值 ""TBA""）"
12218,CN2508288-AS,TBA,"→ 写为 NULL（raw_text 保留原值 ""TBA""）"
12219,CN2508288-AS1,TBA,"→ 写为 NULL（raw_text 保留原值 ""TBA""）"
12220,CN2508289-A,TBA,"→ 写为 NULL（raw_text 保留原值 ""TBA""）"
12226,CN2508295-A,TBA,"→ 写为 NULL（raw_text 保留原值 ""TBA""）"
12228,CN2508297-A,TBA,"→ 写为 NULL（raw_text 保留原值 ""TBA""）"
12229,CN2508298-A,TBA,"→ 写为 NULL（raw_text 保留原值 ""TBA""）"
12230,CN2508299-S,TBA,"→ 写为 NULL（raw_text 保留原值 ""TBA""）"
12231,CN2508300-S,TBA,"→ 写为 NULL（raw_text 保留原值 ""TBA""）"
12232,CN2508301-S,TBA,"→ 写为 NULL（raw_text 保留原值 ""TBA""）"
12233,CN2508302-S,TBA,"→ 写为 NULL（raw_text 保留原值 ""TBA""）"
12234,CN2508303-A,TBA,"→ 写为 NULL（raw_text 保留原值 ""TBA""）"
12235,CN2508303-A1,TBA,"→ 写为 NULL（raw_text 保留原值 ""TBA""）"
12236,CN2508304-S,TBA,"→ 写为 NULL（raw_text 保留原值 ""TBA""）"
12237,CN2508305-A,TBA,"→ 写为 NULL（raw_text 保留原值 ""TBA""）"
12238,CN2508306-A,TBA,"→ 写为 NULL（raw_text 保留原值 ""TBA""）"
12239,CN2508307-S,TBA,"→ 写为 NULL（raw_text 保留原值 ""TBA""）"
12241,CN2508309-A,TBA,"→ 写为 NULL（raw_text 保留原值 ""TBA""）"
12242,CN2508310-A1,TBA,"→ 写为 NULL（raw_text 保留原值 ""TBA""）"
12243,CN2508310-A2,TBA,"→ 写为 NULL（raw_text 保留原值 ""TBA""）"
12246,CN2508313-S,TBA,"→ 写为 NULL（raw_text 保留原值 ""TBA""）"
12247,CN2508314-A,TBA,"→ 写为 NULL（raw_text 保留原值 ""TBA""）"
12248,CN2508315-A,TBA,"→ 写为 NULL（raw_text 保留原值 ""TBA""）"
12249,CN2508316-A,TBA,"→ 写为 NULL（raw_text 保留原值 ""TBA""）"
12250,CN2508317-A,TBA,"→ 写为 NULL（raw_text 保留原值 ""TBA""）"
12251,CN2508318-A,TBA,"→ 写为 NULL（raw_text 保留原值 ""TBA""）"
12252,CN2508319-A,TBA,"→ 写为 NULL（raw_text 保留原值 ""TBA""）"
12253,CN2508320-A,TBA,"→ 写为 NULL（raw_text 保留原值 ""TBA""）"
12254,CN2508321-S,TBA,"→ 写为 NULL（raw_text 保留原值 ""TBA""）"
12255,CN2508322-A,TBA,"→ 写为 NULL（raw_text 保留原值 ""TBA""）"
12259,CN2508326-A,TBA,"→ 写为 NULL（raw_text 保留原值 ""TBA""）"
12262,CN2508329-S,TBA,"→ 写为 NULL（raw_text 保留原值 ""TBA""）"
12263,CN2508330-S,TBA,"→ 写为 NULL（raw_text 保留原值 ""TBA""）"
12264,CN2508331-A,TBA,"→ 写为 NULL（raw_text 保留原值 ""TBA""）"
12266,CN2508333-A,TBA,"→ 写为 NULL（raw_text 保留原值 ""TBA""）"
12267,CN2508334-S,TBA,"→ 写为 NULL（raw_text 保留原值 ""TBA""）"
12268,CN2508335-S,TBA,"→ 写为 NULL（raw_text 保留原值 ""TBA""）"
12269,CN2508336-S,TBA,"→ 写为 NULL（raw_text 保留原值 ""TBA""）"
12270,CN2508337-S,TBA,"→ 写为 NULL（raw_text 保留原值 ""TBA""）"
12271,CN2508338-A,TBA,"→ 写为 NULL（raw_text 保留原值 ""TBA""）"
12273,CN2508340-S,TBA,"→ 写为 NULL（raw_text 保留原值 ""TBA""）"
12274,CN2508341-A,TBA,"→ 写为 NULL（raw_text 保留原值 ""TBA""）"
12275,CN2508342-S,TBA,"→ 写为 NULL（raw_text 保留原值 ""TBA""）"
12276,CN2508343-A,TBA,"→ 写为 NULL（raw_text 保留原值 ""TBA""）"
12277,CN2508344-S,TBA,"→ 写为 NULL（raw_text 保留原值 ""TBA""）"
12279,CN2508346-S,TBA,"→ 写为 NULL（raw_text 保留原值 ""TBA""）"
12280,CN2508347-A,TBA,"→ 写为 NULL（raw_text 保留原值 ""TBA""）"
12281,CN2508348-S,TBA,"→ 写为 NULL（raw_text 保留原值 ""TBA""）"
12283,CN2508350-A,TBA,"→ 写为 NULL（raw_text 保留原值 ""TBA""）"
12284,CN2508351-A,TBA,"→ 写为 NULL（raw_text 保留原值 ""TBA""）"
12285,CN2508352-S,TBA,"→ 写为 NULL（raw_text 保留原值 ""TBA""）"
12286,CN2508353-A,TBA,"→ 写为 NULL（raw_text 保留原值 ""TBA""）"
12287,CN2508354-A,TBA,"→ 写为 NULL（raw_text 保留原值 ""TBA""）"
12288,CN2508355-A,TBA,"→ 写为 NULL（raw_text 保留原值 ""TBA""）"
12289,CN2508356-S,TBA,"→ 写为 NULL（raw_text 保留原值 ""TBA""）"
12290,CN2508357-S,TBA,"→ 写为 NULL（raw_text 保留原值 ""TBA""）"
12291,CN2508358-S,TBA,"→ 写为 NULL（raw_text 保留原值 ""TBA""）"
12292,CN2508359-S,TBA,"→ 写为 NULL（raw_text 保留原值 ""TBA""）"
12293,CN2508360-S,TBA,"→ 写为 NULL（raw_text 保留原值 ""TBA""）"
12294,CN2508361-S1,TBA,"→ 写为 NULL（raw_text 保留原值 ""TBA""）"
12295,CN2508361-S2,TBA,"→ 写为 NULL（raw_text 保留原值 ""TBA""）"
12296,CN2508362-S,TBA,"→ 写为 NULL（raw_text 保留原值 ""TBA""）"
12297,CN2508362-S1,TBA,"→ 写为 NULL（raw_text 保留原值 ""TBA""）"
12298,CN2508363-S,TBA,"→ 写为 NULL（raw_text 保留原值 ""TBA""）"
12299,CN2508364-S,TBA,"→ 写为 NULL（raw_text 保留原值 ""TBA""）"
12300,CN2508365-S,TBA,"→ 写为 NULL（raw_text 保留原值 ""TBA""）"
12301,CN2508366-S,TBA,"→ 写为 NULL（raw_text 保留原值 ""TBA""）"
12302,CN2508367-S,TBA,"→ 写为 NULL（raw_text 保留原值 ""TBA""）"
12303,CN2508368-S,TBA,"→ 写为 NULL（raw_text 保留原值 ""TBA""）"
12304,CN2508369-S,TBA,"→ 写为 NULL（raw_text 保留原值 ""TBA""）"
12305,CN2508370-S,TBA,"→ 写为 NULL（raw_text 保留原值 ""TBA""）"
12306,CN2508371-S,TBA,"→ 写为 NULL（raw_text 保留原值 ""TBA""）"
12308,CN2508373-A,TBA,"→ 写为 NULL（raw_text 保留原值 ""TBA""）"
12309,CN2508374-S,TBA,"→ 写为 NULL（raw_text 保留原值 ""TBA""）"
12310,CN2508375-S,TBA,"→ 写为 NULL（raw_text 保留原值 ""TBA""）"
12311,CN2508376-A,TBA,"→ 写为 NULL（raw_text 保留原值 ""TBA""）"
12312,CN2508377-A,TBA,"→ 写为 NULL（raw_text 保留原值 ""TBA""）"
12313,CN2508378-S,TBA,"→ 写为 NULL（raw_text 保留原值 ""TBA""）"
12314,CN2508379-A,TBA,"→ 写为 NULL（raw_text 保留原值 ""TBA""）"
12315,CN2508380-A,TBA,"→ 写为 NULL（raw_text 保留原值 ""TBA""）"
12316,CN2508381-A,TBA,"→ 写为 NULL（raw_text 保留原值 ""TBA""）"
12317,CN2508382-S,TBA,"→ 写为 NULL（raw_text 保留原值 ""TBA""）"
12318,CN2508383-A,TBA,"→ 写为 NULL（raw_text 保留原值 ""TBA""）"
12319,CN2508384-S,TBA,"→ 写为 NULL（raw_text 保留原值 ""TBA""）"
12320,CN2508385-A,TBA,"→ 写为 NULL（raw_text 保留原值 ""TBA""）"
12321,CN2508386-S,TBA,"→ 写为 NULL（raw_text 保留原值 ""TBA""）"
12323,CN2508388-A,TBA,"→ 写为 NULL（raw_text 保留原值 ""TBA""）"
12326,CN2508391-A,TBA,"→ 写为 NULL（raw_text 保留原值 ""TBA""）"
12327,CN2508392-S,TBA,"→ 写为 NULL（raw_text 保留原值 ""TBA""）"
12328,CN2508393-A,TBA,"→ 写为 NULL（raw_text 保留原值 ""TBA""）"
12330,CN2508395-S,TBA,"→ 写为 NULL（raw_text 保留原值 ""TBA""）"
12331,CN2508396-S,TBA,"→ 写为 NULL（raw_text 保留原值 ""TBA""）"
12332,CN2508397-S,TBA,"→ 写为 NULL（raw_text 保留原值 ""TBA""）"
12335,CN2508400-S,TBA,"→ 写为 NULL（raw_text 保留原值 ""TBA""）"
12336,CN2508401-S1,TBA,"→ 写为 NULL（raw_text 保留原值 ""TBA""）"
12337,CN2508401-S2,TBA,"→ 写为 NULL（raw_text 保留原值 ""TBA""）"
12338,CN2508402-S,TBA,"→ 写为 NULL（raw_text 保留原值 ""TBA""）"
12341,CN2508405-A,TBA,"→ 写为 NULL（raw_text 保留原值 ""TBA""）"
12343,CN2508407-A,TBA,"→ 写为 NULL（raw_text 保留原值 ""TBA""）"
12344,CN2508408-A,TBA,"→ 写为 NULL（raw_text 保留原值 ""TBA""）"
12345,CN2508409-A,TBA,"→ 写为 NULL（raw_text 保留原值 ""TBA""）"
12346,CN2508410-A,TBA,"→ 写为 NULL（raw_text 保留原值 ""TBA""）"
12348,CN2508412-A,TBA,"→ 写为 NULL（raw_text 保留原值 ""TBA""）"
12349,CN2508413-A,TBA,"→ 写为 NULL（raw_text 保留原值 ""TBA""）"
12350,CN2508414-A,TBA,"→ 写为 NULL（raw_text 保留原值 ""TBA""）"
12351,CN2508415-A,TBA,"→ 写为 NULL（raw_text 保留原值 ""TBA""）"
12354,CN2508418-S,TBA,"→ 写为 NULL（raw_text 保留原值 ""TBA""）"
12356,CN2508420-S,TBA,"→ 写为 NULL（raw_text 保留原值 ""TBA""）"
12358,CN2508422-A,TBA,"→ 写为 NULL（raw_text 保留原值 ""TBA""）"
12359,CN2508423-A,TBA,"→ 写为 NULL（raw_text 保留原值 ""TBA""）"
12360,CN2508424-A,TBA,"→ 写为 NULL（raw_text 保留原值 ""TBA""）"
12361,CN2508425-A,TBA,"→ 写为 NULL（raw_text 保留原值 ""TBA""）"
12362,CN2508425-A1,TBA,"→ 写为 NULL（raw_text 保留原值 ""TBA""）"
12363,CN2508426-S,TBA,"→ 写为 NULL（raw_text 保留原值 ""TBA""）"
12364,CN2508427-A,TBA,"→ 写为 NULL（raw_text 保留原值 ""TBA""）"
12367,CN2508430-A,TBA,"→ 写为 NULL（raw_text 保留原值 ""TBA""）"
12368,CN2508431-A,TBA,"→ 写为 NULL（raw_text 保留原值 ""TBA""）"
12373,CN2508436-A,TBA,"→ 写为 NULL（raw_text 保留原值 ""TBA""）"
12378,CN2508440-S,TBA,"→ 写为 NULL（raw_text 保留原值 ""TBA""）"
12379,CN2508441-S,TBA,"→ 写为 NULL（raw_text 保留原值 ""TBA""）"
12380,CN2508442-S,TBA,"→ 写为 NULL（raw_text 保留原值 ""TBA""）"
12381,CN2508443-S,TBA,"→ 写为 NULL（raw_text 保留原值 ""TBA""）"
12382,CN2508444-S,TBA,"→ 写为 NULL（raw_text 保留原值 ""TBA""）"
12383,CN2508445-S,TBA,"→ 写为 NULL（raw_text 保留原值 ""TBA""）"
12384,CN2508446-S,TBA,"→ 写为 NULL（raw_text 保留原值 ""TBA""）"
12385,CN2508447-S,TBA,"→ 写为 NULL（raw_text 保留原值 ""TBA""）"
12386,CN2508448-A,TBA,"→ 写为 NULL（raw_text 保留原值 ""TBA""）"
12387,CN2508449-S,TBA,"→ 写为 NULL（raw_text 保留原值 ""TBA""）"
12388,CN2508450-A,TBA,"→ 写为 NULL（raw_text 保留原值 ""TBA""）"
12390,CN2508452-A,TBA,"→ 写为 NULL（raw_text 保留原值 ""TBA""）"
12391,CN2508453-A,TBA,"→ 写为 NULL（raw_text 保留原值 ""TBA""）"
12392,CN2508454-A,TBA,"→ 写为 NULL（raw_text 保留原值 ""TBA""）"
12393,CN2508455-S,TBA,"→ 写为 NULL（raw_text 保留原值 ""TBA""）"
12394,CN2508456-A,TBA,"→ 写为 NULL（raw_text 保留原值 ""TBA""）"
12395,CN2508457-A,TBA,"→ 写为 NULL（raw_text 保留原值 ""TBA""）"
12396,CN2508458-A,TBA,"→ 写为 NULL（raw_text 保留原值 ""TBA""）"
12397,CN2508459-A,TBA,"→ 写为 NULL（raw_text 保留原值 ""TBA""）"
12398,CN2508460-S,TBA,"→ 写为 NULL（raw_text 保留原值 ""TBA""）"
12399,CN2508461-S,TBA,"→ 写为 NULL（raw_text 保留原值 ""TBA""）"
12400,CN2508462-A,TBA,"→ 写为 NULL（raw_text 保留原值 ""TBA""）"
12401,CN2508463-S,TBA,"→ 写为 NULL（raw_text 保留原值 ""TBA""）"
12402,CN2508464-A,TBA,"→ 写为 NULL（raw_text 保留原值 ""TBA""）"
12403,CN2508465-S,TBA,"→ 写为 NULL（raw_text 保留原值 ""TBA""）"
12404,CN2508466-S,TBA,"→ 写为 NULL（raw_text 保留原值 ""TBA""）"
12405,CN2508467-S,TBA,"→ 写为 NULL（raw_text 保留原值 ""TBA""）"
12406,CN2508468-S,TBA,"→ 写为 NULL（raw_text 保留原值 ""TBA""）"
12407,CN2508469-A,TBA,"→ 写为 NULL（raw_text 保留原值 ""TBA""）"
12408,CN2508470-A,TBA,"→ 写为 NULL（raw_text 保留原值 ""TBA""）"
12409,CN2508471-S,TBA,"→ 写为 NULL（raw_text 保留原值 ""TBA""）"
12410,CN2508472-S,TBA,"→ 写为 NULL（raw_text 保留原值 ""TBA""）"
12411,CN2508473-S,TBA,"→ 写为 NULL（raw_text 保留原值 ""TBA""）"
12412,CN2508474-S,TBA,"→ 写为 NULL（raw_text 保留原值 ""TBA""）"
12413,CN2508475-A,TBA,"→ 写为 NULL（raw_text 保留原值 ""TBA""）"
12414,CN2508476-S,TBA,"→ 写为 NULL（raw_text 保留原值 ""TBA""）"
12415,CN2508477-S,TBA,"→ 写为 NULL（raw_text 保留原值 ""TBA""）"
12416,CN2508478-S,TBA,"→ 写为 NULL（raw_text 保留原值 ""TBA""）"
12417,CN2508479-S,TBA,"→ 写为 NULL（raw_text 保留原值 ""TBA""）"
12418,CN2508480-S,TBA,"→ 写为 NULL（raw_text 保留原值 ""TBA""）"
12419,CN2508481-A,TBA,"→ 写为 NULL（raw_text 保留原值 ""TBA""）"
12420,CN2508482-A,TBA,"→ 写为 NULL（raw_text 保留原值 ""TBA""）"
12421,CN2508483-S,TBA,"→ 写为 NULL（raw_text 保留原值 ""TBA""）"
12422,CN2508484-R,TBA,"→ 写为 NULL（raw_text 保留原值 ""TBA""）"
12423,CN2508485-A,TBA,"→ 写为 NULL（raw_text 保留原值 ""TBA""）"
12425,CN2508487-A,TBA,"→ 写为 NULL（raw_text 保留原值 ""TBA""）"
12426,CN2508488-S,TBA,"→ 写为 NULL（raw_text 保留原值 ""TBA""）"
12427,CN2508489-S,TBA,"→ 写为 NULL（raw_text 保留原值 ""TBA""）"
12428,CN2508490-S,TBA,"→ 写为 NULL（raw_text 保留原值 ""TBA""）"
12431,CN2508493-A,TBA,"→ 写为 NULL（raw_text 保留原值 ""TBA""）"
12433,CN2508495-S,TBA,"→ 写为 NULL（raw_text 保留原值 ""TBA""）"
12435,CN2508497-S,TBA,"→ 写为 NULL（raw_text 保留原值 ""TBA""）"
12436,CN2508498-A,TBA,"→ 写为 NULL（raw_text 保留原值 ""TBA""）"
12437,CN2508499-A,TBA,"→ 写为 NULL（raw_text 保留原值 ""TBA""）"
12438,CN2508500-A,TBA,"→ 写为 NULL（raw_text 保留原值 ""TBA""）"
12439,CN2508501-A,TBA,"→ 写为 NULL（raw_text 保留原值 ""TBA""）"
12440,CN2508502-A,TBA,"→ 写为 NULL（raw_text 保留原值 ""TBA""）"
12441,CN2508503-A,TBA,"→ 写为 NULL（raw_text 保留原值 ""TBA""）"
12442,CN2508504-S,TBA,"→ 写为 NULL（raw_text 保留原值 ""TBA""）"
12443,CN2508505-R,TBA,"→ 写为 NULL（raw_text 保留原值 ""TBA""）"
12444,CN2508506-S,TBA,"→ 写为 NULL（raw_text 保留原值 ""TBA""）"
12445,CN2508507-S,TBA,"→ 写为 NULL（raw_text 保留原值 ""TBA""）"
12446,CN2508508-S,TBA,"→ 写为 NULL（raw_text 保留原值 ""TBA""）"
12447,CN2508509-A,TBA,"→ 写为 NULL（raw_text 保留原值 ""TBA""）"
12448,CN2508509-A1,TBA,"→ 写为 NULL（raw_text 保留原值 ""TBA""）"
12449,CN2508510-A,TBA,"→ 写为 NULL（raw_text 保留原值 ""TBA""）"
12450,CN2508511-A,TBA,"→ 写为 NULL（raw_text 保留原值 ""TBA""）"
12451,CN2508512-S,TBA,"→ 写为 NULL（raw_text 保留原值 ""TBA""）"
12452,CN2508513-A,TBA,"→ 写为 NULL（raw_text 保留原值 ""TBA""）"
12453,CN2508514-A,TBA,"→ 写为 NULL（raw_text 保留原值 ""TBA""）"
12454,CN2508515-A,TBA,"→ 写为 NULL（raw_text 保留原值 ""TBA""）"
12455,CN2508516-A,TBA,"→ 写为 NULL（raw_text 保留原值 ""TBA""）"
12456,CN2508517-A,TBA,"→ 写为 NULL（raw_text 保留原值 ""TBA""）"
12457,CN2508517-A1,TBA,"→ 写为 NULL（raw_text 保留原值 ""TBA""）"
12458,CN2508518-A,TBA,"→ 写为 NULL（raw_text 保留原值 ""TBA""）"
12459,CN2508519-S,TBA,"→ 写为 NULL（raw_text 保留原值 ""TBA""）"
12460,CN2508520-A,TBA,"→ 写为 NULL（raw_text 保留原值 ""TBA""）"
12461,CN2508521-A,TBA,"→ 写为 NULL（raw_text 保留原值 ""TBA""）"
12462,CN2508522-A,TBA,"→ 写为 NULL（raw_text 保留原值 ""TBA""）"
12463,CN2508523-S,TBA,"→ 写为 NULL（raw_text 保留原值 ""TBA""）"
12464,CN2508524-A,TBA,"→ 写为 NULL（raw_text 保留原值 ""TBA""）"
12466,CN2508526-A,TBA,"→ 写为 NULL（raw_text 保留原值 ""TBA""）"
12467,CN2508527-S,TBA,"→ 写为 NULL（raw_text 保留原值 ""TBA""）"
12468,CN2508528-AS,TBA,"→ 写为 NULL（raw_text 保留原值 ""TBA""）"
12469,CN2508528-AS1,TBA,"→ 写为 NULL（raw_text 保留原值 ""TBA""）"
12470,CN2508529-S,TBA,"→ 写为 NULL（raw_text 保留原值 ""TBA""）"
12471,CN2508530-S,TBA,"→ 写为 NULL（raw_text 保留原值 ""TBA""）"
12472,CN2508531-S,TBA,"→ 写为 NULL（raw_text 保留原值 ""TBA""）"
12473,CN2508532-S,TBA,"→ 写为 NULL（raw_text 保留原值 ""TBA""）"
12474,CN2508533-S,TBA,"→ 写为 NULL（raw_text 保留原值 ""TBA""）"
12476,CN2508535-S,TBA,"→ 写为 NULL（raw_text 保留原值 ""TBA""）"
12477,CN2508536-S,TBA,"→ 写为 NULL（raw_text 保留原值 ""TBA""）"
12478,CN2508537-S,TBA,"→ 写为 NULL（raw_text 保留原值 ""TBA""）"
12479,CN2508538-A,TBA,"→ 写为 NULL（raw_text 保留原值 ""TBA""）"
12480,CN2508539-S,TBA,"→ 写为 NULL（raw_text 保留原值 ""TBA""）"
12482,CN2508541-S,TBA,"→ 写为 NULL（raw_text 保留原值 ""TBA""）"
12483,CN2508542-A,TBA,"→ 写为 NULL（raw_text 保留原值 ""TBA""）"
12484,CN2508543-S,TBA,"→ 写为 NULL（raw_text 保留原值 ""TBA""）"
12485,CN2508544-AS,TBA,"→ 写为 NULL（raw_text 保留原值 ""TBA""）"
12486,CN2508544-AS1,TBA,"→ 写为 NULL（raw_text 保留原值 ""TBA""）"
12487,CN2508545-A,TBA,"→ 写为 NULL（raw_text 保留原值 ""TBA""）"
12489,CN2508547-S,TBA,"→ 写为 NULL（raw_text 保留原值 ""TBA""）"
12490,CN2508548-S,TBA,"→ 写为 NULL（raw_text 保留原值 ""TBA""）"
12491,CN2508549-S,TBA,"→ 写为 NULL（raw_text 保留原值 ""TBA""）"
12492,CN2508550-S,TBA,"→ 写为 NULL（raw_text 保留原值 ""TBA""）"
12493,CN2508551-S,TBA,"→ 写为 NULL（raw_text 保留原值 ""TBA""）"
12494,CN2508552-S,TBA,"→ 写为 NULL（raw_text 保留原值 ""TBA""）"
12495,CN2508553-A,TBA,"→ 写为 NULL（raw_text 保留原值 ""TBA""）"
12496,CN2508554-A,TBA,"→ 写为 NULL（raw_text 保留原值 ""TBA""）"
12497,CN2508555-A,TBA,"→ 写为 NULL（raw_text 保留原值 ""TBA""）"
12498,CN2508556-S,TBA,"→ 写为 NULL（raw_text 保留原值 ""TBA""）"
12499,CN2508557-A,TBA,"→ 写为 NULL（raw_text 保留原值 ""TBA""）"
12500,CN2508558-S,TBA,"→ 写为 NULL（raw_text 保留原值 ""TBA""）"
12501,CN2508559-S,TBA,"→ 写为 NULL（raw_text 保留原值 ""TBA""）"
12502,CN2508560-S,TBA,"→ 写为 NULL（raw_text 保留原值 ""TBA""）"
12505,CN2508563-AS,TBA,"→ 写为 NULL（raw_text 保留原值 ""TBA""）"
12506,CN2508563-AS1,TBA,"→ 写为 NULL（raw_text 保留原值 ""TBA""）"
12507,CN2508564-A,TBA,"→ 写为 NULL（raw_text 保留原值 ""TBA""）"
12508,CN2508565-A,TBA,"→ 写为 NULL（raw_text 保留原值 ""TBA""）"
12509,CN2508566-A,TBA,"→ 写为 NULL（raw_text 保留原值 ""TBA""）"
12510,CN2508567-A,TBA,"→ 写为 NULL（raw_text 保留原值 ""TBA""）"
12511,CN2508568-S,TBA,"→ 写为 NULL（raw_text 保留原值 ""TBA""）"
12512,CN2508569-S,TBA,"→ 写为 NULL（raw_text 保留原值 ""TBA""）"
12513,CN2508570-S,TBA,"→ 写为 NULL（raw_text 保留原值 ""TBA""）"
12514,CN2508571-S,TBA,"→ 写为 NULL（raw_text 保留原值 ""TBA""）"
12515,CN2508572-A,TBA,"→ 写为 NULL（raw_text 保留原值 ""TBA""）"
12517,CN2508574-A,TBA,"→ 写为 NULL（raw_text 保留原值 ""TBA""）"
12518,CN2508575-A,TBA,"→ 写为 NULL（raw_text 保留原值 ""TBA""）"
12519,CN2508576-A,TBA,"→ 写为 NULL（raw_text 保留原值 ""TBA""）"
12520,CN2508577-A,TBA,"→ 写为 NULL（raw_text 保留原值 ""TBA""）"
12521,CN2508578-S,TBA,"→ 写为 NULL（raw_text 保留原值 ""TBA""）"
12522,CN2508579-A,TBA,"→ 写为 NULL（raw_text 保留原值 ""TBA""）"
12523,CN2508580-S,TBA,"→ 写为 NULL（raw_text 保留原值 ""TBA""）"
12525,CN2508582-S,TBA,"→ 写为 NULL（raw_text 保留原值 ""TBA""）"
12526,CN2508583-S,TBA,"→ 写为 NULL（raw_text 保留原值 ""TBA""）"
12527,CN2508584-A,TBA,"→ 写为 NULL（raw_text 保留原值 ""TBA""）"
12528,CN2508585-S,TBA,"→ 写为 NULL（raw_text 保留原值 ""TBA""）"
12529,CN2509001-A,TBA,"→ 写为 NULL（raw_text 保留原值 ""TBA""）"
12530,CN2509002-A,TBA,"→ 写为 NULL（raw_text 保留原值 ""TBA""）"
12531,CN2509003-A,TBA,"→ 写为 NULL（raw_text 保留原值 ""TBA""）"
12532,CN2509004-AS,TBA,"→ 写为 NULL（raw_text 保留原值 ""TBA""）"
12533,CN2509004-AS1,TBA,"→ 写为 NULL（raw_text 保留原值 ""TBA""）"
12534,CN2509004-AS2,TBA,"→ 写为 NULL（raw_text 保留原值 ""TBA""）"
12535,CN2509005-S,TBA,"→ 写为 NULL（raw_text 保留原值 ""TBA""）"
12536,CN2509006-A,TBA,"→ 写为 NULL（raw_text 保留原值 ""TBA""）"
12537,CN2509007-A,TBA,"→ 写为 NULL（raw_text 保留原值 ""TBA""）"
12538,CN2509008-A,TBA,"→ 写为 NULL（raw_text 保留原值 ""TBA""）"
12539,CN2509009-A,TBA,"→ 写为 NULL（raw_text 保留原值 ""TBA""）"
12540,CN2509010-A,TBA,"→ 写为 NULL（raw_text 保留原值 ""TBA""）"
12541,CN2509011-A,TBA,"→ 写为 NULL（raw_text 保留原值 ""TBA""）"
12542,CN2509012-A,TBA,"→ 写为 NULL（raw_text 保留原值 ""TBA""）"
12543,CN2509013-A,TBA,"→ 写为 NULL（raw_text 保留原值 ""TBA""）"
12544,CN2509014-A,TBA,"→ 写为 NULL（raw_text 保留原值 ""TBA""）"
12545,CN2509015-A,TBA,"→ 写为 NULL（raw_text 保留原值 ""TBA""）"
12546,CN2509016-A,TBA,"→ 写为 NULL（raw_text 保留原值 ""TBA""）"
12547,CN2509017-R,TBA,"→ 写为 NULL（raw_text 保留原值 ""TBA""）"
12548,CN2509018-A,TBA,"→ 写为 NULL（raw_text 保留原值 ""TBA""）"
12549,CN2509019-S,TBA,"→ 写为 NULL（raw_text 保留原值 ""TBA""）"
12550,CN2509020-R,TBA,"→ 写为 NULL（raw_text 保留原值 ""TBA""）"
12551,CN2509021-S,TBA,"→ 写为 NULL（raw_text 保留原值 ""TBA""）"
12552,CN2509022-S,TBA,"→ 写为 NULL（raw_text 保留原值 ""TBA""）"
12553,CN2509023-A,TBA,"→ 写为 NULL（raw_text 保留原值 ""TBA""）"
12554,CN2509024-S,TBA,"→ 写为 NULL（raw_text 保留原值 ""TBA""）"
12555,CN2509025-S,TBA,"→ 写为 NULL（raw_text 保留原值 ""TBA""）"
12556,CN2509026-S,TBA,"→ 写为 NULL（raw_text 保留原值 ""TBA""）"
12558,CN2509028-S,TBA,"→ 写为 NULL（raw_text 保留原值 ""TBA""）"
12559,CN2509029-A,TBA,"→ 写为 NULL（raw_text 保留原值 ""TBA""）"
12560,CN2509030-S,TBA,"→ 写为 NULL（raw_text 保留原值 ""TBA""）"
12561,CN2509031-A,TBA,"→ 写为 NULL（raw_text 保留原值 ""TBA""）"
12562,CN2509032-A,TBA,"→ 写为 NULL（raw_text 保留原值 ""TBA""）"
12563,CN2509033-A,TBA,"→ 写为 NULL（raw_text 保留原值 ""TBA""）"
12564,CN2509034-S,TBA,"→ 写为 NULL（raw_text 保留原值 ""TBA""）"
12565,CN2509035-S,TBA,"→ 写为 NULL（raw_text 保留原值 ""TBA""）"
12566,CN2509036-R,TBA,"→ 写为 NULL（raw_text 保留原值 ""TBA""）"
12567,CN2509037-A,TBA,"→ 写为 NULL（raw_text 保留原值 ""TBA""）"
12568,CN2509038-S,TBA,"→ 写为 NULL（raw_text 保留原值 ""TBA""）"
12569,CN2509039-A,TBA,"→ 写为 NULL（raw_text 保留原值 ""TBA""）"
12570,CN2509040-A,TBA,"→ 写为 NULL（raw_text 保留原值 ""TBA""）"
12571,CN2509041-S,TBA,"→ 写为 NULL（raw_text 保留原值 ""TBA""）"
12572,CN2509042-A,TBA,"→ 写为 NULL（raw_text 保留原值 ""TBA""）"
12573,CN2509043-A,TBA,"→ 写为 NULL（raw_text 保留原值 ""TBA""）"
12574,CN2509044-S,TBA,"→ 写为 NULL（raw_text 保留原值 ""TBA""）"
12575,CN2509045-A,TBA,"→ 写为 NULL（raw_text 保留原值 ""TBA""）"
12576,CN2509046-A,TBA,"→ 写为 NULL（raw_text 保留原值 ""TBA""）"
12577,CN2509047-A,TBA,"→ 写为 NULL（raw_text 保留原值 ""TBA""）"
12579,CN2509049-A,TBA,"→ 写为 NULL（raw_text 保留原值 ""TBA""）"
12580,CN2509050-S,TBA,"→ 写为 NULL（raw_text 保留原值 ""TBA""）"
12581,CN2509051-S,TBA,"→ 写为 NULL（raw_text 保留原值 ""TBA""）"
12582,CN2509052-S,TBA,"→ 写为 NULL（raw_text 保留原值 ""TBA""）"
12583,CN2509053-A,TBA,"→ 写为 NULL（raw_text 保留原值 ""TBA""）"
12584,CN2509054-A,TBA,"→ 写为 NULL（raw_text 保留原值 ""TBA""）"
12585,CN2509055-S,TBA,"→ 写为 NULL（raw_text 保留原值 ""TBA""）"
12586,CN2509056-A,TBA,"→ 写为 NULL（raw_text 保留原值 ""TBA""）"
12587,CN2509057-S,TBA,"→ 写为 NULL（raw_text 保留原值 ""TBA""）"
12588,CN2509058-A,TBA,"→ 写为 NULL（raw_text 保留原值 ""TBA""）"
12589,CN2509059-S,TBA,"→ 写为 NULL（raw_text 保留原值 ""TBA""）"
12590,CN2509060-A,TBA,"→ 写为 NULL（raw_text 保留原值 ""TBA""）"
12591,CN2509061-A,TBA,"→ 写为 NULL（raw_text 保留原值 ""TBA""）"
12592,CN2509062-A,TBA,"→ 写为 NULL（raw_text 保留原值 ""TBA""）"
12593,CN2509063-S,TBA,"→ 写为 NULL（raw_text 保留原值 ""TBA""）"
12594,CN2509064-A,TBA,"→ 写为 NULL（raw_text 保留原值 ""TBA""）"
12595,CN2509065-S,TBA,"→ 写为 NULL（raw_text 保留原值 ""TBA""）"
12596,CN2509066-A,TBA,"→ 写为 NULL（raw_text 保留原值 ""TBA""）"
12597,CN2509067-A,TBA,"→ 写为 NULL（raw_text 保留原值 ""TBA""）"
12598,CN2509068-A,TBA,"→ 写为 NULL（raw_text 保留原值 ""TBA""）"
12600,CN2509070-S,TBA,"→ 写为 NULL（raw_text 保留原值 ""TBA""）"
12601,CN2509071-A,TBA,"→ 写为 NULL（raw_text 保留原值 ""TBA""）"
12602,CN2509072-S,TBA,"→ 写为 NULL（raw_text 保留原值 ""TBA""）"
12603,CN2509073-S,TBA,"→ 写为 NULL（raw_text 保留原值 ""TBA""）"
12604,CN2509074-A,TBA,"→ 写为 NULL（raw_text 保留原值 ""TBA""）"
12605,CN2509075-A,TBA,"→ 写为 NULL（raw_text 保留原值 ""TBA""）"
12606,CN2509076-A,TBA,"→ 写为 NULL（raw_text 保留原值 ""TBA""）"
12607,CN2509077-S,TBA,"→ 写为 NULL（raw_text 保留原值 ""TBA""）"
12608,CN2509078-A,TBA,"→ 写为 NULL（raw_text 保留原值 ""TBA""）"
12609,CN2509079-A,TBA,"→ 写为 NULL（raw_text 保留原值 ""TBA""）"
12610,CN2509080-S,TBA,"→ 写为 NULL（raw_text 保留原值 ""TBA""）"
12611,CN2509081-A,TBA,"→ 写为 NULL（raw_text 保留原值 ""TBA""）"
12612,CN2509082-A,TBA,"→ 写为 NULL（raw_text 保留原值 ""TBA""）"
12615,CN2509085-A,TBA,"→ 写为 NULL（raw_text 保留原值 ""TBA""）"
12616,CN2509086-S,TBA,"→ 写为 NULL（raw_text 保留原值 ""TBA""）"
12618,CN2509088-A,TBA,"→ 写为 NULL（raw_text 保留原值 ""TBA""）"
12620,CN2509090-S,TBA,"→ 写为 NULL（raw_text 保留原值 ""TBA""）"
12621,CN2509091-S,TBA,"→ 写为 NULL（raw_text 保留原值 ""TBA""）"
12622,CN2509092-R,TBA,"→ 写为 NULL（raw_text 保留原值 ""TBA""）"
12623,CN2509093-S,TBA,"→ 写为 NULL（raw_text 保留原值 ""TBA""）"
12624,CN2509094-AS,TBA,"→ 写为 NULL（raw_text 保留原值 ""TBA""）"
12625,CN2509094-AS1,TBA,"→ 写为 NULL（raw_text 保留原值 ""TBA""）"
12627,CN2509096-A,TBA,"→ 写为 NULL（raw_text 保留原值 ""TBA""）"
12628,CN2509097-S,TBA,"→ 写为 NULL（raw_text 保留原值 ""TBA""）"
12630,CN2509099-S,TBA,"→ 写为 NULL（raw_text 保留原值 ""TBA""）"
12631,CN2509100-A,TBA,"→ 写为 NULL（raw_text 保留原值 ""TBA""）"
12632,CN2509101-A,TBA,"→ 写为 NULL（raw_text 保留原值 ""TBA""）"
12633,CN2509102-S,TBA,"→ 写为 NULL（raw_text 保留原值 ""TBA""）"
12634,CN2509103-A,TBA,"→ 写为 NULL（raw_text 保留原值 ""TBA""）"
12635,CN2509104-A,TBA,"→ 写为 NULL（raw_text 保留原值 ""TBA""）"
12636,CN2509105-S,TBA,"→ 写为 NULL（raw_text 保留原值 ""TBA""）"
12637,CN2509106-S,TBA,"→ 写为 NULL（raw_text 保留原值 ""TBA""）"
12638,CN2509107-A,TBA,"→ 写为 NULL（raw_text 保留原值 ""TBA""）"
12639,CN2509108-A,TBA,"→ 写为 NULL（raw_text 保留原值 ""TBA""）"
12640,CN2509109-S,TBA,"→ 写为 NULL（raw_text 保留原值 ""TBA""）"
12642,CN2509111-S,TBA,"→ 写为 NULL（raw_text 保留原值 ""TBA""）"
12643,CN2509112-AS,TBA,"→ 写为 NULL（raw_text 保留原值 ""TBA""）"
12644,CN2509112-AS1,TBA,"→ 写为 NULL（raw_text 保留原值 ""TBA""）"
12645,CN2509113-A,TBA,"→ 写为 NULL（raw_text 保留原值 ""TBA""）"
12646,CN2509114-A,TBA,"→ 写为 NULL（raw_text 保留原值 ""TBA""）"
12649,CN2509117-A,TBA,"→ 写为 NULL（raw_text 保留原值 ""TBA""）"
12651,CN2509119-S,TBA,"→ 写为 NULL（raw_text 保留原值 ""TBA""）"
12652,CN2509120-A,TBA,"→ 写为 NULL（raw_text 保留原值 ""TBA""）"
12653,CN2509121-A,TBA,"→ 写为 NULL（raw_text 保留原值 ""TBA""）"
12655,CN2509123-S,TBA,"→ 写为 NULL（raw_text 保留原值 ""TBA""）"
12656,CN2509124-S,TBA,"→ 写为 NULL（raw_text 保留原值 ""TBA""）"
12657,CN2509125-S,TBA,"→ 写为 NULL（raw_text 保留原值 ""TBA""）"
12660,CN2509128-S,TBA,"→ 写为 NULL（raw_text 保留原值 ""TBA""）"
12661,CN2509129-S,TBA,"→ 写为 NULL（raw_text 保留原值 ""TBA""）"
12663,CN2509131-A,TBA,"→ 写为 NULL（raw_text 保留原值 ""TBA""）"
12664,CN2509132-A,TBA,"→ 写为 NULL（raw_text 保留原值 ""TBA""）"
12665,CN2509133-A,TBA,"→ 写为 NULL（raw_text 保留原值 ""TBA""）"
12666,CN2509134-A,TBA,"→ 写为 NULL（raw_text 保留原值 ""TBA""）"
12668,CN2509136-S,TBA,"→ 写为 NULL（raw_text 保留原值 ""TBA""）"
12669,CN2509137-S,TBA,"→ 写为 NULL（raw_text 保留原值 ""TBA""）"
12670,CN2509138-A,TBA,"→ 写为 NULL（raw_text 保留原值 ""TBA""）"
12671,CN2509139-A,TBA,"→ 写为 NULL（raw_text 保留原值 ""TBA""）"
12673,CN2509141-A,TBA,"→ 写为 NULL（raw_text 保留原值 ""TBA""）"
12674,CN2509142-A,TBA,"→ 写为 NULL（raw_text 保留原值 ""TBA""）"
12675,CN2509143-A,TBA,"→ 写为 NULL（raw_text 保留原值 ""TBA""）"
12676,CN2509144-A,TBA,"→ 写为 NULL（raw_text 保留原值 ""TBA""）"
12677,CN2509145-A,TBA,"→ 写为 NULL（raw_text 保留原值 ""TBA""）"
12678,CN2509146-A,TBA,"→ 写为 NULL（raw_text 保留原值 ""TBA""）"
12679,CN2509147-A,TBA,"→ 写为 NULL（raw_text 保留原值 ""TBA""）"
12680,CN2509148-A,TBA,"→ 写为 NULL（raw_text 保留原值 ""TBA""）"
12681,CN2509149-A,TBA,"→ 写为 NULL（raw_text 保留原值 ""TBA""）"
12682,CN2509150-A,TBA,"→ 写为 NULL（raw_text 保留原值 ""TBA""）"
12683,CN2509151-A,TBA,"→ 写为 NULL（raw_text 保留原值 ""TBA""）"
12684,CN2509152-A,TBA,"→ 写为 NULL（raw_text 保留原值 ""TBA""）"
12685,CN2509153-S,TBA,"→ 写为 NULL（raw_text 保留原值 ""TBA""）"
12686,CN2509154-A,TBA,"→ 写为 NULL（raw_text 保留原值 ""TBA""）"
12687,CN2509155-S,TBA,"→ 写为 NULL（raw_text 保留原值 ""TBA""）"
12688,CN2509156-A,TBA,"→ 写为 NULL（raw_text 保留原值 ""TBA""）"
12689,CN2509157-A,TBA,"→ 写为 NULL（raw_text 保留原值 ""TBA""）"
12690,CN2509158-S,TBA,"→ 写为 NULL（raw_text 保留原值 ""TBA""）"
12691,CN2509159-S,TBA,"→ 写为 NULL（raw_text 保留原值 ""TBA""）"
12692,CN2509160-A,TBA,"→ 写为 NULL（raw_text 保留原值 ""TBA""）"
12693,CN2509161-A,TBA,"→ 写为 NULL（raw_text 保留原值 ""TBA""）"
12694,CN2509162-A,TBA,"→ 写为 NULL（raw_text 保留原值 ""TBA""）"
12695,CN2509163-S,TBA,"→ 写为 NULL（raw_text 保留原值 ""TBA""）"
12697,CN2509165-S,TBA,"→ 写为 NULL（raw_text 保留原值 ""TBA""）"
12698,CN2509166-S,TBA,"→ 写为 NULL（raw_text 保留原值 ""TBA""）"
12699,CN2509167-A,TBA,"→ 写为 NULL（raw_text 保留原值 ""TBA""）"
12700,CN2509168-A,TBA,"→ 写为 NULL（raw_text 保留原值 ""TBA""）"
12701,CN2509169-A,TBA,"→ 写为 NULL（raw_text 保留原值 ""TBA""）"
12702,CN2509170-A,TBA,"→ 写为 NULL（raw_text 保留原值 ""TBA""）"
12703,CN2509171-A,TBA,"→ 写为 NULL（raw_text 保留原值 ""TBA""）"
12704,CN2509172-A,TBA,"→ 写为 NULL（raw_text 保留原值 ""TBA""）"
12705,CN2509172-A1,TBA,"→ 写为 NULL（raw_text 保留原值 ""TBA""）"
12706,CN2509173-S,TBA,"→ 写为 NULL（raw_text 保留原值 ""TBA""）"
12707,CN2509174-S,TBA,"→ 写为 NULL（raw_text 保留原值 ""TBA""）"
12708,CN2509175-A,TBA,"→ 写为 NULL（raw_text 保留原值 ""TBA""）"
12709,CN2509176-A,TBA,"→ 写为 NULL（raw_text 保留原值 ""TBA""）"
12710,CN2509177-A,TBA,"→ 写为 NULL（raw_text 保留原值 ""TBA""）"
12711,CN2509178-S,TBA,"→ 写为 NULL（raw_text 保留原值 ""TBA""）"
12712,CN2509179-S,TBA,"→ 写为 NULL（raw_text 保留原值 ""TBA""）"
12714,CN2509181-S,TBA,"→ 写为 NULL（raw_text 保留原值 ""TBA""）"
12715,CN2509182-A,TBA,"→ 写为 NULL（raw_text 保留原值 ""TBA""）"
12716,CN2509183-S,TBA,"→ 写为 NULL（raw_text 保留原值 ""TBA""）"
12717,CN2509184-A,TBA,"→ 写为 NULL（raw_text 保留原值 ""TBA""）"
12718,CN2509185-S,TBA,"→ 写为 NULL（raw_text 保留原值 ""TBA""）"
12720,CN2509187-S,TBA,"→ 写为 NULL（raw_text 保留原值 ""TBA""）"
12721,CN2509188-A,TBA,"→ 写为 NULL（raw_text 保留原值 ""TBA""）"
12723,CN2509190-A,TBA,"→ 写为 NULL（raw_text 保留原值 ""TBA""）"
12724,CN2509191-S,TBA,"→ 写为 NULL（raw_text 保留原值 ""TBA""）"
12725,CN2509192-A,TBA,"→ 写为 NULL（raw_text 保留原值 ""TBA""）"
12726,CN2509193-A,TBA,"→ 写为 NULL（raw_text 保留原值 ""TBA""）"
12729,CN2509196-A,TBA,"→ 写为 NULL（raw_text 保留原值 ""TBA""）"
12730,CN2509197-A,TBA,"→ 写为 NULL（raw_text 保留原值 ""TBA""）"
12732,CN2509199-S,TBA,"→ 写为 NULL（raw_text 保留原值 ""TBA""）"
12733,CN2509200-A,TBA,"→ 写为 NULL（raw_text 保留原值 ""TBA""）"
12734,CN2509201-S,TBA,"→ 写为 NULL（raw_text 保留原值 ""TBA""）"
12735,CN2509202-A,TBA,"→ 写为 NULL（raw_text 保留原值 ""TBA""）"
12736,CN2509203-A,TBA,"→ 写为 NULL（raw_text 保留原值 ""TBA""）"
12737,CN2509204-S,TBA,"→ 写为 NULL（raw_text 保留原值 ""TBA""）"
12738,CN2509205-S,TBA,"→ 写为 NULL（raw_text 保留原值 ""TBA""）"
12739,CN2509206-A,TBA,"→ 写为 NULL（raw_text 保留原值 ""TBA""）"
12741,CN2509208-A,TBA,"→ 写为 NULL（raw_text 保留原值 ""TBA""）"
12742,CN2509209-A,TBA,"→ 写为 NULL（raw_text 保留原值 ""TBA""）"
12743,CN2509210-A,TBA,"→ 写为 NULL（raw_text 保留原值 ""TBA""）"
12744,CN2509211-A,TBA,"→ 写为 NULL（raw_text 保留原值 ""TBA""）"
12745,CN2509212-S,TBA,"→ 写为 NULL（raw_text 保留原值 ""TBA""）"
12747,CN2509214-S,TBA,"→ 写为 NULL（raw_text 保留原值 ""TBA""）"
12748,CN2509215-S,TBA,"→ 写为 NULL（raw_text 保留原值 ""TBA""）"
12749,CN2509216-S,TBA,"→ 写为 NULL（raw_text 保留原值 ""TBA""）"
12750,CN2509217-S,TBA,"→ 写为 NULL（raw_text 保留原值 ""TBA""）"
12751,CN2509218-S,TBA,"→ 写为 NULL（raw_text 保留原值 ""TBA""）"
12752,CN2509219-S,TBA,"→ 写为 NULL（raw_text 保留原值 ""TBA""）"
12753,CN2509220-S,TBA,"→ 写为 NULL（raw_text 保留原值 ""TBA""）"
12754,CN2509221-S,TBA,"→ 写为 NULL（raw_text 保留原值 ""TBA""）"
12755,CN2509222-A,TBA,"→ 写为 NULL（raw_text 保留原值 ""TBA""）"
12756,CN2509223-A,TBA,"→ 写为 NULL（raw_text 保留原值 ""TBA""）"
12757,CN2509224-A,TBA,"→ 写为 NULL（raw_text 保留原值 ""TBA""）"
12758,CN2509225-A,TBA,"→ 写为 NULL（raw_text 保留原值 ""TBA""）"
12759,CN2509226-A,TBA,"→ 写为 NULL（raw_text 保留原值 ""TBA""）"
12760,CN2509227-A,TBA,"→ 写为 NULL（raw_text 保留原值 ""TBA""）"
12761,CN2509228-A,TBA,"→ 写为 NULL（raw_text 保留原值 ""TBA""）"
12763,CN2509230-S,TBA,"→ 写为 NULL（raw_text 保留原值 ""TBA""）"
12764,CN2509231-S,TBA,"→ 写为 NULL（raw_text 保留原值 ""TBA""）"
12767,CN2509234-S,TBA,"→ 写为 NULL（raw_text 保留原值 ""TBA""）"
12768,CN2509235-S,TBA,"→ 写为 NULL（raw_text 保留原值 ""TBA""）"
12769,CN2509236-S,TBA,"→ 写为 NULL（raw_text 保留原值 ""TBA""）"
12770,CN2509237-S,TBA,"→ 写为 NULL（raw_text 保留原值 ""TBA""）"
12771,CN2509238-S,TBA,"→ 写为 NULL（raw_text 保留原值 ""TBA""）"
12772,CN2509239-S,TBA,"→ 写为 NULL（raw_text 保留原值 ""TBA""）"
12773,CN2509240-S,TBA,"→ 写为 NULL（raw_text 保留原值 ""TBA""）"
12778,CN2509245-A,TBA,"→ 写为 NULL（raw_text 保留原值 ""TBA""）"
12779,CN2509246-A,TBA,"→ 写为 NULL（raw_text 保留原值 ""TBA""）"
12780,CN2509247-A,TBA,"→ 写为 NULL（raw_text 保留原值 ""TBA""）"
12781,CN2509248-A,TBA,"→ 写为 NULL（raw_text 保留原值 ""TBA""）"
12782,CN2509249-A,TBA,"→ 写为 NULL（raw_text 保留原值 ""TBA""）"
12783,CN2509250-S,TBA,"→ 写为 NULL（raw_text 保留原值 ""TBA""）"
12786,CN2509253-S,TBA,"→ 写为 NULL（raw_text 保留原值 ""TBA""）"
12787,CN2509254-S,TBA,"→ 写为 NULL（raw_text 保留原值 ""TBA""）"
12788,CN2509255-A,TBA,"→ 写为 NULL（raw_text 保留原值 ""TBA""）"
12789,CN2509256-S,TBA,"→ 写为 NULL（raw_text 保留原值 ""TBA""）"
12790,CN2509257-A,TBA,"→ 写为 NULL（raw_text 保留原值 ""TBA""）"
12791,CN2509258-S,TBA,"→ 写为 NULL（raw_text 保留原值 ""TBA""）"
12792,CN2509259-S,TBA,"→ 写为 NULL（raw_text 保留原值 ""TBA""）"
12793,CN2509260-S,TBA,"→ 写为 NULL（raw_text 保留原值 ""TBA""）"
12794,CN2509261-S,TBA,"→ 写为 NULL（raw_text 保留原值 ""TBA""）"
12795,CN2509262-S,TBA,"→ 写为 NULL（raw_text 保留原值 ""TBA""）"
12796,CN2509263-S,TBA,"→ 写为 NULL（raw_text 保留原值 ""TBA""）"
12797,CN2509264-A,TBA,"→ 写为 NULL（raw_text 保留原值 ""TBA""）"
12799,CN2509266-S,TBA,"→ 写为 NULL（raw_text 保留原值 ""TBA""）"
12800,CN2509267-S,TBA,"→ 写为 NULL（raw_text 保留原值 ""TBA""）"
12801,CN2509268-S,TBA,"→ 写为 NULL（raw_text 保留原值 ""TBA""）"
12802,CN2509269-S,TBA,"→ 写为 NULL（raw_text 保留原值 ""TBA""）"
12803,CN2509270-S,TBA,"→ 写为 NULL（raw_text 保留原值 ""TBA""）"
12804,CN2509271-A,TBA,"→ 写为 NULL（raw_text 保留原值 ""TBA""）"
12805,CN2509272-A,TBA,"→ 写为 NULL（raw_text 保留原值 ""TBA""）"
12806,CN2509273-A,TBA,"→ 写为 NULL（raw_text 保留原值 ""TBA""）"
12807,CN2509274-A,TBA,"→ 写为 NULL（raw_text 保留原值 ""TBA""）"
12808,CN2509275-S,TBA,"→ 写为 NULL（raw_text 保留原值 ""TBA""）"
12809,CN2509276-S,TBA,"→ 写为 NULL（raw_text 保留原值 ""TBA""）"
12810,CN2509277-S,TBA,"→ 写为 NULL（raw_text 保留原值 ""TBA""）"
12811,CN2509278-S,TBA,"→ 写为 NULL（raw_text 保留原值 ""TBA""）"
12812,CN2509279-S,TBA,"→ 写为 NULL（raw_text 保留原值 ""TBA""）"
12813,CN2509280-S,TBA,"→ 写为 NULL（raw_text 保留原值 ""TBA""）"
12814,CN2509281-S,TBA,"→ 写为 NULL（raw_text 保留原值 ""TBA""）"
12815,CN2509282-S,TBA,"→ 写为 NULL（raw_text 保留原值 ""TBA""）"
12816,CN2509283-S,TBA,"→ 写为 NULL（raw_text 保留原值 ""TBA""）"
12817,CN2509284-S,TBA,"→ 写为 NULL（raw_text 保留原值 ""TBA""）"
12818,CN2509285-S,TBA,"→ 写为 NULL（raw_text 保留原值 ""TBA""）"
12819,CN2509286-S,TBA,"→ 写为 NULL（raw_text 保留原值 ""TBA""）"
12820,CN2509287-S,TBA,"→ 写为 NULL（raw_text 保留原值 ""TBA""）"
12822,CN2509289-S,TBA,"→ 写为 NULL（raw_text 保留原值 ""TBA""）"
12823,CN2509290-A,TBA,"→ 写为 NULL（raw_text 保留原值 ""TBA""）"
12824,CN2509291-S,TBA,"→ 写为 NULL（raw_text 保留原值 ""TBA""）"
12825,CN2509292-A,TBA,"→ 写为 NULL（raw_text 保留原值 ""TBA""）"
12826,CN2509293-S,TBA,"→ 写为 NULL（raw_text 保留原值 ""TBA""）"
12827,CN2509294-A,TBA,"→ 写为 NULL（raw_text 保留原值 ""TBA""）"
12828,CN2509295-A,TBA,"→ 写为 NULL（raw_text 保留原值 ""TBA""）"
12829,CN2509296-S,TBA,"→ 写为 NULL（raw_text 保留原值 ""TBA""）"
12830,CN2509297-A,TBA,"→ 写为 NULL（raw_text 保留原值 ""TBA""）"
12831,CN2509298-A,TBA,"→ 写为 NULL（raw_text 保留原值 ""TBA""）"
12832,CN2509299-S,TBA,"→ 写为 NULL（raw_text 保留原值 ""TBA""）"
12833,CN2509300-A,TBA,"→ 写为 NULL（raw_text 保留原值 ""TBA""）"
12834,CN2509301-S,TBA,"→ 写为 NULL（raw_text 保留原值 ""TBA""）"
12835,CN2509302-S,TBA,"→ 写为 NULL（raw_text 保留原值 ""TBA""）"
12836,CN2509303-A,TBA,"→ 写为 NULL（raw_text 保留原值 ""TBA""）"
12837,CN2509304-S,TBA,"→ 写为 NULL（raw_text 保留原值 ""TBA""）"
12838,CN2509305-A,TBA,"→ 写为 NULL（raw_text 保留原值 ""TBA""）"
12839,CN2509306-A,TBA,"→ 写为 NULL（raw_text 保留原值 ""TBA""）"
12840,CN2509307-S,TBA,"→ 写为 NULL（raw_text 保留原值 ""TBA""）"
12841,CN2509308-S,TBA,"→ 写为 NULL（raw_text 保留原值 ""TBA""）"
12842,CN2509309-A,TBA,"→ 写为 NULL（raw_text 保留原值 ""TBA""）"
12845,CN2509312-S,TBA,"→ 写为 NULL（raw_text 保留原值 ""TBA""）"
12848,CN2509315-A,TBA,"→ 写为 NULL（raw_text 保留原值 ""TBA""）"
12849,CN2509316-S,TBA,"→ 写为 NULL（raw_text 保留原值 ""TBA""）"
12850,CN2509317-S,TBA,"→ 写为 NULL（raw_text 保留原值 ""TBA""）"
12851,CN2509318-A,TBA,"→ 写为 NULL（raw_text 保留原值 ""TBA""）"
12852,CN2509319-S,TBA,"→ 写为 NULL（raw_text 保留原值 ""TBA""）"
12853,CN2509320-S,TBA,"→ 写为 NULL（raw_text 保留原值 ""TBA""）"
12854,CN2509321-A,TBA,"→ 写为 NULL（raw_text 保留原值 ""TBA""）"
12855,CN2509321-A1,TBA,"→ 写为 NULL（raw_text 保留原值 ""TBA""）"
12856,CN2509322-A,TBA,"→ 写为 NULL（raw_text 保留原值 ""TBA""）"
12857,CN2509323-S,TBA,"→ 写为 NULL（raw_text 保留原值 ""TBA""）"
12858,CN2509324-S,TBA,"→ 写为 NULL（raw_text 保留原值 ""TBA""）"
12859,CN2509325-S,TBA,"→ 写为 NULL（raw_text 保留原值 ""TBA""）"
12860,CN2509326-S,TBA,"→ 写为 NULL（raw_text 保留原值 ""TBA""）"
12861,CN2509327-S,TBA,"→ 写为 NULL（raw_text 保留原值 ""TBA""）"
12862,CN2509328-A,TBA,"→ 写为 NULL（raw_text 保留原值 ""TBA""）"
12863,CN2509329-A,TBA,"→ 写为 NULL（raw_text 保留原值 ""TBA""）"
12864,CN2509329-A1,TBA,"→ 写为 NULL（raw_text 保留原值 ""TBA""）"
12865,CN2509329-A2,TBA,"→ 写为 NULL（raw_text 保留原值 ""TBA""）"
12866,CN2509330-A,TBA,"→ 写为 NULL（raw_text 保留原值 ""TBA""）"
12867,CN2509331-S,TBA,"→ 写为 NULL（raw_text 保留原值 ""TBA""）"
12868,CN2509332-S,TBA,"→ 写为 NULL（raw_text 保留原值 ""TBA""）"
12869,CN2509333-A,TBA,"→ 写为 NULL（raw_text 保留原值 ""TBA""）"
12870,CN2509334-S,TBA,"→ 写为 NULL（raw_text 保留原值 ""TBA""）"
12872,CN2509336-S,TBA,"→ 写为 NULL（raw_text 保留原值 ""TBA""）"
12873,CN2509337-S,TBA,"→ 写为 NULL（raw_text 保留原值 ""TBA""）"
12875,CN2509339-A,TBA,"→ 写为 NULL（raw_text 保留原值 ""TBA""）"
12877,CN2509341-A,TBA,"→ 写为 NULL（raw_text 保留原值 ""TBA""）"
12878,CN2509342-A,TBA,"→ 写为 NULL（raw_text 保留原值 ""TBA""）"
12879,CN2509343-A,TBA,"→ 写为 NULL（raw_text 保留原值 ""TBA""）"
12880,CN2509344-S,TBA,"→ 写为 NULL（raw_text 保留原值 ""TBA""）"
12881,CN2509345-A,TBA,"→ 写为 NULL（raw_text 保留原值 ""TBA""）"
12886,CN2509350-A,TBA,"→ 写为 NULL（raw_text 保留原值 ""TBA""）"
12887,CN2509351-A,TBA,"→ 写为 NULL（raw_text 保留原值 ""TBA""）"
12888,CN2509352-A,TBA,"→ 写为 NULL（raw_text 保留原值 ""TBA""）"
12889,CN2509353-A,TBA,"→ 写为 NULL（raw_text 保留原值 ""TBA""）"
12890,CN2509354-A,TBA,"→ 写为 NULL（raw_text 保留原值 ""TBA""）"
12891,CN2509355-A,TBA,"→ 写为 NULL（raw_text 保留原值 ""TBA""）"
12892,CN2509356-A,TBA,"→ 写为 NULL（raw_text 保留原值 ""TBA""）"
12893,CN2509357-A,TBA,"→ 写为 NULL（raw_text 保留原值 ""TBA""）"
12894,CN2509358-A,TBA,"→ 写为 NULL（raw_text 保留原值 ""TBA""）"
12895,CN2509359-A,TBA,"→ 写为 NULL（raw_text 保留原值 ""TBA""）"
12896,CN2509360-A,TBA,"→ 写为 NULL（raw_text 保留原值 ""TBA""）"
12897,CN2509361-A,TBA,"→ 写为 NULL（raw_text 保留原值 ""TBA""）"
12898,CN2509362-A,TBA,"→ 写为 NULL（raw_text 保留原值 ""TBA""）"
12899,CN2509363-S,TBA,"→ 写为 NULL（raw_text 保留原值 ""TBA""）"
12900,CN2509364-S,TBA,"→ 写为 NULL（raw_text 保留原值 ""TBA""）"
12901,CN2509365-S,TBA,"→ 写为 NULL（raw_text 保留原值 ""TBA""）"
12902,CN2509366-S,TBA,"→ 写为 NULL（raw_text 保留原值 ""TBA""）"
12903,CN2509367-S,TBA,"→ 写为 NULL（raw_text 保留原值 ""TBA""）"
12904,CN2509368-A,TBA,"→ 写为 NULL（raw_text 保留原值 ""TBA""）"
12905,CN2509369-A,TBA,"→ 写为 NULL（raw_text 保留原值 ""TBA""）"
12906,CN2509370-S,TBA,"→ 写为 NULL（raw_text 保留原值 ""TBA""）"
12909,CN2509373-A,TBA,"→ 写为 NULL（raw_text 保留原值 ""TBA""）"
12910,CN2509374-A,TBA,"→ 写为 NULL（raw_text 保留原值 ""TBA""）"
12911,CN2509374-A1,TBA,"→ 写为 NULL（raw_text 保留原值 ""TBA""）"
12912,CN2509375-A,TBA,"→ 写为 NULL（raw_text 保留原值 ""TBA""）"
12913,CN2509376-A,TBA,"→ 写为 NULL（raw_text 保留原值 ""TBA""）"
12914,CN2509377-S,TBA,"→ 写为 NULL（raw_text 保留原值 ""TBA""）"
12915,CN2509378-A,TBA,"→ 写为 NULL（raw_text 保留原值 ""TBA""）"
12916,CN2509379-S,TBA,"→ 写为 NULL（raw_text 保留原值 ""TBA""）"
12917,CN2509380-A,TBA,"→ 写为 NULL（raw_text 保留原值 ""TBA""）"
12918,CN2509381-S,TBA,"→ 写为 NULL（raw_text 保留原值 ""TBA""）"
12920,CN2509383-S,TBA,"→ 写为 NULL（raw_text 保留原值 ""TBA""）"
12921,CN2509384-S,TBA,"→ 写为 NULL（raw_text 保留原值 ""TBA""）"
12923,CN2509386-A,TBA,"→ 写为 NULL（raw_text 保留原值 ""TBA""）"
12924,CN2509387-A,TBA,"→ 写为 NULL（raw_text 保留原值 ""TBA""）"
12927,CN2509390-A,TBA,"→ 写为 NULL（raw_text 保留原值 ""TBA""）"
12928,CN2509391-A,TBA,"→ 写为 NULL（raw_text 保留原值 ""TBA""）"
12929,CN2509392-A,TBA,"→ 写为 NULL（raw_text 保留原值 ""TBA""）"
12932,CN2509395-A,TBA,"→ 写为 NULL（raw_text 保留原值 ""TBA""）"
12933,CN2509396-A,TBA,"→ 写为 NULL（raw_text 保留原值 ""TBA""）"
12935,CN2509398-S,TBA,"→ 写为 NULL（raw_text 保留原值 ""TBA""）"
12937,CN2509400-S,TBA,"→ 写为 NULL（raw_text 保留原值 ""TBA""）"
12938,CN2509401-A,TBA,"→ 写为 NULL（raw_text 保留原值 ""TBA""）"
12939,CN2509402-A,TBA,"→ 写为 NULL（raw_text 保留原值 ""TBA""）"
12940,CN2509403-S,TBA,"→ 写为 NULL（raw_text 保留原值 ""TBA""）"
12941,CN2509404-A,TBA,"→ 写为 NULL（raw_text 保留原值 ""TBA""）"
12942,CN2509405-A,TBA,"→ 写为 NULL（raw_text 保留原值 ""TBA""）"
12943,CN2509406-A,TBA,"→ 写为 NULL（raw_text 保留原值 ""TBA""）"
12944,CN2509407-A,TBA,"→ 写为 NULL（raw_text 保留原值 ""TBA""）"
12945,CN2509408-S,TBA,"→ 写为 NULL（raw_text 保留原值 ""TBA""）"
12946,CN2509409-S1,TBA,"→ 写为 NULL（raw_text 保留原值 ""TBA""）"
12947,CN2509409-S2,TBA,"→ 写为 NULL（raw_text 保留原值 ""TBA""）"
12952,CN2509414-S,TBA,"→ 写为 NULL（raw_text 保留原值 ""TBA""）"
12953,CN2509415-A,TBA,"→ 写为 NULL（raw_text 保留原值 ""TBA""）"
12954,CN2509416-A,TBA,"→ 写为 NULL（raw_text 保留原值 ""TBA""）"
12955,CN2509417-A,TBA,"→ 写为 NULL（raw_text 保留原值 ""TBA""）"
12956,CN2509418-S,TBA,"→ 写为 NULL（raw_text 保留原值 ""TBA""）"
12957,CN2509419-A,TBA,"→ 写为 NULL（raw_text 保留原值 ""TBA""）"
12959,CN2509421-A,TBA,"→ 写为 NULL（raw_text 保留原值 ""TBA""）"
12960,CN2509422-A,TBA,"→ 写为 NULL（raw_text 保留原值 ""TBA""）"
12961,CN2509423-S,TBA,"→ 写为 NULL（raw_text 保留原值 ""TBA""）"
12965,CN2509427-A,TBA,"→ 写为 NULL（raw_text 保留原值 ""TBA""）"
12966,CN2509428-S,TBA,"→ 写为 NULL（raw_text 保留原值 ""TBA""）"
12967,CN2509429-A,TBA,"→ 写为 NULL（raw_text 保留原值 ""TBA""）"
12968,CN2509430-S,TBA,"→ 写为 NULL（raw_text 保留原值 ""TBA""）"
12969,CN2509431-A,TBA,"→ 写为 NULL（raw_text 保留原值 ""TBA""）"
12970,CN2509432-S,TBA,"→ 写为 NULL（raw_text 保留原值 ""TBA""）"
12971,CN2509433-S,TBA,"→ 写为 NULL（raw_text 保留原值 ""TBA""）"
12972,CN2509434-S,TBA,"→ 写为 NULL（raw_text 保留原值 ""TBA""）"
12973,CN2509435-S,TBA,"→ 写为 NULL（raw_text 保留原值 ""TBA""）"
12974,CN2509436-S,TBA,"→ 写为 NULL（raw_text 保留原值 ""TBA""）"
12975,CN2509437-A,TBA,"→ 写为 NULL（raw_text 保留原值 ""TBA""）"
12976,CN2509438-A,TBA,"→ 写为 NULL（raw_text 保留原值 ""TBA""）"
12977,CN2509439-A,TBA,"→ 写为 NULL（raw_text 保留原值 ""TBA""）"
12978,CN2509440-A,TBA,"→ 写为 NULL（raw_text 保留原值 ""TBA""）"
12979,CN2509441-S,TBA,"→ 写为 NULL（raw_text 保留原值 ""TBA""）"
12980,CN2509442-A,TBA,"→ 写为 NULL（raw_text 保留原值 ""TBA""）"
12981,CN2509443-S,TBA,"→ 写为 NULL（raw_text 保留原值 ""TBA""）"
12982,CN2509444-A,TBA,"→ 写为 NULL（raw_text 保留原值 ""TBA""）"
12983,CN2509445-S,TBA,"→ 写为 NULL（raw_text 保留原值 ""TBA""）"
12984,CN2509446-S,TBA,"→ 写为 NULL（raw_text 保留原值 ""TBA""）"
12985,CN2509447-S,TBA,"→ 写为 NULL（raw_text 保留原值 ""TBA""）"
12986,CN2509448-A,TBA,"→ 写为 NULL（raw_text 保留原值 ""TBA""）"
12987,CN2509449-A,TBA,"→ 写为 NULL（raw_text 保留原值 ""TBA""）"
12988,CN2509450-S,TBA,"→ 写为 NULL（raw_text 保留原值 ""TBA""）"
12989,CN2509451-S,TBA,"→ 写为 NULL（raw_text 保留原值 ""TBA""）"
12990,CN2509452-S,TBA,"→ 写为 NULL（raw_text 保留原值 ""TBA""）"
12991,CN2509453-S,TBA,"→ 写为 NULL（raw_text 保留原值 ""TBA""）"
12992,CN2509454-S,TBA,"→ 写为 NULL（raw_text 保留原值 ""TBA""）"
12993,CN2509455-A,TBA,"→ 写为 NULL（raw_text 保留原值 ""TBA""）"
12994,CN2509456-S,TBA,"→ 写为 NULL（raw_text 保留原值 ""TBA""）"
12995,CN2509457-S,TBA,"→ 写为 NULL（raw_text 保留原值 ""TBA""）"
12998,CN2509460-A,TBA,"→ 写为 NULL（raw_text 保留原值 ""TBA""）"
12999,CN2509461-S,TBA,"→ 写为 NULL（raw_text 保留原值 ""TBA""）"
13001,CN2509463-A,TBA,"→ 写为 NULL（raw_text 保留原值 ""TBA""）"
13003,CN2509465-A,TBA,"→ 写为 NULL（raw_text 保留原值 ""TBA""）"
13004,CN2509466-A,TBA,"→ 写为 NULL（raw_text 保留原值 ""TBA""）"
13005,CN2509467-A,TBA,"→ 写为 NULL（raw_text 保留原值 ""TBA""）"
13006,CN2509468-A,TBA,"→ 写为 NULL（raw_text 保留原值 ""TBA""）"
13007,CN2509469-A,TBA,"→ 写为 NULL（raw_text 保留原值 ""TBA""）"
13009,CN2509471-S,TBA,"→ 写为 NULL（raw_text 保留原值 ""TBA""）"
13010,CN2509472-S,TBA,"→ 写为 NULL（raw_text 保留原值 ""TBA""）"
13011,CN2509473-A,TBA,"→ 写为 NULL（raw_text 保留原值 ""TBA""）"
13012,CN2509474-S,TBA,"→ 写为 NULL（raw_text 保留原值 ""TBA""）"
13014,CN2509476-A,TBA,"→ 写为 NULL（raw_text 保留原值 ""TBA""）"
13016,CN2509478-S,TBA,"→ 写为 NULL（raw_text 保留原值 ""TBA""）"
13017,CN2509479-S,TBA,"→ 写为 NULL（raw_text 保留原值 ""TBA""）"
13018,CN2509480-S,TBA,"→ 写为 NULL（raw_text 保留原值 ""TBA""）"
13019,CN2509481-A,TBA,"→ 写为 NULL（raw_text 保留原值 ""TBA""）"
13021,CN2509483-A,TBA,"→ 写为 NULL（raw_text 保留原值 ""TBA""）"
13022,CN2509484-A,TBA,"→ 写为 NULL（raw_text 保留原值 ""TBA""）"
13023,CN2509485-S,TBA,"→ 写为 NULL（raw_text 保留原值 ""TBA""）"
13024,CN2509486-A,TBA,"→ 写为 NULL（raw_text 保留原值 ""TBA""）"
13025,CN2509487-S,TBA,"→ 写为 NULL（raw_text 保留原值 ""TBA""）"
13026,CN2509488-A,TBA,"→ 写为 NULL（raw_text 保留原值 ""TBA""）"
13027,CN2509489-S,TBA,"→ 写为 NULL（raw_text 保留原值 ""TBA""）"
13029,CN2509491-S,TBA,"→ 写为 NULL（raw_text 保留原值 ""TBA""）"
13031,CN2509493-S,TBA,"→ 写为 NULL（raw_text 保留原值 ""TBA""）"
13033,CN2509495-S,TBA,"→ 写为 NULL（raw_text 保留原值 ""TBA""）"
13034,CN2509496-S,TBA,"→ 写为 NULL（raw_text 保留原值 ""TBA""）"
13036,CN2509498-A,TBA,"→ 写为 NULL（raw_text 保留原值 ""TBA""）"
13037,CN2509499-S,TBA,"→ 写为 NULL（raw_text 保留原值 ""TBA""）"
13038,CN2509500-A,TBA,"→ 写为 NULL（raw_text 保留原值 ""TBA""）"
13039,CN2509501-S,TBA,"→ 写为 NULL（raw_text 保留原值 ""TBA""）"
13041,CN2509503-S,TBA,"→ 写为 NULL（raw_text 保留原值 ""TBA""）"
13042,CN2509504-A,TBA,"→ 写为 NULL（raw_text 保留原值 ""TBA""）"
13043,CN2509505-A,TBA,"→ 写为 NULL（raw_text 保留原值 ""TBA""）"
13044,CN2509506-S,TBA,"→ 写为 NULL（raw_text 保留原值 ""TBA""）"
13045,CN2509507-S,TBA,"→ 写为 NULL（raw_text 保留原值 ""TBA""）"
13046,CN2509508-A,TBA,"→ 写为 NULL（raw_text 保留原值 ""TBA""）"
13047,CN2509509-A,TBA,"→ 写为 NULL（raw_text 保留原值 ""TBA""）"
13048,CN2509510-A,TBA,"→ 写为 NULL（raw_text 保留原值 ""TBA""）"
13049,CN2509511-A,TBA,"→ 写为 NULL（raw_text 保留原值 ""TBA""）"
13050,CN2509512-S,TBA,"→ 写为 NULL（raw_text 保留原值 ""TBA""）"
13051,CN2509513-S,TBA,"→ 写为 NULL（raw_text 保留原值 ""TBA""）"
13052,CN2509514-S,TBA,"→ 写为 NULL（raw_text 保留原值 ""TBA""）"
13053,CN2509515-S,TBA,"→ 写为 NULL（raw_text 保留原值 ""TBA""）"
13054,CN2509516-S,TBA,"→ 写为 NULL（raw_text 保留原值 ""TBA""）"
13055,CN2509517-S,TBA,"→ 写为 NULL（raw_text 保留原值 ""TBA""）"
13057,CN2509519-A,TBA,"→ 写为 NULL（raw_text 保留原值 ""TBA""）"
13059,CN2509521-A,TBA,"→ 写为 NULL（raw_text 保留原值 ""TBA""）"
13060,CN2509522-AS,TBA,"→ 写为 NULL（raw_text 保留原值 ""TBA""）"
13061,CN2509522-AS1,TBA,"→ 写为 NULL（raw_text 保留原值 ""TBA""）"
13062,CN2509523-S,TBA,"→ 写为 NULL（raw_text 保留原值 ""TBA""）"
13065,CN2509526-A,TBA,"→ 写为 NULL（raw_text 保留原值 ""TBA""）"
13067,CN2509528-A,TBA,"→ 写为 NULL（raw_text 保留原值 ""TBA""）"
13068,CN2509529-S,TBA,"→ 写为 NULL（raw_text 保留原值 ""TBA""）"
13069,CN2509530-S,TBA,"→ 写为 NULL（raw_text 保留原值 ""TBA""）"
13070,CN2509531-S,TBA,"→ 写为 NULL（raw_text 保留原值 ""TBA""）"
13071,CN2509532-S,TBA,"→ 写为 NULL（raw_text 保留原值 ""TBA""）"
13072,CN2509533-S,TBA,"→ 写为 NULL（raw_text 保留原值 ""TBA""）"
13073,CN2509534-S,TBA,"→ 写为 NULL（raw_text 保留原值 ""TBA""）"
13074,CN2509535-S,TBA,"→ 写为 NULL（raw_text 保留原值 ""TBA""）"
13075,CN2509536-S,TBA,"→ 写为 NULL（raw_text 保留原值 ""TBA""）"
13076,CN2509537-S,TBA,"→ 写为 NULL（raw_text 保留原值 ""TBA""）"
13077,CN2509538-A,TBA,"→ 写为 NULL（raw_text 保留原值 ""TBA""）"
13078,CN2509539-S,TBA,"→ 写为 NULL（raw_text 保留原值 ""TBA""）"
13080,CN2509541-S,TBA,"→ 写为 NULL（raw_text 保留原值 ""TBA""）"
13081,CN2509542-S,TBA,"→ 写为 NULL（raw_text 保留原值 ""TBA""）"
13082,CN2509543-S,TBA,"→ 写为 NULL（raw_text 保留原值 ""TBA""）"
13084,CN2509545-A,TBA,"→ 写为 NULL（raw_text 保留原值 ""TBA""）"
13085,CN2509546-A,TBA,"→ 写为 NULL（raw_text 保留原值 ""TBA""）"
13087,CN2509548-S,TBA,"→ 写为 NULL（raw_text 保留原值 ""TBA""）"
13088,CN2509549-S,TBA,"→ 写为 NULL（raw_text 保留原值 ""TBA""）"
13089,CN2509550-S,TBA,"→ 写为 NULL（raw_text 保留原值 ""TBA""）"
13090,CN2509551-A,TBA,"→ 写为 NULL（raw_text 保留原值 ""TBA""）"
13091,CN2509552-A,TBA,"→ 写为 NULL（raw_text 保留原值 ""TBA""）"
13092,CN2509553-A,TBA,"→ 写为 NULL（raw_text 保留原值 ""TBA""）"
13093,CN2509554-A,TBA,"→ 写为 NULL（raw_text 保留原值 ""TBA""）"
13094,CN2509555-A,TBA,"→ 写为 NULL（raw_text 保留原值 ""TBA""）"
13095,CN2509556-A,TBA,"→ 写为 NULL（raw_text 保留原值 ""TBA""）"
13096,CN2509557-A,TBA,"→ 写为 NULL（raw_text 保留原值 ""TBA""）"
13097,CN2509558-A,TBA,"→ 写为 NULL（raw_text 保留原值 ""TBA""）"
13098,CN2509559-A,TBA,"→ 写为 NULL（raw_text 保留原值 ""TBA""）"
13099,CN2509560-A,TBA,"→ 写为 NULL（raw_text 保留原值 ""TBA""）"
13100,CN2509561-A,TBA,"→ 写为 NULL（raw_text 保留原值 ""TBA""）"
13101,CN2509562-A,TBA,"→ 写为 NULL（raw_text 保留原值 ""TBA""）"
13102,CN2509563-A,TBA,"→ 写为 NULL（raw_text 保留原值 ""TBA""）"
13103,CN2509564-A,TBA,"→ 写为 NULL（raw_text 保留原值 ""TBA""）"
13104,CN2509565-A,TBA,"→ 写为 NULL（raw_text 保留原值 ""TBA""）"
13105,CN2509566-A,TBA,"→ 写为 NULL（raw_text 保留原值 ""TBA""）"
13106,CN2509567-A,TBA,"→ 写为 NULL（raw_text 保留原值 ""TBA""）"
13107,CN2509568-A,TBA,"→ 写为 NULL（raw_text 保留原值 ""TBA""）"
13108,CN2509569-A,TBA,"→ 写为 NULL（raw_text 保留原值 ""TBA""）"
13109,CN2509570-A,TBA,"→ 写为 NULL（raw_text 保留原值 ""TBA""）"
13110,CN2509571-A,TBA,"→ 写为 NULL（raw_text 保留原值 ""TBA""）"
13111,CN2509572-A,TBA,"→ 写为 NULL（raw_text 保留原值 ""TBA""）"
13112,CN2509573-S,TBA,"→ 写为 NULL（raw_text 保留原值 ""TBA""）"
13113,CN2509574-A,TBA,"→ 写为 NULL（raw_text 保留原值 ""TBA""）"
13115,CN2509576-S,TBA,"→ 写为 NULL（raw_text 保留原值 ""TBA""）"
13116,CN2509577-A,TBA,"→ 写为 NULL（raw_text 保留原值 ""TBA""）"
13117,CN2509578-A,TBA,"→ 写为 NULL（raw_text 保留原值 ""TBA""）"
13118,CN2509579-S,TBA,"→ 写为 NULL（raw_text 保留原值 ""TBA""）"
13119,CN2509580-R,TBA,"→ 写为 NULL（raw_text 保留原值 ""TBA""）"
13121,CN2509582-S,TBA,"→ 写为 NULL（raw_text 保留原值 ""TBA""）"
13123,CN2509584-A,TBA,"→ 写为 NULL（raw_text 保留原值 ""TBA""）"
13124,CN2509585-S,TBA,"→ 写为 NULL（raw_text 保留原值 ""TBA""）"
13125,CN2509586-S,TBA,"→ 写为 NULL（raw_text 保留原值 ""TBA""）"
13126,CN2509587-A,TBA,"→ 写为 NULL（raw_text 保留原值 ""TBA""）"
13127,CN2509588-A,TBA,"→ 写为 NULL（raw_text 保留原值 ""TBA""）"
13128,CN2509589-A,TBA,"→ 写为 NULL（raw_text 保留原值 ""TBA""）"
13129,CN2509590-A,TBA,"→ 写为 NULL（raw_text 保留原值 ""TBA""）"
13130,CN2509591-A,TBA,"→ 写为 NULL（raw_text 保留原值 ""TBA""）"
13131,CN2509592-A,TBA,"→ 写为 NULL（raw_text 保留原值 ""TBA""）"
13132,CN2509593-A,TBA,"→ 写为 NULL（raw_text 保留原值 ""TBA""）"
13133,CN2509594-A,TBA,"→ 写为 NULL（raw_text 保留原值 ""TBA""）"
13134,CN2509595-A,TBA,"→ 写为 NULL（raw_text 保留原值 ""TBA""）"
13135,CN2509596-S,TBA,"→ 写为 NULL（raw_text 保留原值 ""TBA""）"
13136,CN2509597-S,TBA,"→ 写为 NULL（raw_text 保留原值 ""TBA""）"
13137,CN2509598-S,TBA,"→ 写为 NULL（raw_text 保留原值 ""TBA""）"
13140,CN2509601-A,TBA,"→ 写为 NULL（raw_text 保留原值 ""TBA""）"
13141,CN2509602-S,TBA,"→ 写为 NULL（raw_text 保留原值 ""TBA""）"
13142,CN2509603-S,TBA,"→ 写为 NULL（raw_text 保留原值 ""TBA""）"
13143,CN2509604-S,TBA,"→ 写为 NULL（raw_text 保留原值 ""TBA""）"
13144,CN2509605-S,TBA,"→ 写为 NULL（raw_text 保留原值 ""TBA""）"
13145,CN2509606-A,TBA,"→ 写为 NULL（raw_text 保留原值 ""TBA""）"
13146,CN2509607-A,TBA,"→ 写为 NULL（raw_text 保留原值 ""TBA""）"
13148,CN2509609-A,TBA,"→ 写为 NULL（raw_text 保留原值 ""TBA""）"
13149,CN2509610-S,TBA,"→ 写为 NULL（raw_text 保留原值 ""TBA""）"
13150,CN2509611-S,TBA,"→ 写为 NULL（raw_text 保留原值 ""TBA""）"
13151,CN2509612-A,TBA,"→ 写为 NULL（raw_text 保留原值 ""TBA""）"
13152,CN2509613-S,TBA,"→ 写为 NULL（raw_text 保留原值 ""TBA""）"
13153,CN2509614-S,TBA,"→ 写为 NULL（raw_text 保留原值 ""TBA""）"
13154,CN2509615-A,TBA,"→ 写为 NULL（raw_text 保留原值 ""TBA""）"
13155,CN2509616-S,TBA,"→ 写为 NULL（raw_text 保留原值 ""TBA""）"
13156,CN2509617-S,TBA,"→ 写为 NULL（raw_text 保留原值 ""TBA""）"
13157,CN2509618-A,TBA,"→ 写为 NULL（raw_text 保留原值 ""TBA""）"
13158,CN2509619-S,TBA,"→ 写为 NULL（raw_text 保留原值 ""TBA""）"
13159,CN2509620-S,TBA,"→ 写为 NULL（raw_text 保留原值 ""TBA""）"
13160,CN2509621-S,TBA,"→ 写为 NULL（raw_text 保留原值 ""TBA""）"
13161,CN2509622-S,TBA,"→ 写为 NULL（raw_text 保留原值 ""TBA""）"
13162,CN2509623-S,TBA,"→ 写为 NULL（raw_text 保留原值 ""TBA""）"
13163,CN2509624-S,TBA,"→ 写为 NULL（raw_text 保留原值 ""TBA""）"
13164,CN2509625-S,TBA,"→ 写为 NULL（raw_text 保留原值 ""TBA""）"
13165,CN2509626-S,TBA,"→ 写为 NULL（raw_text 保留原值 ""TBA""）"
13166,CN2509627-S,TBA,"→ 写为 NULL（raw_text 保留原值 ""TBA""）"
13167,CN2509628-S,TBA,"→ 写为 NULL（raw_text 保留原值 ""TBA""）"
13168,CN2509629-A,TBA,"→ 写为 NULL（raw_text 保留原值 ""TBA""）"
13169,CN2509630-A,TBA,"→ 写为 NULL（raw_text 保留原值 ""TBA""）"
13170,CN2509631-A,TBA,"→ 写为 NULL（raw_text 保留原值 ""TBA""）"
13171,CN2509632-A,TBA,"→ 写为 NULL（raw_text 保留原值 ""TBA""）"
13172,CN2509633-A,TBA,"→ 写为 NULL（raw_text 保留原值 ""TBA""）"
13173,CN2509634-A,TBA,"→ 写为 NULL（raw_text 保留原值 ""TBA""）"
13174,CN2509635-A,TBA,"→ 写为 NULL（raw_text 保留原值 ""TBA""）"
13176,CN2509637-A,TBA,"→ 写为 NULL（raw_text 保留原值 ""TBA""）"
13177,CN2509638-A,TBA,"→ 写为 NULL（raw_text 保留原值 ""TBA""）"
13178,CN2509639-S,TBA,"→ 写为 NULL（raw_text 保留原值 ""TBA""）"
13179,CN2509640-A,TBA,"→ 写为 NULL（raw_text 保留原值 ""TBA""）"
13180,CN2509641-S,TBA,"→ 写为 NULL（raw_text 保留原值 ""TBA""）"
13181,CN2509642-S,TBA,"→ 写为 NULL（raw_text 保留原值 ""TBA""）"
13182,CN2509643-A,TBA,"→ 写为 NULL（raw_text 保留原值 ""TBA""）"
13183,CN2509644-A,TBA,"→ 写为 NULL（raw_text 保留原值 ""TBA""）"
13184,CN2509645-A,TBA,"→ 写为 NULL（raw_text 保留原值 ""TBA""）"
13185,CN2509646-A,TBA,"→ 写为 NULL（raw_text 保留原值 ""TBA""）"
13186,CN2509647-A,TBA,"→ 写为 NULL（raw_text 保留原值 ""TBA""）"
13187,CN2509648-A,TBA,"→ 写为 NULL（raw_text 保留原值 ""TBA""）"
13188,CN2509649-A,TBA,"→ 写为 NULL（raw_text 保留原值 ""TBA""）"
13189,CN2509650-A,TBA,"→ 写为 NULL（raw_text 保留原值 ""TBA""）"
13190,CN2509651-A,TBA,"→ 写为 NULL（raw_text 保留原值 ""TBA""）"
13191,CN2509652-A,TBA,"→ 写为 NULL（raw_text 保留原值 ""TBA""）"
13192,CN2509653-A,TBA,"→ 写为 NULL（raw_text 保留原值 ""TBA""）"
13193,CN2509654-A,TBA,"→ 写为 NULL（raw_text 保留原值 ""TBA""）"
13194,CN2509655-A,TBA,"→ 写为 NULL（raw_text 保留原值 ""TBA""）"
13195,CN2509656-A,TBA,"→ 写为 NULL（raw_text 保留原值 ""TBA""）"
13196,CN2509657-A,TBA,"→ 写为 NULL（raw_text 保留原值 ""TBA""）"
13197,CN2509658-A,TBA,"→ 写为 NULL（raw_text 保留原值 ""TBA""）"
13198,CN2509659-A,TBA,"→ 写为 NULL（raw_text 保留原值 ""TBA""）"
13199,CN2509660-A,TBA,"→ 写为 NULL（raw_text 保留原值 ""TBA""）"
13200,CN2509661-A,TBA,"→ 写为 NULL（raw_text 保留原值 ""TBA""）"
13201,CN2509662-A,TBA,"→ 写为 NULL（raw_text 保留原值 ""TBA""）"
13202,CN2509663-A,TBA,"→ 写为 NULL（raw_text 保留原值 ""TBA""）"
13203,CN2509664-A,TBA,"→ 写为 NULL（raw_text 保留原值 ""TBA""）"
13204,CN2509665-A,TBA,"→ 写为 NULL（raw_text 保留原值 ""TBA""）"
13205,CN2509666-A,TBA,"→ 写为 NULL（raw_text 保留原值 ""TBA""）"
13206,CN2509667-A,TBA,"→ 写为 NULL（raw_text 保留原值 ""TBA""）"
13207,CN2509668-A,TBA,"→ 写为 NULL（raw_text 保留原值 ""TBA""）"
13208,CN2509669-A,TBA,"→ 写为 NULL（raw_text 保留原值 ""TBA""）"
13209,CN2509670-A,TBA,"→ 写为 NULL（raw_text 保留原值 ""TBA""）"
13210,CN2509671-S,TBA,"→ 写为 NULL（raw_text 保留原值 ""TBA""）"
13211,CN2509672-S,TBA,"→ 写为 NULL（raw_text 保留原值 ""TBA""）"
13212,CN2509673-S,TBA,"→ 写为 NULL（raw_text 保留原值 ""TBA""）"
13213,CN2509674-S,TBA,"→ 写为 NULL（raw_text 保留原值 ""TBA""）"
13214,CN2509675-S,TBA,"→ 写为 NULL（raw_text 保留原值 ""TBA""）"
13215,CN2509676-S,TBA,"→ 写为 NULL（raw_text 保留原值 ""TBA""）"
13216,CN2509677-S,TBA,"→ 写为 NULL（raw_text 保留原值 ""TBA""）"
13217,CN2509678-S,TBA,"→ 写为 NULL（raw_text 保留原值 ""TBA""）"
13219,CN2509680-A,TBA,"→ 写为 NULL（raw_text 保留原值 ""TBA""）"
13220,CN2509681-A,TBA,"→ 写为 NULL（raw_text 保留原值 ""TBA""）"
13222,CN2509683-S,TBA,"→ 写为 NULL（raw_text 保留原值 ""TBA""）"
13223,CN2509684-S,TBA,"→ 写为 NULL（raw_text 保留原值 ""TBA""）"
13224,CN2509685-A,TBA,"→ 写为 NULL（raw_text 保留原值 ""TBA""）"
13225,CN2509686-A,TBA,"→ 写为 NULL（raw_text 保留原值 ""TBA""）"
13226,CN2509687-A,TBA,"→ 写为 NULL（raw_text 保留原值 ""TBA""）"
13227,CN2509688-A,TBA,"→ 写为 NULL（raw_text 保留原值 ""TBA""）"
13231,CN2509692-A,TBA,"→ 写为 NULL（raw_text 保留原值 ""TBA""）"
13232,CN2509693-A,TBA,"→ 写为 NULL（raw_text 保留原值 ""TBA""）"
13233,CN2509694-A,TBA,"→ 写为 NULL（raw_text 保留原值 ""TBA""）"
13234,CN2509695-A,TBA,"→ 写为 NULL（raw_text 保留原值 ""TBA""）"
13235,CN2509696-A,TBA,"→ 写为 NULL（raw_text 保留原值 ""TBA""）"
13237,CN2509698-A,TBA,"→ 写为 NULL（raw_text 保留原值 ""TBA""）"
13238,CN2509699-A,TBA,"→ 写为 NULL（raw_text 保留原值 ""TBA""）"
13239,CN2509700-A,TBA,"→ 写为 NULL（raw_text 保留原值 ""TBA""）"
13240,CN2509701-A,TBA,"→ 写为 NULL（raw_text 保留原值 ""TBA""）"
13242,CN2509703-A,TBA,"→ 写为 NULL（raw_text 保留原值 ""TBA""）"
13243,CN2509704-A,TBA,"→ 写为 NULL（raw_text 保留原值 ""TBA""）"
13244,CN2509705-A,TBA,"→ 写为 NULL（raw_text 保留原值 ""TBA""）"
13245,CN2509706-S,TBA,"→ 写为 NULL（raw_text 保留原值 ""TBA""）"
13246,CN2509707-A,TBA,"→ 写为 NULL（raw_text 保留原值 ""TBA""）"
13247,CN2509708-S,TBA,"→ 写为 NULL（raw_text 保留原值 ""TBA""）"
13248,CN2509709-A,TBA,"→ 写为 NULL（raw_text 保留原值 ""TBA""）"
13249,CN2509710-S,TBA,"→ 写为 NULL（raw_text 保留原值 ""TBA""）"
13250,CN2509711-S,TBA,"→ 写为 NULL（raw_text 保留原值 ""TBA""）"
13251,CN2509712-S,TBA,"→ 写为 NULL（raw_text 保留原值 ""TBA""）"
13254,CN2509715-A,TBA,"→ 写为 NULL（raw_text 保留原值 ""TBA""）"
13255,CN2509716-S,TBA,"→ 写为 NULL（raw_text 保留原值 ""TBA""）"
13256,CN2509717-A,TBA,"→ 写为 NULL（raw_text 保留原值 ""TBA""）"
13257,CN2509718-A,TBA,"→ 写为 NULL（raw_text 保留原值 ""TBA""）"
13258,CN2509719-S,TBA,"→ 写为 NULL（raw_text 保留原值 ""TBA""）"
13259,CN2509720-S,TBA,"→ 写为 NULL（raw_text 保留原值 ""TBA""）"
13260,CN2509721-S,TBA,"→ 写为 NULL（raw_text 保留原值 ""TBA""）"
13261,CN2509722-A,TBA,"→ 写为 NULL（raw_text 保留原值 ""TBA""）"
13262,CN2509723-S,TBA,"→ 写为 NULL（raw_text 保留原值 ""TBA""）"
13263,CN2510001-S,TBA,"→ 写为 NULL（raw_text 保留原值 ""TBA""）"
13265,CN2510003-S,TBA,"→ 写为 NULL（raw_text 保留原值 ""TBA""）"
13266,CN2510004-S,TBA,"→ 写为 NULL（raw_text 保留原值 ""TBA""）"
13267,CN2510005-S,TBA,"→ 写为 NULL（raw_text 保留原值 ""TBA""）"
13268,CN2510006-S,TBA,"→ 写为 NULL（raw_text 保留原值 ""TBA""）"
13269,CN2510007-S,TBA,"→ 写为 NULL（raw_text 保留原值 ""TBA""）"
13270,CN2510008-S,TBA,"→ 写为 NULL（raw_text 保留原值 ""TBA""）"
13272,CN2510010-S1,TBA,"→ 写为 NULL（raw_text 保留原值 ""TBA""）"
13273,CN2510010-S2,TBA,"→ 写为 NULL（raw_text 保留原值 ""TBA""）"
13275,CN2510012-S,TBA,"→ 写为 NULL（raw_text 保留原值 ""TBA""）"
13276,CN2510013-S,TBA,"→ 写为 NULL（raw_text 保留原值 ""TBA""）"
13277,CN2510014-S,TBA,"→ 写为 NULL（raw_text 保留原值 ""TBA""）"
13278,CN2510015-S,TBA,"→ 写为 NULL（raw_text 保留原值 ""TBA""）"
13279,CN2510016-S,TBA,"→ 写为 NULL（raw_text 保留原值 ""TBA""）"
13280,CN2510017-S,TBA,"→ 写为 NULL（raw_text 保留原值 ""TBA""）"
13281,CN2510018-S,TBA,"→ 写为 NULL（raw_text 保留原值 ""TBA""）"
13282,CN2510019-S,TBA,"→ 写为 NULL（raw_text 保留原值 ""TBA""）"
13283,CN2510020-A,TBA,"→ 写为 NULL（raw_text 保留原值 ""TBA""）"
13286,CN2510023-A,TBA,"→ 写为 NULL（raw_text 保留原值 ""TBA""）"
13289,CN2510025-A,TBA,"→ 写为 NULL（raw_text 保留原值 ""TBA""）"
13290,CN2510026-A,TBA,"→ 写为 NULL（raw_text 保留原值 ""TBA""）"
13294,CN2510029-A,TBA,"→ 写为 NULL（raw_text 保留原值 ""TBA""）"
13295,CN2510030-A,TBA,"→ 写为 NULL（raw_text 保留原值 ""TBA""）"
13296,CN2510031-A,TBA,"→ 写为 NULL（raw_text 保留原值 ""TBA""）"
13297,CN2510032-A,TBA,"→ 写为 NULL（raw_text 保留原值 ""TBA""）"
13298,CN2510033-A,TBA,"→ 写为 NULL（raw_text 保留原值 ""TBA""）"
13299,CN2510034-S,TBA,"→ 写为 NULL（raw_text 保留原值 ""TBA""）"
13300,CN2510035-A,TBA,"→ 写为 NULL（raw_text 保留原值 ""TBA""）"
13301,CN2510036-A,TBA,"→ 写为 NULL（raw_text 保留原值 ""TBA""）"
13302,CN2510037-A,TBA,"→ 写为 NULL（raw_text 保留原值 ""TBA""）"
13303,CN2510038-A,TBA,"→ 写为 NULL（raw_text 保留原值 ""TBA""）"
13304,CN2510039-A,TBA,"→ 写为 NULL（raw_text 保留原值 ""TBA""）"
13305,CN2510040-A,TBA,"→ 写为 NULL（raw_text 保留原值 ""TBA""）"
13306,CN2510041-A,TBA,"→ 写为 NULL（raw_text 保留原值 ""TBA""）"
13307,CN2510042-A,TBA,"→ 写为 NULL（raw_text 保留原值 ""TBA""）"
13308,CN2510043-A,TBA,"→ 写为 NULL（raw_text 保留原值 ""TBA""）"
13309,CN2510044-A,TBA,"→ 写为 NULL（raw_text 保留原值 ""TBA""）"
13310,CN2510045-A,TBA,"→ 写为 NULL（raw_text 保留原值 ""TBA""）"
13311,CN2510046-A,TBA,"→ 写为 NULL（raw_text 保留原值 ""TBA""）"
13312,CN2510047-A,TBA,"→ 写为 NULL（raw_text 保留原值 ""TBA""）"
13313,CN2510048-A,TBA,"→ 写为 NULL（raw_text 保留原值 ""TBA""）"
13314,CN2510049-A,TBA,"→ 写为 NULL（raw_text 保留原值 ""TBA""）"
13315,CN2510050-A,TBA,"→ 写为 NULL（raw_text 保留原值 ""TBA""）"
13317,CN2510052-S,TBA,"→ 写为 NULL（raw_text 保留原值 ""TBA""）"
13318,CN2510053-S,TBA,"→ 写为 NULL（raw_text 保留原值 ""TBA""）"
13319,CN2510054-S,TBA,"→ 写为 NULL（raw_text 保留原值 ""TBA""）"
13320,CN2510055-A,TBA,"→ 写为 NULL（raw_text 保留原值 ""TBA""）"
13321,CN2510056-A,TBA,"→ 写为 NULL（raw_text 保留原值 ""TBA""）"
13322,CN2510057-A,TBA,"→ 写为 NULL（raw_text 保留原值 ""TBA""）"
13323,CN2510058-A,TBA,"→ 写为 NULL（raw_text 保留原值 ""TBA""）"
13325,CN2510060-A,TBA,"→ 写为 NULL（raw_text 保留原值 ""TBA""）"
13326,CN2510061-A,TBA,"→ 写为 NULL（raw_text 保留原值 ""TBA""）"
13327,CN2510062-A,TBA,"→ 写为 NULL（raw_text 保留原值 ""TBA""）"
13328,CN2510063-A,TBA,"→ 写为 NULL（raw_text 保留原值 ""TBA""）"
13329,CN2510064-A,TBA,"→ 写为 NULL（raw_text 保留原值 ""TBA""）"
13330,CN2510064-A1,TBA,"→ 写为 NULL（raw_text 保留原值 ""TBA""）"
13331,CN2510065-A,TBA,"→ 写为 NULL（raw_text 保留原值 ""TBA""）"
13332,CN2510066-A,TBA,"→ 写为 NULL（raw_text 保留原值 ""TBA""）"
13333,CN2510067-A,TBA,"→ 写为 NULL（raw_text 保留原值 ""TBA""）"
13334,CN2510068-S,TBA,"→ 写为 NULL（raw_text 保留原值 ""TBA""）"
13335,CN2510069-A,TBA,"→ 写为 NULL（raw_text 保留原值 ""TBA""）"
13336,CN2510070-S,TBA,"→ 写为 NULL（raw_text 保留原值 ""TBA""）"
13337,CN2510071-S,TBA,"→ 写为 NULL（raw_text 保留原值 ""TBA""）"
13338,CN2510072-S,TBA,"→ 写为 NULL（raw_text 保留原值 ""TBA""）"
13339,CN2510073-S,TBA,"→ 写为 NULL（raw_text 保留原值 ""TBA""）"
13340,CN2510074-S,TBA,"→ 写为 NULL（raw_text 保留原值 ""TBA""）"
13341,CN2510075-S,TBA,"→ 写为 NULL（raw_text 保留原值 ""TBA""）"
13342,CN2510076-S,TBA,"→ 写为 NULL（raw_text 保留原值 ""TBA""）"
13343,CN2510077-S,TBA,"→ 写为 NULL（raw_text 保留原值 ""TBA""）"
13344,CN2510078-S,TBA,"→ 写为 NULL（raw_text 保留原值 ""TBA""）"
13346,CN2510080-S,TBA,"→ 写为 NULL（raw_text 保留原值 ""TBA""）"
13347,CN2510081-S,TBA,"→ 写为 NULL（raw_text 保留原值 ""TBA""）"
13348,CN2510082-S,TBA,"→ 写为 NULL（raw_text 保留原值 ""TBA""）"
13349,CN2510083-S,TBA,"→ 写为 NULL（raw_text 保留原值 ""TBA""）"
13350,CN2510084-S,TBA,"→ 写为 NULL（raw_text 保留原值 ""TBA""）"
13351,CN2510085-S,TBA,"→ 写为 NULL（raw_text 保留原值 ""TBA""）"
13352,CN2510086-S,TBA,"→ 写为 NULL（raw_text 保留原值 ""TBA""）"
13353,CN2510087-A,TBA,"→ 写为 NULL（raw_text 保留原值 ""TBA""）"
13354,CN2510088-A,TBA,"→ 写为 NULL（raw_text 保留原值 ""TBA""）"
13355,CN2510089-S,TBA,"→ 写为 NULL（raw_text 保留原值 ""TBA""）"
13356,CN2510090-A,TBA,"→ 写为 NULL（raw_text 保留原值 ""TBA""）"
13357,CN2510091-A,TBA,"→ 写为 NULL（raw_text 保留原值 ""TBA""）"
13358,CN2510092-A,TBA,"→ 写为 NULL（raw_text 保留原值 ""TBA""）"
13359,CN2510093-A,TBA,"→ 写为 NULL（raw_text 保留原值 ""TBA""）"
13360,CN2510094-A,TBA,"→ 写为 NULL（raw_text 保留原值 ""TBA""）"
13361,CN2510095-A,TBA,"→ 写为 NULL（raw_text 保留原值 ""TBA""）"
13362,CN2510096-A,TBA,"→ 写为 NULL（raw_text 保留原值 ""TBA""）"
13363,CN2510097-S,TBA,"→ 写为 NULL（raw_text 保留原值 ""TBA""）"
13364,CN2510098-A,TBA,"→ 写为 NULL（raw_text 保留原值 ""TBA""）"
13365,CN2510099-A,TBA,"→ 写为 NULL（raw_text 保留原值 ""TBA""）"
13366,CN2510100-S,TBA,"→ 写为 NULL（raw_text 保留原值 ""TBA""）"
13367,CN2510101-A,TBA,"→ 写为 NULL（raw_text 保留原值 ""TBA""）"
13368,CN2510102-S,TBA,"→ 写为 NULL（raw_text 保留原值 ""TBA""）"
13369,CN2510103-A,TBA,"→ 写为 NULL（raw_text 保留原值 ""TBA""）"
13370,CN2510104-S,TBA,"→ 写为 NULL（raw_text 保留原值 ""TBA""）"
13371,CN2510105-S,TBA,"→ 写为 NULL（raw_text 保留原值 ""TBA""）"
13372,CN2510106-S,TBA,"→ 写为 NULL（raw_text 保留原值 ""TBA""）"
13373,CN2510107-S,TBA,"→ 写为 NULL（raw_text 保留原值 ""TBA""）"
13374,CN2510108-S,TBA,"→ 写为 NULL（raw_text 保留原值 ""TBA""）"
13375,CN2510109-R,TBA,"→ 写为 NULL（raw_text 保留原值 ""TBA""）"
13376,CN2510110-S,TBA,"→ 写为 NULL（raw_text 保留原值 ""TBA""）"
13378,CN2510112-S,TBA,"→ 写为 NULL（raw_text 保留原值 ""TBA""）"
13379,CN2510113-S,TBA,"→ 写为 NULL（raw_text 保留原值 ""TBA""）"
13380,CN2510114-S,TBA,"→ 写为 NULL（raw_text 保留原值 ""TBA""）"
13381,CN2510115-A,TBA,"→ 写为 NULL（raw_text 保留原值 ""TBA""）"
13382,CN2510116-A,TBA,"→ 写为 NULL（raw_text 保留原值 ""TBA""）"
13383,CN2510117-A,TBA,"→ 写为 NULL（raw_text 保留原值 ""TBA""）"
13384,CN2510118-A,TBA,"→ 写为 NULL（raw_text 保留原值 ""TBA""）"
13385,CN2510119-A,TBA,"→ 写为 NULL（raw_text 保留原值 ""TBA""）"
13386,CN2510120-A,TBA,"→ 写为 NULL（raw_text 保留原值 ""TBA""）"
13387,CN2510121-A,TBA,"→ 写为 NULL（raw_text 保留原值 ""TBA""）"
13389,CN2510123-S,TBA,"→ 写为 NULL（raw_text 保留原值 ""TBA""）"
13390,CN2510124-S,TBA,"→ 写为 NULL（raw_text 保留原值 ""TBA""）"
13391,CN2510125-S,TBA,"→ 写为 NULL（raw_text 保留原值 ""TBA""）"
13392,CN2510126-S,TBA,"→ 写为 NULL（raw_text 保留原值 ""TBA""）"
13393,CN2510127-A,TBA,"→ 写为 NULL（raw_text 保留原值 ""TBA""）"
13394,CN2510128-A,TBA,"→ 写为 NULL（raw_text 保留原值 ""TBA""）"
13395,CN2510129-S,TBA,"→ 写为 NULL（raw_text 保留原值 ""TBA""）"
13396,CN2510130-A,TBA,"→ 写为 NULL（raw_text 保留原值 ""TBA""）"
13397,CN2510131-S,TBA,"→ 写为 NULL（raw_text 保留原值 ""TBA""）"
13398,CN2510132-S,TBA,"→ 写为 NULL（raw_text 保留原值 ""TBA""）"
13399,CN2510133-S,TBA,"→ 写为 NULL（raw_text 保留原值 ""TBA""）"
13400,CN2510134-S,TBA,"→ 写为 NULL（raw_text 保留原值 ""TBA""）"
13401,CN2510135-A,TBA,"→ 写为 NULL（raw_text 保留原值 ""TBA""）"
13403,CN2510137-S,TBA,"→ 写为 NULL（raw_text 保留原值 ""TBA""）"
13404,CN2510138-S,TBA,"→ 写为 NULL（raw_text 保留原值 ""TBA""）"
13406,CN2510140-S,TBA,"→ 写为 NULL（raw_text 保留原值 ""TBA""）"
13407,CN2510141-S,TBA,"→ 写为 NULL（raw_text 保留原值 ""TBA""）"
13408,CN2510142-S,TBA,"→ 写为 NULL（raw_text 保留原值 ""TBA""）"
13409,CN2510143-S,TBA,"→ 写为 NULL（raw_text 保留原值 ""TBA""）"
13410,CN2510144-S,TBA,"→ 写为 NULL（raw_text 保留原值 ""TBA""）"
13411,CN2510145-A,TBA,"→ 写为 NULL（raw_text 保留原值 ""TBA""）"
13412,CN2510146-S,TBA,"→ 写为 NULL（raw_text 保留原值 ""TBA""）"
13414,CN2510148-S,TBA,"→ 写为 NULL（raw_text 保留原值 ""TBA""）"
13416,CN2510150-S,TBA,"→ 写为 NULL（raw_text 保留原值 ""TBA""）"
13417,CN2510151-A,TBA,"→ 写为 NULL（raw_text 保留原值 ""TBA""）"
13419,CN2510153-A,TBA,"→ 写为 NULL（raw_text 保留原值 ""TBA""）"
13420,CN2510154-S,TBA,"→ 写为 NULL（raw_text 保留原值 ""TBA""）"
13424,CN2510158-S,TBA,"→ 写为 NULL（raw_text 保留原值 ""TBA""）"
13425,CN2510159-S,TBA,"→ 写为 NULL（raw_text 保留原值 ""TBA""）"
13426,CN2510160-S,TBA,"→ 写为 NULL（raw_text 保留原值 ""TBA""）"
13427,CN2510161-S,TBA,"→ 写为 NULL（raw_text 保留原值 ""TBA""）"
13428,CN2510162-A,TBA,"→ 写为 NULL（raw_text 保留原值 ""TBA""）"
13429,CN2510163-S,TBA,"→ 写为 NULL（raw_text 保留原值 ""TBA""）"
13430,CN2510164-S,TBA,"→ 写为 NULL（raw_text 保留原值 ""TBA""）"
13431,CN2510165-S,TBA,"→ 写为 NULL（raw_text 保留原值 ""TBA""）"
13432,CN2510166-S,TBA,"→ 写为 NULL（raw_text 保留原值 ""TBA""）"
13433,CN2510167-S1,TBA,"→ 写为 NULL（raw_text 保留原值 ""TBA""）"
13434,CN2510167-S2,TBA,"→ 写为 NULL（raw_text 保留原值 ""TBA""）"
13436,CN2510169-AS,TBA,"→ 写为 NULL（raw_text 保留原值 ""TBA""）"
13437,CN2510169-AS1,TBA,"→ 写为 NULL（raw_text 保留原值 ""TBA""）"
13438,CN2510170-A,TBA,"→ 写为 NULL（raw_text 保留原值 ""TBA""）"
13441,CN2510173-S,TBA,"→ 写为 NULL（raw_text 保留原值 ""TBA""）"
13442,CN2510174-A,TBA,"→ 写为 NULL（raw_text 保留原值 ""TBA""）"
13443,CN2510175-A,TBA,"→ 写为 NULL（raw_text 保留原值 ""TBA""）"
13444,CN2510176-S,TBA,"→ 写为 NULL（raw_text 保留原值 ""TBA""）"
13446,CN2510178-S,TBA,"→ 写为 NULL（raw_text 保留原值 ""TBA""）"
13447,CN2510179-S,TBA,"→ 写为 NULL（raw_text 保留原值 ""TBA""）"
13448,CN2510180-S,TBA,"→ 写为 NULL（raw_text 保留原值 ""TBA""）"
13449,CN2510181-AS,TBA,"→ 写为 NULL（raw_text 保留原值 ""TBA""）"
13450,CN2510181-AS1,TBA,"→ 写为 NULL（raw_text 保留原值 ""TBA""）"
13451,CN2510182-A,TBA,"→ 写为 NULL（raw_text 保留原值 ""TBA""）"
13452,CN2510183-S,TBA,"→ 写为 NULL（raw_text 保留原值 ""TBA""）"
13453,CN2510184-S,TBA,"→ 写为 NULL（raw_text 保留原值 ""TBA""）"
13454,CN2510185-S,TBA,"→ 写为 NULL（raw_text 保留原值 ""TBA""）"
13455,CN2510186-S,TBA,"→ 写为 NULL（raw_text 保留原值 ""TBA""）"
13460,CN2510191-S,TBA,"→ 写为 NULL（raw_text 保留原值 ""TBA""）"
13463,CN2510194-A,TBA,"→ 写为 NULL（raw_text 保留原值 ""TBA""）"
13464,CN2510195-A,TBA,"→ 写为 NULL（raw_text 保留原值 ""TBA""）"
13466,CN2510197-S,TBA,"→ 写为 NULL（raw_text 保留原值 ""TBA""）"
13467,CN2510198-S,TBA,"→ 写为 NULL（raw_text 保留原值 ""TBA""）"
13468,CN2510199-S,TBA,"→ 写为 NULL（raw_text 保留原值 ""TBA""）"
13469,CN2510200-S,TBA,"→ 写为 NULL（raw_text 保留原值 ""TBA""）"
13470,CN2510201-S,TBA,"→ 写为 NULL（raw_text 保留原值 ""TBA""）"
13471,CN2510202-S,TBA,"→ 写为 NULL（raw_text 保留原值 ""TBA""）"
13475,CN2510206-A,TBA,"→ 写为 NULL（raw_text 保留原值 ""TBA""）"
13477,CN2510208-A,TBA,"→ 写为 NULL（raw_text 保留原值 ""TBA""）"
13478,CN2510209-A,TBA,"→ 写为 NULL（raw_text 保留原值 ""TBA""）"
13479,CN2510210-A,TBA,"→ 写为 NULL（raw_text 保留原值 ""TBA""）"
13480,CN2510211-A,TBA,"→ 写为 NULL（raw_text 保留原值 ""TBA""）"
13481,CN2510212-A,TBA,"→ 写为 NULL（raw_text 保留原值 ""TBA""）"
13483,CN2510214-A,TBA,"→ 写为 NULL（raw_text 保留原值 ""TBA""）"
13487,CN2510218-A,TBA,"→ 写为 NULL（raw_text 保留原值 ""TBA""）"
13488,CN2510219-A,TBA,"→ 写为 NULL（raw_text 保留原值 ""TBA""）"
13489,CN2510220-S,TBA,"→ 写为 NULL（raw_text 保留原值 ""TBA""）"
13490,CN2510221-A,TBA,"→ 写为 NULL（raw_text 保留原值 ""TBA""）"
13491,CN2510222-A,TBA,"→ 写为 NULL（raw_text 保留原值 ""TBA""）"
13492,CN2510223-A,TBA,"→ 写为 NULL（raw_text 保留原值 ""TBA""）"
13493,CN2510224-A,TBA,"→ 写为 NULL（raw_text 保留原值 ""TBA""）"
13494,CN2510225-A,TBA,"→ 写为 NULL（raw_text 保留原值 ""TBA""）"
13495,CN2510226-A,TBA,"→ 写为 NULL（raw_text 保留原值 ""TBA""）"
13496,CN2510227-S,TBA,"→ 写为 NULL（raw_text 保留原值 ""TBA""）"
13497,CN2510228-S,TBA,"→ 写为 NULL（raw_text 保留原值 ""TBA""）"
13498,CN2510229-S,TBA,"→ 写为 NULL（raw_text 保留原值 ""TBA""）"
13499,CN2510230-S,TBA,"→ 写为 NULL（raw_text 保留原值 ""TBA""）"
13500,CN2510231-S,TBA,"→ 写为 NULL（raw_text 保留原值 ""TBA""）"
13501,CN2510232-A,TBA,"→ 写为 NULL（raw_text 保留原值 ""TBA""）"
13502,CN2510233-S,TBA,"→ 写为 NULL（raw_text 保留原值 ""TBA""）"
13503,CN2510234-A,TBA,"→ 写为 NULL（raw_text 保留原值 ""TBA""）"
13504,CN2510234-A1,TBA,"→ 写为 NULL（raw_text 保留原值 ""TBA""）"
13505,CN2510234-A2,TBA,"→ 写为 NULL（raw_text 保留原值 ""TBA""）"
13506,CN2510235-A,TBA,"→ 写为 NULL（raw_text 保留原值 ""TBA""）"
13507,CN2510236-S,TBA,"→ 写为 NULL（raw_text 保留原值 ""TBA""）"
13508,CN2510237-S,TBA,"→ 写为 NULL（raw_text 保留原值 ""TBA""）"
13515,CN2510243-A,TBA,"→ 写为 NULL（raw_text 保留原值 ""TBA""）"
13516,CN2510244-A,TBA,"→ 写为 NULL（raw_text 保留原值 ""TBA""）"
13518,CN2510246-S,TBA,"→ 写为 NULL（raw_text 保留原值 ""TBA""）"
13519,CN2510247-A,TBA,"→ 写为 NULL（raw_text 保留原值 ""TBA""）"
13520,CN2510248-A,TBA,"→ 写为 NULL（raw_text 保留原值 ""TBA""）"
13521,CN2510249-S,TBA,"→ 写为 NULL（raw_text 保留原值 ""TBA""）"
13522,CN2510250-S,TBA,"→ 写为 NULL（raw_text 保留原值 ""TBA""）"
13523,CN2510251-S,TBA,"→ 写为 NULL（raw_text 保留原值 ""TBA""）"
13524,CN2510252-S,TBA,"→ 写为 NULL（raw_text 保留原值 ""TBA""）"
13525,CN2510253-S,TBA,"→ 写为 NULL（raw_text 保留原值 ""TBA""）"
13527,CN2510255-S,TBA,"→ 写为 NULL（raw_text 保留原值 ""TBA""）"
13528,CN2510256-A,TBA,"→ 写为 NULL（raw_text 保留原值 ""TBA""）"
13529,CN2510257-A,TBA,"→ 写为 NULL（raw_text 保留原值 ""TBA""）"
13530,CN2510258-S,TBA,"→ 写为 NULL（raw_text 保留原值 ""TBA""）"
13531,CN2510259-A,TBA,"→ 写为 NULL（raw_text 保留原值 ""TBA""）"
13532,CN2510260-A,TBA,"→ 写为 NULL（raw_text 保留原值 ""TBA""）"
13533,CN2510260-A1,TBA,"→ 写为 NULL（raw_text 保留原值 ""TBA""）"
13534,CN2510260-A2,TBA,"→ 写为 NULL（raw_text 保留原值 ""TBA""）"
13535,CN2510261-A,TBA,"→ 写为 NULL（raw_text 保留原值 ""TBA""）"
13536,CN2510262-S,TBA,"→ 写为 NULL（raw_text 保留原值 ""TBA""）"
13537,CN2510263-A,TBA,"→ 写为 NULL（raw_text 保留原值 ""TBA""）"
13538,CN2510264-A,TBA,"→ 写为 NULL（raw_text 保留原值 ""TBA""）"
13539,CN2510265-S,TBA,"→ 写为 NULL（raw_text 保留原值 ""TBA""）"
13543,CN2510269-A1,TBA,"→ 写为 NULL（raw_text 保留原值 ""TBA""）"
13544,CN2510269-A2,TBA,"→ 写为 NULL（raw_text 保留原值 ""TBA""）"
13547,CN2510272-S,TBA,"→ 写为 NULL（raw_text 保留原值 ""TBA""）"
13548,CN2510273-S,TBA,"→ 写为 NULL（raw_text 保留原值 ""TBA""）"
13549,CN2510274-S,TBA,"→ 写为 NULL（raw_text 保留原值 ""TBA""）"
13550,CN2510275-S,TBA,"→ 写为 NULL（raw_text 保留原值 ""TBA""）"
13551,CN2510276-S,TBA,"→ 写为 NULL（raw_text 保留原值 ""TBA""）"
13552,CN2510277-S,TBA,"→ 写为 NULL（raw_text 保留原值 ""TBA""）"
13553,CN2510278-AS,TBA,"→ 写为 NULL（raw_text 保留原值 ""TBA""）"
13554,CN2510278-AS1,TBA,"→ 写为 NULL（raw_text 保留原值 ""TBA""）"
13555,CN2510279-S,TBA,"→ 写为 NULL（raw_text 保留原值 ""TBA""）"
13556,CN2510280-S,TBA,"→ 写为 NULL（raw_text 保留原值 ""TBA""）"
13557,CN2510281-S,TBA,"→ 写为 NULL（raw_text 保留原值 ""TBA""）"
13559,CN2510283-A,TBA,"→ 写为 NULL（raw_text 保留原值 ""TBA""）"
13560,CN2510284-A,TBA,"→ 写为 NULL（raw_text 保留原值 ""TBA""）"
13561,CN2510284-A1,TBA,"→ 写为 NULL（raw_text 保留原值 ""TBA""）"
13562,CN2510285-S,TBA,"→ 写为 NULL（raw_text 保留原值 ""TBA""）"
13563,CN2510286-A,TBA,"→ 写为 NULL（raw_text 保留原值 ""TBA""）"
13564,CN2510287-A,TBA,"→ 写为 NULL（raw_text 保留原值 ""TBA""）"
13565,CN2510288-S,TBA,"→ 写为 NULL（raw_text 保留原值 ""TBA""）"
13567,CN2510290-S,TBA,"→ 写为 NULL（raw_text 保留原值 ""TBA""）"
13568,CN2510291-S,TBA,"→ 写为 NULL（raw_text 保留原值 ""TBA""）"
13569,CN2510292-S,TBA,"→ 写为 NULL（raw_text 保留原值 ""TBA""）"
13570,CN2510293-S,TBA,"→ 写为 NULL（raw_text 保留原值 ""TBA""）"
13571,CN2510294-S,TBA,"→ 写为 NULL（raw_text 保留原值 ""TBA""）"
13573,CN2510296-A,TBA,"→ 写为 NULL（raw_text 保留原值 ""TBA""）"
13576,CN2510299-A,TBA,"→ 写为 NULL（raw_text 保留原值 ""TBA""）"
13577,CN2510300-A,TBA,"→ 写为 NULL（raw_text 保留原值 ""TBA""）"
13579,CN2510302-A,TBA,"→ 写为 NULL（raw_text 保留原值 ""TBA""）"
13580,CN2510303-A,TBA,"→ 写为 NULL（raw_text 保留原值 ""TBA""）"
13582,CN2510305-A,TBA,"→ 写为 NULL（raw_text 保留原值 ""TBA""）"
13583,CN2510306-S,TBA,"→ 写为 NULL（raw_text 保留原值 ""TBA""）"
13584,CN2510307-A,TBA,"→ 写为 NULL（raw_text 保留原值 ""TBA""）"
13585,CN2510308-S,TBA,"→ 写为 NULL（raw_text 保留原值 ""TBA""）"
13586,CN2510309-A,TBA,"→ 写为 NULL（raw_text 保留原值 ""TBA""）"
13587,CN2510309-A1,TBA,"→ 写为 NULL（raw_text 保留原值 ""TBA""）"
13588,CN2510310-A,TBA,"→ 写为 NULL（raw_text 保留原值 ""TBA""）"
13589,CN2510311-S,TBA,"→ 写为 NULL（raw_text 保留原值 ""TBA""）"
13590,CN2510312-S,TBA,"→ 写为 NULL（raw_text 保留原值 ""TBA""）"
13591,CN2510313-A,TBA,"→ 写为 NULL（raw_text 保留原值 ""TBA""）"
13592,CN2510314-A,TBA,"→ 写为 NULL（raw_text 保留原值 ""TBA""）"
13593,CN2510315-A,TBA,"→ 写为 NULL（raw_text 保留原值 ""TBA""）"
13594,CN2510315-A1,TBA,"→ 写为 NULL（raw_text 保留原值 ""TBA""）"
13595,CN2510316-A,TBA,"→ 写为 NULL（raw_text 保留原值 ""TBA""）"
13596,CN2510317-A,TBA,"→ 写为 NULL（raw_text 保留原值 ""TBA""）"
13597,CN2510318-S,TBA,"→ 写为 NULL（raw_text 保留原值 ""TBA""）"
13600,CN2510321-A,TBA,"→ 写为 NULL（raw_text 保留原值 ""TBA""）"
13602,CN2510323-S,TBA,"→ 写为 NULL（raw_text 保留原值 ""TBA""）"
13604,CN2510325-A,TBA,"→ 写为 NULL（raw_text 保留原值 ""TBA""）"
13605,CN2510326-S,TBA,"→ 写为 NULL（raw_text 保留原值 ""TBA""）"
13606,CN2510327-A,TBA,"→ 写为 NULL（raw_text 保留原值 ""TBA""）"
13607,CN2510328-S,TBA,"→ 写为 NULL（raw_text 保留原值 ""TBA""）"
13608,CN2510329-A,TBA,"→ 写为 NULL（raw_text 保留原值 ""TBA""）"
13611,CN2510332-A,TBA,"→ 写为 NULL（raw_text 保留原值 ""TBA""）"
13612,CN2510333-A,TBA,"→ 写为 NULL（raw_text 保留原值 ""TBA""）"
13613,CN2510334-A,TBA,"→ 写为 NULL（raw_text 保留原值 ""TBA""）"
13614,CN2510335-A,TBA,"→ 写为 NULL（raw_text 保留原值 ""TBA""）"
13615,CN2510335-A1,TBA,"→ 写为 NULL（raw_text 保留原值 ""TBA""）"
13616,CN2510335-A2,TBA,"→ 写为 NULL（raw_text 保留原值 ""TBA""）"
13617,CN2510336-A,TBA,"→ 写为 NULL（raw_text 保留原值 ""TBA""）"
13618,CN2510337-A,TBA,"→ 写为 NULL（raw_text 保留原值 ""TBA""）"
13620,CN2510339-A,TBA,"→ 写为 NULL（raw_text 保留原值 ""TBA""）"
13621,CN2510340-A,TBA,"→ 写为 NULL（raw_text 保留原值 ""TBA""）"
13622,CN2510341-A,TBA,"→ 写为 NULL（raw_text 保留原值 ""TBA""）"
13623,CN2510342-A,TBA,"→ 写为 NULL（raw_text 保留原值 ""TBA""）"
13624,CN2510343-A,TBA,"→ 写为 NULL（raw_text 保留原值 ""TBA""）"
13625,CN2510344-A,TBA,"→ 写为 NULL（raw_text 保留原值 ""TBA""）"
13626,CN2510345-A,TBA,"→ 写为 NULL（raw_text 保留原值 ""TBA""）"
13627,CN2510346-A,TBA,"→ 写为 NULL（raw_text 保留原值 ""TBA""）"
13628,CN2510347-A,TBA,"→ 写为 NULL（raw_text 保留原值 ""TBA""）"
13631,CN2510349-A,TBA,"→ 写为 NULL（raw_text 保留原值 ""TBA""）"
13632,CN2510350-A,TBA,"→ 写为 NULL（raw_text 保留原值 ""TBA""）"
13633,CN2510351-A,TBA,"→ 写为 NULL（raw_text 保留原值 ""TBA""）"
13634,CN2510352-A,TBA,"→ 写为 NULL（raw_text 保留原值 ""TBA""）"
13636,CN2510354-S,TBA,"→ 写为 NULL（raw_text 保留原值 ""TBA""）"
13637,CN2510355-S,TBA,"→ 写为 NULL（raw_text 保留原值 ""TBA""）"
13638,CN2510356-A,TBA,"→ 写为 NULL（raw_text 保留原值 ""TBA""）"
13639,CN2510356-A1,TBA,"→ 写为 NULL（raw_text 保留原值 ""TBA""）"
13640,CN2510357-A,TBA,"→ 写为 NULL（raw_text 保留原值 ""TBA""）"
13641,CN2510358-A,TBA,"→ 写为 NULL（raw_text 保留原值 ""TBA""）"
13643,CN2510360-A,TBA,"→ 写为 NULL（raw_text 保留原值 ""TBA""）"
13644,CN2510361-A,TBA,"→ 写为 NULL（raw_text 保留原值 ""TBA""）"
13645,CN2510362-A,TBA,"→ 写为 NULL（raw_text 保留原值 ""TBA""）"
13646,CN2510363-A,TBA,"→ 写为 NULL（raw_text 保留原值 ""TBA""）"
13647,CN2510364-A,TBA,"→ 写为 NULL（raw_text 保留原值 ""TBA""）"
13648,CN2510365-A,TBA,"→ 写为 NULL（raw_text 保留原值 ""TBA""）"
13649,CN2510366-S,TBA,"→ 写为 NULL（raw_text 保留原值 ""TBA""）"
13650,CN2510367-A,TBA,"→ 写为 NULL（raw_text 保留原值 ""TBA""）"
13651,CN2510368-S,TBA,"→ 写为 NULL（raw_text 保留原值 ""TBA""）"
13652,CN2510369-A,TBA,"→ 写为 NULL（raw_text 保留原值 ""TBA""）"
13653,CN2510370-A,TBA,"→ 写为 NULL（raw_text 保留原值 ""TBA""）"
13654,CN2510371-A,TBA,"→ 写为 NULL（raw_text 保留原值 ""TBA""）"
13655,CN2510372-A,TBA,"→ 写为 NULL（raw_text 保留原值 ""TBA""）"
13656,CN2510373-A,TBA,"→ 写为 NULL（raw_text 保留原值 ""TBA""）"
13658,CN2510375-S,TBA,"→ 写为 NULL（raw_text 保留原值 ""TBA""）"
13659,CN2510376-S,TBA,"→ 写为 NULL（raw_text 保留原值 ""TBA""）"
13660,CN2510377-S,TBA,"→ 写为 NULL（raw_text 保留原值 ""TBA""）"
13661,CN2510378-S,TBA,"→ 写为 NULL（raw_text 保留原值 ""TBA""）"
13662,CN2510379-S,TBA,"→ 写为 NULL（raw_text 保留原值 ""TBA""）"
13663,CN2510380-S,TBA,"→ 写为 NULL（raw_text 保留原值 ""TBA""）"
13664,CN2510381-S,TBA,"→ 写为 NULL（raw_text 保留原值 ""TBA""）"
13665,CN2510382-S,TBA,"→ 写为 NULL（raw_text 保留原值 ""TBA""）"
13666,CN2510383-S,TBA,"→ 写为 NULL（raw_text 保留原值 ""TBA""）"
13667,CN2510384-S,TBA,"→ 写为 NULL（raw_text 保留原值 ""TBA""）"
13668,CN2510385-S,TBA,"→ 写为 NULL（raw_text 保留原值 ""TBA""）"
13669,CN2510386-S,TBA,"→ 写为 NULL（raw_text 保留原值 ""TBA""）"
13670,CN2510387-S,TBA,"→ 写为 NULL（raw_text 保留原值 ""TBA""）"
13671,CN2510388-S,TBA,"→ 写为 NULL（raw_text 保留原值 ""TBA""）"
13672,CN2510389-S,TBA,"→ 写为 NULL（raw_text 保留原值 ""TBA""）"
13673,CN2510390-S,TBA,"→ 写为 NULL（raw_text 保留原值 ""TBA""）"
13674,CN2510391-S,TBA,"→ 写为 NULL（raw_text 保留原值 ""TBA""）"
13675,CN2510392-A,TBA,"→ 写为 NULL（raw_text 保留原值 ""TBA""）"
13676,CN2510393-S,TBA,"→ 写为 NULL（raw_text 保留原值 ""TBA""）"
13677,CN2510394-A,TBA,"→ 写为 NULL（raw_text 保留原值 ""TBA""）"
13678,CN2510395-S,TBA,"→ 写为 NULL（raw_text 保留原值 ""TBA""）"
13679,CN2510396-A,TBA,"→ 写为 NULL（raw_text 保留原值 ""TBA""）"
13680,CN2510397-S,TBA,"→ 写为 NULL（raw_text 保留原值 ""TBA""）"
13682,CN2510399-S,TBA,"→ 写为 NULL（raw_text 保留原值 ""TBA""）"
13683,CN2510400-A,TBA,"→ 写为 NULL（raw_text 保留原值 ""TBA""）"
13684,CN2510401-S,TBA,"→ 写为 NULL（raw_text 保留原值 ""TBA""）"
13685,CN2510402-A,TBA,"→ 写为 NULL（raw_text 保留原值 ""TBA""）"
13686,CN2510403-A,TBA,"→ 写为 NULL（raw_text 保留原值 ""TBA""）"
13687,CN2510404-A,TBA,"→ 写为 NULL（raw_text 保留原值 ""TBA""）"
13688,CN2510405-A,TBA,"→ 写为 NULL（raw_text 保留原值 ""TBA""）"
13689,CN2510406-A,TBA,"→ 写为 NULL（raw_text 保留原值 ""TBA""）"
13690,CN2510407-A,TBA,"→ 写为 NULL（raw_text 保留原值 ""TBA""）"
13691,CN2510408-A,TBA,"→ 写为 NULL（raw_text 保留原值 ""TBA""）"
13692,CN2510409-A,TBA,"→ 写为 NULL（raw_text 保留原值 ""TBA""）"
13693,CN2510410-A,TBA,"→ 写为 NULL（raw_text 保留原值 ""TBA""）"
13694,CN2510411-A,TBA,"→ 写为 NULL（raw_text 保留原值 ""TBA""）"
13695,CN2510412-A,TBA,"→ 写为 NULL（raw_text 保留原值 ""TBA""）"
13696,CN2510413-A,TBA,"→ 写为 NULL（raw_text 保留原值 ""TBA""）"
13697,CN2510414-A,TBA,"→ 写为 NULL（raw_text 保留原值 ""TBA""）"
13698,CN2510415-S,TBA,"→ 写为 NULL（raw_text 保留原值 ""TBA""）"
13699,CN2510416-AS,TBA,"→ 写为 NULL（raw_text 保留原值 ""TBA""）"
13700,CN2510416-AS1,TBA,"→ 写为 NULL（raw_text 保留原值 ""TBA""）"
13702,CN2510418-A,TBA,"→ 写为 NULL（raw_text 保留原值 ""TBA""）"
13703,CN2510419-A,TBA,"→ 写为 NULL（raw_text 保留原值 ""TBA""）"
13704,CN2510420-A,TBA,"→ 写为 NULL（raw_text 保留原值 ""TBA""）"
13705,CN2510421-S,TBA,"→ 写为 NULL（raw_text 保留原值 ""TBA""）"
13706,CN2510422-A,TBA,"→ 写为 NULL（raw_text 保留原值 ""TBA""）"
13707,CN2510423-S,TBA,"→ 写为 NULL（raw_text 保留原值 ""TBA""）"
13708,CN2510424-A,TBA,"→ 写为 NULL（raw_text 保留原值 ""TBA""）"
13709,CN2510425-A,TBA,"→ 写为 NULL（raw_text 保留原值 ""TBA""）"
13710,CN2510426-A,TBA,"→ 写为 NULL（raw_text 保留原值 ""TBA""）"
13711,CN2510427-S,TBA,"→ 写为 NULL（raw_text 保留原值 ""TBA""）"
13712,CN2510428-S,TBA,"→ 写为 NULL（raw_text 保留原值 ""TBA""）"
13713,CN2510429-A,TBA,"→ 写为 NULL（raw_text 保留原值 ""TBA""）"
13714,CN2510430-A,TBA,"→ 写为 NULL（raw_text 保留原值 ""TBA""）"
13715,CN2510431-A,TBA,"→ 写为 NULL（raw_text 保留原值 ""TBA""）"
13716,CN2510432-A,TBA,"→ 写为 NULL（raw_text 保留原值 ""TBA""）"
13720,CN2510434-A,TBA,"→ 写为 NULL（raw_text 保留原值 ""TBA""）"
13722,CN2510436-A,TBA,"→ 写为 NULL（raw_text 保留原值 ""TBA""）"
13723,CN2510437-S,TBA,"→ 写为 NULL（raw_text 保留原值 ""TBA""）"
13724,CN2510438-A,TBA,"→ 写为 NULL（raw_text 保留原值 ""TBA""）"
13725,CN2510439-A,TBA,"→ 写为 NULL（raw_text 保留原值 ""TBA""）"
13726,CN2510439-A1,TBA,"→ 写为 NULL（raw_text 保留原值 ""TBA""）"
13727,CN2510440-S,TBA,"→ 写为 NULL（raw_text 保留原值 ""TBA""）"
13728,CN2510441-A,TBA,"→ 写为 NULL（raw_text 保留原值 ""TBA""）"
13729,CN2510442-A,TBA,"→ 写为 NULL（raw_text 保留原值 ""TBA""）"
13730,CN2510443-S,TBA,"→ 写为 NULL（raw_text 保留原值 ""TBA""）"
13731,CN2510444-S,TBA,"→ 写为 NULL（raw_text 保留原值 ""TBA""）"
13732,CN2510445-S,TBA,"→ 写为 NULL（raw_text 保留原值 ""TBA""）"
13733,CN2510446-A,TBA,"→ 写为 NULL（raw_text 保留原值 ""TBA""）"
13735,CN2510448-A,TBA,"→ 写为 NULL（raw_text 保留原值 ""TBA""）"
13736,CN2510449-A,TBA,"→ 写为 NULL（raw_text 保留原值 ""TBA""）"
13737,CN2510450-A,TBA,"→ 写为 NULL（raw_text 保留原值 ""TBA""）"
13738,CN2510451-A,TBA,"→ 写为 NULL（raw_text 保留原值 ""TBA""）"
13739,CN2510452-A,TBA,"→ 写为 NULL（raw_text 保留原值 ""TBA""）"
13740,CN2510453-A,TBA,"→ 写为 NULL（raw_text 保留原值 ""TBA""）"
13741,CN2510454-A,TBA,"→ 写为 NULL（raw_text 保留原值 ""TBA""）"
13742,CN2510455-A,TBA,"→ 写为 NULL（raw_text 保留原值 ""TBA""）"
13743,CN2510456-S,TBA,"→ 写为 NULL（raw_text 保留原值 ""TBA""）"
13744,CN2510457-S,TBA,"→ 写为 NULL（raw_text 保留原值 ""TBA""）"
13745,CN2510458-S,TBA,"→ 写为 NULL（raw_text 保留原值 ""TBA""）"
13747,CN2510460-S,TBA,"→ 写为 NULL（raw_text 保留原值 ""TBA""）"
13748,CN2510461-A,TBA,"→ 写为 NULL（raw_text 保留原值 ""TBA""）"
13749,CN2510462-A,TBA,"→ 写为 NULL（raw_text 保留原值 ""TBA""）"
13750,CN2510463-A,TBA,"→ 写为 NULL（raw_text 保留原值 ""TBA""）"
13751,CN2510464-S,TBA,"→ 写为 NULL（raw_text 保留原值 ""TBA""）"
13752,CN2510465-A,TBA,"→ 写为 NULL（raw_text 保留原值 ""TBA""）"
13754,CN2510467-A,TBA,"→ 写为 NULL（raw_text 保留原值 ""TBA""）"
13755,CN2510468-A,TBA,"→ 写为 NULL（raw_text 保留原值 ""TBA""）"
13756,CN2510469-A,TBA,"→ 写为 NULL（raw_text 保留原值 ""TBA""）"
13757,CN2510470-A,TBA,"→ 写为 NULL（raw_text 保留原值 ""TBA""）"
13758,CN2510471-S,TBA,"→ 写为 NULL（raw_text 保留原值 ""TBA""）"
13759,CN2510472-A,TBA,"→ 写为 NULL（raw_text 保留原值 ""TBA""）"
13760,CN2510473-A,TBA,"→ 写为 NULL（raw_text 保留原值 ""TBA""）"
13761,CN2510474-A,TBA,"→ 写为 NULL（raw_text 保留原值 ""TBA""）"
13762,CN2510475-A,TBA,"→ 写为 NULL（raw_text 保留原值 ""TBA""）"
13763,CN2510476-A,TBA,"→ 写为 NULL（raw_text 保留原值 ""TBA""）"
13764,CN2510477-A,TBA,"→ 写为 NULL（raw_text 保留原值 ""TBA""）"
13765,CN2510478-A,TBA,"→ 写为 NULL（raw_text 保留原值 ""TBA""）"
13766,CN2510479-A,TBA,"→ 写为 NULL（raw_text 保留原值 ""TBA""）"
13767,CN2510480-A,TBA,"→ 写为 NULL（raw_text 保留原值 ""TBA""）"
13768,CN2510481-A,TBA,"→ 写为 NULL（raw_text 保留原值 ""TBA""）"
13770,CN2510483-A,TBA,"→ 写为 NULL（raw_text 保留原值 ""TBA""）"
13771,CN2510484-S,TBA,"→ 写为 NULL（raw_text 保留原值 ""TBA""）"
13772,CN2510485-S,TBA,"→ 写为 NULL（raw_text 保留原值 ""TBA""）"
13773,CN2510486-S,TBA,"→ 写为 NULL（raw_text 保留原值 ""TBA""）"
13774,CN2510487-S,TBA,"→ 写为 NULL（raw_text 保留原值 ""TBA""）"
13775,CN2510488-S,TBA,"→ 写为 NULL（raw_text 保留原值 ""TBA""）"
13776,CN2510489-S,TBA,"→ 写为 NULL（raw_text 保留原值 ""TBA""）"
13777,CN2510490-S,TBA,"→ 写为 NULL（raw_text 保留原值 ""TBA""）"
13778,CN2510491-S,TBA,"→ 写为 NULL（raw_text 保留原值 ""TBA""）"
13779,CN2510492-S,TBA,"→ 写为 NULL（raw_text 保留原值 ""TBA""）"
13780,CN2510493-S,TBA,"→ 写为 NULL（raw_text 保留原值 ""TBA""）"
13782,CN2510495-S,TBA,"→ 写为 NULL（raw_text 保留原值 ""TBA""）"
13783,CN2510496-S,TBA,"→ 写为 NULL（raw_text 保留原值 ""TBA""）"
13784,CN2510497-S,TBA,"→ 写为 NULL（raw_text 保留原值 ""TBA""）"
13785,CN2510498-S,TBA,"→ 写为 NULL（raw_text 保留原值 ""TBA""）"
13786,CN2510499-S,TBA,"→ 写为 NULL（raw_text 保留原值 ""TBA""）"
13787,CN2510500-A,TBA,"→ 写为 NULL（raw_text 保留原值 ""TBA""）"
13788,CN2510501-A1,TBA,"→ 写为 NULL（raw_text 保留原值 ""TBA""）"
13789,CN2510501-A2,TBA,"→ 写为 NULL（raw_text 保留原值 ""TBA""）"
13790,CN2510502-A,TBA,"→ 写为 NULL（raw_text 保留原值 ""TBA""）"
13791,CN2510503-A,TBA,"→ 写为 NULL（raw_text 保留原值 ""TBA""）"
13792,CN2510504-A,TBA,"→ 写为 NULL（raw_text 保留原值 ""TBA""）"
13793,CN2510505-A,TBA,"→ 写为 NULL（raw_text 保留原值 ""TBA""）"
13794,CN2510506-A,TBA,"→ 写为 NULL（raw_text 保留原值 ""TBA""）"
13795,CN2510507-S,TBA,"→ 写为 NULL（raw_text 保留原值 ""TBA""）"
13796,CN2510508-A,TBA,"→ 写为 NULL（raw_text 保留原值 ""TBA""）"
13797,CN2510509-S,TBA,"→ 写为 NULL（raw_text 保留原值 ""TBA""）"
13800,CN2510512-A,TBA,"→ 写为 NULL（raw_text 保留原值 ""TBA""）"
13801,CN2510513-A,TBA,"→ 写为 NULL（raw_text 保留原值 ""TBA""）"
13802,CN2510514-A,TBA,"→ 写为 NULL（raw_text 保留原值 ""TBA""）"
13803,CN2510515-A,TBA,"→ 写为 NULL（raw_text 保留原值 ""TBA""）"
13804,CN2510516-S,TBA,"→ 写为 NULL（raw_text 保留原值 ""TBA""）"
13805,CN2510517-S,TBA,"→ 写为 NULL（raw_text 保留原值 ""TBA""）"
13806,CN2510518-S,TBA,"→ 写为 NULL（raw_text 保留原值 ""TBA""）"
13807,CN2510519-S,TBA,"→ 写为 NULL（raw_text 保留原值 ""TBA""）"
13808,CN2510520-A,TBA,"→ 写为 NULL（raw_text 保留原值 ""TBA""）"
13809,CN2510521-S,TBA,"→ 写为 NULL（raw_text 保留原值 ""TBA""）"
13812,CN2510524-S,TBA,"→ 写为 NULL（raw_text 保留原值 ""TBA""）"
13813,CN2510525-A,TBA,"→ 写为 NULL（raw_text 保留原值 ""TBA""）"
13814,CN2510526-A,TBA,"→ 写为 NULL（raw_text 保留原值 ""TBA""）"
13815,CN2510527-A,TBA,"→ 写为 NULL（raw_text 保留原值 ""TBA""）"
13816,CN2510528-A,TBA,"→ 写为 NULL（raw_text 保留原值 ""TBA""）"
13818,CN2510530-S,TBA,"→ 写为 NULL（raw_text 保留原值 ""TBA""）"
13819,CN2510531-R,TBA,"→ 写为 NULL（raw_text 保留原值 ""TBA""）"
13820,CN2510532-S,TBA,"→ 写为 NULL（raw_text 保留原值 ""TBA""）"
13821,CN2510533-R,TBA,"→ 写为 NULL（raw_text 保留原值 ""TBA""）"
13822,CN2510534-A,TBA,"→ 写为 NULL（raw_text 保留原值 ""TBA""）"
13824,CN2510536-S,TBA,"→ 写为 NULL（raw_text 保留原值 ""TBA""）"
13825,CN2510537-A,TBA,"→ 写为 NULL（raw_text 保留原值 ""TBA""）"
13828,CN2510540-S,TBA,"→ 写为 NULL（raw_text 保留原值 ""TBA""）"
13829,CN2510541-A,TBA,"→ 写为 NULL（raw_text 保留原值 ""TBA""）"
13830,CN2510542-A,TBA,"→ 写为 NULL（raw_text 保留原值 ""TBA""）"
13831,CN2510543-A,TBA,"→ 写为 NULL（raw_text 保留原值 ""TBA""）"
13832,CN2510544-AS,TBA,"→ 写为 NULL（raw_text 保留原值 ""TBA""）"
13833,CN2510544-AS1,TBA,"→ 写为 NULL（raw_text 保留原值 ""TBA""）"
13834,CN2510545-S,TBA,"→ 写为 NULL（raw_text 保留原值 ""TBA""）"
13835,CN2510546-S,TBA,"→ 写为 NULL（raw_text 保留原值 ""TBA""）"
13836,CN2510547-S,TBA,"→ 写为 NULL（raw_text 保留原值 ""TBA""）"
13839,CN2510550-A,TBA,"→ 写为 NULL（raw_text 保留原值 ""TBA""）"
13840,CN2510551-A,TBA,"→ 写为 NULL（raw_text 保留原值 ""TBA""）"
13841,CN2510552-A,TBA,"→ 写为 NULL（raw_text 保留原值 ""TBA""）"
13842,CN2510553-S,TBA,"→ 写为 NULL（raw_text 保留原值 ""TBA""）"
13843,CN2510554-AS,TBA,"→ 写为 NULL（raw_text 保留原值 ""TBA""）"
13844,CN2510554-AS1,TBA,"→ 写为 NULL（raw_text 保留原值 ""TBA""）"
13845,CN2510555-A,TBA,"→ 写为 NULL（raw_text 保留原值 ""TBA""）"
13846,CN2510556-S,TBA,"→ 写为 NULL（raw_text 保留原值 ""TBA""）"
13847,CN2510557-S,TBA,"→ 写为 NULL（raw_text 保留原值 ""TBA""）"
13848,CN2510558-S,TBA,"→ 写为 NULL（raw_text 保留原值 ""TBA""）"
13849,CN2510559-S,TBA,"→ 写为 NULL（raw_text 保留原值 ""TBA""）"
13850,CN2510560-S,TBA,"→ 写为 NULL（raw_text 保留原值 ""TBA""）"
13851,CN2510561-A,TBA,"→ 写为 NULL（raw_text 保留原值 ""TBA""）"
13852,CN2510562-A,TBA,"→ 写为 NULL（raw_text 保留原值 ""TBA""）"
13853,CN2510563-A,TBA,"→ 写为 NULL（raw_text 保留原值 ""TBA""）"
13854,CN2510564-A,TBA,"→ 写为 NULL（raw_text 保留原值 ""TBA""）"
13855,CN2510565-A,TBA,"→ 写为 NULL（raw_text 保留原值 ""TBA""）"
13856,CN2510566-A,TBA,"→ 写为 NULL（raw_text 保留原值 ""TBA""）"
13857,CN2510567-A,TBA,"→ 写为 NULL（raw_text 保留原值 ""TBA""）"
13858,CN2510568-A,TBA,"→ 写为 NULL（raw_text 保留原值 ""TBA""）"
13860,CN2510570-A,TBA,"→ 写为 NULL（raw_text 保留原值 ""TBA""）"
13861,CN2510571-A,TBA,"→ 写为 NULL（raw_text 保留原值 ""TBA""）"
13862,CN2510572-S,TBA,"→ 写为 NULL（raw_text 保留原值 ""TBA""）"
13863,CN2510573-S,TBA,"→ 写为 NULL（raw_text 保留原值 ""TBA""）"
13864,CN2510574-S,TBA,"→ 写为 NULL（raw_text 保留原值 ""TBA""）"
13865,CN2510575-S,TBA,"→ 写为 NULL（raw_text 保留原值 ""TBA""）"
13866,CN2510576-S,TBA,"→ 写为 NULL（raw_text 保留原值 ""TBA""）"
13867,CN2510577-A,TBA,"→ 写为 NULL（raw_text 保留原值 ""TBA""）"
13868,CN2510578-A,TBA,"→ 写为 NULL（raw_text 保留原值 ""TBA""）"
13869,CN2510579-A,TBA,"→ 写为 NULL（raw_text 保留原值 ""TBA""）"
13870,CN2510580-A,TBA,"→ 写为 NULL（raw_text 保留原值 ""TBA""）"
13871,CN2510581-A,TBA,"→ 写为 NULL（raw_text 保留原值 ""TBA""）"
13872,CN2510582-A,TBA,"→ 写为 NULL（raw_text 保留原值 ""TBA""）"
13874,CN2510584-A,TBA,"→ 写为 NULL（raw_text 保留原值 ""TBA""）"
13876,CN2510586-A,TBA,"→ 写为 NULL（raw_text 保留原值 ""TBA""）"
13877,CN2510587-A,TBA,"→ 写为 NULL（raw_text 保留原值 ""TBA""）"
13878,CN2510588-S,TBA,"→ 写为 NULL（raw_text 保留原值 ""TBA""）"
13880,CN2510590-A,TBA,"→ 写为 NULL（raw_text 保留原值 ""TBA""）"
13881,CN2510591-A,TBA,"→ 写为 NULL（raw_text 保留原值 ""TBA""）"
13882,CN2510592-A,TBA,"→ 写为 NULL（raw_text 保留原值 ""TBA""）"
13883,CN2510593-S,TBA,"→ 写为 NULL（raw_text 保留原值 ""TBA""）"
13884,CN2510594-S,TBA,"→ 写为 NULL（raw_text 保留原值 ""TBA""）"
13885,CN2510595-S,TBA,"→ 写为 NULL（raw_text 保留原值 ""TBA""）"
13886,CN2510596-S,TBA,"→ 写为 NULL（raw_text 保留原值 ""TBA""）"
13887,CN2510597-S,TBA,"→ 写为 NULL（raw_text 保留原值 ""TBA""）"
13888,CN2510598-S,TBA,"→ 写为 NULL（raw_text 保留原值 ""TBA""）"
13889,CN2510599-S,TBA,"→ 写为 NULL（raw_text 保留原值 ""TBA""）"
13890,CN2510600-S,TBA,"→ 写为 NULL（raw_text 保留原值 ""TBA""）"
13891,CN2510601-S,TBA,"→ 写为 NULL（raw_text 保留原值 ""TBA""）"
13892,CN2510602-S,TBA,"→ 写为 NULL（raw_text 保留原值 ""TBA""）"
13893,CN2510603-S,TBA,"→ 写为 NULL（raw_text 保留原值 ""TBA""）"
13894,CN2510604-S,TBA,"→ 写为 NULL（raw_text 保留原值 ""TBA""）"
13895,CN2510605-S,TBA,"→ 写为 NULL（raw_text 保留原值 ""TBA""）"
13896,CN2510606-S,TBA,"→ 写为 NULL（raw_text 保留原值 ""TBA""）"
13897,CN2510607-S,TBA,"→ 写为 NULL（raw_text 保留原值 ""TBA""）"
13898,CN2510608-S,TBA,"→ 写为 NULL（raw_text 保留原值 ""TBA""）"
13899,CN2510609-S,TBA,"→ 写为 NULL（raw_text 保留原值 ""TBA""）"
13900,CN2510610-S,TBA,"→ 写为 NULL（raw_text 保留原值 ""TBA""）"
13901,CN2510611-S,TBA,"→ 写为 NULL（raw_text 保留原值 ""TBA""）"
13902,CN2510612-S,TBA,"→ 写为 NULL（raw_text 保留原值 ""TBA""）"
13903,CN2510613-S,TBA,"→ 写为 NULL（raw_text 保留原值 ""TBA""）"
13904,CN2510614-S,TBA,"→ 写为 NULL（raw_text 保留原值 ""TBA""）"
13905,CN2510615-S,TBA,"→ 写为 NULL（raw_text 保留原值 ""TBA""）"
13906,CN2510616-S,TBA,"→ 写为 NULL（raw_text 保留原值 ""TBA""）"
13907,CN2510617-A,TBA,"→ 写为 NULL（raw_text 保留原值 ""TBA""）"
13908,CN2510618-A,TBA,"→ 写为 NULL（raw_text 保留原值 ""TBA""）"
13909,CN2510619-A,TBA,"→ 写为 NULL（raw_text 保留原值 ""TBA""）"
13910,CN2510620-S,TBA,"→ 写为 NULL（raw_text 保留原值 ""TBA""）"
13911,CN2510621-A,TBA,"→ 写为 NULL（raw_text 保留原值 ""TBA""）"
13912,CN2510622-R,TBA,"→ 写为 NULL（raw_text 保留原值 ""TBA""）"
13916,CN2510626-S,TBA,"→ 写为 NULL（raw_text 保留原值 ""TBA""）"
13917,CN2510627-A,TBA,"→ 写为 NULL（raw_text 保留原值 ""TBA""）"
13919,CN2510629-A,TBA,"→ 写为 NULL（raw_text 保留原值 ""TBA""）"
13920,CN2510630-S,TBA,"→ 写为 NULL（raw_text 保留原值 ""TBA""）"
13921,CN2510631-AS,TBA,"→ 写为 NULL（raw_text 保留原值 ""TBA""）"
13922,CN2510631-AS1,TBA,"→ 写为 NULL（raw_text 保留原值 ""TBA""）"
13923,CN2510632-S,TBA,"→ 写为 NULL（raw_text 保留原值 ""TBA""）"
13924,CN2510633-S,TBA,"→ 写为 NULL（raw_text 保留原值 ""TBA""）"
13925,CN2510634-S,TBA,"→ 写为 NULL（raw_text 保留原值 ""TBA""）"
13926,CN2510635-A,TBA,"→ 写为 NULL（raw_text 保留原值 ""TBA""）"
13927,CN2510636-A,TBA,"→ 写为 NULL（raw_text 保留原值 ""TBA""）"
13928,CN2510637-S,TBA,"→ 写为 NULL（raw_text 保留原值 ""TBA""）"
13929,CN2510638-A,TBA,"→ 写为 NULL（raw_text 保留原值 ""TBA""）"
13930,CN2510639-S,TBA,"→ 写为 NULL（raw_text 保留原值 ""TBA""）"
13931,CN2510640-A,TBA,"→ 写为 NULL（raw_text 保留原值 ""TBA""）"
13933,CN2510642-A,TBA,"→ 写为 NULL（raw_text 保留原值 ""TBA""）"
13934,CN2510643-S,TBA,"→ 写为 NULL（raw_text 保留原值 ""TBA""）"
13936,CN2510645-A,TBA,"→ 写为 NULL（raw_text 保留原值 ""TBA""）"
13937,CN2510646-S,TBA,"→ 写为 NULL（raw_text 保留原值 ""TBA""）"
13939,CN2510648-A,TBA,"→ 写为 NULL（raw_text 保留原值 ""TBA""）"
13942,CN2510651-S,TBA,"→ 写为 NULL（raw_text 保留原值 ""TBA""）"
13945,CN2510653-S,TBA,"→ 写为 NULL（raw_text 保留原值 ""TBA""）"
13946,CN2510654-A,TBA,"→ 写为 NULL（raw_text 保留原值 ""TBA""）"
13947,CN2510655-A,TBA,"→ 写为 NULL（raw_text 保留原值 ""TBA""）"
13948,CN2510656-R,TBA,"→ 写为 NULL（raw_text 保留原值 ""TBA""）"
13949,CN2510657-S,TBA,"→ 写为 NULL（raw_text 保留原值 ""TBA""）"
13950,CN2510658-S,TBA,"→ 写为 NULL（raw_text 保留原值 ""TBA""）"
13951,CN2510659-S,TBA,"→ 写为 NULL（raw_text 保留原值 ""TBA""）"
13952,CN2510660-S,TBA,"→ 写为 NULL（raw_text 保留原值 ""TBA""）"
13953,CN2510661-S,TBA,"→ 写为 NULL（raw_text 保留原值 ""TBA""）"
13954,CN2510662-S,TBA,"→ 写为 NULL（raw_text 保留原值 ""TBA""）"
13955,CN2510663-S,TBA,"→ 写为 NULL（raw_text 保留原值 ""TBA""）"
13956,CN2510664-S,TBA,"→ 写为 NULL（raw_text 保留原值 ""TBA""）"
13957,CN2510665-S,TBA,"→ 写为 NULL（raw_text 保留原值 ""TBA""）"
13958,CN2510666-AS,TBA,"→ 写为 NULL（raw_text 保留原值 ""TBA""）"
13959,CN2510666-AS1,TBA,"→ 写为 NULL（raw_text 保留原值 ""TBA""）"
13960,CN2510667-A,TBA,"→ 写为 NULL（raw_text 保留原值 ""TBA""）"
13961,CN2510668-S,TBA,"→ 写为 NULL（raw_text 保留原值 ""TBA""）"
13962,CN2510669-A,TBA,"→ 写为 NULL（raw_text 保留原值 ""TBA""）"
13963,CN2510670-S,TBA,"→ 写为 NULL（raw_text 保留原值 ""TBA""）"
13964,CN2510671-A,TBA,"→ 写为 NULL（raw_text 保留原值 ""TBA""）"
13965,CN2510672-S,TBA,"→ 写为 NULL（raw_text 保留原值 ""TBA""）"
13966,CN2510673-A,TBA,"→ 写为 NULL（raw_text 保留原值 ""TBA""）"
13967,CN2510674-S,TBA,"→ 写为 NULL（raw_text 保留原值 ""TBA""）"
13968,CN2510675-S,TBA,"→ 写为 NULL（raw_text 保留原值 ""TBA""）"
13969,CN2510676-S,TBA,"→ 写为 NULL（raw_text 保留原值 ""TBA""）"
13970,CN2510677-A,TBA,"→ 写为 NULL（raw_text 保留原值 ""TBA""）"
13971,CN2510678-S,TBA,"→ 写为 NULL（raw_text 保留原值 ""TBA""）"
13972,CN2510679-A,TBA,"→ 写为 NULL（raw_text 保留原值 ""TBA""）"
13973,CN2510680-A,TBA,"→ 写为 NULL（raw_text 保留原值 ""TBA""）"
13974,CN2510681-S,TBA,"→ 写为 NULL（raw_text 保留原值 ""TBA""）"
13975,CN2510682-S,TBA,"→ 写为 NULL（raw_text 保留原值 ""TBA""）"
13976,CN2510683-AS,TBA,"→ 写为 NULL（raw_text 保留原值 ""TBA""）"
13977,CN2510683-AS1,TBA,"→ 写为 NULL（raw_text 保留原值 ""TBA""）"
13978,CN2510684-S,TBA,"→ 写为 NULL（raw_text 保留原值 ""TBA""）"
13979,CN2510685-S,TBA,"→ 写为 NULL（raw_text 保留原值 ""TBA""）"
13980,CN2510686-A,TBA,"→ 写为 NULL（raw_text 保留原值 ""TBA""）"
13981,CN2510687-A,TBA,"→ 写为 NULL（raw_text 保留原值 ""TBA""）"
13982,CN2510688-A,TBA,"→ 写为 NULL（raw_text 保留原值 ""TBA""）"
13983,CN2510689-S,TBA,"→ 写为 NULL（raw_text 保留原值 ""TBA""）"
13985,CN2510691-S,TBA,"→ 写为 NULL（raw_text 保留原值 ""TBA""）"
13986,CN2510692-A,TBA,"→ 写为 NULL（raw_text 保留原值 ""TBA""）"
13987,CN2510693-A,TBA,"→ 写为 NULL（raw_text 保留原值 ""TBA""）"
13988,CN2510693-A1,TBA,"→ 写为 NULL（raw_text 保留原值 ""TBA""）"
13989,CN2510693-A2,TBA,"→ 写为 NULL（raw_text 保留原值 ""TBA""）"
13990,CN2510694-A,TBA,"→ 写为 NULL（raw_text 保留原值 ""TBA""）"
13991,CN2510695-S,TBA,"→ 写为 NULL（raw_text 保留原值 ""TBA""）"
13992,CN2510696-S,TBA,"→ 写为 NULL（raw_text 保留原值 ""TBA""）"
13993,CN2510697-A,TBA,"→ 写为 NULL（raw_text 保留原值 ""TBA""）"
13994,CN2510698-S,TBA,"→ 写为 NULL（raw_text 保留原值 ""TBA""）"
13995,CN2511001-A,TBA,"→ 写为 NULL（raw_text 保留原值 ""TBA""）"
13996,CN2511002-S,TBA,"→ 写为 NULL（raw_text 保留原值 ""TBA""）"
13997,CN2511003-S,TBA,"→ 写为 NULL（raw_text 保留原值 ""TBA""）"
13998,CN2511004-A,TBA,"→ 写为 NULL（raw_text 保留原值 ""TBA""）"
14000,CN2511006-S,TBA,"→ 写为 NULL（raw_text 保留原值 ""TBA""）"
14001,CN2511007-A,TBA,"→ 写为 NULL（raw_text 保留原值 ""TBA""）"
14002,CN2511008-S,TBA,"→ 写为 NULL（raw_text 保留原值 ""TBA""）"
14003,CN2511009-A,TBA,"→ 写为 NULL（raw_text 保留原值 ""TBA""）"
14004,CN2511010-A,TBA,"→ 写为 NULL（raw_text 保留原值 ""TBA""）"
14005,CN2511011-A,TBA,"→ 写为 NULL（raw_text 保留原值 ""TBA""）"
14006,CN2511012-A,TBA,"→ 写为 NULL（raw_text 保留原值 ""TBA""）"
14007,CN2511013-S,TBA,"→ 写为 NULL（raw_text 保留原值 ""TBA""）"
14008,CN2511014-A,TBA,"→ 写为 NULL（raw_text 保留原值 ""TBA""）"
14009,CN2511015-S,TBA,"→ 写为 NULL（raw_text 保留原值 ""TBA""）"
14010,CN2511016-S,TBA,"→ 写为 NULL（raw_text 保留原值 ""TBA""）"
14011,CN2511017-S,TBA,"→ 写为 NULL（raw_text 保留原值 ""TBA""）"
14012,CN2511018-R,TBA,"→ 写为 NULL（raw_text 保留原值 ""TBA""）"
14013,CN2511019-S,TBA,"→ 写为 NULL（raw_text 保留原值 ""TBA""）"
14014,CN2511020-S,TBA,"→ 写为 NULL（raw_text 保留原值 ""TBA""）"
14015,CN2511021-A,TBA,"→ 写为 NULL（raw_text 保留原值 ""TBA""）"
14016,CN2511022-S,TBA,"→ 写为 NULL（raw_text 保留原值 ""TBA""）"
14017,CN2511023-A,TBA,"→ 写为 NULL（raw_text 保留原值 ""TBA""）"
14018,CN2511024-A,TBA,"→ 写为 NULL（raw_text 保留原值 ""TBA""）"
14019,CN2511025-A,TBA,"→ 写为 NULL（raw_text 保留原值 ""TBA""）"
14020,CN2511026-A,TBA,"→ 写为 NULL（raw_text 保留原值 ""TBA""）"
14021,CN2511027-A,TBA,"→ 写为 NULL（raw_text 保留原值 ""TBA""）"
14022,CN2511028-A,TBA,"→ 写为 NULL（raw_text 保留原值 ""TBA""）"
14023,CN2511029-A,TBA,"→ 写为 NULL（raw_text 保留原值 ""TBA""）"
14024,CN2511030-A,TBA,"→ 写为 NULL（raw_text 保留原值 ""TBA""）"
14025,CN2511031-A,TBA,"→ 写为 NULL（raw_text 保留原值 ""TBA""）"
14026,CN2511032-A,TBA,"→ 写为 NULL（raw_text 保留原值 ""TBA""）"
14027,CN2511033-A,TBA,"→ 写为 NULL（raw_text 保留原值 ""TBA""）"
14028,CN2511034-A,TBA,"→ 写为 NULL（raw_text 保留原值 ""TBA""）"
14029,CN2511035-A,TBA,"→ 写为 NULL（raw_text 保留原值 ""TBA""）"
14030,CN2511036-A,TBA,"→ 写为 NULL（raw_text 保留原值 ""TBA""）"
14031,CN2511037-A,TBA,"→ 写为 NULL（raw_text 保留原值 ""TBA""）"
14032,CN2511038-A,TBA,"→ 写为 NULL（raw_text 保留原值 ""TBA""）"
14033,CN2511039-A,TBA,"→ 写为 NULL（raw_text 保留原值 ""TBA""）"
14034,CN2511040-A,TBA,"→ 写为 NULL（raw_text 保留原值 ""TBA""）"
14035,CN2511041-A,TBA,"→ 写为 NULL（raw_text 保留原值 ""TBA""）"
14036,CN2511042-S,TBA,"→ 写为 NULL（raw_text 保留原值 ""TBA""）"
14037,CN2511043-S,TBA,"→ 写为 NULL（raw_text 保留原值 ""TBA""）"
14039,CN2511045-A,TBA,"→ 写为 NULL（raw_text 保留原值 ""TBA""）"
14040,CN2511045-A1,TBA,"→ 写为 NULL（raw_text 保留原值 ""TBA""）"
14041,CN2511045-A2,TBA,"→ 写为 NULL（raw_text 保留原值 ""TBA""）"
14042,CN2511046-A,TBA,"→ 写为 NULL（raw_text 保留原值 ""TBA""）"
