
  .   ____          _            __ _ _
 /\\ / ___'_ __ _ _(_)_ __  __ _ \ \ \ \
( ( )\___ | '_ | '_| | '_ \/ _` | \ \ \ \
 \\/  ___)| |_)| | | | | || (_| |  ) ) ) )
  '  |____| .__|_| |_|_| |_\__, | / / / /
 =========|_|==============|___/=/_/_/_/
 :: Spring Boot ::                (v3.2.0)

2026-05-08T12:30:34.804+08:00  INFO 16608 --- [logitrack-backend] [           main] c.l.backend.LogiTrackApplication         : Starting LogiTrackApplication v1.0.0 using Java 21.0.9 with PID 16608 (C:\logitrack\LogiTrack--update-status-report-20260126023903\backend\target\logitrack-backend-1.0.0.jar started by Administrator in C:\logitrack\LogiTrack--update-status-report-20260126023903\backend)
2026-05-08T12:30:34.812+08:00 DEBUG 16608 --- [logitrack-backend] [           main] c.l.backend.LogiTrackApplication         : Running with Spring Boot v3.2.0, Spring v6.1.1
2026-05-08T12:30:34.823+08:00  INFO 16608 --- [logitrack-backend] [           main] c.l.backend.LogiTrackApplication         : No active profile set, falling back to 1 default profile: "default"
2026-05-08T12:30:36.759+08:00  INFO 16608 --- [logitrack-backend] [           main] .s.d.r.c.RepositoryConfigurationDelegate : Bootstrapping Spring Data JPA repositories in DEFAULT mode.
2026-05-08T12:30:37.013+08:00  INFO 16608 --- [logitrack-backend] [           main] .s.d.r.c.RepositoryConfigurationDelegate : Finished Spring Data repository scanning in 234 ms. Found 29 JPA repository interfaces.
2026-05-08T12:30:38.582+08:00  INFO 16608 --- [logitrack-backend] [           main] o.s.b.w.embedded.tomcat.TomcatWebServer  : Tomcat initialized with port 8080 (http)
2026-05-08T12:30:38.599+08:00  INFO 16608 --- [logitrack-backend] [           main] o.apache.catalina.core.StandardService   : Starting service [Tomcat]
2026-05-08T12:30:38.600+08:00  INFO 16608 --- [logitrack-backend] [           main] o.apache.catalina.core.StandardEngine    : Starting Servlet engine: [Apache Tomcat/10.1.16]
2026-05-08T12:30:38.699+08:00  INFO 16608 --- [logitrack-backend] [           main] o.a.c.c.C.[Tomcat].[localhost].[/]       : Initializing Spring embedded WebApplicationContext
2026-05-08T12:30:38.701+08:00  INFO 16608 --- [logitrack-backend] [           main] w.s.c.ServletWebServerApplicationContext : Root WebApplicationContext: initialization completed in 3723 ms
2026-05-08T12:30:39.087+08:00  INFO 16608 --- [logitrack-backend] [           main] o.hibernate.jpa.internal.util.LogHelper  : HHH000204: Processing PersistenceUnitInfo [name: default]
2026-05-08T12:30:39.287+08:00  INFO 16608 --- [logitrack-backend] [           main] org.hibernate.Version                    : HHH000412: Hibernate ORM core version 6.3.1.Final
2026-05-08T12:30:39.346+08:00  INFO 16608 --- [logitrack-backend] [           main] o.h.c.internal.RegionFactoryInitiator    : HHH000026: Second-level cache disabled
2026-05-08T12:30:39.734+08:00  INFO 16608 --- [logitrack-backend] [           main] o.s.o.j.p.SpringPersistenceUnitInfo      : No LoadTimeWeaver setup: ignoring JPA class transformer
2026-05-08T12:30:39.769+08:00  INFO 16608 --- [logitrack-backend] [           main] com.zaxxer.hikari.HikariDataSource       : HikariPool-1 - Starting...
2026-05-08T12:30:40.065+08:00  INFO 16608 --- [logitrack-backend] [           main] com.zaxxer.hikari.pool.HikariPool        : HikariPool-1 - Added connection com.mysql.cj.jdbc.ConnectionImpl@6eaa6b0c
2026-05-08T12:30:40.067+08:00  INFO 16608 --- [logitrack-backend] [           main] com.zaxxer.hikari.HikariDataSource       : HikariPool-1 - Start completed.
2026-05-08T12:30:40.132+08:00  WARN 16608 --- [logitrack-backend] [           main] org.hibernate.orm.deprecation            : HHH90000025: MySQLDialect does not need to be specified explicitly using 'hibernate.dialect' (remove the property setting and it will be selected by default)
2026-05-08T12:30:43.121+08:00  INFO 16608 --- [logitrack-backend] [           main] o.h.e.t.j.p.i.JtaPlatformInitiator       : HHH000489: No JTA platform available (set 'hibernate.transaction.jta.platform' to enable JTA platform integration)
2026-05-08T12:30:43.211+08:00 DEBUG 16608 --- [logitrack-backend] [           main] org.hibernate.SQL                        : 
    alter table email_processing_log 
       modify column confidence float(53)
Hibernate: 
    alter table email_processing_log 
       modify column confidence float(53)
2026-05-08T12:30:43.322+08:00 DEBUG 16608 --- [logitrack-backend] [           main] org.hibernate.SQL                        : 
    alter table email_processing_log 
       modify column forward_status varchar(20)
Hibernate: 
    alter table email_processing_log 
       modify column forward_status varchar(20)
2026-05-08T12:30:43.483+08:00 DEBUG 16608 --- [logitrack-backend] [           main] org.hibernate.SQL                        : 
    alter table email_processing_log 
       modify column process_result varchar(20) not null
Hibernate: 
    alter table email_processing_log 
       modify column process_result varchar(20) not null
2026-05-08T12:30:43.780+08:00  INFO 16608 --- [logitrack-backend] [           main] j.LocalContainerEntityManagerFactoryBean : Initialized JPA EntityManagerFactory for persistence unit 'default'
2026-05-08T12:30:44.552+08:00  INFO 16608 --- [logitrack-backend] [           main] o.s.d.j.r.query.QueryEnhancerFactory     : Hibernate is in classpath; If applicable, HQL parser will be used.
2026-05-08T12:30:47.519+08:00  WARN 16608 --- [logitrack-backend] [           main] JpaBaseConfiguration$JpaWebConfiguration : spring.jpa.open-in-view is enabled by default. Therefore, database queries may be performed during view rendering. Explicitly configure spring.jpa.open-in-view to disable this warning
2026-05-08T12:30:48.716+08:00  INFO 16608 --- [logitrack-backend] [           main] o.s.b.w.embedded.tomcat.TomcatWebServer  : Tomcat started on port 8080 (http) with context path ''
2026-05-08T12:30:48.786+08:00  INFO 16608 --- [logitrack-backend] [           main] c.l.backend.LogiTrackApplication         : Started LogiTrackApplication in 15.017 seconds (process running for 16.145)
2026-05-08T12:30:58.806+08:00  INFO 16608 --- [logitrack-backend] [0.0-8080-exec-1] o.a.c.c.C.[Tomcat].[localhost].[/]       : Initializing Spring DispatcherServlet 'dispatcherServlet'
2026-05-08T12:30:58.807+08:00  INFO 16608 --- [logitrack-backend] [0.0-8080-exec-1] o.s.web.servlet.DispatcherServlet        : Initializing Servlet 'dispatcherServlet'
2026-05-08T12:30:58.810+08:00  INFO 16608 --- [logitrack-backend] [0.0-8080-exec-1] o.s.web.servlet.DispatcherServlet        : Completed initialization in 1 ms
2026-05-08T12:30:59.022+08:00 DEBUG 16608 --- [logitrack-backend] [0.0-8080-exec-1] org.hibernate.SQL                        : 
    select
        count(epl1_0.id) 
    from
        email_processing_log epl1_0 
    where
        epl1_0.processed_at>=?
Hibernate: 
    select
        count(epl1_0.id) 
    from
        email_processing_log epl1_0 
    where
        epl1_0.processed_at>=?
2026-05-08T12:30:59.039+08:00 DEBUG 16608 --- [logitrack-backend] [0.0-8080-exec-1] org.hibernate.SQL                        : 
    select
        count(epl1_0.id) 
    from
        email_processing_log epl1_0 
    where
        epl1_0.processed_at>=? 
        and epl1_0.logitrack_created=1
Hibernate: 
    select
        count(epl1_0.id) 
    from
        email_processing_log epl1_0 
    where
        epl1_0.processed_at>=? 
        and epl1_0.logitrack_created=1
2026-05-08T12:30:59.047+08:00 DEBUG 16608 --- [logitrack-backend] [0.0-8080-exec-1] org.hibernate.SQL                        : 
    select
        epl1_0.process_result,
        count(epl1_0.id) 
    from
        email_processing_log epl1_0 
    where
        epl1_0.processed_at>=? 
    group by
        epl1_0.process_result
Hibernate: 
    select
        epl1_0.process_result,
        count(epl1_0.id) 
    from
        email_processing_log epl1_0 
    where
        epl1_0.processed_at>=? 
    group by
        epl1_0.process_result
2026-05-08T12:30:59.070+08:00 DEBUG 16608 --- [logitrack-backend] [0.0-8080-exec-1] org.hibernate.SQL                        : 
    select
        ems1_0.id,
        ems1_0.consecutive_failures,
        ems1_0.current_errors,
        ems1_0.current_processed,
        ems1_0.current_skipped,
        ems1_0.graph_api_ok,
        ems1_0.is_running,
        ems1_0.last_poll_time,
        ems1_0.llm_api_ok,
        ems1_0.logitrack_ok,
        ems1_0.next_poll_time,
        ems1_0.poll_interval,
        ems1_0.recorded_at,
        ems1_0.run_mode,
        ems1_0.total_errors,
        ems1_0.total_failures,
        ems1_0.total_forwarded,
        ems1_0.total_logitrack,
        ems1_0.total_processed,
        ems1_0.total_skipped,
        ems1_0.uptime_seconds,
        ems1_0.vlm_api_ok 
    from
        email_monitor_status ems1_0 
    order by
        ems1_0.recorded_at desc 
    limit
        ?
Hibernate: 
    select
        ems1_0.id,
        ems1_0.consecutive_failures,
        ems1_0.current_errors,
        ems1_0.current_processed,
        ems1_0.current_skipped,
        ems1_0.graph_api_ok,
        ems1_0.is_running,
        ems1_0.last_poll_time,
        ems1_0.llm_api_ok,
        ems1_0.logitrack_ok,
        ems1_0.next_poll_time,
        ems1_0.poll_interval,
        ems1_0.recorded_at,
        ems1_0.run_mode,
        ems1_0.total_errors,
        ems1_0.total_failures,
        ems1_0.total_forwarded,
        ems1_0.total_logitrack,
        ems1_0.total_processed,
        ems1_0.total_skipped,
        ems1_0.uptime_seconds,
        ems1_0.vlm_api_ok 
    from
        email_monitor_status ems1_0 
    order by
        ems1_0.recorded_at desc 
    limit
        ?
2026-05-08T12:31:09.506+08:00 DEBUG 16608 --- [logitrack-backend] [0.0-8080-exec-2] org.hibernate.SQL                        : 
    select
        count(epl1_0.id) 
    from
        email_processing_log epl1_0 
    where
        epl1_0.processed_at>=?
Hibernate: 
    select
        count(epl1_0.id) 
    from
        email_processing_log epl1_0 
    where
        epl1_0.processed_at>=?
2026-05-08T12:31:09.519+08:00 DEBUG 16608 --- [logitrack-backend] [0.0-8080-exec-2] org.hibernate.SQL                        : 
    select
        count(epl1_0.id) 
    from
        email_processing_log epl1_0 
    where
        epl1_0.processed_at>=? 
        and epl1_0.logitrack_created=1
Hibernate: 
    select
        count(epl1_0.id) 
    from
        email_processing_log epl1_0 
    where
        epl1_0.processed_at>=? 
        and epl1_0.logitrack_created=1
2026-05-08T12:31:09.522+08:00 DEBUG 16608 --- [logitrack-backend] [0.0-8080-exec-2] org.hibernate.SQL                        : 
    select
        epl1_0.process_result,
        count(epl1_0.id) 
    from
        email_processing_log epl1_0 
    where
        epl1_0.processed_at>=? 
    group by
        epl1_0.process_result
Hibernate: 
    select
        epl1_0.process_result,
        count(epl1_0.id) 
    from
        email_processing_log epl1_0 
    where
        epl1_0.processed_at>=? 
    group by
        epl1_0.process_result
2026-05-08T12:31:09.525+08:00 DEBUG 16608 --- [logitrack-backend] [0.0-8080-exec-2] org.hibernate.SQL                        : 
    select
        ems1_0.id,
        ems1_0.consecutive_failures,
        ems1_0.current_errors,
        ems1_0.current_processed,
        ems1_0.current_skipped,
        ems1_0.graph_api_ok,
        ems1_0.is_running,
        ems1_0.last_poll_time,
        ems1_0.llm_api_ok,
        ems1_0.logitrack_ok,
        ems1_0.next_poll_time,
        ems1_0.poll_interval,
        ems1_0.recorded_at,
        ems1_0.run_mode,
        ems1_0.total_errors,
        ems1_0.total_failures,
        ems1_0.total_forwarded,
        ems1_0.total_logitrack,
        ems1_0.total_processed,
        ems1_0.total_skipped,
        ems1_0.uptime_seconds,
        ems1_0.vlm_api_ok 
    from
        email_monitor_status ems1_0 
    order by
        ems1_0.recorded_at desc 
    limit
        ?
Hibernate: 
    select
        ems1_0.id,
        ems1_0.consecutive_failures,
        ems1_0.current_errors,
        ems1_0.current_processed,
        ems1_0.current_skipped,
        ems1_0.graph_api_ok,
        ems1_0.is_running,
        ems1_0.last_poll_time,
        ems1_0.llm_api_ok,
        ems1_0.logitrack_ok,
        ems1_0.next_poll_time,
        ems1_0.poll_interval,
        ems1_0.recorded_at,
        ems1_0.run_mode,
        ems1_0.total_errors,
        ems1_0.total_failures,
        ems1_0.total_forwarded,
        ems1_0.total_logitrack,
        ems1_0.total_processed,
        ems1_0.total_skipped,
        ems1_0.uptime_seconds,
        ems1_0.vlm_api_ok 
    from
        email_monitor_status ems1_0 
    order by
        ems1_0.recorded_at desc 
    limit
        ?
2026-05-08T12:34:23.570+08:00  INFO 16608 --- [logitrack-backend] [0.0-8080-exec-4] c.l.b.controller.StatisticsController    : GET /api/statistics/dashboard - month=2026-05
2026-05-08T12:34:23.578+08:00  INFO 16608 --- [logitrack-backend] [0.0-8080-exec-4] c.l.backend.service.StatisticsService    : Fetching dashboard stats for month: 2026-05
2026-05-08T12:34:23.572+08:00  INFO 16608 --- [logitrack-backend] [0.0-8080-exec-5] c.l.b.controller.EnquiryController       : GET /api/enquiries - page=0, size=10, keyword=null, status=null, product=null, cargo=null
2026-05-08T12:34:23.593+08:00 DEBUG 16608 --- [logitrack-backend] [0.0-8080-exec-4] org.hibernate.SQL                        : 
    select
        e1_0.id,
        e1_0.assigned_cn_office,
        e1_0.cancelled_reason,
        e1_0.cancelled_reason_text,
        e1_0.cargo_ready_date,
        e1_0.cargo_ready_date_details,
        e1_0.cargo_type_code,
        e1_0.category,
        e1_0.commodity,
        e1_0.core_non_core,
        e1_0.created_at,
        e1_0.created_by,
        e1_0.enquiry_created_date,
        e1_0.enquiry_received_date,
        e1_0.exw_location,
        e1_0.has_specific_cargo_ready_date,
        e1_0.hazardous_special_equipment,
        e1_0.is_oversize_cargo,
        e1_0.lost_reason,
        e1_0.lost_reason_text,
        e1_0.monthly_sequence,
        e1_0.offer_type,
        e1_0.pod_country,
        e1_0.pol_country,
        e1_0.product_abbr,
        e1_0.product_code,
        e1_0.quantity,
        e1_0.ref_number,
        e1_0.reference_month,
        e1_0.remark,
        e1_0.sales_country_code,
        e1_0.sales_office_id,
        e1_0.sales_pic_id,
        e1_0.sender_email,
        e1_0.serial_number,
        e1_0.status,
        e1_0.uom,
        e1_0.updated_at,
        e1_0.updated_by,
        e1_0.volume_cbm 
    from
        enquiry e1_0 
    where
        e1_0.enquiry_received_date between ? and ?
Hibernate: 
    select
        e1_0.id,
        e1_0.assigned_cn_office,
        e1_0.cancelled_reason,
        e1_0.cancelled_reason_text,
        e1_0.cargo_ready_date,
        e1_0.cargo_ready_date_details,
        e1_0.cargo_type_code,
        e1_0.category,
        e1_0.commodity,
        e1_0.core_non_core,
        e1_0.created_at,
        e1_0.created_by,
        e1_0.enquiry_created_date,
        e1_0.enquiry_received_date,
        e1_0.exw_location,
        e1_0.has_specific_cargo_ready_date,
        e1_0.hazardous_special_equipment,
        e1_0.is_oversize_cargo,
        e1_0.lost_reason,
        e1_0.lost_reason_text,
        e1_0.monthly_sequence,
        e1_0.offer_type,
        e1_0.pod_country,
        e1_0.pol_country,
        e1_0.product_abbr,
        e1_0.product_code,
        e1_0.quantity,
        e1_0.ref_number,
        e1_0.reference_month,
        e1_0.remark,
        e1_0.sales_country_code,
        e1_0.sales_office_id,
        e1_0.sales_pic_id,
        e1_0.sender_email,
        e1_0.serial_number,
        e1_0.status,
        e1_0.uom,
        e1_0.updated_at,
        e1_0.updated_by,
        e1_0.volume_cbm 
    from
        enquiry e1_0 
    where
        e1_0.enquiry_received_date between ? and ?
2026-05-08T12:34:23.616+08:00 DEBUG 16608 --- [logitrack-backend] [0.0-8080-exec-5] org.hibernate.SQL                        : 
    select
        e1_0.id,
        e1_0.assigned_cn_office,
        e1_0.cancelled_reason,
        e1_0.cancelled_reason_text,
        e1_0.cargo_ready_date,
        e1_0.cargo_ready_date_details,
        e1_0.cargo_type_code,
        e1_0.category,
        e1_0.commodity,
        e1_0.core_non_core,
        e1_0.created_at,
        e1_0.created_by,
        e1_0.enquiry_created_date,
        e1_0.enquiry_received_date,
        e1_0.exw_location,
        e1_0.has_specific_cargo_ready_date,
        e1_0.hazardous_special_equipment,
        e1_0.is_oversize_cargo,
        e1_0.lost_reason,
        e1_0.lost_reason_text,
        e1_0.monthly_sequence,
        e1_0.offer_type,
        e1_0.pod_country,
        e1_0.pol_country,
        e1_0.product_abbr,
        e1_0.product_code,
        e1_0.quantity,
        e1_0.ref_number,
        e1_0.reference_month,
        e1_0.remark,
        e1_0.sales_country_code,
        e1_0.sales_office_id,
        e1_0.sales_pic_id,
        e1_0.sender_email,
        e1_0.serial_number,
        e1_0.status,
        e1_0.uom,
        e1_0.updated_at,
        e1_0.updated_by,
        e1_0.volume_cbm 
    from
        enquiry e1_0 
    order by
        e1_0.updated_at desc 
    limit
        ?, ?
Hibernate: 
    select
        e1_0.id,
        e1_0.assigned_cn_office,
        e1_0.cancelled_reason,
        e1_0.cancelled_reason_text,
        e1_0.cargo_ready_date,
        e1_0.cargo_ready_date_details,
        e1_0.cargo_type_code,
        e1_0.category,
        e1_0.commodity,
        e1_0.core_non_core,
        e1_0.created_at,
        e1_0.created_by,
        e1_0.enquiry_created_date,
        e1_0.enquiry_received_date,
        e1_0.exw_location,
        e1_0.has_specific_cargo_ready_date,
        e1_0.hazardous_special_equipment,
        e1_0.is_oversize_cargo,
        e1_0.lost_reason,
        e1_0.lost_reason_text,
        e1_0.monthly_sequence,
        e1_0.offer_type,
        e1_0.pod_country,
        e1_0.pol_country,
        e1_0.product_abbr,
        e1_0.product_code,
        e1_0.quantity,
        e1_0.ref_number,
        e1_0.reference_month,
        e1_0.remark,
        e1_0.sales_country_code,
        e1_0.sales_office_id,
        e1_0.sales_pic_id,
        e1_0.sender_email,
        e1_0.serial_number,
        e1_0.status,
        e1_0.uom,
        e1_0.updated_at,
        e1_0.updated_by,
        e1_0.volume_cbm 
    from
        enquiry e1_0 
    order by
        e1_0.updated_at desc 
    limit
        ?, ?
2026-05-08T12:34:23.713+08:00 DEBUG 16608 --- [logitrack-backend] [0.0-8080-exec-5] org.hibernate.SQL                        : 
    select
        count(e1_0.id) 
    from
        enquiry e1_0
Hibernate: 
    select
        count(e1_0.id) 
    from
        enquiry e1_0
2026-05-08T12:34:23.715+08:00 DEBUG 16608 --- [logitrack-backend] [0.0-8080-exec-4] org.hibernate.SQL                        : 
    select
        e1_0.id,
        e1_0.assigned_cn_office,
        e1_0.cancelled_reason,
        e1_0.cancelled_reason_text,
        e1_0.cargo_ready_date,
        e1_0.cargo_ready_date_details,
        e1_0.cargo_type_code,
        e1_0.category,
        e1_0.commodity,
        e1_0.core_non_core,
        e1_0.created_at,
        e1_0.created_by,
        e1_0.enquiry_created_date,
        e1_0.enquiry_received_date,
        e1_0.exw_location,
        e1_0.has_specific_cargo_ready_date,
        e1_0.hazardous_special_equipment,
        e1_0.is_oversize_cargo,
        e1_0.lost_reason,
        e1_0.lost_reason_text,
        e1_0.monthly_sequence,
        e1_0.offer_type,
        e1_0.pod_country,
        e1_0.pol_country,
        e1_0.product_abbr,
        e1_0.product_code,
        e1_0.quantity,
        e1_0.ref_number,
        e1_0.reference_month,
        e1_0.remark,
        e1_0.sales_country_code,
        e1_0.sales_office_id,
        e1_0.sales_pic_id,
        e1_0.sender_email,
        e1_0.serial_number,
        e1_0.status,
        e1_0.uom,
        e1_0.updated_at,
        e1_0.updated_by,
        e1_0.volume_cbm 
    from
        enquiry e1_0 
    where
        e1_0.enquiry_received_date between ? and ?
Hibernate: 
    select
        e1_0.id,
        e1_0.assigned_cn_office,
        e1_0.cancelled_reason,
        e1_0.cancelled_reason_text,
        e1_0.cargo_ready_date,
        e1_0.cargo_ready_date_details,
        e1_0.cargo_type_code,
        e1_0.category,
        e1_0.commodity,
        e1_0.core_non_core,
        e1_0.created_at,
        e1_0.created_by,
        e1_0.enquiry_created_date,
        e1_0.enquiry_received_date,
        e1_0.exw_location,
        e1_0.has_specific_cargo_ready_date,
        e1_0.hazardous_special_equipment,
        e1_0.is_oversize_cargo,
        e1_0.lost_reason,
        e1_0.lost_reason_text,
        e1_0.monthly_sequence,
        e1_0.offer_type,
        e1_0.pod_country,
        e1_0.pol_country,
        e1_0.product_abbr,
        e1_0.product_code,
        e1_0.quantity,
        e1_0.ref_number,
        e1_0.reference_month,
        e1_0.remark,
        e1_0.sales_country_code,
        e1_0.sales_office_id,
        e1_0.sales_pic_id,
        e1_0.sender_email,
        e1_0.serial_number,
        e1_0.status,
        e1_0.uom,
        e1_0.updated_at,
        e1_0.updated_by,
        e1_0.volume_cbm 
    from
        enquiry e1_0 
    where
        e1_0.enquiry_received_date between ? and ?
2026-05-08T12:34:23.726+08:00 DEBUG 16608 --- [logitrack-backend] [0.0-8080-exec-5] org.hibernate.SQL                        : 
    select
        ep1_0.id,
        ep1_0.enquiry_id,
        ep1_0.port_id 
    from
        enquiry_pol ep1_0 
    where
        ep1_0.enquiry_id=?
Hibernate: 
    select
        ep1_0.id,
        ep1_0.enquiry_id,
        ep1_0.port_id 
    from
        enquiry_pol ep1_0 
    where
        ep1_0.enquiry_id=?
2026-05-08T12:34:23.731+08:00 DEBUG 16608 --- [logitrack-backend] [0.0-8080-exec-5] org.hibernate.SQL                        : 
    select
        ep1_0.id,
        ep1_0.enquiry_id,
        ep1_0.port_id 
    from
        enquiry_pod ep1_0 
    where
        ep1_0.enquiry_id=?
Hibernate: 
    select
        ep1_0.id,
        ep1_0.enquiry_id,
        ep1_0.port_id 
    from
        enquiry_pod ep1_0 
    where
        ep1_0.enquiry_id=?
2026-05-08T12:34:23.736+08:00 DEBUG 16608 --- [logitrack-backend] [0.0-8080-exec-5] org.hibernate.SQL                        : 
    select
        erg1_0.id,
        erg1_0.enquiry_id,
        erg1_0.group_index,
        erg1_0.sub_mode 
    from
        enquiry_route_group erg1_0 
    where
        erg1_0.enquiry_id=? 
    order by
        erg1_0.group_index
Hibernate: 
    select
        erg1_0.id,
        erg1_0.enquiry_id,
        erg1_0.group_index,
        erg1_0.sub_mode 
    from
        enquiry_route_group erg1_0 
    where
        erg1_0.enquiry_id=? 
    order by
        erg1_0.group_index
2026-05-08T12:34:23.738+08:00 DEBUG 16608 --- [logitrack-backend] [0.0-8080-exec-5] org.hibernate.SQL                        : 
    select
        ep1_0.id,
        ep1_0.enquiry_id,
        ep1_0.port_id 
    from
        enquiry_pol ep1_0 
    where
        ep1_0.enquiry_id=?
Hibernate: 
    select
        ep1_0.id,
        ep1_0.enquiry_id,
        ep1_0.port_id 
    from
        enquiry_pol ep1_0 
    where
        ep1_0.enquiry_id=?
2026-05-08T12:34:23.744+08:00 DEBUG 16608 --- [logitrack-backend] [0.0-8080-exec-5] org.hibernate.SQL                        : 
    select
        ep1_0.id,
        ep1_0.enquiry_id,
        ep1_0.port_id 
    from
        enquiry_pod ep1_0 
    where
        ep1_0.enquiry_id=?
Hibernate: 
    select
        ep1_0.id,
        ep1_0.enquiry_id,
        ep1_0.port_id 
    from
        enquiry_pod ep1_0 
    where
        ep1_0.enquiry_id=?
2026-05-08T12:34:23.747+08:00 DEBUG 16608 --- [logitrack-backend] [0.0-8080-exec-5] org.hibernate.SQL                        : 
    select
        erg1_0.id,
        erg1_0.enquiry_id,
        erg1_0.group_index,
        erg1_0.sub_mode 
    from
        enquiry_route_group erg1_0 
    where
        erg1_0.enquiry_id=? 
    order by
        erg1_0.group_index
Hibernate: 
    select
        erg1_0.id,
        erg1_0.enquiry_id,
        erg1_0.group_index,
        erg1_0.sub_mode 
    from
        enquiry_route_group erg1_0 
    where
        erg1_0.enquiry_id=? 
    order by
        erg1_0.group_index
2026-05-08T12:34:23.750+08:00 DEBUG 16608 --- [logitrack-backend] [0.0-8080-exec-5] org.hibernate.SQL                        : 
    select
        ep1_0.id,
        ep1_0.enquiry_id,
        ep1_0.port_id 
    from
        enquiry_pol ep1_0 
    where
        ep1_0.enquiry_id=?
Hibernate: 
    select
        ep1_0.id,
        ep1_0.enquiry_id,
        ep1_0.port_id 
    from
        enquiry_pol ep1_0 
    where
        ep1_0.enquiry_id=?
2026-05-08T12:34:23.753+08:00 DEBUG 16608 --- [logitrack-backend] [0.0-8080-exec-5] org.hibernate.SQL                        : 
    select
        ep1_0.id,
        ep1_0.enquiry_id,
        ep1_0.port_id 
    from
        enquiry_pod ep1_0 
    where
        ep1_0.enquiry_id=?
Hibernate: 
    select
        ep1_0.id,
        ep1_0.enquiry_id,
        ep1_0.port_id 
    from
        enquiry_pod ep1_0 
    where
        ep1_0.enquiry_id=?
2026-05-08T12:34:23.759+08:00 DEBUG 16608 --- [logitrack-backend] [0.0-8080-exec-5] org.hibernate.SQL                        : 
    select
        erg1_0.id,
        erg1_0.enquiry_id,
        erg1_0.group_index,
        erg1_0.sub_mode 
    from
        enquiry_route_group erg1_0 
    where
        erg1_0.enquiry_id=? 
    order by
        erg1_0.group_index
Hibernate: 
    select
        erg1_0.id,
        erg1_0.enquiry_id,
        erg1_0.group_index,
        erg1_0.sub_mode 
    from
        enquiry_route_group erg1_0 
    where
        erg1_0.enquiry_id=? 
    order by
        erg1_0.group_index
2026-05-08T12:34:23.765+08:00 DEBUG 16608 --- [logitrack-backend] [0.0-8080-exec-5] org.hibernate.SQL                        : 
    select
        ep1_0.id,
        ep1_0.enquiry_id,
        ep1_0.port_id 
    from
        enquiry_pol ep1_0 
    where
        ep1_0.enquiry_id=?
Hibernate: 
    select
        ep1_0.id,
        ep1_0.enquiry_id,
        ep1_0.port_id 
    from
        enquiry_pol ep1_0 
    where
        ep1_0.enquiry_id=?
2026-05-08T12:34:23.770+08:00 DEBUG 16608 --- [logitrack-backend] [0.0-8080-exec-5] org.hibernate.SQL                        : 
    select
        ep1_0.id,
        ep1_0.enquiry_id,
        ep1_0.port_id 
    from
        enquiry_pod ep1_0 
    where
        ep1_0.enquiry_id=?
Hibernate: 
    select
        ep1_0.id,
        ep1_0.enquiry_id,
        ep1_0.port_id 
    from
        enquiry_pod ep1_0 
    where
        ep1_0.enquiry_id=?
2026-05-08T12:34:23.776+08:00 DEBUG 16608 --- [logitrack-backend] [0.0-8080-exec-5] org.hibernate.SQL                        : 
    select
        erg1_0.id,
        erg1_0.enquiry_id,
        erg1_0.group_index,
        erg1_0.sub_mode 
    from
        enquiry_route_group erg1_0 
    where
        erg1_0.enquiry_id=? 
    order by
        erg1_0.group_index
Hibernate: 
    select
        erg1_0.id,
        erg1_0.enquiry_id,
        erg1_0.group_index,
        erg1_0.sub_mode 
    from
        enquiry_route_group erg1_0 
    where
        erg1_0.enquiry_id=? 
    order by
        erg1_0.group_index
2026-05-08T12:34:23.783+08:00 DEBUG 16608 --- [logitrack-backend] [0.0-8080-exec-5] org.hibernate.SQL                        : 
    select
        ep1_0.id,
        ep1_0.enquiry_id,
        ep1_0.port_id 
    from
        enquiry_pol ep1_0 
    where
        ep1_0.enquiry_id=?
Hibernate: 
    select
        ep1_0.id,
        ep1_0.enquiry_id,
        ep1_0.port_id 
    from
        enquiry_pol ep1_0 
    where
        ep1_0.enquiry_id=?
2026-05-08T12:34:23.792+08:00 DEBUG 16608 --- [logitrack-backend] [0.0-8080-exec-5] org.hibernate.SQL                        : 
    select
        ep1_0.id,
        ep1_0.enquiry_id,
        ep1_0.port_id 
    from
        enquiry_pod ep1_0 
    where
        ep1_0.enquiry_id=?
Hibernate: 
    select
        ep1_0.id,
        ep1_0.enquiry_id,
        ep1_0.port_id 
    from
        enquiry_pod ep1_0 
    where
        ep1_0.enquiry_id=?
2026-05-08T12:34:23.796+08:00 DEBUG 16608 --- [logitrack-backend] [0.0-8080-exec-5] org.hibernate.SQL                        : 
    select
        erg1_0.id,
        erg1_0.enquiry_id,
        erg1_0.group_index,
        erg1_0.sub_mode 
    from
        enquiry_route_group erg1_0 
    where
        erg1_0.enquiry_id=? 
    order by
        erg1_0.group_index
Hibernate: 
    select
        erg1_0.id,
        erg1_0.enquiry_id,
        erg1_0.group_index,
        erg1_0.sub_mode 
    from
        enquiry_route_group erg1_0 
    where
        erg1_0.enquiry_id=? 
    order by
        erg1_0.group_index
2026-05-08T12:34:23.799+08:00 DEBUG 16608 --- [logitrack-backend] [0.0-8080-exec-5] org.hibernate.SQL                        : 
    select
        ep1_0.id,
        ep1_0.enquiry_id,
        ep1_0.port_id 
    from
        enquiry_pol ep1_0 
    where
        ep1_0.enquiry_id=?
Hibernate: 
    select
        ep1_0.id,
        ep1_0.enquiry_id,
        ep1_0.port_id 
    from
        enquiry_pol ep1_0 
    where
        ep1_0.enquiry_id=?
2026-05-08T12:34:23.802+08:00 DEBUG 16608 --- [logitrack-backend] [0.0-8080-exec-5] org.hibernate.SQL                        : 
    select
        ep1_0.id,
        ep1_0.enquiry_id,
        ep1_0.port_id 
    from
        enquiry_pod ep1_0 
    where
        ep1_0.enquiry_id=?
Hibernate: 
    select
        ep1_0.id,
        ep1_0.enquiry_id,
        ep1_0.port_id 
    from
        enquiry_pod ep1_0 
    where
        ep1_0.enquiry_id=?
2026-05-08T12:34:23.805+08:00 DEBUG 16608 --- [logitrack-backend] [0.0-8080-exec-5] org.hibernate.SQL                        : 
    select
        erg1_0.id,
        erg1_0.enquiry_id,
        erg1_0.group_index,
        erg1_0.sub_mode 
    from
        enquiry_route_group erg1_0 
    where
        erg1_0.enquiry_id=? 
    order by
        erg1_0.group_index
Hibernate: 
    select
        erg1_0.id,
        erg1_0.enquiry_id,
        erg1_0.group_index,
        erg1_0.sub_mode 
    from
        enquiry_route_group erg1_0 
    where
        erg1_0.enquiry_id=? 
    order by
        erg1_0.group_index
2026-05-08T12:34:23.808+08:00 DEBUG 16608 --- [logitrack-backend] [0.0-8080-exec-5] org.hibernate.SQL                        : 
    select
        ep1_0.id,
        ep1_0.enquiry_id,
        ep1_0.port_id 
    from
        enquiry_pol ep1_0 
    where
        ep1_0.enquiry_id=?
Hibernate: 
    select
        ep1_0.id,
        ep1_0.enquiry_id,
        ep1_0.port_id 
    from
        enquiry_pol ep1_0 
    where
        ep1_0.enquiry_id=?
2026-05-08T12:34:23.813+08:00 DEBUG 16608 --- [logitrack-backend] [0.0-8080-exec-5] org.hibernate.SQL                        : 
    select
        ep1_0.id,
        ep1_0.enquiry_id,
        ep1_0.port_id 
    from
        enquiry_pod ep1_0 
    where
        ep1_0.enquiry_id=?
Hibernate: 
    select
        ep1_0.id,
        ep1_0.enquiry_id,
        ep1_0.port_id 
    from
        enquiry_pod ep1_0 
    where
        ep1_0.enquiry_id=?
2026-05-08T12:34:23.818+08:00 DEBUG 16608 --- [logitrack-backend] [0.0-8080-exec-5] org.hibernate.SQL                        : 
    select
        erg1_0.id,
        erg1_0.enquiry_id,
        erg1_0.group_index,
        erg1_0.sub_mode 
    from
        enquiry_route_group erg1_0 
    where
        erg1_0.enquiry_id=? 
    order by
        erg1_0.group_index
Hibernate: 
    select
        erg1_0.id,
        erg1_0.enquiry_id,
        erg1_0.group_index,
        erg1_0.sub_mode 
    from
        enquiry_route_group erg1_0 
    where
        erg1_0.enquiry_id=? 
    order by
        erg1_0.group_index
2026-05-08T12:34:23.821+08:00 DEBUG 16608 --- [logitrack-backend] [0.0-8080-exec-5] org.hibernate.SQL                        : 
    select
        ep1_0.id,
        ep1_0.enquiry_id,
        ep1_0.port_id 
    from
        enquiry_pol ep1_0 
    where
        ep1_0.enquiry_id=?
Hibernate: 
    select
        ep1_0.id,
        ep1_0.enquiry_id,
        ep1_0.port_id 
    from
        enquiry_pol ep1_0 
    where
        ep1_0.enquiry_id=?
2026-05-08T12:34:23.823+08:00 DEBUG 16608 --- [logitrack-backend] [0.0-8080-exec-5] org.hibernate.SQL                        : 
    select
        ep1_0.id,
        ep1_0.enquiry_id,
        ep1_0.port_id 
    from
        enquiry_pod ep1_0 
    where
        ep1_0.enquiry_id=?
Hibernate: 
    select
        ep1_0.id,
        ep1_0.enquiry_id,
        ep1_0.port_id 
    from
        enquiry_pod ep1_0 
    where
        ep1_0.enquiry_id=?
2026-05-08T12:34:23.826+08:00 DEBUG 16608 --- [logitrack-backend] [0.0-8080-exec-5] org.hibernate.SQL                        : 
    select
        erg1_0.id,
        erg1_0.enquiry_id,
        erg1_0.group_index,
        erg1_0.sub_mode 
    from
        enquiry_route_group erg1_0 
    where
        erg1_0.enquiry_id=? 
    order by
        erg1_0.group_index
Hibernate: 
    select
        erg1_0.id,
        erg1_0.enquiry_id,
        erg1_0.group_index,
        erg1_0.sub_mode 
    from
        enquiry_route_group erg1_0 
    where
        erg1_0.enquiry_id=? 
    order by
        erg1_0.group_index
2026-05-08T12:34:23.829+08:00 DEBUG 16608 --- [logitrack-backend] [0.0-8080-exec-5] org.hibernate.SQL                        : 
    select
        ep1_0.id,
        ep1_0.enquiry_id,
        ep1_0.port_id 
    from
        enquiry_pol ep1_0 
    where
        ep1_0.enquiry_id=?
Hibernate: 
    select
        ep1_0.id,
        ep1_0.enquiry_id,
        ep1_0.port_id 
    from
        enquiry_pol ep1_0 
    where
        ep1_0.enquiry_id=?
2026-05-08T12:34:23.832+08:00 DEBUG 16608 --- [logitrack-backend] [0.0-8080-exec-5] org.hibernate.SQL                        : 
    select
        ep1_0.id,
        ep1_0.enquiry_id,
        ep1_0.port_id 
    from
        enquiry_pod ep1_0 
    where
        ep1_0.enquiry_id=?
Hibernate: 
    select
        ep1_0.id,
        ep1_0.enquiry_id,
        ep1_0.port_id 
    from
        enquiry_pod ep1_0 
    where
        ep1_0.enquiry_id=?
2026-05-08T12:34:23.835+08:00 DEBUG 16608 --- [logitrack-backend] [0.0-8080-exec-5] org.hibernate.SQL                        : 
    select
        erg1_0.id,
        erg1_0.enquiry_id,
        erg1_0.group_index,
        erg1_0.sub_mode 
    from
        enquiry_route_group erg1_0 
    where
        erg1_0.enquiry_id=? 
    order by
        erg1_0.group_index
Hibernate: 
    select
        erg1_0.id,
        erg1_0.enquiry_id,
        erg1_0.group_index,
        erg1_0.sub_mode 
    from
        enquiry_route_group erg1_0 
    where
        erg1_0.enquiry_id=? 
    order by
        erg1_0.group_index
2026-05-08T12:34:23.838+08:00 DEBUG 16608 --- [logitrack-backend] [0.0-8080-exec-5] org.hibernate.SQL                        : 
    select
        ep1_0.id,
        ep1_0.enquiry_id,
        ep1_0.port_id 
    from
        enquiry_pol ep1_0 
    where
        ep1_0.enquiry_id=?
Hibernate: 
    select
        ep1_0.id,
        ep1_0.enquiry_id,
        ep1_0.port_id 
    from
        enquiry_pol ep1_0 
    where
        ep1_0.enquiry_id=?
2026-05-08T12:34:23.841+08:00 DEBUG 16608 --- [logitrack-backend] [0.0-8080-exec-5] org.hibernate.SQL                        : 
    select
        ep1_0.id,
        ep1_0.enquiry_id,
        ep1_0.port_id 
    from
        enquiry_pod ep1_0 
    where
        ep1_0.enquiry_id=?
Hibernate: 
    select
        ep1_0.id,
        ep1_0.enquiry_id,
        ep1_0.port_id 
    from
        enquiry_pod ep1_0 
    where
        ep1_0.enquiry_id=?
2026-05-08T12:34:23.844+08:00 DEBUG 16608 --- [logitrack-backend] [0.0-8080-exec-5] org.hibernate.SQL                        : 
    select
        erg1_0.id,
        erg1_0.enquiry_id,
        erg1_0.group_index,
        erg1_0.sub_mode 
    from
        enquiry_route_group erg1_0 
    where
        erg1_0.enquiry_id=? 
    order by
        erg1_0.group_index
Hibernate: 
    select
        erg1_0.id,
        erg1_0.enquiry_id,
        erg1_0.group_index,
        erg1_0.sub_mode 
    from
        enquiry_route_group erg1_0 
    where
        erg1_0.enquiry_id=? 
    order by
        erg1_0.group_index
2026-05-08T12:34:23.855+08:00 DEBUG 16608 --- [logitrack-backend] [0.0-8080-exec-5] org.hibernate.SQL                        : 
    select
        sp1_0.id,
        sp1_0.is_active,
        sp1_0.name,
        sp1_0.sales_country_code,
        sp1_0.sales_office_id 
    from
        dict_sales_pic sp1_0 
    where
        sp1_0.id in (?, ?, ?, ?, ?, ?, ?, ?, ?)
Hibernate: 
    select
        sp1_0.id,
        sp1_0.is_active,
        sp1_0.name,
        sp1_0.sales_country_code,
        sp1_0.sales_office_id 
    from
        dict_sales_pic sp1_0 
    where
        sp1_0.id in (?, ?, ?, ?, ?, ?, ?, ?, ?)
2026-05-08T12:34:23.865+08:00 DEBUG 16608 --- [logitrack-backend] [0.0-8080-exec-5] org.hibernate.SQL                        : 
    select
        so1_0.id,
        so1_0.code,
        so1_0.country_code,
        so1_0.created_at,
        so1_0.is_active,
        so1_0.name,
        so1_0.name_norm,
        so1_0.remark,
        so1_0.sales_country_code,
        so1_0.sort_order,
        so1_0.updated_at 
    from
        dict_sales_office so1_0 
    where
        so1_0.id in (?, ?, ?, ?, ?, ?, ?, ?)
Hibernate: 
    select
        so1_0.id,
        so1_0.code,
        so1_0.country_code,
        so1_0.created_at,
        so1_0.is_active,
        so1_0.name,
        so1_0.name_norm,
        so1_0.remark,
        so1_0.sales_country_code,
        so1_0.sort_order,
        so1_0.updated_at 
    from
        dict_sales_office so1_0 
    where
        so1_0.id in (?, ?, ?, ?, ?, ?, ?, ?)
2026-05-08T12:34:23.875+08:00 DEBUG 16608 --- [logitrack-backend] [0.0-8080-exec-5] org.hibernate.SQL                        : 
    select
        p1_0.id,
        p1_0.city,
        p1_0.country_code,
        p1_0.created_at,
        p1_0.is_active,
        p1_0.port_code,
        p1_0.port_name,
        p1_0.port_type,
        p1_0.updated_at 
    from
        port p1_0 
    where
        p1_0.id in (?, ?, ?, ?, ?, ?, ?, ?, ?, ?, ?, ?, ?, ?, ?, ?)
Hibernate: 
    select
        p1_0.id,
        p1_0.city,
        p1_0.country_code,
        p1_0.created_at,
        p1_0.is_active,
        p1_0.port_code,
        p1_0.port_name,
        p1_0.port_type,
        p1_0.updated_at 
    from
        port p1_0 
    where
        p1_0.id in (?, ?, ?, ?, ?, ?, ?, ?, ?, ?, ?, ?, ?, ?, ?, ?)
2026-05-08T12:34:23.950+08:00 DEBUG 16608 --- [logitrack-backend] [0.0-8080-exec-5] org.hibernate.SQL                        : 
    select
        o1_0.enquiry_id,
        o1_0.id,
        o1_0.container_currency,
        o1_0.created_at,
        o1_0.is_latest,
        o1_0.local_charge_currency,
        o1_0.offer_date,
        o1_0.offer_type,
        o1_0.remark,
        o1_0.sequence_no,
        o1_0.updated_at 
    from
        offer o1_0 
    where
        o1_0.enquiry_id=?
Hibernate: 
    select
        o1_0.enquiry_id,
        o1_0.id,
        o1_0.container_currency,
        o1_0.created_at,
        o1_0.is_latest,
        o1_0.local_charge_currency,
        o1_0.offer_date,
        o1_0.offer_type,
        o1_0.remark,
        o1_0.sequence_no,
        o1_0.updated_at 
    from
        offer o1_0 
    where
        o1_0.enquiry_id=?
2026-05-08T12:34:23.960+08:00 DEBUG 16608 --- [logitrack-backend] [0.0-8080-exec-5] org.hibernate.SQL                        : 
    select
        pl1_0.offer_id,
        pl1_0.id,
        pl1_0.carrier,
        pl1_0.local_charge,
        pl1_0.min_charge,
        pl1_0.per_cbm,
        pl1_0.pod_id,
        pl1_0.pol_id,
        pl1_0.price,
        pl1_0.price_text,
        pl1_0.route_group_id,
        pl1_0.sort_order,
        pl1_0.sub_mode 
    from
        offer_price_line pl1_0 
    where
        pl1_0.offer_id=?
Hibernate: 
    select
        pl1_0.offer_id,
        pl1_0.id,
        pl1_0.carrier,
        pl1_0.local_charge,
        pl1_0.min_charge,
        pl1_0.per_cbm,
        pl1_0.pod_id,
        pl1_0.pol_id,
        pl1_0.price,
        pl1_0.price_text,
        pl1_0.route_group_id,
        pl1_0.sort_order,
        pl1_0.sub_mode 
    from
        offer_price_line pl1_0 
    where
        pl1_0.offer_id=?
2026-05-08T12:34:23.970+08:00 DEBUG 16608 --- [logitrack-backend] [0.0-8080-exec-5] org.hibernate.SQL                        : 
    select
        cd1_0.offer_price_line_id,
        cd1_0.id,
        cd1_0.cargo_weight_per_container,
        cd1_0.container_price,
        cd1_0.container_size_type,
        cd1_0.container_type,
        cd1_0.line_teu,
        cd1_0.number_of_containers,
        cd1_0.teu_value 
    from
        offer_container_detail cd1_0 
    where
        cd1_0.offer_price_line_id=?
Hibernate: 
    select
        cd1_0.offer_price_line_id,
        cd1_0.id,
        cd1_0.cargo_weight_per_container,
        cd1_0.container_price,
        cd1_0.container_size_type,
        cd1_0.container_type,
        cd1_0.line_teu,
        cd1_0.number_of_containers,
        cd1_0.teu_value 
    from
        offer_container_detail cd1_0 
    where
        cd1_0.offer_price_line_id=?
2026-05-08T12:34:23.976+08:00 DEBUG 16608 --- [logitrack-backend] [0.0-8080-exec-5] org.hibernate.SQL                        : 
    select
        cr1_0.enquiry_id,
        cr1_0.id,
        cr1_0.cntr_type_code,
        cr1_0.cntr_type_id,
        cr1_0.container_code,
        cr1_0.container_qty,
        cr1_0.container_type_id,
        cr1_0.created_at,
        cr1_0.extra_container_weights,
        cr1_0.extra_containers,
        cr1_0.line_teu,
        cr1_0.qty_20,
        cr1_0.qty_40,
        cr1_0.qty_40hq,
        cr1_0.qty_45,
        cr1_0.raw_text,
        cr1_0.teu_per_unit,
        cr1_0.weight_20,
        cr1_0.weight_40,
        cr1_0.weight_40hq,
        cr1_0.weight_45 
    from
        enquiry_container_line cr1_0 
    where
        cr1_0.enquiry_id=?
Hibernate: 
    select
        cr1_0.enquiry_id,
        cr1_0.id,
        cr1_0.cntr_type_code,
        cr1_0.cntr_type_id,
        cr1_0.container_code,
        cr1_0.container_qty,
        cr1_0.container_type_id,
        cr1_0.created_at,
        cr1_0.extra_container_weights,
        cr1_0.extra_containers,
        cr1_0.line_teu,
        cr1_0.qty_20,
        cr1_0.qty_40,
        cr1_0.qty_40hq,
        cr1_0.qty_45,
        cr1_0.raw_text,
        cr1_0.teu_per_unit,
        cr1_0.weight_20,
        cr1_0.weight_40,
        cr1_0.weight_40hq,
        cr1_0.weight_45 
    from
        enquiry_container_line cr1_0 
    where
        cr1_0.enquiry_id=?
2026-05-08T12:34:23.987+08:00 DEBUG 16608 --- [logitrack-backend] [0.0-8080-exec-5] org.hibernate.SQL                        : 
    select
        o1_0.enquiry_id,
        o1_0.id,
        o1_0.container_currency,
        o1_0.created_at,
        o1_0.is_latest,
        o1_0.local_charge_currency,
        o1_0.offer_date,
        o1_0.offer_type,
        o1_0.remark,
        o1_0.sequence_no,
        o1_0.updated_at 
    from
        offer o1_0 
    where
        o1_0.enquiry_id=?
Hibernate: 
    select
        o1_0.enquiry_id,
        o1_0.id,
        o1_0.container_currency,
        o1_0.created_at,
        o1_0.is_latest,
        o1_0.local_charge_currency,
        o1_0.offer_date,
        o1_0.offer_type,
        o1_0.remark,
        o1_0.sequence_no,
        o1_0.updated_at 
    from
        offer o1_0 
    where
        o1_0.enquiry_id=?
2026-05-08T12:34:23.990+08:00 DEBUG 16608 --- [logitrack-backend] [0.0-8080-exec-5] org.hibernate.SQL                        : 
    select
        pl1_0.offer_id,
        pl1_0.id,
        pl1_0.carrier,
        pl1_0.local_charge,
        pl1_0.min_charge,
        pl1_0.per_cbm,
        pl1_0.pod_id,
        pl1_0.pol_id,
        pl1_0.price,
        pl1_0.price_text,
        pl1_0.route_group_id,
        pl1_0.sort_order,
        pl1_0.sub_mode 
    from
        offer_price_line pl1_0 
    where
        pl1_0.offer_id=?
Hibernate: 
    select
        pl1_0.offer_id,
        pl1_0.id,
        pl1_0.carrier,
        pl1_0.local_charge,
        pl1_0.min_charge,
        pl1_0.per_cbm,
        pl1_0.pod_id,
        pl1_0.pol_id,
        pl1_0.price,
        pl1_0.price_text,
        pl1_0.route_group_id,
        pl1_0.sort_order,
        pl1_0.sub_mode 
    from
        offer_price_line pl1_0 
    where
        pl1_0.offer_id=?
2026-05-08T12:34:23.993+08:00 DEBUG 16608 --- [logitrack-backend] [0.0-8080-exec-5] org.hibernate.SQL                        : 
    select
        cd1_0.offer_price_line_id,
        cd1_0.id,
        cd1_0.cargo_weight_per_container,
        cd1_0.container_price,
        cd1_0.container_size_type,
        cd1_0.container_type,
        cd1_0.line_teu,
        cd1_0.number_of_containers,
        cd1_0.teu_value 
    from
        offer_container_detail cd1_0 
    where
        cd1_0.offer_price_line_id=?
Hibernate: 
    select
        cd1_0.offer_price_line_id,
        cd1_0.id,
        cd1_0.cargo_weight_per_container,
        cd1_0.container_price,
        cd1_0.container_size_type,
        cd1_0.container_type,
        cd1_0.line_teu,
        cd1_0.number_of_containers,
        cd1_0.teu_value 
    from
        offer_container_detail cd1_0 
    where
        cd1_0.offer_price_line_id=?
2026-05-08T12:34:23.995+08:00 DEBUG 16608 --- [logitrack-backend] [0.0-8080-exec-5] org.hibernate.SQL                        : 
    select
        cr1_0.enquiry_id,
        cr1_0.id,
        cr1_0.cntr_type_code,
        cr1_0.cntr_type_id,
        cr1_0.container_code,
        cr1_0.container_qty,
        cr1_0.container_type_id,
        cr1_0.created_at,
        cr1_0.extra_container_weights,
        cr1_0.extra_containers,
        cr1_0.line_teu,
        cr1_0.qty_20,
        cr1_0.qty_40,
        cr1_0.qty_40hq,
        cr1_0.qty_45,
        cr1_0.raw_text,
        cr1_0.teu_per_unit,
        cr1_0.weight_20,
        cr1_0.weight_40,
        cr1_0.weight_40hq,
        cr1_0.weight_45 
    from
        enquiry_container_line cr1_0 
    where
        cr1_0.enquiry_id=?
Hibernate: 
    select
        cr1_0.enquiry_id,
        cr1_0.id,
        cr1_0.cntr_type_code,
        cr1_0.cntr_type_id,
        cr1_0.container_code,
        cr1_0.container_qty,
        cr1_0.container_type_id,
        cr1_0.created_at,
        cr1_0.extra_container_weights,
        cr1_0.extra_containers,
        cr1_0.line_teu,
        cr1_0.qty_20,
        cr1_0.qty_40,
        cr1_0.qty_40hq,
        cr1_0.qty_45,
        cr1_0.raw_text,
        cr1_0.teu_per_unit,
        cr1_0.weight_20,
        cr1_0.weight_40,
        cr1_0.weight_40hq,
        cr1_0.weight_45 
    from
        enquiry_container_line cr1_0 
    where
        cr1_0.enquiry_id=?
2026-05-08T12:34:24.011+08:00 DEBUG 16608 --- [logitrack-backend] [0.0-8080-exec-5] org.hibernate.SQL                        : 
    select
        o1_0.enquiry_id,
        o1_0.id,
        o1_0.container_currency,
        o1_0.created_at,
        o1_0.is_latest,
        o1_0.local_charge_currency,
        o1_0.offer_date,
        o1_0.offer_type,
        o1_0.remark,
        o1_0.sequence_no,
        o1_0.updated_at 
    from
        offer o1_0 
    where
        o1_0.enquiry_id=?
Hibernate: 
    select
        o1_0.enquiry_id,
        o1_0.id,
        o1_0.container_currency,
        o1_0.created_at,
        o1_0.is_latest,
        o1_0.local_charge_currency,
        o1_0.offer_date,
        o1_0.offer_type,
        o1_0.remark,
        o1_0.sequence_no,
        o1_0.updated_at 
    from
        offer o1_0 
    where
        o1_0.enquiry_id=?
2026-05-08T12:34:24.015+08:00 DEBUG 16608 --- [logitrack-backend] [0.0-8080-exec-5] org.hibernate.SQL                        : 
    select
        pl1_0.offer_id,
        pl1_0.id,
        pl1_0.carrier,
        pl1_0.local_charge,
        pl1_0.min_charge,
        pl1_0.per_cbm,
        pl1_0.pod_id,
        pl1_0.pol_id,
        pl1_0.price,
        pl1_0.price_text,
        pl1_0.route_group_id,
        pl1_0.sort_order,
        pl1_0.sub_mode 
    from
        offer_price_line pl1_0 
    where
        pl1_0.offer_id=?
Hibernate: 
    select
        pl1_0.offer_id,
        pl1_0.id,
        pl1_0.carrier,
        pl1_0.local_charge,
        pl1_0.min_charge,
        pl1_0.per_cbm,
        pl1_0.pod_id,
        pl1_0.pol_id,
        pl1_0.price,
        pl1_0.price_text,
        pl1_0.route_group_id,
        pl1_0.sort_order,
        pl1_0.sub_mode 
    from
        offer_price_line pl1_0 
    where
        pl1_0.offer_id=?
2026-05-08T12:34:24.018+08:00 DEBUG 16608 --- [logitrack-backend] [0.0-8080-exec-5] org.hibernate.SQL                        : 
    select
        cd1_0.offer_price_line_id,
        cd1_0.id,
        cd1_0.cargo_weight_per_container,
        cd1_0.container_price,
        cd1_0.container_size_type,
        cd1_0.container_type,
        cd1_0.line_teu,
        cd1_0.number_of_containers,
        cd1_0.teu_value 
    from
        offer_container_detail cd1_0 
    where
        cd1_0.offer_price_line_id=?
Hibernate: 
    select
        cd1_0.offer_price_line_id,
        cd1_0.id,
        cd1_0.cargo_weight_per_container,
        cd1_0.container_price,
        cd1_0.container_size_type,
        cd1_0.container_type,
        cd1_0.line_teu,
        cd1_0.number_of_containers,
        cd1_0.teu_value 
    from
        offer_container_detail cd1_0 
    where
        cd1_0.offer_price_line_id=?
2026-05-08T12:34:24.020+08:00 DEBUG 16608 --- [logitrack-backend] [0.0-8080-exec-5] org.hibernate.SQL                        : 
    select
        cr1_0.enquiry_id,
        cr1_0.id,
        cr1_0.cntr_type_code,
        cr1_0.cntr_type_id,
        cr1_0.container_code,
        cr1_0.container_qty,
        cr1_0.container_type_id,
        cr1_0.created_at,
        cr1_0.extra_container_weights,
        cr1_0.extra_containers,
        cr1_0.line_teu,
        cr1_0.qty_20,
        cr1_0.qty_40,
        cr1_0.qty_40hq,
        cr1_0.qty_45,
        cr1_0.raw_text,
        cr1_0.teu_per_unit,
        cr1_0.weight_20,
        cr1_0.weight_40,
        cr1_0.weight_40hq,
        cr1_0.weight_45 
    from
        enquiry_container_line cr1_0 
    where
        cr1_0.enquiry_id=?
Hibernate: 
    select
        cr1_0.enquiry_id,
        cr1_0.id,
        cr1_0.cntr_type_code,
        cr1_0.cntr_type_id,
        cr1_0.container_code,
        cr1_0.container_qty,
        cr1_0.container_type_id,
        cr1_0.created_at,
        cr1_0.extra_container_weights,
        cr1_0.extra_containers,
        cr1_0.line_teu,
        cr1_0.qty_20,
        cr1_0.qty_40,
        cr1_0.qty_40hq,
        cr1_0.qty_45,
        cr1_0.raw_text,
        cr1_0.teu_per_unit,
        cr1_0.weight_20,
        cr1_0.weight_40,
        cr1_0.weight_40hq,
        cr1_0.weight_45 
    from
        enquiry_container_line cr1_0 
    where
        cr1_0.enquiry_id=?
2026-05-08T12:34:24.025+08:00 DEBUG 16608 --- [logitrack-backend] [0.0-8080-exec-5] org.hibernate.SQL                        : 
    select
        o1_0.enquiry_id,
        o1_0.id,
        o1_0.container_currency,
        o1_0.created_at,
        o1_0.is_latest,
        o1_0.local_charge_currency,
        o1_0.offer_date,
        o1_0.offer_type,
        o1_0.remark,
        o1_0.sequence_no,
        o1_0.updated_at 
    from
        offer o1_0 
    where
        o1_0.enquiry_id=?
Hibernate: 
    select
        o1_0.enquiry_id,
        o1_0.id,
        o1_0.container_currency,
        o1_0.created_at,
        o1_0.is_latest,
        o1_0.local_charge_currency,
        o1_0.offer_date,
        o1_0.offer_type,
        o1_0.remark,
        o1_0.sequence_no,
        o1_0.updated_at 
    from
        offer o1_0 
    where
        o1_0.enquiry_id=?
2026-05-08T12:34:24.027+08:00 DEBUG 16608 --- [logitrack-backend] [0.0-8080-exec-5] org.hibernate.SQL                        : 
    select
        pl1_0.offer_id,
        pl1_0.id,
        pl1_0.carrier,
        pl1_0.local_charge,
        pl1_0.min_charge,
        pl1_0.per_cbm,
        pl1_0.pod_id,
        pl1_0.pol_id,
        pl1_0.price,
        pl1_0.price_text,
        pl1_0.route_group_id,
        pl1_0.sort_order,
        pl1_0.sub_mode 
    from
        offer_price_line pl1_0 
    where
        pl1_0.offer_id=?
Hibernate: 
    select
        pl1_0.offer_id,
        pl1_0.id,
        pl1_0.carrier,
        pl1_0.local_charge,
        pl1_0.min_charge,
        pl1_0.per_cbm,
        pl1_0.pod_id,
        pl1_0.pol_id,
        pl1_0.price,
        pl1_0.price_text,
        pl1_0.route_group_id,
        pl1_0.sort_order,
        pl1_0.sub_mode 
    from
        offer_price_line pl1_0 
    where
        pl1_0.offer_id=?
2026-05-08T12:34:24.029+08:00 DEBUG 16608 --- [logitrack-backend] [0.0-8080-exec-5] org.hibernate.SQL                        : 
    select
        cd1_0.offer_price_line_id,
        cd1_0.id,
        cd1_0.cargo_weight_per_container,
        cd1_0.container_price,
        cd1_0.container_size_type,
        cd1_0.container_type,
        cd1_0.line_teu,
        cd1_0.number_of_containers,
        cd1_0.teu_value 
    from
        offer_container_detail cd1_0 
    where
        cd1_0.offer_price_line_id=?
Hibernate: 
    select
        cd1_0.offer_price_line_id,
        cd1_0.id,
        cd1_0.cargo_weight_per_container,
        cd1_0.container_price,
        cd1_0.container_size_type,
        cd1_0.container_type,
        cd1_0.line_teu,
        cd1_0.number_of_containers,
        cd1_0.teu_value 
    from
        offer_container_detail cd1_0 
    where
        cd1_0.offer_price_line_id=?
2026-05-08T12:34:24.032+08:00 DEBUG 16608 --- [logitrack-backend] [0.0-8080-exec-5] org.hibernate.SQL                        : 
    select
        cd1_0.offer_price_line_id,
        cd1_0.id,
        cd1_0.cargo_weight_per_container,
        cd1_0.container_price,
        cd1_0.container_size_type,
        cd1_0.container_type,
        cd1_0.line_teu,
        cd1_0.number_of_containers,
        cd1_0.teu_value 
    from
        offer_container_detail cd1_0 
    where
        cd1_0.offer_price_line_id=?
Hibernate: 
    select
        cd1_0.offer_price_line_id,
        cd1_0.id,
        cd1_0.cargo_weight_per_container,
        cd1_0.container_price,
        cd1_0.container_size_type,
        cd1_0.container_type,
        cd1_0.line_teu,
        cd1_0.number_of_containers,
        cd1_0.teu_value 
    from
        offer_container_detail cd1_0 
    where
        cd1_0.offer_price_line_id=?
2026-05-08T12:34:24.034+08:00 DEBUG 16608 --- [logitrack-backend] [0.0-8080-exec-5] org.hibernate.SQL                        : 
    select
        cr1_0.enquiry_id,
        cr1_0.id,
        cr1_0.cntr_type_code,
        cr1_0.cntr_type_id,
        cr1_0.container_code,
        cr1_0.container_qty,
        cr1_0.container_type_id,
        cr1_0.created_at,
        cr1_0.extra_container_weights,
        cr1_0.extra_containers,
        cr1_0.line_teu,
        cr1_0.qty_20,
        cr1_0.qty_40,
        cr1_0.qty_40hq,
        cr1_0.qty_45,
        cr1_0.raw_text,
        cr1_0.teu_per_unit,
        cr1_0.weight_20,
        cr1_0.weight_40,
        cr1_0.weight_40hq,
        cr1_0.weight_45 
    from
        enquiry_container_line cr1_0 
    where
        cr1_0.enquiry_id=?
Hibernate: 
    select
        cr1_0.enquiry_id,
        cr1_0.id,
        cr1_0.cntr_type_code,
        cr1_0.cntr_type_id,
        cr1_0.container_code,
        cr1_0.container_qty,
        cr1_0.container_type_id,
        cr1_0.created_at,
        cr1_0.extra_container_weights,
        cr1_0.extra_containers,
        cr1_0.line_teu,
        cr1_0.qty_20,
        cr1_0.qty_40,
        cr1_0.qty_40hq,
        cr1_0.qty_45,
        cr1_0.raw_text,
        cr1_0.teu_per_unit,
        cr1_0.weight_20,
        cr1_0.weight_40,
        cr1_0.weight_40hq,
        cr1_0.weight_45 
    from
        enquiry_container_line cr1_0 
    where
        cr1_0.enquiry_id=?
2026-05-08T12:34:24.036+08:00 DEBUG 16608 --- [logitrack-backend] [0.0-8080-exec-5] org.hibernate.SQL                        : 
    select
        o1_0.enquiry_id,
        o1_0.id,
        o1_0.container_currency,
        o1_0.created_at,
        o1_0.is_latest,
        o1_0.local_charge_currency,
        o1_0.offer_date,
        o1_0.offer_type,
        o1_0.remark,
        o1_0.sequence_no,
        o1_0.updated_at 
    from
        offer o1_0 
    where
        o1_0.enquiry_id=?
Hibernate: 
    select
        o1_0.enquiry_id,
        o1_0.id,
        o1_0.container_currency,
        o1_0.created_at,
        o1_0.is_latest,
        o1_0.local_charge_currency,
        o1_0.offer_date,
        o1_0.offer_type,
        o1_0.remark,
        o1_0.sequence_no,
        o1_0.updated_at 
    from
        offer o1_0 
    where
        o1_0.enquiry_id=?
2026-05-08T12:34:24.039+08:00 DEBUG 16608 --- [logitrack-backend] [0.0-8080-exec-5] org.hibernate.SQL                        : 
    select
        pl1_0.offer_id,
        pl1_0.id,
        pl1_0.carrier,
        pl1_0.local_charge,
        pl1_0.min_charge,
        pl1_0.per_cbm,
        pl1_0.pod_id,
        pl1_0.pol_id,
        pl1_0.price,
        pl1_0.price_text,
        pl1_0.route_group_id,
        pl1_0.sort_order,
        pl1_0.sub_mode 
    from
        offer_price_line pl1_0 
    where
        pl1_0.offer_id=?
Hibernate: 
    select
        pl1_0.offer_id,
        pl1_0.id,
        pl1_0.carrier,
        pl1_0.local_charge,
        pl1_0.min_charge,
        pl1_0.per_cbm,
        pl1_0.pod_id,
        pl1_0.pol_id,
        pl1_0.price,
        pl1_0.price_text,
        pl1_0.route_group_id,
        pl1_0.sort_order,
        pl1_0.sub_mode 
    from
        offer_price_line pl1_0 
    where
        pl1_0.offer_id=?
2026-05-08T12:34:24.042+08:00 DEBUG 16608 --- [logitrack-backend] [0.0-8080-exec-5] org.hibernate.SQL                        : 
    select
        cd1_0.offer_price_line_id,
        cd1_0.id,
        cd1_0.cargo_weight_per_container,
        cd1_0.container_price,
        cd1_0.container_size_type,
        cd1_0.container_type,
        cd1_0.line_teu,
        cd1_0.number_of_containers,
        cd1_0.teu_value 
    from
        offer_container_detail cd1_0 
    where
        cd1_0.offer_price_line_id=?
Hibernate: 
    select
        cd1_0.offer_price_line_id,
        cd1_0.id,
        cd1_0.cargo_weight_per_container,
        cd1_0.container_price,
        cd1_0.container_size_type,
        cd1_0.container_type,
        cd1_0.line_teu,
        cd1_0.number_of_containers,
        cd1_0.teu_value 
    from
        offer_container_detail cd1_0 
    where
        cd1_0.offer_price_line_id=?
2026-05-08T12:34:24.046+08:00 DEBUG 16608 --- [logitrack-backend] [0.0-8080-exec-5] org.hibernate.SQL                        : 
    select
        cr1_0.enquiry_id,
        cr1_0.id,
        cr1_0.cntr_type_code,
        cr1_0.cntr_type_id,
        cr1_0.container_code,
        cr1_0.container_qty,
        cr1_0.container_type_id,
        cr1_0.created_at,
        cr1_0.extra_container_weights,
        cr1_0.extra_containers,
        cr1_0.line_teu,
        cr1_0.qty_20,
        cr1_0.qty_40,
        cr1_0.qty_40hq,
        cr1_0.qty_45,
        cr1_0.raw_text,
        cr1_0.teu_per_unit,
        cr1_0.weight_20,
        cr1_0.weight_40,
        cr1_0.weight_40hq,
        cr1_0.weight_45 
    from
        enquiry_container_line cr1_0 
    where
        cr1_0.enquiry_id=?
Hibernate: 
    select
        cr1_0.enquiry_id,
        cr1_0.id,
        cr1_0.cntr_type_code,
        cr1_0.cntr_type_id,
        cr1_0.container_code,
        cr1_0.container_qty,
        cr1_0.container_type_id,
        cr1_0.created_at,
        cr1_0.extra_container_weights,
        cr1_0.extra_containers,
        cr1_0.line_teu,
        cr1_0.qty_20,
        cr1_0.qty_40,
        cr1_0.qty_40hq,
        cr1_0.qty_45,
        cr1_0.raw_text,
        cr1_0.teu_per_unit,
        cr1_0.weight_20,
        cr1_0.weight_40,
        cr1_0.weight_40hq,
        cr1_0.weight_45 
    from
        enquiry_container_line cr1_0 
    where
        cr1_0.enquiry_id=?
2026-05-08T12:34:24.049+08:00 DEBUG 16608 --- [logitrack-backend] [0.0-8080-exec-5] org.hibernate.SQL                        : 
    select
        o1_0.enquiry_id,
        o1_0.id,
        o1_0.container_currency,
        o1_0.created_at,
        o1_0.is_latest,
        o1_0.local_charge_currency,
        o1_0.offer_date,
        o1_0.offer_type,
        o1_0.remark,
        o1_0.sequence_no,
        o1_0.updated_at 
    from
        offer o1_0 
    where
        o1_0.enquiry_id=?
Hibernate: 
    select
        o1_0.enquiry_id,
        o1_0.id,
        o1_0.container_currency,
        o1_0.created_at,
        o1_0.is_latest,
        o1_0.local_charge_currency,
        o1_0.offer_date,
        o1_0.offer_type,
        o1_0.remark,
        o1_0.sequence_no,
        o1_0.updated_at 
    from
        offer o1_0 
    where
        o1_0.enquiry_id=?
2026-05-08T12:34:24.051+08:00 DEBUG 16608 --- [logitrack-backend] [0.0-8080-exec-5] org.hibernate.SQL                        : 
    select
        pl1_0.offer_id,
        pl1_0.id,
        pl1_0.carrier,
        pl1_0.local_charge,
        pl1_0.min_charge,
        pl1_0.per_cbm,
        pl1_0.pod_id,
        pl1_0.pol_id,
        pl1_0.price,
        pl1_0.price_text,
        pl1_0.route_group_id,
        pl1_0.sort_order,
        pl1_0.sub_mode 
    from
        offer_price_line pl1_0 
    where
        pl1_0.offer_id=?
Hibernate: 
    select
        pl1_0.offer_id,
        pl1_0.id,
        pl1_0.carrier,
        pl1_0.local_charge,
        pl1_0.min_charge,
        pl1_0.per_cbm,
        pl1_0.pod_id,
        pl1_0.pol_id,
        pl1_0.price,
        pl1_0.price_text,
        pl1_0.route_group_id,
        pl1_0.sort_order,
        pl1_0.sub_mode 
    from
        offer_price_line pl1_0 
    where
        pl1_0.offer_id=?
2026-05-08T12:34:24.053+08:00 DEBUG 16608 --- [logitrack-backend] [0.0-8080-exec-5] org.hibernate.SQL                        : 
    select
        cd1_0.offer_price_line_id,
        cd1_0.id,
        cd1_0.cargo_weight_per_container,
        cd1_0.container_price,
        cd1_0.container_size_type,
        cd1_0.container_type,
        cd1_0.line_teu,
        cd1_0.number_of_containers,
        cd1_0.teu_value 
    from
        offer_container_detail cd1_0 
    where
        cd1_0.offer_price_line_id=?
Hibernate: 
    select
        cd1_0.offer_price_line_id,
        cd1_0.id,
        cd1_0.cargo_weight_per_container,
        cd1_0.container_price,
        cd1_0.container_size_type,
        cd1_0.container_type,
        cd1_0.line_teu,
        cd1_0.number_of_containers,
        cd1_0.teu_value 
    from
        offer_container_detail cd1_0 
    where
        cd1_0.offer_price_line_id=?
2026-05-08T12:34:24.056+08:00 DEBUG 16608 --- [logitrack-backend] [0.0-8080-exec-5] org.hibernate.SQL                        : 
    select
        pl1_0.offer_id,
        pl1_0.id,
        pl1_0.carrier,
        pl1_0.local_charge,
        pl1_0.min_charge,
        pl1_0.per_cbm,
        pl1_0.pod_id,
        pl1_0.pol_id,
        pl1_0.price,
        pl1_0.price_text,
        pl1_0.route_group_id,
        pl1_0.sort_order,
        pl1_0.sub_mode 
    from
        offer_price_line pl1_0 
    where
        pl1_0.offer_id=?
Hibernate: 
    select
        pl1_0.offer_id,
        pl1_0.id,
        pl1_0.carrier,
        pl1_0.local_charge,
        pl1_0.min_charge,
        pl1_0.per_cbm,
        pl1_0.pod_id,
        pl1_0.pol_id,
        pl1_0.price,
        pl1_0.price_text,
        pl1_0.route_group_id,
        pl1_0.sort_order,
        pl1_0.sub_mode 
    from
        offer_price_line pl1_0 
    where
        pl1_0.offer_id=?
2026-05-08T12:34:24.058+08:00 DEBUG 16608 --- [logitrack-backend] [0.0-8080-exec-5] org.hibernate.SQL                        : 
    select
        cd1_0.offer_price_line_id,
        cd1_0.id,
        cd1_0.cargo_weight_per_container,
        cd1_0.container_price,
        cd1_0.container_size_type,
        cd1_0.container_type,
        cd1_0.line_teu,
        cd1_0.number_of_containers,
        cd1_0.teu_value 
    from
        offer_container_detail cd1_0 
    where
        cd1_0.offer_price_line_id=?
Hibernate: 
    select
        cd1_0.offer_price_line_id,
        cd1_0.id,
        cd1_0.cargo_weight_per_container,
        cd1_0.container_price,
        cd1_0.container_size_type,
        cd1_0.container_type,
        cd1_0.line_teu,
        cd1_0.number_of_containers,
        cd1_0.teu_value 
    from
        offer_container_detail cd1_0 
    where
        cd1_0.offer_price_line_id=?
2026-05-08T12:34:24.060+08:00 DEBUG 16608 --- [logitrack-backend] [0.0-8080-exec-5] org.hibernate.SQL                        : 
    select
        cr1_0.enquiry_id,
        cr1_0.id,
        cr1_0.cntr_type_code,
        cr1_0.cntr_type_id,
        cr1_0.container_code,
        cr1_0.container_qty,
        cr1_0.container_type_id,
        cr1_0.created_at,
        cr1_0.extra_container_weights,
        cr1_0.extra_containers,
        cr1_0.line_teu,
        cr1_0.qty_20,
        cr1_0.qty_40,
        cr1_0.qty_40hq,
        cr1_0.qty_45,
        cr1_0.raw_text,
        cr1_0.teu_per_unit,
        cr1_0.weight_20,
        cr1_0.weight_40,
        cr1_0.weight_40hq,
        cr1_0.weight_45 
    from
        enquiry_container_line cr1_0 
    where
        cr1_0.enquiry_id=?
Hibernate: 
    select
        cr1_0.enquiry_id,
        cr1_0.id,
        cr1_0.cntr_type_code,
        cr1_0.cntr_type_id,
        cr1_0.container_code,
        cr1_0.container_qty,
        cr1_0.container_type_id,
        cr1_0.created_at,
        cr1_0.extra_container_weights,
        cr1_0.extra_containers,
        cr1_0.line_teu,
        cr1_0.qty_20,
        cr1_0.qty_40,
        cr1_0.qty_40hq,
        cr1_0.qty_45,
        cr1_0.raw_text,
        cr1_0.teu_per_unit,
        cr1_0.weight_20,
        cr1_0.weight_40,
        cr1_0.weight_40hq,
        cr1_0.weight_45 
    from
        enquiry_container_line cr1_0 
    where
        cr1_0.enquiry_id=?
2026-05-08T12:34:24.061+08:00 DEBUG 16608 --- [logitrack-backend] [0.0-8080-exec-4] org.hibernate.SQL                        : 
    select
        e1_0.id,
        e1_0.assigned_cn_office,
        e1_0.cancelled_reason,
        e1_0.cancelled_reason_text,
        e1_0.cargo_ready_date,
        e1_0.cargo_ready_date_details,
        e1_0.cargo_type_code,
        e1_0.category,
        e1_0.commodity,
        e1_0.core_non_core,
        e1_0.created_at,
        e1_0.created_by,
        e1_0.enquiry_created_date,
        e1_0.enquiry_received_date,
        e1_0.exw_location,
        e1_0.has_specific_cargo_ready_date,
        e1_0.hazardous_special_equipment,
        e1_0.is_oversize_cargo,
        e1_0.lost_reason,
        e1_0.lost_reason_text,
        e1_0.monthly_sequence,
        e1_0.offer_type,
        e1_0.pod_country,
        e1_0.pol_country,
        e1_0.product_abbr,
        e1_0.product_code,
        e1_0.quantity,
        e1_0.ref_number,
        e1_0.reference_month,
        e1_0.remark,
        e1_0.sales_country_code,
        e1_0.sales_office_id,
        e1_0.sales_pic_id,
        e1_0.sender_email,
        e1_0.serial_number,
        e1_0.status,
        e1_0.uom,
        e1_0.updated_at,
        e1_0.updated_by,
        e1_0.volume_cbm 
    from
        enquiry e1_0 
    where
        e1_0.enquiry_received_date between ? and ?
Hibernate: 
    select
        e1_0.id,
        e1_0.assigned_cn_office,
        e1_0.cancelled_reason,
        e1_0.cancelled_reason_text,
        e1_0.cargo_ready_date,
        e1_0.cargo_ready_date_details,
        e1_0.cargo_type_code,
        e1_0.category,
        e1_0.commodity,
        e1_0.core_non_core,
        e1_0.created_at,
        e1_0.created_by,
        e1_0.enquiry_created_date,
        e1_0.enquiry_received_date,
        e1_0.exw_location,
        e1_0.has_specific_cargo_ready_date,
        e1_0.hazardous_special_equipment,
        e1_0.is_oversize_cargo,
        e1_0.lost_reason,
        e1_0.lost_reason_text,
        e1_0.monthly_sequence,
        e1_0.offer_type,
        e1_0.pod_country,
        e1_0.pol_country,
        e1_0.product_abbr,
        e1_0.product_code,
        e1_0.quantity,
        e1_0.ref_number,
        e1_0.reference_month,
        e1_0.remark,
        e1_0.sales_country_code,
        e1_0.sales_office_id,
        e1_0.sales_pic_id,
        e1_0.sender_email,
        e1_0.serial_number,
        e1_0.status,
        e1_0.uom,
        e1_0.updated_at,
        e1_0.updated_by,
        e1_0.volume_cbm 
    from
        enquiry e1_0 
    where
        e1_0.enquiry_received_date between ? and ?
2026-05-08T12:34:24.086+08:00 DEBUG 16608 --- [logitrack-backend] [0.0-8080-exec-5] org.hibernate.SQL                        : 
    select
        o1_0.enquiry_id,
        o1_0.id,
        o1_0.container_currency,
        o1_0.created_at,
        o1_0.is_latest,
        o1_0.local_charge_currency,
        o1_0.offer_date,
        o1_0.offer_type,
        o1_0.remark,
        o1_0.sequence_no,
        o1_0.updated_at 
    from
        offer o1_0 
    where
        o1_0.enquiry_id=?
Hibernate: 
    select
        o1_0.enquiry_id,
        o1_0.id,
        o1_0.container_currency,
        o1_0.created_at,
        o1_0.is_latest,
        o1_0.local_charge_currency,
        o1_0.offer_date,
        o1_0.offer_type,
        o1_0.remark,
        o1_0.sequence_no,
        o1_0.updated_at 
    from
        offer o1_0 
    where
        o1_0.enquiry_id=?
2026-05-08T12:34:24.088+08:00 DEBUG 16608 --- [logitrack-backend] [0.0-8080-exec-5] org.hibernate.SQL                        : 
    select
        pl1_0.offer_id,
        pl1_0.id,
        pl1_0.carrier,
        pl1_0.local_charge,
        pl1_0.min_charge,
        pl1_0.per_cbm,
        pl1_0.pod_id,
        pl1_0.pol_id,
        pl1_0.price,
        pl1_0.price_text,
        pl1_0.route_group_id,
        pl1_0.sort_order,
        pl1_0.sub_mode 
    from
        offer_price_line pl1_0 
    where
        pl1_0.offer_id=?
Hibernate: 
    select
        pl1_0.offer_id,
        pl1_0.id,
        pl1_0.carrier,
        pl1_0.local_charge,
        pl1_0.min_charge,
        pl1_0.per_cbm,
        pl1_0.pod_id,
        pl1_0.pol_id,
        pl1_0.price,
        pl1_0.price_text,
        pl1_0.route_group_id,
        pl1_0.sort_order,
        pl1_0.sub_mode 
    from
        offer_price_line pl1_0 
    where
        pl1_0.offer_id=?
2026-05-08T12:34:24.090+08:00 DEBUG 16608 --- [logitrack-backend] [0.0-8080-exec-5] org.hibernate.SQL                        : 
    select
        cd1_0.offer_price_line_id,
        cd1_0.id,
        cd1_0.cargo_weight_per_container,
        cd1_0.container_price,
        cd1_0.container_size_type,
        cd1_0.container_type,
        cd1_0.line_teu,
        cd1_0.number_of_containers,
        cd1_0.teu_value 
    from
        offer_container_detail cd1_0 
    where
        cd1_0.offer_price_line_id=?
Hibernate: 
    select
        cd1_0.offer_price_line_id,
        cd1_0.id,
        cd1_0.cargo_weight_per_container,
        cd1_0.container_price,
        cd1_0.container_size_type,
        cd1_0.container_type,
        cd1_0.line_teu,
        cd1_0.number_of_containers,
        cd1_0.teu_value 
    from
        offer_container_detail cd1_0 
    where
        cd1_0.offer_price_line_id=?
2026-05-08T12:34:24.093+08:00 DEBUG 16608 --- [logitrack-backend] [0.0-8080-exec-5] org.hibernate.SQL                        : 
    select
        cr1_0.enquiry_id,
        cr1_0.id,
        cr1_0.cntr_type_code,
        cr1_0.cntr_type_id,
        cr1_0.container_code,
        cr1_0.container_qty,
        cr1_0.container_type_id,
        cr1_0.created_at,
        cr1_0.extra_container_weights,
        cr1_0.extra_containers,
        cr1_0.line_teu,
        cr1_0.qty_20,
        cr1_0.qty_40,
        cr1_0.qty_40hq,
        cr1_0.qty_45,
        cr1_0.raw_text,
        cr1_0.teu_per_unit,
        cr1_0.weight_20,
        cr1_0.weight_40,
        cr1_0.weight_40hq,
        cr1_0.weight_45 
    from
        enquiry_container_line cr1_0 
    where
        cr1_0.enquiry_id=?
Hibernate: 
    select
        cr1_0.enquiry_id,
        cr1_0.id,
        cr1_0.cntr_type_code,
        cr1_0.cntr_type_id,
        cr1_0.container_code,
        cr1_0.container_qty,
        cr1_0.container_type_id,
        cr1_0.created_at,
        cr1_0.extra_container_weights,
        cr1_0.extra_containers,
        cr1_0.line_teu,
        cr1_0.qty_20,
        cr1_0.qty_40,
        cr1_0.qty_40hq,
        cr1_0.qty_45,
        cr1_0.raw_text,
        cr1_0.teu_per_unit,
        cr1_0.weight_20,
        cr1_0.weight_40,
        cr1_0.weight_40hq,
        cr1_0.weight_45 
    from
        enquiry_container_line cr1_0 
    where
        cr1_0.enquiry_id=?
2026-05-08T12:34:24.097+08:00 DEBUG 16608 --- [logitrack-backend] [0.0-8080-exec-5] org.hibernate.SQL                        : 
    select
        o1_0.enquiry_id,
        o1_0.id,
        o1_0.container_currency,
        o1_0.created_at,
        o1_0.is_latest,
        o1_0.local_charge_currency,
        o1_0.offer_date,
        o1_0.offer_type,
        o1_0.remark,
        o1_0.sequence_no,
        o1_0.updated_at 
    from
        offer o1_0 
    where
        o1_0.enquiry_id=?
Hibernate: 
    select
        o1_0.enquiry_id,
        o1_0.id,
        o1_0.container_currency,
        o1_0.created_at,
        o1_0.is_latest,
        o1_0.local_charge_currency,
        o1_0.offer_date,
        o1_0.offer_type,
        o1_0.remark,
        o1_0.sequence_no,
        o1_0.updated_at 
    from
        offer o1_0 
    where
        o1_0.enquiry_id=?
2026-05-08T12:34:24.100+08:00 DEBUG 16608 --- [logitrack-backend] [0.0-8080-exec-5] org.hibernate.SQL                        : 
    select
        cr1_0.enquiry_id,
        cr1_0.id,
        cr1_0.cntr_type_code,
        cr1_0.cntr_type_id,
        cr1_0.container_code,
        cr1_0.container_qty,
        cr1_0.container_type_id,
        cr1_0.created_at,
        cr1_0.extra_container_weights,
        cr1_0.extra_containers,
        cr1_0.line_teu,
        cr1_0.qty_20,
        cr1_0.qty_40,
        cr1_0.qty_40hq,
        cr1_0.qty_45,
        cr1_0.raw_text,
        cr1_0.teu_per_unit,
        cr1_0.weight_20,
        cr1_0.weight_40,
        cr1_0.weight_40hq,
        cr1_0.weight_45 
    from
        enquiry_container_line cr1_0 
    where
        cr1_0.enquiry_id=?
Hibernate: 
    select
        cr1_0.enquiry_id,
        cr1_0.id,
        cr1_0.cntr_type_code,
        cr1_0.cntr_type_id,
        cr1_0.container_code,
        cr1_0.container_qty,
        cr1_0.container_type_id,
        cr1_0.created_at,
        cr1_0.extra_container_weights,
        cr1_0.extra_containers,
        cr1_0.line_teu,
        cr1_0.qty_20,
        cr1_0.qty_40,
        cr1_0.qty_40hq,
        cr1_0.qty_45,
        cr1_0.raw_text,
        cr1_0.teu_per_unit,
        cr1_0.weight_20,
        cr1_0.weight_40,
        cr1_0.weight_40hq,
        cr1_0.weight_45 
    from
        enquiry_container_line cr1_0 
    where
        cr1_0.enquiry_id=?
2026-05-08T12:34:24.101+08:00 DEBUG 16608 --- [logitrack-backend] [0.0-8080-exec-4] org.hibernate.SQL                        : 
    select
        e1_0.id,
        e1_0.assigned_cn_office,
        e1_0.cancelled_reason,
        e1_0.cancelled_reason_text,
        e1_0.cargo_ready_date,
        e1_0.cargo_ready_date_details,
        e1_0.cargo_type_code,
        e1_0.category,
        e1_0.commodity,
        e1_0.core_non_core,
        e1_0.created_at,
        e1_0.created_by,
        e1_0.enquiry_created_date,
        e1_0.enquiry_received_date,
        e1_0.exw_location,
        e1_0.has_specific_cargo_ready_date,
        e1_0.hazardous_special_equipment,
        e1_0.is_oversize_cargo,
        e1_0.lost_reason,
        e1_0.lost_reason_text,
        e1_0.monthly_sequence,
        e1_0.offer_type,
        e1_0.pod_country,
        e1_0.pol_country,
        e1_0.product_abbr,
        e1_0.product_code,
        e1_0.quantity,
        e1_0.ref_number,
        e1_0.reference_month,
        e1_0.remark,
        e1_0.sales_country_code,
        e1_0.sales_office_id,
        e1_0.sales_pic_id,
        e1_0.sender_email,
        e1_0.serial_number,
        e1_0.status,
        e1_0.uom,
        e1_0.updated_at,
        e1_0.updated_by,
        e1_0.volume_cbm 
    from
        enquiry e1_0 
    where
        e1_0.enquiry_received_date between ? and ?
Hibernate: 
    select
        e1_0.id,
        e1_0.assigned_cn_office,
        e1_0.cancelled_reason,
        e1_0.cancelled_reason_text,
        e1_0.cargo_ready_date,
        e1_0.cargo_ready_date_details,
        e1_0.cargo_type_code,
        e1_0.category,
        e1_0.commodity,
        e1_0.core_non_core,
        e1_0.created_at,
        e1_0.created_by,
        e1_0.enquiry_created_date,
        e1_0.enquiry_received_date,
        e1_0.exw_location,
        e1_0.has_specific_cargo_ready_date,
        e1_0.hazardous_special_equipment,
        e1_0.is_oversize_cargo,
        e1_0.lost_reason,
        e1_0.lost_reason_text,
        e1_0.monthly_sequence,
        e1_0.offer_type,
        e1_0.pod_country,
        e1_0.pol_country,
        e1_0.product_abbr,
        e1_0.product_code,
        e1_0.quantity,
        e1_0.ref_number,
        e1_0.reference_month,
        e1_0.remark,
        e1_0.sales_country_code,
        e1_0.sales_office_id,
        e1_0.sales_pic_id,
        e1_0.sender_email,
        e1_0.serial_number,
        e1_0.status,
        e1_0.uom,
        e1_0.updated_at,
        e1_0.updated_by,
        e1_0.volume_cbm 
    from
        enquiry e1_0 
    where
        e1_0.enquiry_received_date between ? and ?
2026-05-08T12:34:24.104+08:00 DEBUG 16608 --- [logitrack-backend] [0.0-8080-exec-5] org.hibernate.SQL                        : 
    select
        o1_0.enquiry_id,
        o1_0.id,
        o1_0.container_currency,
        o1_0.created_at,
        o1_0.is_latest,
        o1_0.local_charge_currency,
        o1_0.offer_date,
        o1_0.offer_type,
        o1_0.remark,
        o1_0.sequence_no,
        o1_0.updated_at 
    from
        offer o1_0 
    where
        o1_0.enquiry_id=?
Hibernate: 
    select
        o1_0.enquiry_id,
        o1_0.id,
        o1_0.container_currency,
        o1_0.created_at,
        o1_0.is_latest,
        o1_0.local_charge_currency,
        o1_0.offer_date,
        o1_0.offer_type,
        o1_0.remark,
        o1_0.sequence_no,
        o1_0.updated_at 
    from
        offer o1_0 
    where
        o1_0.enquiry_id=?
2026-05-08T12:34:24.107+08:00 DEBUG 16608 --- [logitrack-backend] [0.0-8080-exec-5] org.hibernate.SQL                        : 
    select
        cr1_0.enquiry_id,
        cr1_0.id,
        cr1_0.cntr_type_code,
        cr1_0.cntr_type_id,
        cr1_0.container_code,
        cr1_0.container_qty,
        cr1_0.container_type_id,
        cr1_0.created_at,
        cr1_0.extra_container_weights,
        cr1_0.extra_containers,
        cr1_0.line_teu,
        cr1_0.qty_20,
        cr1_0.qty_40,
        cr1_0.qty_40hq,
        cr1_0.qty_45,
        cr1_0.raw_text,
        cr1_0.teu_per_unit,
        cr1_0.weight_20,
        cr1_0.weight_40,
        cr1_0.weight_40hq,
        cr1_0.weight_45 
    from
        enquiry_container_line cr1_0 
    where
        cr1_0.enquiry_id=?
Hibernate: 
    select
        cr1_0.enquiry_id,
        cr1_0.id,
        cr1_0.cntr_type_code,
        cr1_0.cntr_type_id,
        cr1_0.container_code,
        cr1_0.container_qty,
        cr1_0.container_type_id,
        cr1_0.created_at,
        cr1_0.extra_container_weights,
        cr1_0.extra_containers,
        cr1_0.line_teu,
        cr1_0.qty_20,
        cr1_0.qty_40,
        cr1_0.qty_40hq,
        cr1_0.qty_45,
        cr1_0.raw_text,
        cr1_0.teu_per_unit,
        cr1_0.weight_20,
        cr1_0.weight_40,
        cr1_0.weight_40hq,
        cr1_0.weight_45 
    from
        enquiry_container_line cr1_0 
    where
        cr1_0.enquiry_id=?
2026-05-08T12:34:24.109+08:00 DEBUG 16608 --- [logitrack-backend] [0.0-8080-exec-5] org.hibernate.SQL                        : 
    select
        o1_0.enquiry_id,
        o1_0.id,
        o1_0.container_currency,
        o1_0.created_at,
        o1_0.is_latest,
        o1_0.local_charge_currency,
        o1_0.offer_date,
        o1_0.offer_type,
        o1_0.remark,
        o1_0.sequence_no,
        o1_0.updated_at 
    from
        offer o1_0 
    where
        o1_0.enquiry_id=?
Hibernate: 
    select
        o1_0.enquiry_id,
        o1_0.id,
        o1_0.container_currency,
        o1_0.created_at,
        o1_0.is_latest,
        o1_0.local_charge_currency,
        o1_0.offer_date,
        o1_0.offer_type,
        o1_0.remark,
        o1_0.sequence_no,
        o1_0.updated_at 
    from
        offer o1_0 
    where
        o1_0.enquiry_id=?
2026-05-08T12:34:24.113+08:00 DEBUG 16608 --- [logitrack-backend] [0.0-8080-exec-5] org.hibernate.SQL                        : 
    select
        cr1_0.enquiry_id,
        cr1_0.id,
        cr1_0.cntr_type_code,
        cr1_0.cntr_type_id,
        cr1_0.container_code,
        cr1_0.container_qty,
        cr1_0.container_type_id,
        cr1_0.created_at,
        cr1_0.extra_container_weights,
        cr1_0.extra_containers,
        cr1_0.line_teu,
        cr1_0.qty_20,
        cr1_0.qty_40,
        cr1_0.qty_40hq,
        cr1_0.qty_45,
        cr1_0.raw_text,
        cr1_0.teu_per_unit,
        cr1_0.weight_20,
        cr1_0.weight_40,
        cr1_0.weight_40hq,
        cr1_0.weight_45 
    from
        enquiry_container_line cr1_0 
    where
        cr1_0.enquiry_id=?
Hibernate: 
    select
        cr1_0.enquiry_id,
        cr1_0.id,
        cr1_0.cntr_type_code,
        cr1_0.cntr_type_id,
        cr1_0.container_code,
        cr1_0.container_qty,
        cr1_0.container_type_id,
        cr1_0.created_at,
        cr1_0.extra_container_weights,
        cr1_0.extra_containers,
        cr1_0.line_teu,
        cr1_0.qty_20,
        cr1_0.qty_40,
        cr1_0.qty_40hq,
        cr1_0.qty_45,
        cr1_0.raw_text,
        cr1_0.teu_per_unit,
        cr1_0.weight_20,
        cr1_0.weight_40,
        cr1_0.weight_40hq,
        cr1_0.weight_45 
    from
        enquiry_container_line cr1_0 
    where
        cr1_0.enquiry_id=?
2026-05-08T12:34:24.142+08:00 DEBUG 16608 --- [logitrack-backend] [0.0-8080-exec-4] org.hibernate.SQL                        : 
    select
        e1_0.id,
        e1_0.assigned_cn_office,
        e1_0.cancelled_reason,
        e1_0.cancelled_reason_text,
        e1_0.cargo_ready_date,
        e1_0.cargo_ready_date_details,
        e1_0.cargo_type_code,
        e1_0.category,
        e1_0.commodity,
        e1_0.core_non_core,
        e1_0.created_at,
        e1_0.created_by,
        e1_0.enquiry_created_date,
        e1_0.enquiry_received_date,
        e1_0.exw_location,
        e1_0.has_specific_cargo_ready_date,
        e1_0.hazardous_special_equipment,
        e1_0.is_oversize_cargo,
        e1_0.lost_reason,
        e1_0.lost_reason_text,
        e1_0.monthly_sequence,
        e1_0.offer_type,
        e1_0.pod_country,
        e1_0.pol_country,
        e1_0.product_abbr,
        e1_0.product_code,
        e1_0.quantity,
        e1_0.ref_number,
        e1_0.reference_month,
        e1_0.remark,
        e1_0.sales_country_code,
        e1_0.sales_office_id,
        e1_0.sales_pic_id,
        e1_0.sender_email,
        e1_0.serial_number,
        e1_0.status,
        e1_0.uom,
        e1_0.updated_at,
        e1_0.updated_by,
        e1_0.volume_cbm 
    from
        enquiry e1_0 
    where
        e1_0.enquiry_received_date between ? and ?
Hibernate: 
    select
        e1_0.id,
        e1_0.assigned_cn_office,
        e1_0.cancelled_reason,
        e1_0.cancelled_reason_text,
        e1_0.cargo_ready_date,
        e1_0.cargo_ready_date_details,
        e1_0.cargo_type_code,
        e1_0.category,
        e1_0.commodity,
        e1_0.core_non_core,
        e1_0.created_at,
        e1_0.created_by,
        e1_0.enquiry_created_date,
        e1_0.enquiry_received_date,
        e1_0.exw_location,
        e1_0.has_specific_cargo_ready_date,
        e1_0.hazardous_special_equipment,
        e1_0.is_oversize_cargo,
        e1_0.lost_reason,
        e1_0.lost_reason_text,
        e1_0.monthly_sequence,
        e1_0.offer_type,
        e1_0.pod_country,
        e1_0.pol_country,
        e1_0.product_abbr,
        e1_0.product_code,
        e1_0.quantity,
        e1_0.ref_number,
        e1_0.reference_month,
        e1_0.remark,
        e1_0.sales_country_code,
        e1_0.sales_office_id,
        e1_0.sales_pic_id,
        e1_0.sender_email,
        e1_0.serial_number,
        e1_0.status,
        e1_0.uom,
        e1_0.updated_at,
        e1_0.updated_by,
        e1_0.volume_cbm 
    from
        enquiry e1_0 
    where
        e1_0.enquiry_received_date between ? and ?
2026-05-08T12:34:24.177+08:00 DEBUG 16608 --- [logitrack-backend] [0.0-8080-exec-4] org.hibernate.SQL                        : 
    select
        e1_0.id,
        e1_0.assigned_cn_office,
        e1_0.cancelled_reason,
        e1_0.cancelled_reason_text,
        e1_0.cargo_ready_date,
        e1_0.cargo_ready_date_details,
        e1_0.cargo_type_code,
        e1_0.category,
        e1_0.commodity,
        e1_0.core_non_core,
        e1_0.created_at,
        e1_0.created_by,
        e1_0.enquiry_created_date,
        e1_0.enquiry_received_date,
        e1_0.exw_location,
        e1_0.has_specific_cargo_ready_date,
        e1_0.hazardous_special_equipment,
        e1_0.is_oversize_cargo,
        e1_0.lost_reason,
        e1_0.lost_reason_text,
        e1_0.monthly_sequence,
        e1_0.offer_type,
        e1_0.pod_country,
        e1_0.pol_country,
        e1_0.product_abbr,
        e1_0.product_code,
        e1_0.quantity,
        e1_0.ref_number,
        e1_0.reference_month,
        e1_0.remark,
        e1_0.sales_country_code,
        e1_0.sales_office_id,
        e1_0.sales_pic_id,
        e1_0.sender_email,
        e1_0.serial_number,
        e1_0.status,
        e1_0.uom,
        e1_0.updated_at,
        e1_0.updated_by,
        e1_0.volume_cbm 
    from
        enquiry e1_0 
    where
        e1_0.enquiry_received_date between ? and ?
Hibernate: 
    select
        e1_0.id,
        e1_0.assigned_cn_office,
        e1_0.cancelled_reason,
        e1_0.cancelled_reason_text,
        e1_0.cargo_ready_date,
        e1_0.cargo_ready_date_details,
        e1_0.cargo_type_code,
        e1_0.category,
        e1_0.commodity,
        e1_0.core_non_core,
        e1_0.created_at,
        e1_0.created_by,
        e1_0.enquiry_created_date,
        e1_0.enquiry_received_date,
        e1_0.exw_location,
        e1_0.has_specific_cargo_ready_date,
        e1_0.hazardous_special_equipment,
        e1_0.is_oversize_cargo,
        e1_0.lost_reason,
        e1_0.lost_reason_text,
        e1_0.monthly_sequence,
        e1_0.offer_type,
        e1_0.pod_country,
        e1_0.pol_country,
        e1_0.product_abbr,
        e1_0.product_code,
        e1_0.quantity,
        e1_0.ref_number,
        e1_0.reference_month,
        e1_0.remark,
        e1_0.sales_country_code,
        e1_0.sales_office_id,
        e1_0.sales_pic_id,
        e1_0.sender_email,
        e1_0.serial_number,
        e1_0.status,
        e1_0.uom,
        e1_0.updated_at,
        e1_0.updated_by,
        e1_0.volume_cbm 
    from
        enquiry e1_0 
    where
        e1_0.enquiry_received_date between ? and ?
2026-05-08T12:34:24.252+08:00 DEBUG 16608 --- [logitrack-backend] [0.0-8080-exec-4] org.hibernate.SQL                        : 
    select
        e1_0.id,
        e1_0.assigned_cn_office,
        e1_0.cancelled_reason,
        e1_0.cancelled_reason_text,
        e1_0.cargo_ready_date,
        e1_0.cargo_ready_date_details,
        e1_0.cargo_type_code,
        e1_0.category,
        e1_0.commodity,
        e1_0.core_non_core,
        e1_0.created_at,
        e1_0.created_by,
        e1_0.enquiry_created_date,
        e1_0.enquiry_received_date,
        e1_0.exw_location,
        e1_0.has_specific_cargo_ready_date,
        e1_0.hazardous_special_equipment,
        e1_0.is_oversize_cargo,
        e1_0.lost_reason,
        e1_0.lost_reason_text,
        e1_0.monthly_sequence,
        e1_0.offer_type,
        e1_0.pod_country,
        e1_0.pol_country,
        e1_0.product_abbr,
        e1_0.product_code,
        e1_0.quantity,
        e1_0.ref_number,
        e1_0.reference_month,
        e1_0.remark,
        e1_0.sales_country_code,
        e1_0.sales_office_id,
        e1_0.sales_pic_id,
        e1_0.sender_email,
        e1_0.serial_number,
        e1_0.status,
        e1_0.uom,
        e1_0.updated_at,
        e1_0.updated_by,
        e1_0.volume_cbm 
    from
        enquiry e1_0 
    where
        e1_0.enquiry_received_date between ? and ?
Hibernate: 
    select
        e1_0.id,
        e1_0.assigned_cn_office,
        e1_0.cancelled_reason,
        e1_0.cancelled_reason_text,
        e1_0.cargo_ready_date,
        e1_0.cargo_ready_date_details,
        e1_0.cargo_type_code,
        e1_0.category,
        e1_0.commodity,
        e1_0.core_non_core,
        e1_0.created_at,
        e1_0.created_by,
        e1_0.enquiry_created_date,
        e1_0.enquiry_received_date,
        e1_0.exw_location,
        e1_0.has_specific_cargo_ready_date,
        e1_0.hazardous_special_equipment,
        e1_0.is_oversize_cargo,
        e1_0.lost_reason,
        e1_0.lost_reason_text,
        e1_0.monthly_sequence,
        e1_0.offer_type,
        e1_0.pod_country,
        e1_0.pol_country,
        e1_0.product_abbr,
        e1_0.product_code,
        e1_0.quantity,
        e1_0.ref_number,
        e1_0.reference_month,
        e1_0.remark,
        e1_0.sales_country_code,
        e1_0.sales_office_id,
        e1_0.sales_pic_id,
        e1_0.sender_email,
        e1_0.serial_number,
        e1_0.status,
        e1_0.uom,
        e1_0.updated_at,
        e1_0.updated_by,
        e1_0.volume_cbm 
    from
        enquiry e1_0 
    where
        e1_0.enquiry_received_date between ? and ?
2026-05-08T12:34:24.289+08:00 DEBUG 16608 --- [logitrack-backend] [0.0-8080-exec-4] org.hibernate.SQL                        : 
    select
        e1_0.id,
        e1_0.assigned_cn_office,
        e1_0.cancelled_reason,
        e1_0.cancelled_reason_text,
        e1_0.cargo_ready_date,
        e1_0.cargo_ready_date_details,
        e1_0.cargo_type_code,
        e1_0.category,
        e1_0.commodity,
        e1_0.core_non_core,
        e1_0.created_at,
        e1_0.created_by,
        e1_0.enquiry_created_date,
        e1_0.enquiry_received_date,
        e1_0.exw_location,
        e1_0.has_specific_cargo_ready_date,
        e1_0.hazardous_special_equipment,
        e1_0.is_oversize_cargo,
        e1_0.lost_reason,
        e1_0.lost_reason_text,
        e1_0.monthly_sequence,
        e1_0.offer_type,
        e1_0.pod_country,
        e1_0.pol_country,
        e1_0.product_abbr,
        e1_0.product_code,
        e1_0.quantity,
        e1_0.ref_number,
        e1_0.reference_month,
        e1_0.remark,
        e1_0.sales_country_code,
        e1_0.sales_office_id,
        e1_0.sales_pic_id,
        e1_0.sender_email,
        e1_0.serial_number,
        e1_0.status,
        e1_0.uom,
        e1_0.updated_at,
        e1_0.updated_by,
        e1_0.volume_cbm 
    from
        enquiry e1_0 
    where
        e1_0.enquiry_received_date between ? and ?
Hibernate: 
    select
        e1_0.id,
        e1_0.assigned_cn_office,
        e1_0.cancelled_reason,
        e1_0.cancelled_reason_text,
        e1_0.cargo_ready_date,
        e1_0.cargo_ready_date_details,
        e1_0.cargo_type_code,
        e1_0.category,
        e1_0.commodity,
        e1_0.core_non_core,
        e1_0.created_at,
        e1_0.created_by,
        e1_0.enquiry_created_date,
        e1_0.enquiry_received_date,
        e1_0.exw_location,
        e1_0.has_specific_cargo_ready_date,
        e1_0.hazardous_special_equipment,
        e1_0.is_oversize_cargo,
        e1_0.lost_reason,
        e1_0.lost_reason_text,
        e1_0.monthly_sequence,
        e1_0.offer_type,
        e1_0.pod_country,
        e1_0.pol_country,
        e1_0.product_abbr,
        e1_0.product_code,
        e1_0.quantity,
        e1_0.ref_number,
        e1_0.reference_month,
        e1_0.remark,
        e1_0.sales_country_code,
        e1_0.sales_office_id,
        e1_0.sales_pic_id,
        e1_0.sender_email,
        e1_0.serial_number,
        e1_0.status,
        e1_0.uom,
        e1_0.updated_at,
        e1_0.updated_by,
        e1_0.volume_cbm 
    from
        enquiry e1_0 
    where
        e1_0.enquiry_received_date between ? and ?
2026-05-08T12:34:24.340+08:00 DEBUG 16608 --- [logitrack-backend] [0.0-8080-exec-4] org.hibernate.SQL                        : 
    select
        e1_0.id,
        e1_0.assigned_cn_office,
        e1_0.cancelled_reason,
        e1_0.cancelled_reason_text,
        e1_0.cargo_ready_date,
        e1_0.cargo_ready_date_details,
        e1_0.cargo_type_code,
        e1_0.category,
        e1_0.commodity,
        e1_0.core_non_core,
        e1_0.created_at,
        e1_0.created_by,
        e1_0.enquiry_created_date,
        e1_0.enquiry_received_date,
        e1_0.exw_location,
        e1_0.has_specific_cargo_ready_date,
        e1_0.hazardous_special_equipment,
        e1_0.is_oversize_cargo,
        e1_0.lost_reason,
        e1_0.lost_reason_text,
        e1_0.monthly_sequence,
        e1_0.offer_type,
        e1_0.pod_country,
        e1_0.pol_country,
        e1_0.product_abbr,
        e1_0.product_code,
        e1_0.quantity,
        e1_0.ref_number,
        e1_0.reference_month,
        e1_0.remark,
        e1_0.sales_country_code,
        e1_0.sales_office_id,
        e1_0.sales_pic_id,
        e1_0.sender_email,
        e1_0.serial_number,
        e1_0.status,
        e1_0.uom,
        e1_0.updated_at,
        e1_0.updated_by,
        e1_0.volume_cbm 
    from
        enquiry e1_0 
    where
        e1_0.enquiry_received_date between ? and ?
Hibernate: 
    select
        e1_0.id,
        e1_0.assigned_cn_office,
        e1_0.cancelled_reason,
        e1_0.cancelled_reason_text,
        e1_0.cargo_ready_date,
        e1_0.cargo_ready_date_details,
        e1_0.cargo_type_code,
        e1_0.category,
        e1_0.commodity,
        e1_0.core_non_core,
        e1_0.created_at,
        e1_0.created_by,
        e1_0.enquiry_created_date,
        e1_0.enquiry_received_date,
        e1_0.exw_location,
        e1_0.has_specific_cargo_ready_date,
        e1_0.hazardous_special_equipment,
        e1_0.is_oversize_cargo,
        e1_0.lost_reason,
        e1_0.lost_reason_text,
        e1_0.monthly_sequence,
        e1_0.offer_type,
        e1_0.pod_country,
        e1_0.pol_country,
        e1_0.product_abbr,
        e1_0.product_code,
        e1_0.quantity,
        e1_0.ref_number,
        e1_0.reference_month,
        e1_0.remark,
        e1_0.sales_country_code,
        e1_0.sales_office_id,
        e1_0.sales_pic_id,
        e1_0.sender_email,
        e1_0.serial_number,
        e1_0.status,
        e1_0.uom,
        e1_0.updated_at,
        e1_0.updated_by,
        e1_0.volume_cbm 
    from
        enquiry e1_0 
    where
        e1_0.enquiry_received_date between ? and ?
2026-05-08T12:34:24.375+08:00 DEBUG 16608 --- [logitrack-backend] [0.0-8080-exec-4] org.hibernate.SQL                        : 
    select
        e1_0.id,
        e1_0.assigned_cn_office,
        e1_0.cancelled_reason,
        e1_0.cancelled_reason_text,
        e1_0.cargo_ready_date,
        e1_0.cargo_ready_date_details,
        e1_0.cargo_type_code,
        e1_0.category,
        e1_0.commodity,
        e1_0.core_non_core,
        e1_0.created_at,
        e1_0.created_by,
        e1_0.enquiry_created_date,
        e1_0.enquiry_received_date,
        e1_0.exw_location,
        e1_0.has_specific_cargo_ready_date,
        e1_0.hazardous_special_equipment,
        e1_0.is_oversize_cargo,
        e1_0.lost_reason,
        e1_0.lost_reason_text,
        e1_0.monthly_sequence,
        e1_0.offer_type,
        e1_0.pod_country,
        e1_0.pol_country,
        e1_0.product_abbr,
        e1_0.product_code,
        e1_0.quantity,
        e1_0.ref_number,
        e1_0.reference_month,
        e1_0.remark,
        e1_0.sales_country_code,
        e1_0.sales_office_id,
        e1_0.sales_pic_id,
        e1_0.sender_email,
        e1_0.serial_number,
        e1_0.status,
        e1_0.uom,
        e1_0.updated_at,
        e1_0.updated_by,
        e1_0.volume_cbm 
    from
        enquiry e1_0 
    where
        e1_0.enquiry_received_date between ? and ?
Hibernate: 
    select
        e1_0.id,
        e1_0.assigned_cn_office,
        e1_0.cancelled_reason,
        e1_0.cancelled_reason_text,
        e1_0.cargo_ready_date,
        e1_0.cargo_ready_date_details,
        e1_0.cargo_type_code,
        e1_0.category,
        e1_0.commodity,
        e1_0.core_non_core,
        e1_0.created_at,
        e1_0.created_by,
        e1_0.enquiry_created_date,
        e1_0.enquiry_received_date,
        e1_0.exw_location,
        e1_0.has_specific_cargo_ready_date,
        e1_0.hazardous_special_equipment,
        e1_0.is_oversize_cargo,
        e1_0.lost_reason,
        e1_0.lost_reason_text,
        e1_0.monthly_sequence,
        e1_0.offer_type,
        e1_0.pod_country,
        e1_0.pol_country,
        e1_0.product_abbr,
        e1_0.product_code,
        e1_0.quantity,
        e1_0.ref_number,
        e1_0.reference_month,
        e1_0.remark,
        e1_0.sales_country_code,
        e1_0.sales_office_id,
        e1_0.sales_pic_id,
        e1_0.sender_email,
        e1_0.serial_number,
        e1_0.status,
        e1_0.uom,
        e1_0.updated_at,
        e1_0.updated_by,
        e1_0.volume_cbm 
    from
        enquiry e1_0 
    where
        e1_0.enquiry_received_date between ? and ?
2026-05-08T12:34:24.461+08:00 DEBUG 16608 --- [logitrack-backend] [0.0-8080-exec-4] org.hibernate.SQL                        : 
    select
        e1_0.id,
        e1_0.assigned_cn_office,
        e1_0.cancelled_reason,
        e1_0.cancelled_reason_text,
        e1_0.cargo_ready_date,
        e1_0.cargo_ready_date_details,
        e1_0.cargo_type_code,
        e1_0.category,
        e1_0.commodity,
        e1_0.core_non_core,
        e1_0.created_at,
        e1_0.created_by,
        e1_0.enquiry_created_date,
        e1_0.enquiry_received_date,
        e1_0.exw_location,
        e1_0.has_specific_cargo_ready_date,
        e1_0.hazardous_special_equipment,
        e1_0.is_oversize_cargo,
        e1_0.lost_reason,
        e1_0.lost_reason_text,
        e1_0.monthly_sequence,
        e1_0.offer_type,
        e1_0.pod_country,
        e1_0.pol_country,
        e1_0.product_abbr,
        e1_0.product_code,
        e1_0.quantity,
        e1_0.ref_number,
        e1_0.reference_month,
        e1_0.remark,
        e1_0.sales_country_code,
        e1_0.sales_office_id,
        e1_0.sales_pic_id,
        e1_0.sender_email,
        e1_0.serial_number,
        e1_0.status,
        e1_0.uom,
        e1_0.updated_at,
        e1_0.updated_by,
        e1_0.volume_cbm 
    from
        enquiry e1_0 
    where
        e1_0.enquiry_received_date between ? and ?
Hibernate: 
    select
        e1_0.id,
        e1_0.assigned_cn_office,
        e1_0.cancelled_reason,
        e1_0.cancelled_reason_text,
        e1_0.cargo_ready_date,
        e1_0.cargo_ready_date_details,
        e1_0.cargo_type_code,
        e1_0.category,
        e1_0.commodity,
        e1_0.core_non_core,
        e1_0.created_at,
        e1_0.created_by,
        e1_0.enquiry_created_date,
        e1_0.enquiry_received_date,
        e1_0.exw_location,
        e1_0.has_specific_cargo_ready_date,
        e1_0.hazardous_special_equipment,
        e1_0.is_oversize_cargo,
        e1_0.lost_reason,
        e1_0.lost_reason_text,
        e1_0.monthly_sequence,
        e1_0.offer_type,
        e1_0.pod_country,
        e1_0.pol_country,
        e1_0.product_abbr,
        e1_0.product_code,
        e1_0.quantity,
        e1_0.ref_number,
        e1_0.reference_month,
        e1_0.remark,
        e1_0.sales_country_code,
        e1_0.sales_office_id,
        e1_0.sales_pic_id,
        e1_0.sender_email,
        e1_0.serial_number,
        e1_0.status,
        e1_0.uom,
        e1_0.updated_at,
        e1_0.updated_by,
        e1_0.volume_cbm 
    from
        enquiry e1_0 
    where
        e1_0.enquiry_received_date between ? and ?
2026-05-08T12:34:24.497+08:00 DEBUG 16608 --- [logitrack-backend] [0.0-8080-exec-4] org.hibernate.SQL                        : 
    select
        e1_0.id,
        e1_0.assigned_cn_office,
        e1_0.cancelled_reason,
        e1_0.cancelled_reason_text,
        e1_0.cargo_ready_date,
        e1_0.cargo_ready_date_details,
        e1_0.cargo_type_code,
        e1_0.category,
        e1_0.commodity,
        e1_0.core_non_core,
        e1_0.created_at,
        e1_0.created_by,
        e1_0.enquiry_created_date,
        e1_0.enquiry_received_date,
        e1_0.exw_location,
        e1_0.has_specific_cargo_ready_date,
        e1_0.hazardous_special_equipment,
        e1_0.is_oversize_cargo,
        e1_0.lost_reason,
        e1_0.lost_reason_text,
        e1_0.monthly_sequence,
        e1_0.offer_type,
        e1_0.pod_country,
        e1_0.pol_country,
        e1_0.product_abbr,
        e1_0.product_code,
        e1_0.quantity,
        e1_0.ref_number,
        e1_0.reference_month,
        e1_0.remark,
        e1_0.sales_country_code,
        e1_0.sales_office_id,
        e1_0.sales_pic_id,
        e1_0.sender_email,
        e1_0.serial_number,
        e1_0.status,
        e1_0.uom,
        e1_0.updated_at,
        e1_0.updated_by,
        e1_0.volume_cbm 
    from
        enquiry e1_0 
    where
        e1_0.enquiry_received_date between ? and ?
Hibernate: 
    select
        e1_0.id,
        e1_0.assigned_cn_office,
        e1_0.cancelled_reason,
        e1_0.cancelled_reason_text,
        e1_0.cargo_ready_date,
        e1_0.cargo_ready_date_details,
        e1_0.cargo_type_code,
        e1_0.category,
        e1_0.commodity,
        e1_0.core_non_core,
        e1_0.created_at,
        e1_0.created_by,
        e1_0.enquiry_created_date,
        e1_0.enquiry_received_date,
        e1_0.exw_location,
        e1_0.has_specific_cargo_ready_date,
        e1_0.hazardous_special_equipment,
        e1_0.is_oversize_cargo,
        e1_0.lost_reason,
        e1_0.lost_reason_text,
        e1_0.monthly_sequence,
        e1_0.offer_type,
        e1_0.pod_country,
        e1_0.pol_country,
        e1_0.product_abbr,
        e1_0.product_code,
        e1_0.quantity,
        e1_0.ref_number,
        e1_0.reference_month,
        e1_0.remark,
        e1_0.sales_country_code,
        e1_0.sales_office_id,
        e1_0.sales_pic_id,
        e1_0.sender_email,
        e1_0.serial_number,
        e1_0.status,
        e1_0.uom,
        e1_0.updated_at,
        e1_0.updated_by,
        e1_0.volume_cbm 
    from
        enquiry e1_0 
    where
        e1_0.enquiry_received_date between ? and ?
2026-05-08T12:34:24.575+08:00 DEBUG 16608 --- [logitrack-backend] [0.0-8080-exec-4] org.hibernate.SQL                        : 
    select
        e1_0.id,
        e1_0.assigned_cn_office,
        e1_0.cancelled_reason,
        e1_0.cancelled_reason_text,
        e1_0.cargo_ready_date,
        e1_0.cargo_ready_date_details,
        e1_0.cargo_type_code,
        e1_0.category,
        e1_0.commodity,
        e1_0.core_non_core,
        e1_0.created_at,
        e1_0.created_by,
        e1_0.enquiry_created_date,
        e1_0.enquiry_received_date,
        e1_0.exw_location,
        e1_0.has_specific_cargo_ready_date,
        e1_0.hazardous_special_equipment,
        e1_0.is_oversize_cargo,
        e1_0.lost_reason,
        e1_0.lost_reason_text,
        e1_0.monthly_sequence,
        e1_0.offer_type,
        e1_0.pod_country,
        e1_0.pol_country,
        e1_0.product_abbr,
        e1_0.product_code,
        e1_0.quantity,
        e1_0.ref_number,
        e1_0.reference_month,
        e1_0.remark,
        e1_0.sales_country_code,
        e1_0.sales_office_id,
        e1_0.sales_pic_id,
        e1_0.sender_email,
        e1_0.serial_number,
        e1_0.status,
        e1_0.uom,
        e1_0.updated_at,
        e1_0.updated_by,
        e1_0.volume_cbm 
    from
        enquiry e1_0 
    where
        e1_0.enquiry_received_date between ? and ?
Hibernate: 
    select
        e1_0.id,
        e1_0.assigned_cn_office,
        e1_0.cancelled_reason,
        e1_0.cancelled_reason_text,
        e1_0.cargo_ready_date,
        e1_0.cargo_ready_date_details,
        e1_0.cargo_type_code,
        e1_0.category,
        e1_0.commodity,
        e1_0.core_non_core,
        e1_0.created_at,
        e1_0.created_by,
        e1_0.enquiry_created_date,
        e1_0.enquiry_received_date,
        e1_0.exw_location,
        e1_0.has_specific_cargo_ready_date,
        e1_0.hazardous_special_equipment,
        e1_0.is_oversize_cargo,
        e1_0.lost_reason,
        e1_0.lost_reason_text,
        e1_0.monthly_sequence,
        e1_0.offer_type,
        e1_0.pod_country,
        e1_0.pol_country,
        e1_0.product_abbr,
        e1_0.product_code,
        e1_0.quantity,
        e1_0.ref_number,
        e1_0.reference_month,
        e1_0.remark,
        e1_0.sales_country_code,
        e1_0.sales_office_id,
        e1_0.sales_pic_id,
        e1_0.sender_email,
        e1_0.serial_number,
        e1_0.status,
        e1_0.uom,
        e1_0.updated_at,
        e1_0.updated_by,
        e1_0.volume_cbm 
    from
        enquiry e1_0 
    where
        e1_0.enquiry_received_date between ? and ?
2026-05-08T12:34:24.611+08:00 DEBUG 16608 --- [logitrack-backend] [0.0-8080-exec-4] org.hibernate.SQL                        : 
    select
        e1_0.id,
        e1_0.assigned_cn_office,
        e1_0.cancelled_reason,
        e1_0.cancelled_reason_text,
        e1_0.cargo_ready_date,
        e1_0.cargo_ready_date_details,
        e1_0.cargo_type_code,
        e1_0.category,
        e1_0.commodity,
        e1_0.core_non_core,
        e1_0.created_at,
        e1_0.created_by,
        e1_0.enquiry_created_date,
        e1_0.enquiry_received_date,
        e1_0.exw_location,
        e1_0.has_specific_cargo_ready_date,
        e1_0.hazardous_special_equipment,
        e1_0.is_oversize_cargo,
        e1_0.lost_reason,
        e1_0.lost_reason_text,
        e1_0.monthly_sequence,
        e1_0.offer_type,
        e1_0.pod_country,
        e1_0.pol_country,
        e1_0.product_abbr,
        e1_0.product_code,
        e1_0.quantity,
        e1_0.ref_number,
        e1_0.reference_month,
        e1_0.remark,
        e1_0.sales_country_code,
        e1_0.sales_office_id,
        e1_0.sales_pic_id,
        e1_0.sender_email,
        e1_0.serial_number,
        e1_0.status,
        e1_0.uom,
        e1_0.updated_at,
        e1_0.updated_by,
        e1_0.volume_cbm 
    from
        enquiry e1_0 
    where
        e1_0.enquiry_received_date between ? and ?
Hibernate: 
    select
        e1_0.id,
        e1_0.assigned_cn_office,
        e1_0.cancelled_reason,
        e1_0.cancelled_reason_text,
        e1_0.cargo_ready_date,
        e1_0.cargo_ready_date_details,
        e1_0.cargo_type_code,
        e1_0.category,
        e1_0.commodity,
        e1_0.core_non_core,
        e1_0.created_at,
        e1_0.created_by,
        e1_0.enquiry_created_date,
        e1_0.enquiry_received_date,
        e1_0.exw_location,
        e1_0.has_specific_cargo_ready_date,
        e1_0.hazardous_special_equipment,
        e1_0.is_oversize_cargo,
        e1_0.lost_reason,
        e1_0.lost_reason_text,
        e1_0.monthly_sequence,
        e1_0.offer_type,
        e1_0.pod_country,
        e1_0.pol_country,
        e1_0.product_abbr,
        e1_0.product_code,
        e1_0.quantity,
        e1_0.ref_number,
        e1_0.reference_month,
        e1_0.remark,
        e1_0.sales_country_code,
        e1_0.sales_office_id,
        e1_0.sales_pic_id,
        e1_0.sender_email,
        e1_0.serial_number,
        e1_0.status,
        e1_0.uom,
        e1_0.updated_at,
        e1_0.updated_by,
        e1_0.volume_cbm 
    from
        enquiry e1_0 
    where
        e1_0.enquiry_received_date between ? and ?
2026-05-08T12:34:24.688+08:00 DEBUG 16608 --- [logitrack-backend] [0.0-8080-exec-4] org.hibernate.SQL                        : 
    select
        e1_0.id,
        e1_0.assigned_cn_office,
        e1_0.cancelled_reason,
        e1_0.cancelled_reason_text,
        e1_0.cargo_ready_date,
        e1_0.cargo_ready_date_details,
        e1_0.cargo_type_code,
        e1_0.category,
        e1_0.commodity,
        e1_0.core_non_core,
        e1_0.created_at,
        e1_0.created_by,
        e1_0.enquiry_created_date,
        e1_0.enquiry_received_date,
        e1_0.exw_location,
        e1_0.has_specific_cargo_ready_date,
        e1_0.hazardous_special_equipment,
        e1_0.is_oversize_cargo,
        e1_0.lost_reason,
        e1_0.lost_reason_text,
        e1_0.monthly_sequence,
        e1_0.offer_type,
        e1_0.pod_country,
        e1_0.pol_country,
        e1_0.product_abbr,
        e1_0.product_code,
        e1_0.quantity,
        e1_0.ref_number,
        e1_0.reference_month,
        e1_0.remark,
        e1_0.sales_country_code,
        e1_0.sales_office_id,
        e1_0.sales_pic_id,
        e1_0.sender_email,
        e1_0.serial_number,
        e1_0.status,
        e1_0.uom,
        e1_0.updated_at,
        e1_0.updated_by,
        e1_0.volume_cbm 
    from
        enquiry e1_0 
    where
        e1_0.enquiry_received_date between ? and ?
Hibernate: 
    select
        e1_0.id,
        e1_0.assigned_cn_office,
        e1_0.cancelled_reason,
        e1_0.cancelled_reason_text,
        e1_0.cargo_ready_date,
        e1_0.cargo_ready_date_details,
        e1_0.cargo_type_code,
        e1_0.category,
        e1_0.commodity,
        e1_0.core_non_core,
        e1_0.created_at,
        e1_0.created_by,
        e1_0.enquiry_created_date,
        e1_0.enquiry_received_date,
        e1_0.exw_location,
        e1_0.has_specific_cargo_ready_date,
        e1_0.hazardous_special_equipment,
        e1_0.is_oversize_cargo,
        e1_0.lost_reason,
        e1_0.lost_reason_text,
        e1_0.monthly_sequence,
        e1_0.offer_type,
        e1_0.pod_country,
        e1_0.pol_country,
        e1_0.product_abbr,
        e1_0.product_code,
        e1_0.quantity,
        e1_0.ref_number,
        e1_0.reference_month,
        e1_0.remark,
        e1_0.sales_country_code,
        e1_0.sales_office_id,
        e1_0.sales_pic_id,
        e1_0.sender_email,
        e1_0.serial_number,
        e1_0.status,
        e1_0.uom,
        e1_0.updated_at,
        e1_0.updated_by,
        e1_0.volume_cbm 
    from
        enquiry e1_0 
    where
        e1_0.enquiry_received_date between ? and ?
2026-05-08T12:34:24.727+08:00 DEBUG 16608 --- [logitrack-backend] [0.0-8080-exec-4] org.hibernate.SQL                        : 
    select
        e1_0.id,
        e1_0.assigned_cn_office,
        e1_0.cancelled_reason,
        e1_0.cancelled_reason_text,
        e1_0.cargo_ready_date,
        e1_0.cargo_ready_date_details,
        e1_0.cargo_type_code,
        e1_0.category,
        e1_0.commodity,
        e1_0.core_non_core,
        e1_0.created_at,
        e1_0.created_by,
        e1_0.enquiry_created_date,
        e1_0.enquiry_received_date,
        e1_0.exw_location,
        e1_0.has_specific_cargo_ready_date,
        e1_0.hazardous_special_equipment,
        e1_0.is_oversize_cargo,
        e1_0.lost_reason,
        e1_0.lost_reason_text,
        e1_0.monthly_sequence,
        e1_0.offer_type,
        e1_0.pod_country,
        e1_0.pol_country,
        e1_0.product_abbr,
        e1_0.product_code,
        e1_0.quantity,
        e1_0.ref_number,
        e1_0.reference_month,
        e1_0.remark,
        e1_0.sales_country_code,
        e1_0.sales_office_id,
        e1_0.sales_pic_id,
        e1_0.sender_email,
        e1_0.serial_number,
        e1_0.status,
        e1_0.uom,
        e1_0.updated_at,
        e1_0.updated_by,
        e1_0.volume_cbm 
    from
        enquiry e1_0 
    where
        e1_0.enquiry_received_date between ? and ?
Hibernate: 
    select
        e1_0.id,
        e1_0.assigned_cn_office,
        e1_0.cancelled_reason,
        e1_0.cancelled_reason_text,
        e1_0.cargo_ready_date,
        e1_0.cargo_ready_date_details,
        e1_0.cargo_type_code,
        e1_0.category,
        e1_0.commodity,
        e1_0.core_non_core,
        e1_0.created_at,
        e1_0.created_by,
        e1_0.enquiry_created_date,
        e1_0.enquiry_received_date,
        e1_0.exw_location,
        e1_0.has_specific_cargo_ready_date,
        e1_0.hazardous_special_equipment,
        e1_0.is_oversize_cargo,
        e1_0.lost_reason,
        e1_0.lost_reason_text,
        e1_0.monthly_sequence,
        e1_0.offer_type,
        e1_0.pod_country,
        e1_0.pol_country,
        e1_0.product_abbr,
        e1_0.product_code,
        e1_0.quantity,
        e1_0.ref_number,
        e1_0.reference_month,
        e1_0.remark,
        e1_0.sales_country_code,
        e1_0.sales_office_id,
        e1_0.sales_pic_id,
        e1_0.sender_email,
        e1_0.serial_number,
        e1_0.status,
        e1_0.uom,
        e1_0.updated_at,
        e1_0.updated_by,
        e1_0.volume_cbm 
    from
        enquiry e1_0 
    where
        e1_0.enquiry_received_date between ? and ?
2026-05-08T12:34:24.796+08:00 DEBUG 16608 --- [logitrack-backend] [0.0-8080-exec-4] org.hibernate.SQL                        : 
    select
        e1_0.id,
        e1_0.assigned_cn_office,
        e1_0.cancelled_reason,
        e1_0.cancelled_reason_text,
        e1_0.cargo_ready_date,
        e1_0.cargo_ready_date_details,
        e1_0.cargo_type_code,
        e1_0.category,
        e1_0.commodity,
        e1_0.core_non_core,
        e1_0.created_at,
        e1_0.created_by,
        e1_0.enquiry_created_date,
        e1_0.enquiry_received_date,
        e1_0.exw_location,
        e1_0.has_specific_cargo_ready_date,
        e1_0.hazardous_special_equipment,
        e1_0.is_oversize_cargo,
        e1_0.lost_reason,
        e1_0.lost_reason_text,
        e1_0.monthly_sequence,
        e1_0.offer_type,
        e1_0.pod_country,
        e1_0.pol_country,
        e1_0.product_abbr,
        e1_0.product_code,
        e1_0.quantity,
        e1_0.ref_number,
        e1_0.reference_month,
        e1_0.remark,
        e1_0.sales_country_code,
        e1_0.sales_office_id,
        e1_0.sales_pic_id,
        e1_0.sender_email,
        e1_0.serial_number,
        e1_0.status,
        e1_0.uom,
        e1_0.updated_at,
        e1_0.updated_by,
        e1_0.volume_cbm 
    from
        enquiry e1_0 
    where
        e1_0.enquiry_received_date between ? and ?
Hibernate: 
    select
        e1_0.id,
        e1_0.assigned_cn_office,
        e1_0.cancelled_reason,
        e1_0.cancelled_reason_text,
        e1_0.cargo_ready_date,
        e1_0.cargo_ready_date_details,
        e1_0.cargo_type_code,
        e1_0.category,
        e1_0.commodity,
        e1_0.core_non_core,
        e1_0.created_at,
        e1_0.created_by,
        e1_0.enquiry_created_date,
        e1_0.enquiry_received_date,
        e1_0.exw_location,
        e1_0.has_specific_cargo_ready_date,
        e1_0.hazardous_special_equipment,
        e1_0.is_oversize_cargo,
        e1_0.lost_reason,
        e1_0.lost_reason_text,
        e1_0.monthly_sequence,
        e1_0.offer_type,
        e1_0.pod_country,
        e1_0.pol_country,
        e1_0.product_abbr,
        e1_0.product_code,
        e1_0.quantity,
        e1_0.ref_number,
        e1_0.reference_month,
        e1_0.remark,
        e1_0.sales_country_code,
        e1_0.sales_office_id,
        e1_0.sales_pic_id,
        e1_0.sender_email,
        e1_0.serial_number,
        e1_0.status,
        e1_0.uom,
        e1_0.updated_at,
        e1_0.updated_by,
        e1_0.volume_cbm 
    from
        enquiry e1_0 
    where
        e1_0.enquiry_received_date between ? and ?
2026-05-08T12:34:24.835+08:00 DEBUG 16608 --- [logitrack-backend] [0.0-8080-exec-4] org.hibernate.SQL                        : 
    select
        e1_0.id,
        e1_0.assigned_cn_office,
        e1_0.cancelled_reason,
        e1_0.cancelled_reason_text,
        e1_0.cargo_ready_date,
        e1_0.cargo_ready_date_details,
        e1_0.cargo_type_code,
        e1_0.category,
        e1_0.commodity,
        e1_0.core_non_core,
        e1_0.created_at,
        e1_0.created_by,
        e1_0.enquiry_created_date,
        e1_0.enquiry_received_date,
        e1_0.exw_location,
        e1_0.has_specific_cargo_ready_date,
        e1_0.hazardous_special_equipment,
        e1_0.is_oversize_cargo,
        e1_0.lost_reason,
        e1_0.lost_reason_text,
        e1_0.monthly_sequence,
        e1_0.offer_type,
        e1_0.pod_country,
        e1_0.pol_country,
        e1_0.product_abbr,
        e1_0.product_code,
        e1_0.quantity,
        e1_0.ref_number,
        e1_0.reference_month,
        e1_0.remark,
        e1_0.sales_country_code,
        e1_0.sales_office_id,
        e1_0.sales_pic_id,
        e1_0.sender_email,
        e1_0.serial_number,
        e1_0.status,
        e1_0.uom,
        e1_0.updated_at,
        e1_0.updated_by,
        e1_0.volume_cbm 
    from
        enquiry e1_0 
    where
        e1_0.enquiry_received_date between ? and ?
Hibernate: 
    select
        e1_0.id,
        e1_0.assigned_cn_office,
        e1_0.cancelled_reason,
        e1_0.cancelled_reason_text,
        e1_0.cargo_ready_date,
        e1_0.cargo_ready_date_details,
        e1_0.cargo_type_code,
        e1_0.category,
        e1_0.commodity,
        e1_0.core_non_core,
        e1_0.created_at,
        e1_0.created_by,
        e1_0.enquiry_created_date,
        e1_0.enquiry_received_date,
        e1_0.exw_location,
        e1_0.has_specific_cargo_ready_date,
        e1_0.hazardous_special_equipment,
        e1_0.is_oversize_cargo,
        e1_0.lost_reason,
        e1_0.lost_reason_text,
        e1_0.monthly_sequence,
        e1_0.offer_type,
        e1_0.pod_country,
        e1_0.pol_country,
        e1_0.product_abbr,
        e1_0.product_code,
        e1_0.quantity,
        e1_0.ref_number,
        e1_0.reference_month,
        e1_0.remark,
        e1_0.sales_country_code,
        e1_0.sales_office_id,
        e1_0.sales_pic_id,
        e1_0.sender_email,
        e1_0.serial_number,
        e1_0.status,
        e1_0.uom,
        e1_0.updated_at,
        e1_0.updated_by,
        e1_0.volume_cbm 
    from
        enquiry e1_0 
    where
        e1_0.enquiry_received_date between ? and ?
2026-05-08T12:34:24.900+08:00 DEBUG 16608 --- [logitrack-backend] [0.0-8080-exec-4] org.hibernate.SQL                        : 
    select
        e1_0.id,
        e1_0.assigned_cn_office,
        e1_0.cancelled_reason,
        e1_0.cancelled_reason_text,
        e1_0.cargo_ready_date,
        e1_0.cargo_ready_date_details,
        e1_0.cargo_type_code,
        e1_0.category,
        e1_0.commodity,
        e1_0.core_non_core,
        e1_0.created_at,
        e1_0.created_by,
        e1_0.enquiry_created_date,
        e1_0.enquiry_received_date,
        e1_0.exw_location,
        e1_0.has_specific_cargo_ready_date,
        e1_0.hazardous_special_equipment,
        e1_0.is_oversize_cargo,
        e1_0.lost_reason,
        e1_0.lost_reason_text,
        e1_0.monthly_sequence,
        e1_0.offer_type,
        e1_0.pod_country,
        e1_0.pol_country,
        e1_0.product_abbr,
        e1_0.product_code,
        e1_0.quantity,
        e1_0.ref_number,
        e1_0.reference_month,
        e1_0.remark,
        e1_0.sales_country_code,
        e1_0.sales_office_id,
        e1_0.sales_pic_id,
        e1_0.sender_email,
        e1_0.serial_number,
        e1_0.status,
        e1_0.uom,
        e1_0.updated_at,
        e1_0.updated_by,
        e1_0.volume_cbm 
    from
        enquiry e1_0 
    where
        e1_0.enquiry_received_date between ? and ?
Hibernate: 
    select
        e1_0.id,
        e1_0.assigned_cn_office,
        e1_0.cancelled_reason,
        e1_0.cancelled_reason_text,
        e1_0.cargo_ready_date,
        e1_0.cargo_ready_date_details,
        e1_0.cargo_type_code,
        e1_0.category,
        e1_0.commodity,
        e1_0.core_non_core,
        e1_0.created_at,
        e1_0.created_by,
        e1_0.enquiry_created_date,
        e1_0.enquiry_received_date,
        e1_0.exw_location,
        e1_0.has_specific_cargo_ready_date,
        e1_0.hazardous_special_equipment,
        e1_0.is_oversize_cargo,
        e1_0.lost_reason,
        e1_0.lost_reason_text,
        e1_0.monthly_sequence,
        e1_0.offer_type,
        e1_0.pod_country,
        e1_0.pol_country,
        e1_0.product_abbr,
        e1_0.product_code,
        e1_0.quantity,
        e1_0.ref_number,
        e1_0.reference_month,
        e1_0.remark,
        e1_0.sales_country_code,
        e1_0.sales_office_id,
        e1_0.sales_pic_id,
        e1_0.sender_email,
        e1_0.serial_number,
        e1_0.status,
        e1_0.uom,
        e1_0.updated_at,
        e1_0.updated_by,
        e1_0.volume_cbm 
    from
        enquiry e1_0 
    where
        e1_0.enquiry_received_date between ? and ?
2026-05-08T12:34:24.935+08:00 DEBUG 16608 --- [logitrack-backend] [0.0-8080-exec-4] org.hibernate.SQL                        : 
    select
        e1_0.id,
        e1_0.assigned_cn_office,
        e1_0.cancelled_reason,
        e1_0.cancelled_reason_text,
        e1_0.cargo_ready_date,
        e1_0.cargo_ready_date_details,
        e1_0.cargo_type_code,
        e1_0.category,
        e1_0.commodity,
        e1_0.core_non_core,
        e1_0.created_at,
        e1_0.created_by,
        e1_0.enquiry_created_date,
        e1_0.enquiry_received_date,
        e1_0.exw_location,
        e1_0.has_specific_cargo_ready_date,
        e1_0.hazardous_special_equipment,
        e1_0.is_oversize_cargo,
        e1_0.lost_reason,
        e1_0.lost_reason_text,
        e1_0.monthly_sequence,
        e1_0.offer_type,
        e1_0.pod_country,
        e1_0.pol_country,
        e1_0.product_abbr,
        e1_0.product_code,
        e1_0.quantity,
        e1_0.ref_number,
        e1_0.reference_month,
        e1_0.remark,
        e1_0.sales_country_code,
        e1_0.sales_office_id,
        e1_0.sales_pic_id,
        e1_0.sender_email,
        e1_0.serial_number,
        e1_0.status,
        e1_0.uom,
        e1_0.updated_at,
        e1_0.updated_by,
        e1_0.volume_cbm 
    from
        enquiry e1_0 
    where
        e1_0.enquiry_received_date between ? and ?
Hibernate: 
    select
        e1_0.id,
        e1_0.assigned_cn_office,
        e1_0.cancelled_reason,
        e1_0.cancelled_reason_text,
        e1_0.cargo_ready_date,
        e1_0.cargo_ready_date_details,
        e1_0.cargo_type_code,
        e1_0.category,
        e1_0.commodity,
        e1_0.core_non_core,
        e1_0.created_at,
        e1_0.created_by,
        e1_0.enquiry_created_date,
        e1_0.enquiry_received_date,
        e1_0.exw_location,
        e1_0.has_specific_cargo_ready_date,
        e1_0.hazardous_special_equipment,
        e1_0.is_oversize_cargo,
        e1_0.lost_reason,
        e1_0.lost_reason_text,
        e1_0.monthly_sequence,
        e1_0.offer_type,
        e1_0.pod_country,
        e1_0.pol_country,
        e1_0.product_abbr,
        e1_0.product_code,
        e1_0.quantity,
        e1_0.ref_number,
        e1_0.reference_month,
        e1_0.remark,
        e1_0.sales_country_code,
        e1_0.sales_office_id,
        e1_0.sales_pic_id,
        e1_0.sender_email,
        e1_0.serial_number,
        e1_0.status,
        e1_0.uom,
        e1_0.updated_at,
        e1_0.updated_by,
        e1_0.volume_cbm 
    from
        enquiry e1_0 
    where
        e1_0.enquiry_received_date between ? and ?
2026-05-08T12:34:25.011+08:00 DEBUG 16608 --- [logitrack-backend] [0.0-8080-exec-4] org.hibernate.SQL                        : 
    select
        e1_0.id,
        e1_0.assigned_cn_office,
        e1_0.cancelled_reason,
        e1_0.cancelled_reason_text,
        e1_0.cargo_ready_date,
        e1_0.cargo_ready_date_details,
        e1_0.cargo_type_code,
        e1_0.category,
        e1_0.commodity,
        e1_0.core_non_core,
        e1_0.created_at,
        e1_0.created_by,
        e1_0.enquiry_created_date,
        e1_0.enquiry_received_date,
        e1_0.exw_location,
        e1_0.has_specific_cargo_ready_date,
        e1_0.hazardous_special_equipment,
        e1_0.is_oversize_cargo,
        e1_0.lost_reason,
        e1_0.lost_reason_text,
        e1_0.monthly_sequence,
        e1_0.offer_type,
        e1_0.pod_country,
        e1_0.pol_country,
        e1_0.product_abbr,
        e1_0.product_code,
        e1_0.quantity,
        e1_0.ref_number,
        e1_0.reference_month,
        e1_0.remark,
        e1_0.sales_country_code,
        e1_0.sales_office_id,
        e1_0.sales_pic_id,
        e1_0.sender_email,
        e1_0.serial_number,
        e1_0.status,
        e1_0.uom,
        e1_0.updated_at,
        e1_0.updated_by,
        e1_0.volume_cbm 
    from
        enquiry e1_0 
    where
        e1_0.enquiry_received_date between ? and ?
Hibernate: 
    select
        e1_0.id,
        e1_0.assigned_cn_office,
        e1_0.cancelled_reason,
        e1_0.cancelled_reason_text,
        e1_0.cargo_ready_date,
        e1_0.cargo_ready_date_details,
        e1_0.cargo_type_code,
        e1_0.category,
        e1_0.commodity,
        e1_0.core_non_core,
        e1_0.created_at,
        e1_0.created_by,
        e1_0.enquiry_created_date,
        e1_0.enquiry_received_date,
        e1_0.exw_location,
        e1_0.has_specific_cargo_ready_date,
        e1_0.hazardous_special_equipment,
        e1_0.is_oversize_cargo,
        e1_0.lost_reason,
        e1_0.lost_reason_text,
        e1_0.monthly_sequence,
        e1_0.offer_type,
        e1_0.pod_country,
        e1_0.pol_country,
        e1_0.product_abbr,
        e1_0.product_code,
        e1_0.quantity,
        e1_0.ref_number,
        e1_0.reference_month,
        e1_0.remark,
        e1_0.sales_country_code,
        e1_0.sales_office_id,
        e1_0.sales_pic_id,
        e1_0.sender_email,
        e1_0.serial_number,
        e1_0.status,
        e1_0.uom,
        e1_0.updated_at,
        e1_0.updated_by,
        e1_0.volume_cbm 
    from
        enquiry e1_0 
    where
        e1_0.enquiry_received_date between ? and ?
2026-05-08T12:34:25.047+08:00 DEBUG 16608 --- [logitrack-backend] [0.0-8080-exec-4] org.hibernate.SQL                        : 
    select
        e1_0.id,
        e1_0.assigned_cn_office,
        e1_0.cancelled_reason,
        e1_0.cancelled_reason_text,
        e1_0.cargo_ready_date,
        e1_0.cargo_ready_date_details,
        e1_0.cargo_type_code,
        e1_0.category,
        e1_0.commodity,
        e1_0.core_non_core,
        e1_0.created_at,
        e1_0.created_by,
        e1_0.enquiry_created_date,
        e1_0.enquiry_received_date,
        e1_0.exw_location,
        e1_0.has_specific_cargo_ready_date,
        e1_0.hazardous_special_equipment,
        e1_0.is_oversize_cargo,
        e1_0.lost_reason,
        e1_0.lost_reason_text,
        e1_0.monthly_sequence,
        e1_0.offer_type,
        e1_0.pod_country,
        e1_0.pol_country,
        e1_0.product_abbr,
        e1_0.product_code,
        e1_0.quantity,
        e1_0.ref_number,
        e1_0.reference_month,
        e1_0.remark,
        e1_0.sales_country_code,
        e1_0.sales_office_id,
        e1_0.sales_pic_id,
        e1_0.sender_email,
        e1_0.serial_number,
        e1_0.status,
        e1_0.uom,
        e1_0.updated_at,
        e1_0.updated_by,
        e1_0.volume_cbm 
    from
        enquiry e1_0 
    where
        e1_0.enquiry_received_date between ? and ?
Hibernate: 
    select
        e1_0.id,
        e1_0.assigned_cn_office,
        e1_0.cancelled_reason,
        e1_0.cancelled_reason_text,
        e1_0.cargo_ready_date,
        e1_0.cargo_ready_date_details,
        e1_0.cargo_type_code,
        e1_0.category,
        e1_0.commodity,
        e1_0.core_non_core,
        e1_0.created_at,
        e1_0.created_by,
        e1_0.enquiry_created_date,
        e1_0.enquiry_received_date,
        e1_0.exw_location,
        e1_0.has_specific_cargo_ready_date,
        e1_0.hazardous_special_equipment,
        e1_0.is_oversize_cargo,
        e1_0.lost_reason,
        e1_0.lost_reason_text,
        e1_0.monthly_sequence,
        e1_0.offer_type,
        e1_0.pod_country,
        e1_0.pol_country,
        e1_0.product_abbr,
        e1_0.product_code,
        e1_0.quantity,
        e1_0.ref_number,
        e1_0.reference_month,
        e1_0.remark,
        e1_0.sales_country_code,
        e1_0.sales_office_id,
        e1_0.sales_pic_id,
        e1_0.sender_email,
        e1_0.serial_number,
        e1_0.status,
        e1_0.uom,
        e1_0.updated_at,
        e1_0.updated_by,
        e1_0.volume_cbm 
    from
        enquiry e1_0 
    where
        e1_0.enquiry_received_date between ? and ?
2026-05-08T12:34:25.102+08:00 DEBUG 16608 --- [logitrack-backend] [0.0-8080-exec-4] org.hibernate.SQL                        : 
    select
        e1_0.id,
        e1_0.assigned_cn_office,
        e1_0.cancelled_reason,
        e1_0.cancelled_reason_text,
        e1_0.cargo_ready_date,
        e1_0.cargo_ready_date_details,
        e1_0.cargo_type_code,
        e1_0.category,
        e1_0.commodity,
        e1_0.core_non_core,
        e1_0.created_at,
        e1_0.created_by,
        e1_0.enquiry_created_date,
        e1_0.enquiry_received_date,
        e1_0.exw_location,
        e1_0.has_specific_cargo_ready_date,
        e1_0.hazardous_special_equipment,
        e1_0.is_oversize_cargo,
        e1_0.lost_reason,
        e1_0.lost_reason_text,
        e1_0.monthly_sequence,
        e1_0.offer_type,
        e1_0.pod_country,
        e1_0.pol_country,
        e1_0.product_abbr,
        e1_0.product_code,
        e1_0.quantity,
        e1_0.ref_number,
        e1_0.reference_month,
        e1_0.remark,
        e1_0.sales_country_code,
        e1_0.sales_office_id,
        e1_0.sales_pic_id,
        e1_0.sender_email,
        e1_0.serial_number,
        e1_0.status,
        e1_0.uom,
        e1_0.updated_at,
        e1_0.updated_by,
        e1_0.volume_cbm 
    from
        enquiry e1_0 
    where
        e1_0.enquiry_received_date between ? and ?
Hibernate: 
    select
        e1_0.id,
        e1_0.assigned_cn_office,
        e1_0.cancelled_reason,
        e1_0.cancelled_reason_text,
        e1_0.cargo_ready_date,
        e1_0.cargo_ready_date_details,
        e1_0.cargo_type_code,
        e1_0.category,
        e1_0.commodity,
        e1_0.core_non_core,
        e1_0.created_at,
        e1_0.created_by,
        e1_0.enquiry_created_date,
        e1_0.enquiry_received_date,
        e1_0.exw_location,
        e1_0.has_specific_cargo_ready_date,
        e1_0.hazardous_special_equipment,
        e1_0.is_oversize_cargo,
        e1_0.lost_reason,
        e1_0.lost_reason_text,
        e1_0.monthly_sequence,
        e1_0.offer_type,
        e1_0.pod_country,
        e1_0.pol_country,
        e1_0.product_abbr,
        e1_0.product_code,
        e1_0.quantity,
        e1_0.ref_number,
        e1_0.reference_month,
        e1_0.remark,
        e1_0.sales_country_code,
        e1_0.sales_office_id,
        e1_0.sales_pic_id,
        e1_0.sender_email,
        e1_0.serial_number,
        e1_0.status,
        e1_0.uom,
        e1_0.updated_at,
        e1_0.updated_by,
        e1_0.volume_cbm 
    from
        enquiry e1_0 
    where
        e1_0.enquiry_received_date between ? and ?
2026-05-08T12:34:25.139+08:00 DEBUG 16608 --- [logitrack-backend] [0.0-8080-exec-4] org.hibernate.SQL                        : 
    select
        e1_0.id,
        e1_0.assigned_cn_office,
        e1_0.cancelled_reason,
        e1_0.cancelled_reason_text,
        e1_0.cargo_ready_date,
        e1_0.cargo_ready_date_details,
        e1_0.cargo_type_code,
        e1_0.category,
        e1_0.commodity,
        e1_0.core_non_core,
        e1_0.created_at,
        e1_0.created_by,
        e1_0.enquiry_created_date,
        e1_0.enquiry_received_date,
        e1_0.exw_location,
        e1_0.has_specific_cargo_ready_date,
        e1_0.hazardous_special_equipment,
        e1_0.is_oversize_cargo,
        e1_0.lost_reason,
        e1_0.lost_reason_text,
        e1_0.monthly_sequence,
        e1_0.offer_type,
        e1_0.pod_country,
        e1_0.pol_country,
        e1_0.product_abbr,
        e1_0.product_code,
        e1_0.quantity,
        e1_0.ref_number,
        e1_0.reference_month,
        e1_0.remark,
        e1_0.sales_country_code,
        e1_0.sales_office_id,
        e1_0.sales_pic_id,
        e1_0.sender_email,
        e1_0.serial_number,
        e1_0.status,
        e1_0.uom,
        e1_0.updated_at,
        e1_0.updated_by,
        e1_0.volume_cbm 
    from
        enquiry e1_0 
    where
        e1_0.enquiry_received_date between ? and ?
Hibernate: 
    select
        e1_0.id,
        e1_0.assigned_cn_office,
        e1_0.cancelled_reason,
        e1_0.cancelled_reason_text,
        e1_0.cargo_ready_date,
        e1_0.cargo_ready_date_details,
        e1_0.cargo_type_code,
        e1_0.category,
        e1_0.commodity,
        e1_0.core_non_core,
        e1_0.created_at,
        e1_0.created_by,
        e1_0.enquiry_created_date,
        e1_0.enquiry_received_date,
        e1_0.exw_location,
        e1_0.has_specific_cargo_ready_date,
        e1_0.hazardous_special_equipment,
        e1_0.is_oversize_cargo,
        e1_0.lost_reason,
        e1_0.lost_reason_text,
        e1_0.monthly_sequence,
        e1_0.offer_type,
        e1_0.pod_country,
        e1_0.pol_country,
        e1_0.product_abbr,
        e1_0.product_code,
        e1_0.quantity,
        e1_0.ref_number,
        e1_0.reference_month,
        e1_0.remark,
        e1_0.sales_country_code,
        e1_0.sales_office_id,
        e1_0.sales_pic_id,
        e1_0.sender_email,
        e1_0.serial_number,
        e1_0.status,
        e1_0.uom,
        e1_0.updated_at,
        e1_0.updated_by,
        e1_0.volume_cbm 
    from
        enquiry e1_0 
    where
        e1_0.enquiry_received_date between ? and ?
2026-05-08T12:34:25.191+08:00 DEBUG 16608 --- [logitrack-backend] [0.0-8080-exec-4] org.hibernate.SQL                        : 
    select
        e1_0.id,
        e1_0.assigned_cn_office,
        e1_0.cancelled_reason,
        e1_0.cancelled_reason_text,
        e1_0.cargo_ready_date,
        e1_0.cargo_ready_date_details,
        e1_0.cargo_type_code,
        e1_0.category,
        e1_0.commodity,
        e1_0.core_non_core,
        e1_0.created_at,
        e1_0.created_by,
        e1_0.enquiry_created_date,
        e1_0.enquiry_received_date,
        e1_0.exw_location,
        e1_0.has_specific_cargo_ready_date,
        e1_0.hazardous_special_equipment,
        e1_0.is_oversize_cargo,
        e1_0.lost_reason,
        e1_0.lost_reason_text,
        e1_0.monthly_sequence,
        e1_0.offer_type,
        e1_0.pod_country,
        e1_0.pol_country,
        e1_0.product_abbr,
        e1_0.product_code,
        e1_0.quantity,
        e1_0.ref_number,
        e1_0.reference_month,
        e1_0.remark,
        e1_0.sales_country_code,
        e1_0.sales_office_id,
        e1_0.sales_pic_id,
        e1_0.sender_email,
        e1_0.serial_number,
        e1_0.status,
        e1_0.uom,
        e1_0.updated_at,
        e1_0.updated_by,
        e1_0.volume_cbm 
    from
        enquiry e1_0 
    where
        e1_0.enquiry_received_date between ? and ?
Hibernate: 
    select
        e1_0.id,
        e1_0.assigned_cn_office,
        e1_0.cancelled_reason,
        e1_0.cancelled_reason_text,
        e1_0.cargo_ready_date,
        e1_0.cargo_ready_date_details,
        e1_0.cargo_type_code,
        e1_0.category,
        e1_0.commodity,
        e1_0.core_non_core,
        e1_0.created_at,
        e1_0.created_by,
        e1_0.enquiry_created_date,
        e1_0.enquiry_received_date,
        e1_0.exw_location,
        e1_0.has_specific_cargo_ready_date,
        e1_0.hazardous_special_equipment,
        e1_0.is_oversize_cargo,
        e1_0.lost_reason,
        e1_0.lost_reason_text,
        e1_0.monthly_sequence,
        e1_0.offer_type,
        e1_0.pod_country,
        e1_0.pol_country,
        e1_0.product_abbr,
        e1_0.product_code,
        e1_0.quantity,
        e1_0.ref_number,
        e1_0.reference_month,
        e1_0.remark,
        e1_0.sales_country_code,
        e1_0.sales_office_id,
        e1_0.sales_pic_id,
        e1_0.sender_email,
        e1_0.serial_number,
        e1_0.status,
        e1_0.uom,
        e1_0.updated_at,
        e1_0.updated_by,
        e1_0.volume_cbm 
    from
        enquiry e1_0 
    where
        e1_0.enquiry_received_date between ? and ?
2026-05-08T12:34:26.193+08:00  INFO 16608 --- [logitrack-backend] [0.0-8080-exec-6] c.l.b.controller.StatisticsController    : GET /api/statistics/dashboard - month=2026-05
2026-05-08T12:34:26.193+08:00  INFO 16608 --- [logitrack-backend] [0.0-8080-exec-6] c.l.backend.service.StatisticsService    : Fetching dashboard stats for month: 2026-05
2026-05-08T12:34:26.195+08:00 DEBUG 16608 --- [logitrack-backend] [0.0-8080-exec-6] org.hibernate.SQL                        : 
    select
        e1_0.id,
        e1_0.assigned_cn_office,
        e1_0.cancelled_reason,
        e1_0.cancelled_reason_text,
        e1_0.cargo_ready_date,
        e1_0.cargo_ready_date_details,
        e1_0.cargo_type_code,
        e1_0.category,
        e1_0.commodity,
        e1_0.core_non_core,
        e1_0.created_at,
        e1_0.created_by,
        e1_0.enquiry_created_date,
        e1_0.enquiry_received_date,
        e1_0.exw_location,
        e1_0.has_specific_cargo_ready_date,
        e1_0.hazardous_special_equipment,
        e1_0.is_oversize_cargo,
        e1_0.lost_reason,
        e1_0.lost_reason_text,
        e1_0.monthly_sequence,
        e1_0.offer_type,
        e1_0.pod_country,
        e1_0.pol_country,
        e1_0.product_abbr,
        e1_0.product_code,
        e1_0.quantity,
        e1_0.ref_number,
        e1_0.reference_month,
        e1_0.remark,
        e1_0.sales_country_code,
        e1_0.sales_office_id,
        e1_0.sales_pic_id,
        e1_0.sender_email,
        e1_0.serial_number,
        e1_0.status,
        e1_0.uom,
        e1_0.updated_at,
        e1_0.updated_by,
        e1_0.volume_cbm 
    from
        enquiry e1_0 
    where
        e1_0.enquiry_received_date between ? and ?
Hibernate: 
    select
        e1_0.id,
        e1_0.assigned_cn_office,
        e1_0.cancelled_reason,
        e1_0.cancelled_reason_text,
        e1_0.cargo_ready_date,
        e1_0.cargo_ready_date_details,
        e1_0.cargo_type_code,
        e1_0.category,
        e1_0.commodity,
        e1_0.core_non_core,
        e1_0.created_at,
        e1_0.created_by,
        e1_0.enquiry_created_date,
        e1_0.enquiry_received_date,
        e1_0.exw_location,
        e1_0.has_specific_cargo_ready_date,
        e1_0.hazardous_special_equipment,
        e1_0.is_oversize_cargo,
        e1_0.lost_reason,
        e1_0.lost_reason_text,
        e1_0.monthly_sequence,
        e1_0.offer_type,
        e1_0.pod_country,
        e1_0.pol_country,
        e1_0.product_abbr,
        e1_0.product_code,
        e1_0.quantity,
        e1_0.ref_number,
        e1_0.reference_month,
        e1_0.remark,
        e1_0.sales_country_code,
        e1_0.sales_office_id,
        e1_0.sales_pic_id,
        e1_0.sender_email,
        e1_0.serial_number,
        e1_0.status,
        e1_0.uom,
        e1_0.updated_at,
        e1_0.updated_by,
        e1_0.volume_cbm 
    from
        enquiry e1_0 
    where
        e1_0.enquiry_received_date between ? and ?
2026-05-08T12:34:26.230+08:00 DEBUG 16608 --- [logitrack-backend] [0.0-8080-exec-6] org.hibernate.SQL                        : 
    select
        e1_0.id,
        e1_0.assigned_cn_office,
        e1_0.cancelled_reason,
        e1_0.cancelled_reason_text,
        e1_0.cargo_ready_date,
        e1_0.cargo_ready_date_details,
        e1_0.cargo_type_code,
        e1_0.category,
        e1_0.commodity,
        e1_0.core_non_core,
        e1_0.created_at,
        e1_0.created_by,
        e1_0.enquiry_created_date,
        e1_0.enquiry_received_date,
        e1_0.exw_location,
        e1_0.has_specific_cargo_ready_date,
        e1_0.hazardous_special_equipment,
        e1_0.is_oversize_cargo,
        e1_0.lost_reason,
        e1_0.lost_reason_text,
        e1_0.monthly_sequence,
        e1_0.offer_type,
        e1_0.pod_country,
        e1_0.pol_country,
        e1_0.product_abbr,
        e1_0.product_code,
        e1_0.quantity,
        e1_0.ref_number,
        e1_0.reference_month,
        e1_0.remark,
        e1_0.sales_country_code,
        e1_0.sales_office_id,
        e1_0.sales_pic_id,
        e1_0.sender_email,
        e1_0.serial_number,
        e1_0.status,
        e1_0.uom,
        e1_0.updated_at,
        e1_0.updated_by,
        e1_0.volume_cbm 
    from
        enquiry e1_0 
    where
        e1_0.enquiry_received_date between ? and ?
Hibernate: 
    select
        e1_0.id,
        e1_0.assigned_cn_office,
        e1_0.cancelled_reason,
        e1_0.cancelled_reason_text,
        e1_0.cargo_ready_date,
        e1_0.cargo_ready_date_details,
        e1_0.cargo_type_code,
        e1_0.category,
        e1_0.commodity,
        e1_0.core_non_core,
        e1_0.created_at,
        e1_0.created_by,
        e1_0.enquiry_created_date,
        e1_0.enquiry_received_date,
        e1_0.exw_location,
        e1_0.has_specific_cargo_ready_date,
        e1_0.hazardous_special_equipment,
        e1_0.is_oversize_cargo,
        e1_0.lost_reason,
        e1_0.lost_reason_text,
        e1_0.monthly_sequence,
        e1_0.offer_type,
        e1_0.pod_country,
        e1_0.pol_country,
        e1_0.product_abbr,
        e1_0.product_code,
        e1_0.quantity,
        e1_0.ref_number,
        e1_0.reference_month,
        e1_0.remark,
        e1_0.sales_country_code,
        e1_0.sales_office_id,
        e1_0.sales_pic_id,
        e1_0.sender_email,
        e1_0.serial_number,
        e1_0.status,
        e1_0.uom,
        e1_0.updated_at,
        e1_0.updated_by,
        e1_0.volume_cbm 
    from
        enquiry e1_0 
    where
        e1_0.enquiry_received_date between ? and ?
2026-05-08T12:34:26.271+08:00 DEBUG 16608 --- [logitrack-backend] [0.0-8080-exec-6] org.hibernate.SQL                        : 
    select
        e1_0.id,
        e1_0.assigned_cn_office,
        e1_0.cancelled_reason,
        e1_0.cancelled_reason_text,
        e1_0.cargo_ready_date,
        e1_0.cargo_ready_date_details,
        e1_0.cargo_type_code,
        e1_0.category,
        e1_0.commodity,
        e1_0.core_non_core,
        e1_0.created_at,
        e1_0.created_by,
        e1_0.enquiry_created_date,
        e1_0.enquiry_received_date,
        e1_0.exw_location,
        e1_0.has_specific_cargo_ready_date,
        e1_0.hazardous_special_equipment,
        e1_0.is_oversize_cargo,
        e1_0.lost_reason,
        e1_0.lost_reason_text,
        e1_0.monthly_sequence,
        e1_0.offer_type,
        e1_0.pod_country,
        e1_0.pol_country,
        e1_0.product_abbr,
        e1_0.product_code,
        e1_0.quantity,
        e1_0.ref_number,
        e1_0.reference_month,
        e1_0.remark,
        e1_0.sales_country_code,
        e1_0.sales_office_id,
        e1_0.sales_pic_id,
        e1_0.sender_email,
        e1_0.serial_number,
        e1_0.status,
        e1_0.uom,
        e1_0.updated_at,
        e1_0.updated_by,
        e1_0.volume_cbm 
    from
        enquiry e1_0 
    where
        e1_0.enquiry_received_date between ? and ?
Hibernate: 
    select
        e1_0.id,
        e1_0.assigned_cn_office,
        e1_0.cancelled_reason,
        e1_0.cancelled_reason_text,
        e1_0.cargo_ready_date,
        e1_0.cargo_ready_date_details,
        e1_0.cargo_type_code,
        e1_0.category,
        e1_0.commodity,
        e1_0.core_non_core,
        e1_0.created_at,
        e1_0.created_by,
        e1_0.enquiry_created_date,
        e1_0.enquiry_received_date,
        e1_0.exw_location,
        e1_0.has_specific_cargo_ready_date,
        e1_0.hazardous_special_equipment,
        e1_0.is_oversize_cargo,
        e1_0.lost_reason,
        e1_0.lost_reason_text,
        e1_0.monthly_sequence,
        e1_0.offer_type,
        e1_0.pod_country,
        e1_0.pol_country,
        e1_0.product_abbr,
        e1_0.product_code,
        e1_0.quantity,
        e1_0.ref_number,
        e1_0.reference_month,
        e1_0.remark,
        e1_0.sales_country_code,
        e1_0.sales_office_id,
        e1_0.sales_pic_id,
        e1_0.sender_email,
        e1_0.serial_number,
        e1_0.status,
        e1_0.uom,
        e1_0.updated_at,
        e1_0.updated_by,
        e1_0.volume_cbm 
    from
        enquiry e1_0 
    where
        e1_0.enquiry_received_date between ? and ?
2026-05-08T12:34:26.302+08:00 DEBUG 16608 --- [logitrack-backend] [0.0-8080-exec-6] org.hibernate.SQL                        : 
    select
        e1_0.id,
        e1_0.assigned_cn_office,
        e1_0.cancelled_reason,
        e1_0.cancelled_reason_text,
        e1_0.cargo_ready_date,
        e1_0.cargo_ready_date_details,
        e1_0.cargo_type_code,
        e1_0.category,
        e1_0.commodity,
        e1_0.core_non_core,
        e1_0.created_at,
        e1_0.created_by,
        e1_0.enquiry_created_date,
        e1_0.enquiry_received_date,
        e1_0.exw_location,
        e1_0.has_specific_cargo_ready_date,
        e1_0.hazardous_special_equipment,
        e1_0.is_oversize_cargo,
        e1_0.lost_reason,
        e1_0.lost_reason_text,
        e1_0.monthly_sequence,
        e1_0.offer_type,
        e1_0.pod_country,
        e1_0.pol_country,
        e1_0.product_abbr,
        e1_0.product_code,
        e1_0.quantity,
        e1_0.ref_number,
        e1_0.reference_month,
        e1_0.remark,
        e1_0.sales_country_code,
        e1_0.sales_office_id,
        e1_0.sales_pic_id,
        e1_0.sender_email,
        e1_0.serial_number,
        e1_0.status,
        e1_0.uom,
        e1_0.updated_at,
        e1_0.updated_by,
        e1_0.volume_cbm 
    from
        enquiry e1_0 
    where
        e1_0.enquiry_received_date between ? and ?
Hibernate: 
    select
        e1_0.id,
        e1_0.assigned_cn_office,
        e1_0.cancelled_reason,
        e1_0.cancelled_reason_text,
        e1_0.cargo_ready_date,
        e1_0.cargo_ready_date_details,
        e1_0.cargo_type_code,
        e1_0.category,
        e1_0.commodity,
        e1_0.core_non_core,
        e1_0.created_at,
        e1_0.created_by,
        e1_0.enquiry_created_date,
        e1_0.enquiry_received_date,
        e1_0.exw_location,
        e1_0.has_specific_cargo_ready_date,
        e1_0.hazardous_special_equipment,
        e1_0.is_oversize_cargo,
        e1_0.lost_reason,
        e1_0.lost_reason_text,
        e1_0.monthly_sequence,
        e1_0.offer_type,
        e1_0.pod_country,
        e1_0.pol_country,
        e1_0.product_abbr,
        e1_0.product_code,
        e1_0.quantity,
        e1_0.ref_number,
        e1_0.reference_month,
        e1_0.remark,
        e1_0.sales_country_code,
        e1_0.sales_office_id,
        e1_0.sales_pic_id,
        e1_0.sender_email,
        e1_0.serial_number,
        e1_0.status,
        e1_0.uom,
        e1_0.updated_at,
        e1_0.updated_by,
        e1_0.volume_cbm 
    from
        enquiry e1_0 
    where
        e1_0.enquiry_received_date between ? and ?
2026-05-08T12:34:26.335+08:00 DEBUG 16608 --- [logitrack-backend] [0.0-8080-exec-6] org.hibernate.SQL                        : 
    select
        e1_0.id,
        e1_0.assigned_cn_office,
        e1_0.cancelled_reason,
        e1_0.cancelled_reason_text,
        e1_0.cargo_ready_date,
        e1_0.cargo_ready_date_details,
        e1_0.cargo_type_code,
        e1_0.category,
        e1_0.commodity,
        e1_0.core_non_core,
        e1_0.created_at,
        e1_0.created_by,
        e1_0.enquiry_created_date,
        e1_0.enquiry_received_date,
        e1_0.exw_location,
        e1_0.has_specific_cargo_ready_date,
        e1_0.hazardous_special_equipment,
        e1_0.is_oversize_cargo,
        e1_0.lost_reason,
        e1_0.lost_reason_text,
        e1_0.monthly_sequence,
        e1_0.offer_type,
        e1_0.pod_country,
        e1_0.pol_country,
        e1_0.product_abbr,
        e1_0.product_code,
        e1_0.quantity,
        e1_0.ref_number,
        e1_0.reference_month,
        e1_0.remark,
        e1_0.sales_country_code,
        e1_0.sales_office_id,
        e1_0.sales_pic_id,
        e1_0.sender_email,
        e1_0.serial_number,
        e1_0.status,
        e1_0.uom,
        e1_0.updated_at,
        e1_0.updated_by,
        e1_0.volume_cbm 
    from
        enquiry e1_0 
    where
        e1_0.enquiry_received_date between ? and ?
Hibernate: 
    select
        e1_0.id,
        e1_0.assigned_cn_office,
        e1_0.cancelled_reason,
        e1_0.cancelled_reason_text,
        e1_0.cargo_ready_date,
        e1_0.cargo_ready_date_details,
        e1_0.cargo_type_code,
        e1_0.category,
        e1_0.commodity,
        e1_0.core_non_core,
        e1_0.created_at,
        e1_0.created_by,
        e1_0.enquiry_created_date,
        e1_0.enquiry_received_date,
        e1_0.exw_location,
        e1_0.has_specific_cargo_ready_date,
        e1_0.hazardous_special_equipment,
        e1_0.is_oversize_cargo,
        e1_0.lost_reason,
        e1_0.lost_reason_text,
        e1_0.monthly_sequence,
        e1_0.offer_type,
        e1_0.pod_country,
        e1_0.pol_country,
        e1_0.product_abbr,
        e1_0.product_code,
        e1_0.quantity,
        e1_0.ref_number,
        e1_0.reference_month,
        e1_0.remark,
        e1_0.sales_country_code,
        e1_0.sales_office_id,
        e1_0.sales_pic_id,
        e1_0.sender_email,
        e1_0.serial_number,
        e1_0.status,
        e1_0.uom,
        e1_0.updated_at,
        e1_0.updated_by,
        e1_0.volume_cbm 
    from
        enquiry e1_0 
    where
        e1_0.enquiry_received_date between ? and ?
2026-05-08T12:34:26.367+08:00 DEBUG 16608 --- [logitrack-backend] [0.0-8080-exec-6] org.hibernate.SQL                        : 
    select
        e1_0.id,
        e1_0.assigned_cn_office,
        e1_0.cancelled_reason,
        e1_0.cancelled_reason_text,
        e1_0.cargo_ready_date,
        e1_0.cargo_ready_date_details,
        e1_0.cargo_type_code,
        e1_0.category,
        e1_0.commodity,
        e1_0.core_non_core,
        e1_0.created_at,
        e1_0.created_by,
        e1_0.enquiry_created_date,
        e1_0.enquiry_received_date,
        e1_0.exw_location,
        e1_0.has_specific_cargo_ready_date,
        e1_0.hazardous_special_equipment,
        e1_0.is_oversize_cargo,
        e1_0.lost_reason,
        e1_0.lost_reason_text,
        e1_0.monthly_sequence,
        e1_0.offer_type,
        e1_0.pod_country,
        e1_0.pol_country,
        e1_0.product_abbr,
        e1_0.product_code,
        e1_0.quantity,
        e1_0.ref_number,
        e1_0.reference_month,
        e1_0.remark,
        e1_0.sales_country_code,
        e1_0.sales_office_id,
        e1_0.sales_pic_id,
        e1_0.sender_email,
        e1_0.serial_number,
        e1_0.status,
        e1_0.uom,
        e1_0.updated_at,
        e1_0.updated_by,
        e1_0.volume_cbm 
    from
        enquiry e1_0 
    where
        e1_0.enquiry_received_date between ? and ?
Hibernate: 
    select
        e1_0.id,
        e1_0.assigned_cn_office,
        e1_0.cancelled_reason,
        e1_0.cancelled_reason_text,
        e1_0.cargo_ready_date,
        e1_0.cargo_ready_date_details,
        e1_0.cargo_type_code,
        e1_0.category,
        e1_0.commodity,
        e1_0.core_non_core,
        e1_0.created_at,
        e1_0.created_by,
        e1_0.enquiry_created_date,
        e1_0.enquiry_received_date,
        e1_0.exw_location,
        e1_0.has_specific_cargo_ready_date,
        e1_0.hazardous_special_equipment,
        e1_0.is_oversize_cargo,
        e1_0.lost_reason,
        e1_0.lost_reason_text,
        e1_0.monthly_sequence,
        e1_0.offer_type,
        e1_0.pod_country,
        e1_0.pol_country,
        e1_0.product_abbr,
        e1_0.product_code,
        e1_0.quantity,
        e1_0.ref_number,
        e1_0.reference_month,
        e1_0.remark,
        e1_0.sales_country_code,
        e1_0.sales_office_id,
        e1_0.sales_pic_id,
        e1_0.sender_email,
        e1_0.serial_number,
        e1_0.status,
        e1_0.uom,
        e1_0.updated_at,
        e1_0.updated_by,
        e1_0.volume_cbm 
    from
        enquiry e1_0 
    where
        e1_0.enquiry_received_date between ? and ?
2026-05-08T12:34:26.415+08:00 DEBUG 16608 --- [logitrack-backend] [0.0-8080-exec-6] org.hibernate.SQL                        : 
    select
        e1_0.id,
        e1_0.assigned_cn_office,
        e1_0.cancelled_reason,
        e1_0.cancelled_reason_text,
        e1_0.cargo_ready_date,
        e1_0.cargo_ready_date_details,
        e1_0.cargo_type_code,
        e1_0.category,
        e1_0.commodity,
        e1_0.core_non_core,
        e1_0.created_at,
        e1_0.created_by,
        e1_0.enquiry_created_date,
        e1_0.enquiry_received_date,
        e1_0.exw_location,
        e1_0.has_specific_cargo_ready_date,
        e1_0.hazardous_special_equipment,
        e1_0.is_oversize_cargo,
        e1_0.lost_reason,
        e1_0.lost_reason_text,
        e1_0.monthly_sequence,
        e1_0.offer_type,
        e1_0.pod_country,
        e1_0.pol_country,
        e1_0.product_abbr,
        e1_0.product_code,
        e1_0.quantity,
        e1_0.ref_number,
        e1_0.reference_month,
        e1_0.remark,
        e1_0.sales_country_code,
        e1_0.sales_office_id,
        e1_0.sales_pic_id,
        e1_0.sender_email,
        e1_0.serial_number,
        e1_0.status,
        e1_0.uom,
        e1_0.updated_at,
        e1_0.updated_by,
        e1_0.volume_cbm 
    from
        enquiry e1_0 
    where
        e1_0.enquiry_received_date between ? and ?
Hibernate: 
    select
        e1_0.id,
        e1_0.assigned_cn_office,
        e1_0.cancelled_reason,
        e1_0.cancelled_reason_text,
        e1_0.cargo_ready_date,
        e1_0.cargo_ready_date_details,
        e1_0.cargo_type_code,
        e1_0.category,
        e1_0.commodity,
        e1_0.core_non_core,
        e1_0.created_at,
        e1_0.created_by,
        e1_0.enquiry_created_date,
        e1_0.enquiry_received_date,
        e1_0.exw_location,
        e1_0.has_specific_cargo_ready_date,
        e1_0.hazardous_special_equipment,
        e1_0.is_oversize_cargo,
        e1_0.lost_reason,
        e1_0.lost_reason_text,
        e1_0.monthly_sequence,
        e1_0.offer_type,
        e1_0.pod_country,
        e1_0.pol_country,
        e1_0.product_abbr,
        e1_0.product_code,
        e1_0.quantity,
        e1_0.ref_number,
        e1_0.reference_month,
        e1_0.remark,
        e1_0.sales_country_code,
        e1_0.sales_office_id,
        e1_0.sales_pic_id,
        e1_0.sender_email,
        e1_0.serial_number,
        e1_0.status,
        e1_0.uom,
        e1_0.updated_at,
        e1_0.updated_by,
        e1_0.volume_cbm 
    from
        enquiry e1_0 
    where
        e1_0.enquiry_received_date between ? and ?
2026-05-08T12:34:26.450+08:00 DEBUG 16608 --- [logitrack-backend] [0.0-8080-exec-6] org.hibernate.SQL                        : 
    select
        e1_0.id,
        e1_0.assigned_cn_office,
        e1_0.cancelled_reason,
        e1_0.cancelled_reason_text,
        e1_0.cargo_ready_date,
        e1_0.cargo_ready_date_details,
        e1_0.cargo_type_code,
        e1_0.category,
        e1_0.commodity,
        e1_0.core_non_core,
        e1_0.created_at,
        e1_0.created_by,
        e1_0.enquiry_created_date,
        e1_0.enquiry_received_date,
        e1_0.exw_location,
        e1_0.has_specific_cargo_ready_date,
        e1_0.hazardous_special_equipment,
        e1_0.is_oversize_cargo,
        e1_0.lost_reason,
        e1_0.lost_reason_text,
        e1_0.monthly_sequence,
        e1_0.offer_type,
        e1_0.pod_country,
        e1_0.pol_country,
        e1_0.product_abbr,
        e1_0.product_code,
        e1_0.quantity,
        e1_0.ref_number,
        e1_0.reference_month,
        e1_0.remark,
        e1_0.sales_country_code,
        e1_0.sales_office_id,
        e1_0.sales_pic_id,
        e1_0.sender_email,
        e1_0.serial_number,
        e1_0.status,
        e1_0.uom,
        e1_0.updated_at,
        e1_0.updated_by,
        e1_0.volume_cbm 
    from
        enquiry e1_0 
    where
        e1_0.enquiry_received_date between ? and ?
Hibernate: 
    select
        e1_0.id,
        e1_0.assigned_cn_office,
        e1_0.cancelled_reason,
        e1_0.cancelled_reason_text,
        e1_0.cargo_ready_date,
        e1_0.cargo_ready_date_details,
        e1_0.cargo_type_code,
        e1_0.category,
        e1_0.commodity,
        e1_0.core_non_core,
        e1_0.created_at,
        e1_0.created_by,
        e1_0.enquiry_created_date,
        e1_0.enquiry_received_date,
        e1_0.exw_location,
        e1_0.has_specific_cargo_ready_date,
        e1_0.hazardous_special_equipment,
        e1_0.is_oversize_cargo,
        e1_0.lost_reason,
        e1_0.lost_reason_text,
        e1_0.monthly_sequence,
        e1_0.offer_type,
        e1_0.pod_country,
        e1_0.pol_country,
        e1_0.product_abbr,
        e1_0.product_code,
        e1_0.quantity,
        e1_0.ref_number,
        e1_0.reference_month,
        e1_0.remark,
        e1_0.sales_country_code,
        e1_0.sales_office_id,
        e1_0.sales_pic_id,
        e1_0.sender_email,
        e1_0.serial_number,
        e1_0.status,
        e1_0.uom,
        e1_0.updated_at,
        e1_0.updated_by,
        e1_0.volume_cbm 
    from
        enquiry e1_0 
    where
        e1_0.enquiry_received_date between ? and ?
2026-05-08T12:34:26.491+08:00 DEBUG 16608 --- [logitrack-backend] [0.0-8080-exec-6] org.hibernate.SQL                        : 
    select
        e1_0.id,
        e1_0.assigned_cn_office,
        e1_0.cancelled_reason,
        e1_0.cancelled_reason_text,
        e1_0.cargo_ready_date,
        e1_0.cargo_ready_date_details,
        e1_0.cargo_type_code,
        e1_0.category,
        e1_0.commodity,
        e1_0.core_non_core,
        e1_0.created_at,
        e1_0.created_by,
        e1_0.enquiry_created_date,
        e1_0.enquiry_received_date,
        e1_0.exw_location,
        e1_0.has_specific_cargo_ready_date,
        e1_0.hazardous_special_equipment,
        e1_0.is_oversize_cargo,
        e1_0.lost_reason,
        e1_0.lost_reason_text,
        e1_0.monthly_sequence,
        e1_0.offer_type,
        e1_0.pod_country,
        e1_0.pol_country,
        e1_0.product_abbr,
        e1_0.product_code,
        e1_0.quantity,
        e1_0.ref_number,
        e1_0.reference_month,
        e1_0.remark,
        e1_0.sales_country_code,
        e1_0.sales_office_id,
        e1_0.sales_pic_id,
        e1_0.sender_email,
        e1_0.serial_number,
        e1_0.status,
        e1_0.uom,
        e1_0.updated_at,
        e1_0.updated_by,
        e1_0.volume_cbm 
    from
        enquiry e1_0 
    where
        e1_0.enquiry_received_date between ? and ?
Hibernate: 
    select
        e1_0.id,
        e1_0.assigned_cn_office,
        e1_0.cancelled_reason,
        e1_0.cancelled_reason_text,
        e1_0.cargo_ready_date,
        e1_0.cargo_ready_date_details,
        e1_0.cargo_type_code,
        e1_0.category,
        e1_0.commodity,
        e1_0.core_non_core,
        e1_0.created_at,
        e1_0.created_by,
        e1_0.enquiry_created_date,
        e1_0.enquiry_received_date,
        e1_0.exw_location,
        e1_0.has_specific_cargo_ready_date,
        e1_0.hazardous_special_equipment,
        e1_0.is_oversize_cargo,
        e1_0.lost_reason,
        e1_0.lost_reason_text,
        e1_0.monthly_sequence,
        e1_0.offer_type,
        e1_0.pod_country,
        e1_0.pol_country,
        e1_0.product_abbr,
        e1_0.product_code,
        e1_0.quantity,
        e1_0.ref_number,
        e1_0.reference_month,
        e1_0.remark,
        e1_0.sales_country_code,
        e1_0.sales_office_id,
        e1_0.sales_pic_id,
        e1_0.sender_email,
        e1_0.serial_number,
        e1_0.status,
        e1_0.uom,
        e1_0.updated_at,
        e1_0.updated_by,
        e1_0.volume_cbm 
    from
        enquiry e1_0 
    where
        e1_0.enquiry_received_date between ? and ?
2026-05-08T12:34:26.525+08:00 DEBUG 16608 --- [logitrack-backend] [0.0-8080-exec-6] org.hibernate.SQL                        : 
    select
        e1_0.id,
        e1_0.assigned_cn_office,
        e1_0.cancelled_reason,
        e1_0.cancelled_reason_text,
        e1_0.cargo_ready_date,
        e1_0.cargo_ready_date_details,
        e1_0.cargo_type_code,
        e1_0.category,
        e1_0.commodity,
        e1_0.core_non_core,
        e1_0.created_at,
        e1_0.created_by,
        e1_0.enquiry_created_date,
        e1_0.enquiry_received_date,
        e1_0.exw_location,
        e1_0.has_specific_cargo_ready_date,
        e1_0.hazardous_special_equipment,
        e1_0.is_oversize_cargo,
        e1_0.lost_reason,
        e1_0.lost_reason_text,
        e1_0.monthly_sequence,
        e1_0.offer_type,
        e1_0.pod_country,
        e1_0.pol_country,
        e1_0.product_abbr,
        e1_0.product_code,
        e1_0.quantity,
        e1_0.ref_number,
        e1_0.reference_month,
        e1_0.remark,
        e1_0.sales_country_code,
        e1_0.sales_office_id,
        e1_0.sales_pic_id,
        e1_0.sender_email,
        e1_0.serial_number,
        e1_0.status,
        e1_0.uom,
        e1_0.updated_at,
        e1_0.updated_by,
        e1_0.volume_cbm 
    from
        enquiry e1_0 
    where
        e1_0.enquiry_received_date between ? and ?
Hibernate: 
    select
        e1_0.id,
        e1_0.assigned_cn_office,
        e1_0.cancelled_reason,
        e1_0.cancelled_reason_text,
        e1_0.cargo_ready_date,
        e1_0.cargo_ready_date_details,
        e1_0.cargo_type_code,
        e1_0.category,
        e1_0.commodity,
        e1_0.core_non_core,
        e1_0.created_at,
        e1_0.created_by,
        e1_0.enquiry_created_date,
        e1_0.enquiry_received_date,
        e1_0.exw_location,
        e1_0.has_specific_cargo_ready_date,
        e1_0.hazardous_special_equipment,
        e1_0.is_oversize_cargo,
        e1_0.lost_reason,
        e1_0.lost_reason_text,
        e1_0.monthly_sequence,
        e1_0.offer_type,
        e1_0.pod_country,
        e1_0.pol_country,
        e1_0.product_abbr,
        e1_0.product_code,
        e1_0.quantity,
        e1_0.ref_number,
        e1_0.reference_month,
        e1_0.remark,
        e1_0.sales_country_code,
        e1_0.sales_office_id,
        e1_0.sales_pic_id,
        e1_0.sender_email,
        e1_0.serial_number,
        e1_0.status,
        e1_0.uom,
        e1_0.updated_at,
        e1_0.updated_by,
        e1_0.volume_cbm 
    from
        enquiry e1_0 
    where
        e1_0.enquiry_received_date between ? and ?
2026-05-08T12:34:26.581+08:00 DEBUG 16608 --- [logitrack-backend] [0.0-8080-exec-6] org.hibernate.SQL                        : 
    select
        e1_0.id,
        e1_0.assigned_cn_office,
        e1_0.cancelled_reason,
        e1_0.cancelled_reason_text,
        e1_0.cargo_ready_date,
        e1_0.cargo_ready_date_details,
        e1_0.cargo_type_code,
        e1_0.category,
        e1_0.commodity,
        e1_0.core_non_core,
        e1_0.created_at,
        e1_0.created_by,
        e1_0.enquiry_created_date,
        e1_0.enquiry_received_date,
        e1_0.exw_location,
        e1_0.has_specific_cargo_ready_date,
        e1_0.hazardous_special_equipment,
        e1_0.is_oversize_cargo,
        e1_0.lost_reason,
        e1_0.lost_reason_text,
        e1_0.monthly_sequence,
        e1_0.offer_type,
        e1_0.pod_country,
        e1_0.pol_country,
        e1_0.product_abbr,
        e1_0.product_code,
        e1_0.quantity,
        e1_0.ref_number,
        e1_0.reference_month,
        e1_0.remark,
        e1_0.sales_country_code,
        e1_0.sales_office_id,
        e1_0.sales_pic_id,
        e1_0.sender_email,
        e1_0.serial_number,
        e1_0.status,
        e1_0.uom,
        e1_0.updated_at,
        e1_0.updated_by,
        e1_0.volume_cbm 
    from
        enquiry e1_0 
    where
        e1_0.enquiry_received_date between ? and ?
Hibernate: 
    select
        e1_0.id,
        e1_0.assigned_cn_office,
        e1_0.cancelled_reason,
        e1_0.cancelled_reason_text,
        e1_0.cargo_ready_date,
        e1_0.cargo_ready_date_details,
        e1_0.cargo_type_code,
        e1_0.category,
        e1_0.commodity,
        e1_0.core_non_core,
        e1_0.created_at,
        e1_0.created_by,
        e1_0.enquiry_created_date,
        e1_0.enquiry_received_date,
        e1_0.exw_location,
        e1_0.has_specific_cargo_ready_date,
        e1_0.hazardous_special_equipment,
        e1_0.is_oversize_cargo,
        e1_0.lost_reason,
        e1_0.lost_reason_text,
        e1_0.monthly_sequence,
        e1_0.offer_type,
        e1_0.pod_country,
        e1_0.pol_country,
        e1_0.product_abbr,
        e1_0.product_code,
        e1_0.quantity,
        e1_0.ref_number,
        e1_0.reference_month,
        e1_0.remark,
        e1_0.sales_country_code,
        e1_0.sales_office_id,
        e1_0.sales_pic_id,
        e1_0.sender_email,
        e1_0.serial_number,
        e1_0.status,
        e1_0.uom,
        e1_0.updated_at,
        e1_0.updated_by,
        e1_0.volume_cbm 
    from
        enquiry e1_0 
    where
        e1_0.enquiry_received_date between ? and ?
2026-05-08T12:34:26.620+08:00 DEBUG 16608 --- [logitrack-backend] [0.0-8080-exec-6] org.hibernate.SQL                        : 
    select
        e1_0.id,
        e1_0.assigned_cn_office,
        e1_0.cancelled_reason,
        e1_0.cancelled_reason_text,
        e1_0.cargo_ready_date,
        e1_0.cargo_ready_date_details,
        e1_0.cargo_type_code,
        e1_0.category,
        e1_0.commodity,
        e1_0.core_non_core,
        e1_0.created_at,
        e1_0.created_by,
        e1_0.enquiry_created_date,
        e1_0.enquiry_received_date,
        e1_0.exw_location,
        e1_0.has_specific_cargo_ready_date,
        e1_0.hazardous_special_equipment,
        e1_0.is_oversize_cargo,
        e1_0.lost_reason,
        e1_0.lost_reason_text,
        e1_0.monthly_sequence,
        e1_0.offer_type,
        e1_0.pod_country,
        e1_0.pol_country,
        e1_0.product_abbr,
        e1_0.product_code,
        e1_0.quantity,
        e1_0.ref_number,
        e1_0.reference_month,
        e1_0.remark,
        e1_0.sales_country_code,
        e1_0.sales_office_id,
        e1_0.sales_pic_id,
        e1_0.sender_email,
        e1_0.serial_number,
        e1_0.status,
        e1_0.uom,
        e1_0.updated_at,
        e1_0.updated_by,
        e1_0.volume_cbm 
    from
        enquiry e1_0 
    where
        e1_0.enquiry_received_date between ? and ?
Hibernate: 
    select
        e1_0.id,
        e1_0.assigned_cn_office,
        e1_0.cancelled_reason,
        e1_0.cancelled_reason_text,
        e1_0.cargo_ready_date,
        e1_0.cargo_ready_date_details,
        e1_0.cargo_type_code,
        e1_0.category,
        e1_0.commodity,
        e1_0.core_non_core,
        e1_0.created_at,
        e1_0.created_by,
        e1_0.enquiry_created_date,
        e1_0.enquiry_received_date,
        e1_0.exw_location,
        e1_0.has_specific_cargo_ready_date,
        e1_0.hazardous_special_equipment,
        e1_0.is_oversize_cargo,
        e1_0.lost_reason,
        e1_0.lost_reason_text,
        e1_0.monthly_sequence,
        e1_0.offer_type,
        e1_0.pod_country,
        e1_0.pol_country,
        e1_0.product_abbr,
        e1_0.product_code,
        e1_0.quantity,
        e1_0.ref_number,
        e1_0.reference_month,
        e1_0.remark,
        e1_0.sales_country_code,
        e1_0.sales_office_id,
        e1_0.sales_pic_id,
        e1_0.sender_email,
        e1_0.serial_number,
        e1_0.status,
        e1_0.uom,
        e1_0.updated_at,
        e1_0.updated_by,
        e1_0.volume_cbm 
    from
        enquiry e1_0 
    where
        e1_0.enquiry_received_date between ? and ?
2026-05-08T12:34:26.671+08:00 DEBUG 16608 --- [logitrack-backend] [0.0-8080-exec-6] org.hibernate.SQL                        : 
    select
        e1_0.id,
        e1_0.assigned_cn_office,
        e1_0.cancelled_reason,
        e1_0.cancelled_reason_text,
        e1_0.cargo_ready_date,
        e1_0.cargo_ready_date_details,
        e1_0.cargo_type_code,
        e1_0.category,
        e1_0.commodity,
        e1_0.core_non_core,
        e1_0.created_at,
        e1_0.created_by,
        e1_0.enquiry_created_date,
        e1_0.enquiry_received_date,
        e1_0.exw_location,
        e1_0.has_specific_cargo_ready_date,
        e1_0.hazardous_special_equipment,
        e1_0.is_oversize_cargo,
        e1_0.lost_reason,
        e1_0.lost_reason_text,
        e1_0.monthly_sequence,
        e1_0.offer_type,
        e1_0.pod_country,
        e1_0.pol_country,
        e1_0.product_abbr,
        e1_0.product_code,
        e1_0.quantity,
        e1_0.ref_number,
        e1_0.reference_month,
        e1_0.remark,
        e1_0.sales_country_code,
        e1_0.sales_office_id,
        e1_0.sales_pic_id,
        e1_0.sender_email,
        e1_0.serial_number,
        e1_0.status,
        e1_0.uom,
        e1_0.updated_at,
        e1_0.updated_by,
        e1_0.volume_cbm 
    from
        enquiry e1_0 
    where
        e1_0.enquiry_received_date between ? and ?
Hibernate: 
    select
        e1_0.id,
        e1_0.assigned_cn_office,
        e1_0.cancelled_reason,
        e1_0.cancelled_reason_text,
        e1_0.cargo_ready_date,
        e1_0.cargo_ready_date_details,
        e1_0.cargo_type_code,
        e1_0.category,
        e1_0.commodity,
        e1_0.core_non_core,
        e1_0.created_at,
        e1_0.created_by,
        e1_0.enquiry_created_date,
        e1_0.enquiry_received_date,
        e1_0.exw_location,
        e1_0.has_specific_cargo_ready_date,
        e1_0.hazardous_special_equipment,
        e1_0.is_oversize_cargo,
        e1_0.lost_reason,
        e1_0.lost_reason_text,
        e1_0.monthly_sequence,
        e1_0.offer_type,
        e1_0.pod_country,
        e1_0.pol_country,
        e1_0.product_abbr,
        e1_0.product_code,
        e1_0.quantity,
        e1_0.ref_number,
        e1_0.reference_month,
        e1_0.remark,
        e1_0.sales_country_code,
        e1_0.sales_office_id,
        e1_0.sales_pic_id,
        e1_0.sender_email,
        e1_0.serial_number,
        e1_0.status,
        e1_0.uom,
        e1_0.updated_at,
        e1_0.updated_by,
        e1_0.volume_cbm 
    from
        enquiry e1_0 
    where
        e1_0.enquiry_received_date between ? and ?
2026-05-08T12:34:26.704+08:00 DEBUG 16608 --- [logitrack-backend] [0.0-8080-exec-7] org.hibernate.SQL                        : 
    select
        u1_0.id,
        u1_0.created_at,
        u1_0.created_by,
        u1_0.email,
        u1_0.full_name,
        u1_0.is_active,
        u1_0.last_login_at,
        u1_0.password,
        u1_0.phone,
        r1_0.user_id,
        r1_1.id,
        r1_1.created_at,
        r1_1.description,
        r1_1.is_active,
        r1_1.permissions,
        r1_1.role_code,
        r1_1.role_name,
        r1_1.updated_at,
        u1_0.updated_at,
        u1_0.updated_by,
        u1_0.username 
    from
        user u1_0 
    left join
        (user_role r1_0 
    join
        role r1_1 
            on r1_1.id=r1_0.role_id) 
        on u1_0.id=r1_0.user_id 
    where
        u1_0.id=?
Hibernate: 
    select
        u1_0.id,
        u1_0.created_at,
        u1_0.created_by,
        u1_0.email,
        u1_0.full_name,
        u1_0.is_active,
        u1_0.last_login_at,
        u1_0.password,
        u1_0.phone,
        r1_0.user_id,
        r1_1.id,
        r1_1.created_at,
        r1_1.description,
        r1_1.is_active,
        r1_1.permissions,
        r1_1.role_code,
        r1_1.role_name,
        r1_1.updated_at,
        u1_0.updated_at,
        u1_0.updated_by,
        u1_0.username 
    from
        user u1_0 
    left join
        (user_role r1_0 
    join
        role r1_1 
            on r1_1.id=r1_0.role_id) 
        on u1_0.id=r1_0.user_id 
    where
        u1_0.id=?
2026-05-08T12:34:26.717+08:00 DEBUG 16608 --- [logitrack-backend] [0.0-8080-exec-6] org.hibernate.SQL                        : 
    select
        e1_0.id,
        e1_0.assigned_cn_office,
        e1_0.cancelled_reason,
        e1_0.cancelled_reason_text,
        e1_0.cargo_ready_date,
        e1_0.cargo_ready_date_details,
        e1_0.cargo_type_code,
        e1_0.category,
        e1_0.commodity,
        e1_0.core_non_core,
        e1_0.created_at,
        e1_0.created_by,
        e1_0.enquiry_created_date,
        e1_0.enquiry_received_date,
        e1_0.exw_location,
        e1_0.has_specific_cargo_ready_date,
        e1_0.hazardous_special_equipment,
        e1_0.is_oversize_cargo,
        e1_0.lost_reason,
        e1_0.lost_reason_text,
        e1_0.monthly_sequence,
        e1_0.offer_type,
        e1_0.pod_country,
        e1_0.pol_country,
        e1_0.product_abbr,
        e1_0.product_code,
        e1_0.quantity,
        e1_0.ref_number,
        e1_0.reference_month,
        e1_0.remark,
        e1_0.sales_country_code,
        e1_0.sales_office_id,
        e1_0.sales_pic_id,
        e1_0.sender_email,
        e1_0.serial_number,
        e1_0.status,
        e1_0.uom,
        e1_0.updated_at,
        e1_0.updated_by,
        e1_0.volume_cbm 
    from
        enquiry e1_0 
    where
        e1_0.enquiry_received_date between ? and ?
Hibernate: 
    select
        e1_0.id,
        e1_0.assigned_cn_office,
        e1_0.cancelled_reason,
        e1_0.cancelled_reason_text,
        e1_0.cargo_ready_date,
        e1_0.cargo_ready_date_details,
        e1_0.cargo_type_code,
        e1_0.category,
        e1_0.commodity,
        e1_0.core_non_core,
        e1_0.created_at,
        e1_0.created_by,
        e1_0.enquiry_created_date,
        e1_0.enquiry_received_date,
        e1_0.exw_location,
        e1_0.has_specific_cargo_ready_date,
        e1_0.hazardous_special_equipment,
        e1_0.is_oversize_cargo,
        e1_0.lost_reason,
        e1_0.lost_reason_text,
        e1_0.monthly_sequence,
        e1_0.offer_type,
        e1_0.pod_country,
        e1_0.pol_country,
        e1_0.product_abbr,
        e1_0.product_code,
        e1_0.quantity,
        e1_0.ref_number,
        e1_0.reference_month,
        e1_0.remark,
        e1_0.sales_country_code,
        e1_0.sales_office_id,
        e1_0.sales_pic_id,
        e1_0.sender_email,
        e1_0.serial_number,
        e1_0.status,
        e1_0.uom,
        e1_0.updated_at,
        e1_0.updated_by,
        e1_0.volume_cbm 
    from
        enquiry e1_0 
    where
        e1_0.enquiry_received_date between ? and ?
2026-05-08T12:34:26.743+08:00 DEBUG 16608 --- [logitrack-backend] [0.0-8080-exec-7] org.hibernate.SQL                        : 
    select
        al1_0.id,
        al1_0.action,
        al1_0.cn_pricing_admin,
        al1_0.created_at,
        al1_0.details,
        al1_0.duration_ms,
        al1_0.error_message,
        al1_0.ip_address,
        al1_0.new_value,
        al1_0.old_value,
        al1_0.request_method,
        al1_0.request_url,
        al1_0.resource_id,
        al1_0.resource_name,
        al1_0.resource_type,
        al1_0.status,
        al1_0.user_agent,
        al1_0.user_id,
        al1_0.user_role,
        al1_0.username 
    from
        audit_log al1_0 
    where
        (
            ? is null 
            or al1_0.user_id=?
        ) 
        and (
            ? is null 
            or al1_0.action=?
        ) 
        and (
            ? is null 
            or al1_0.resource_type=?
        ) 
        and (
            ? is null 
            or al1_0.created_at>=?
        ) 
        and (
            ? is null 
            or al1_0.created_at<=?
        ) 
    order by
        al1_0.created_at desc 
    limit
        ?, ?
Hibernate: 
    select
        al1_0.id,
        al1_0.action,
        al1_0.cn_pricing_admin,
        al1_0.created_at,
        al1_0.details,
        al1_0.duration_ms,
        al1_0.error_message,
        al1_0.ip_address,
        al1_0.new_value,
        al1_0.old_value,
        al1_0.request_method,
        al1_0.request_url,
        al1_0.resource_id,
        al1_0.resource_name,
        al1_0.resource_type,
        al1_0.status,
        al1_0.user_agent,
        al1_0.user_id,
        al1_0.user_role,
        al1_0.username 
    from
        audit_log al1_0 
    where
        (
            ? is null 
            or al1_0.user_id=?
        ) 
        and (
            ? is null 
            or al1_0.action=?
        ) 
        and (
            ? is null 
            or al1_0.resource_type=?
        ) 
        and (
            ? is null 
            or al1_0.created_at>=?
        ) 
        and (
            ? is null 
            or al1_0.created_at<=?
        ) 
    order by
        al1_0.created_at desc 
    limit
        ?, ?
2026-05-08T12:34:26.752+08:00 DEBUG 16608 --- [logitrack-backend] [0.0-8080-exec-7] org.hibernate.SQL                        : 
    select
        count(al1_0.id) 
    from
        audit_log al1_0 
    where
        (
            ? is null 
            or al1_0.user_id=?
        ) 
        and (
            ? is null 
            or al1_0.action=?
        ) 
        and (
            ? is null 
            or al1_0.resource_type=?
        ) 
        and (
            ? is null 
            or al1_0.created_at>=?
        ) 
        and (
            ? is null 
            or al1_0.created_at<=?
        )
Hibernate: 
    select
        count(al1_0.id) 
    from
        audit_log al1_0 
    where
        (
            ? is null 
            or al1_0.user_id=?
        ) 
        and (
            ? is null 
            or al1_0.action=?
        ) 
        and (
            ? is null 
            or al1_0.resource_type=?
        ) 
        and (
            ? is null 
            or al1_0.created_at>=?
        ) 
        and (
            ? is null 
            or al1_0.created_at<=?
        )
2026-05-08T12:34:26.818+08:00 DEBUG 16608 --- [logitrack-backend] [0.0-8080-exec-6] org.hibernate.SQL                        : 
    select
        e1_0.id,
        e1_0.assigned_cn_office,
        e1_0.cancelled_reason,
        e1_0.cancelled_reason_text,
        e1_0.cargo_ready_date,
        e1_0.cargo_ready_date_details,
        e1_0.cargo_type_code,
        e1_0.category,
        e1_0.commodity,
        e1_0.core_non_core,
        e1_0.created_at,
        e1_0.created_by,
        e1_0.enquiry_created_date,
        e1_0.enquiry_received_date,
        e1_0.exw_location,
        e1_0.has_specific_cargo_ready_date,
        e1_0.hazardous_special_equipment,
        e1_0.is_oversize_cargo,
        e1_0.lost_reason,
        e1_0.lost_reason_text,
        e1_0.monthly_sequence,
        e1_0.offer_type,
        e1_0.pod_country,
        e1_0.pol_country,
        e1_0.product_abbr,
        e1_0.product_code,
        e1_0.quantity,
        e1_0.ref_number,
        e1_0.reference_month,
        e1_0.remark,
        e1_0.sales_country_code,
        e1_0.sales_office_id,
        e1_0.sales_pic_id,
        e1_0.sender_email,
        e1_0.serial_number,
        e1_0.status,
        e1_0.uom,
        e1_0.updated_at,
        e1_0.updated_by,
        e1_0.volume_cbm 
    from
        enquiry e1_0 
    where
        e1_0.enquiry_received_date between ? and ?
Hibernate: 
    select
        e1_0.id,
        e1_0.assigned_cn_office,
        e1_0.cancelled_reason,
        e1_0.cancelled_reason_text,
        e1_0.cargo_ready_date,
        e1_0.cargo_ready_date_details,
        e1_0.cargo_type_code,
        e1_0.category,
        e1_0.commodity,
        e1_0.core_non_core,
        e1_0.created_at,
        e1_0.created_by,
        e1_0.enquiry_created_date,
        e1_0.enquiry_received_date,
        e1_0.exw_location,
        e1_0.has_specific_cargo_ready_date,
        e1_0.hazardous_special_equipment,
        e1_0.is_oversize_cargo,
        e1_0.lost_reason,
        e1_0.lost_reason_text,
        e1_0.monthly_sequence,
        e1_0.offer_type,
        e1_0.pod_country,
        e1_0.pol_country,
        e1_0.product_abbr,
        e1_0.product_code,
        e1_0.quantity,
        e1_0.ref_number,
        e1_0.reference_month,
        e1_0.remark,
        e1_0.sales_country_code,
        e1_0.sales_office_id,
        e1_0.sales_pic_id,
        e1_0.sender_email,
        e1_0.serial_number,
        e1_0.status,
        e1_0.uom,
        e1_0.updated_at,
        e1_0.updated_by,
        e1_0.volume_cbm 
    from
        enquiry e1_0 
    where
        e1_0.enquiry_received_date between ? and ?
2026-05-08T12:34:26.858+08:00 DEBUG 16608 --- [logitrack-backend] [0.0-8080-exec-6] org.hibernate.SQL                        : 
    select
        e1_0.id,
        e1_0.assigned_cn_office,
        e1_0.cancelled_reason,
        e1_0.cancelled_reason_text,
        e1_0.cargo_ready_date,
        e1_0.cargo_ready_date_details,
        e1_0.cargo_type_code,
        e1_0.category,
        e1_0.commodity,
        e1_0.core_non_core,
        e1_0.created_at,
        e1_0.created_by,
        e1_0.enquiry_created_date,
        e1_0.enquiry_received_date,
        e1_0.exw_location,
        e1_0.has_specific_cargo_ready_date,
        e1_0.hazardous_special_equipment,
        e1_0.is_oversize_cargo,
        e1_0.lost_reason,
        e1_0.lost_reason_text,
        e1_0.monthly_sequence,
        e1_0.offer_type,
        e1_0.pod_country,
        e1_0.pol_country,
        e1_0.product_abbr,
        e1_0.product_code,
        e1_0.quantity,
        e1_0.ref_number,
        e1_0.reference_month,
        e1_0.remark,
        e1_0.sales_country_code,
        e1_0.sales_office_id,
        e1_0.sales_pic_id,
        e1_0.sender_email,
        e1_0.serial_number,
        e1_0.status,
        e1_0.uom,
        e1_0.updated_at,
        e1_0.updated_by,
        e1_0.volume_cbm 
    from
        enquiry e1_0 
    where
        e1_0.enquiry_received_date between ? and ?
Hibernate: 
    select
        e1_0.id,
        e1_0.assigned_cn_office,
        e1_0.cancelled_reason,
        e1_0.cancelled_reason_text,
        e1_0.cargo_ready_date,
        e1_0.cargo_ready_date_details,
        e1_0.cargo_type_code,
        e1_0.category,
        e1_0.commodity,
        e1_0.core_non_core,
        e1_0.created_at,
        e1_0.created_by,
        e1_0.enquiry_created_date,
        e1_0.enquiry_received_date,
        e1_0.exw_location,
        e1_0.has_specific_cargo_ready_date,
        e1_0.hazardous_special_equipment,
        e1_0.is_oversize_cargo,
        e1_0.lost_reason,
        e1_0.lost_reason_text,
        e1_0.monthly_sequence,
        e1_0.offer_type,
        e1_0.pod_country,
        e1_0.pol_country,
        e1_0.product_abbr,
        e1_0.product_code,
        e1_0.quantity,
        e1_0.ref_number,
        e1_0.reference_month,
        e1_0.remark,
        e1_0.sales_country_code,
        e1_0.sales_office_id,
        e1_0.sales_pic_id,
        e1_0.sender_email,
        e1_0.serial_number,
        e1_0.status,
        e1_0.uom,
        e1_0.updated_at,
        e1_0.updated_by,
        e1_0.volume_cbm 
    from
        enquiry e1_0 
    where
        e1_0.enquiry_received_date between ? and ?
2026-05-08T12:34:26.914+08:00 DEBUG 16608 --- [logitrack-backend] [0.0-8080-exec-6] org.hibernate.SQL                        : 
    select
        e1_0.id,
        e1_0.assigned_cn_office,
        e1_0.cancelled_reason,
        e1_0.cancelled_reason_text,
        e1_0.cargo_ready_date,
        e1_0.cargo_ready_date_details,
        e1_0.cargo_type_code,
        e1_0.category,
        e1_0.commodity,
        e1_0.core_non_core,
        e1_0.created_at,
        e1_0.created_by,
        e1_0.enquiry_created_date,
        e1_0.enquiry_received_date,
        e1_0.exw_location,
        e1_0.has_specific_cargo_ready_date,
        e1_0.hazardous_special_equipment,
        e1_0.is_oversize_cargo,
        e1_0.lost_reason,
        e1_0.lost_reason_text,
        e1_0.monthly_sequence,
        e1_0.offer_type,
        e1_0.pod_country,
        e1_0.pol_country,
        e1_0.product_abbr,
        e1_0.product_code,
        e1_0.quantity,
        e1_0.ref_number,
        e1_0.reference_month,
        e1_0.remark,
        e1_0.sales_country_code,
        e1_0.sales_office_id,
        e1_0.sales_pic_id,
        e1_0.sender_email,
        e1_0.serial_number,
        e1_0.status,
        e1_0.uom,
        e1_0.updated_at,
        e1_0.updated_by,
        e1_0.volume_cbm 
    from
        enquiry e1_0 
    where
        e1_0.enquiry_received_date between ? and ?
Hibernate: 
    select
        e1_0.id,
        e1_0.assigned_cn_office,
        e1_0.cancelled_reason,
        e1_0.cancelled_reason_text,
        e1_0.cargo_ready_date,
        e1_0.cargo_ready_date_details,
        e1_0.cargo_type_code,
        e1_0.category,
        e1_0.commodity,
        e1_0.core_non_core,
        e1_0.created_at,
        e1_0.created_by,
        e1_0.enquiry_created_date,
        e1_0.enquiry_received_date,
        e1_0.exw_location,
        e1_0.has_specific_cargo_ready_date,
        e1_0.hazardous_special_equipment,
        e1_0.is_oversize_cargo,
        e1_0.lost_reason,
        e1_0.lost_reason_text,
        e1_0.monthly_sequence,
        e1_0.offer_type,
        e1_0.pod_country,
        e1_0.pol_country,
        e1_0.product_abbr,
        e1_0.product_code,
        e1_0.quantity,
        e1_0.ref_number,
        e1_0.reference_month,
        e1_0.remark,
        e1_0.sales_country_code,
        e1_0.sales_office_id,
        e1_0.sales_pic_id,
        e1_0.sender_email,
        e1_0.serial_number,
        e1_0.status,
        e1_0.uom,
        e1_0.updated_at,
        e1_0.updated_by,
        e1_0.volume_cbm 
    from
        enquiry e1_0 
    where
        e1_0.enquiry_received_date between ? and ?
2026-05-08T12:34:26.950+08:00 DEBUG 16608 --- [logitrack-backend] [0.0-8080-exec-6] org.hibernate.SQL                        : 
    select
        e1_0.id,
        e1_0.assigned_cn_office,
        e1_0.cancelled_reason,
        e1_0.cancelled_reason_text,
        e1_0.cargo_ready_date,
        e1_0.cargo_ready_date_details,
        e1_0.cargo_type_code,
        e1_0.category,
        e1_0.commodity,
        e1_0.core_non_core,
        e1_0.created_at,
        e1_0.created_by,
        e1_0.enquiry_created_date,
        e1_0.enquiry_received_date,
        e1_0.exw_location,
        e1_0.has_specific_cargo_ready_date,
        e1_0.hazardous_special_equipment,
        e1_0.is_oversize_cargo,
        e1_0.lost_reason,
        e1_0.lost_reason_text,
        e1_0.monthly_sequence,
        e1_0.offer_type,
        e1_0.pod_country,
        e1_0.pol_country,
        e1_0.product_abbr,
        e1_0.product_code,
        e1_0.quantity,
        e1_0.ref_number,
        e1_0.reference_month,
        e1_0.remark,
        e1_0.sales_country_code,
        e1_0.sales_office_id,
        e1_0.sales_pic_id,
        e1_0.sender_email,
        e1_0.serial_number,
        e1_0.status,
        e1_0.uom,
        e1_0.updated_at,
        e1_0.updated_by,
        e1_0.volume_cbm 
    from
        enquiry e1_0 
    where
        e1_0.enquiry_received_date between ? and ?
Hibernate: 
    select
        e1_0.id,
        e1_0.assigned_cn_office,
        e1_0.cancelled_reason,
        e1_0.cancelled_reason_text,
        e1_0.cargo_ready_date,
        e1_0.cargo_ready_date_details,
        e1_0.cargo_type_code,
        e1_0.category,
        e1_0.commodity,
        e1_0.core_non_core,
        e1_0.created_at,
        e1_0.created_by,
        e1_0.enquiry_created_date,
        e1_0.enquiry_received_date,
        e1_0.exw_location,
        e1_0.has_specific_cargo_ready_date,
        e1_0.hazardous_special_equipment,
        e1_0.is_oversize_cargo,
        e1_0.lost_reason,
        e1_0.lost_reason_text,
        e1_0.monthly_sequence,
        e1_0.offer_type,
        e1_0.pod_country,
        e1_0.pol_country,
        e1_0.product_abbr,
        e1_0.product_code,
        e1_0.quantity,
        e1_0.ref_number,
        e1_0.reference_month,
        e1_0.remark,
        e1_0.sales_country_code,
        e1_0.sales_office_id,
        e1_0.sales_pic_id,
        e1_0.sender_email,
        e1_0.serial_number,
        e1_0.status,
        e1_0.uom,
        e1_0.updated_at,
        e1_0.updated_by,
        e1_0.volume_cbm 
    from
        enquiry e1_0 
    where
        e1_0.enquiry_received_date between ? and ?
2026-05-08T12:34:27.001+08:00 DEBUG 16608 --- [logitrack-backend] [0.0-8080-exec-6] org.hibernate.SQL                        : 
    select
        e1_0.id,
        e1_0.assigned_cn_office,
        e1_0.cancelled_reason,
        e1_0.cancelled_reason_text,
        e1_0.cargo_ready_date,
        e1_0.cargo_ready_date_details,
        e1_0.cargo_type_code,
        e1_0.category,
        e1_0.commodity,
        e1_0.core_non_core,
        e1_0.created_at,
        e1_0.created_by,
        e1_0.enquiry_created_date,
        e1_0.enquiry_received_date,
        e1_0.exw_location,
        e1_0.has_specific_cargo_ready_date,
        e1_0.hazardous_special_equipment,
        e1_0.is_oversize_cargo,
        e1_0.lost_reason,
        e1_0.lost_reason_text,
        e1_0.monthly_sequence,
        e1_0.offer_type,
        e1_0.pod_country,
        e1_0.pol_country,
        e1_0.product_abbr,
        e1_0.product_code,
        e1_0.quantity,
        e1_0.ref_number,
        e1_0.reference_month,
        e1_0.remark,
        e1_0.sales_country_code,
        e1_0.sales_office_id,
        e1_0.sales_pic_id,
        e1_0.sender_email,
        e1_0.serial_number,
        e1_0.status,
        e1_0.uom,
        e1_0.updated_at,
        e1_0.updated_by,
        e1_0.volume_cbm 
    from
        enquiry e1_0 
    where
        e1_0.enquiry_received_date between ? and ?
Hibernate: 
    select
        e1_0.id,
        e1_0.assigned_cn_office,
        e1_0.cancelled_reason,
        e1_0.cancelled_reason_text,
        e1_0.cargo_ready_date,
        e1_0.cargo_ready_date_details,
        e1_0.cargo_type_code,
        e1_0.category,
        e1_0.commodity,
        e1_0.core_non_core,
        e1_0.created_at,
        e1_0.created_by,
        e1_0.enquiry_created_date,
        e1_0.enquiry_received_date,
        e1_0.exw_location,
        e1_0.has_specific_cargo_ready_date,
        e1_0.hazardous_special_equipment,
        e1_0.is_oversize_cargo,
        e1_0.lost_reason,
        e1_0.lost_reason_text,
        e1_0.monthly_sequence,
        e1_0.offer_type,
        e1_0.pod_country,
        e1_0.pol_country,
        e1_0.product_abbr,
        e1_0.product_code,
        e1_0.quantity,
        e1_0.ref_number,
        e1_0.reference_month,
        e1_0.remark,
        e1_0.sales_country_code,
        e1_0.sales_office_id,
        e1_0.sales_pic_id,
        e1_0.sender_email,
        e1_0.serial_number,
        e1_0.status,
        e1_0.uom,
        e1_0.updated_at,
        e1_0.updated_by,
        e1_0.volume_cbm 
    from
        enquiry e1_0 
    where
        e1_0.enquiry_received_date between ? and ?
2026-05-08T12:34:27.037+08:00 DEBUG 16608 --- [logitrack-backend] [0.0-8080-exec-6] org.hibernate.SQL                        : 
    select
        e1_0.id,
        e1_0.assigned_cn_office,
        e1_0.cancelled_reason,
        e1_0.cancelled_reason_text,
        e1_0.cargo_ready_date,
        e1_0.cargo_ready_date_details,
        e1_0.cargo_type_code,
        e1_0.category,
        e1_0.commodity,
        e1_0.core_non_core,
        e1_0.created_at,
        e1_0.created_by,
        e1_0.enquiry_created_date,
        e1_0.enquiry_received_date,
        e1_0.exw_location,
        e1_0.has_specific_cargo_ready_date,
        e1_0.hazardous_special_equipment,
        e1_0.is_oversize_cargo,
        e1_0.lost_reason,
        e1_0.lost_reason_text,
        e1_0.monthly_sequence,
        e1_0.offer_type,
        e1_0.pod_country,
        e1_0.pol_country,
        e1_0.product_abbr,
        e1_0.product_code,
        e1_0.quantity,
        e1_0.ref_number,
        e1_0.reference_month,
        e1_0.remark,
        e1_0.sales_country_code,
        e1_0.sales_office_id,
        e1_0.sales_pic_id,
        e1_0.sender_email,
        e1_0.serial_number,
        e1_0.status,
        e1_0.uom,
        e1_0.updated_at,
        e1_0.updated_by,
        e1_0.volume_cbm 
    from
        enquiry e1_0 
    where
        e1_0.enquiry_received_date between ? and ?
Hibernate: 
    select
        e1_0.id,
        e1_0.assigned_cn_office,
        e1_0.cancelled_reason,
        e1_0.cancelled_reason_text,
        e1_0.cargo_ready_date,
        e1_0.cargo_ready_date_details,
        e1_0.cargo_type_code,
        e1_0.category,
        e1_0.commodity,
        e1_0.core_non_core,
        e1_0.created_at,
        e1_0.created_by,
        e1_0.enquiry_created_date,
        e1_0.enquiry_received_date,
        e1_0.exw_location,
        e1_0.has_specific_cargo_ready_date,
        e1_0.hazardous_special_equipment,
        e1_0.is_oversize_cargo,
        e1_0.lost_reason,
        e1_0.lost_reason_text,
        e1_0.monthly_sequence,
        e1_0.offer_type,
        e1_0.pod_country,
        e1_0.pol_country,
        e1_0.product_abbr,
        e1_0.product_code,
        e1_0.quantity,
        e1_0.ref_number,
        e1_0.reference_month,
        e1_0.remark,
        e1_0.sales_country_code,
        e1_0.sales_office_id,
        e1_0.sales_pic_id,
        e1_0.sender_email,
        e1_0.serial_number,
        e1_0.status,
        e1_0.uom,
        e1_0.updated_at,
        e1_0.updated_by,
        e1_0.volume_cbm 
    from
        enquiry e1_0 
    where
        e1_0.enquiry_received_date between ? and ?
2026-05-08T12:34:27.082+08:00 DEBUG 16608 --- [logitrack-backend] [0.0-8080-exec-6] org.hibernate.SQL                        : 
    select
        e1_0.id,
        e1_0.assigned_cn_office,
        e1_0.cancelled_reason,
        e1_0.cancelled_reason_text,
        e1_0.cargo_ready_date,
        e1_0.cargo_ready_date_details,
        e1_0.cargo_type_code,
        e1_0.category,
        e1_0.commodity,
        e1_0.core_non_core,
        e1_0.created_at,
        e1_0.created_by,
        e1_0.enquiry_created_date,
        e1_0.enquiry_received_date,
        e1_0.exw_location,
        e1_0.has_specific_cargo_ready_date,
        e1_0.hazardous_special_equipment,
        e1_0.is_oversize_cargo,
        e1_0.lost_reason,
        e1_0.lost_reason_text,
        e1_0.monthly_sequence,
        e1_0.offer_type,
        e1_0.pod_country,
        e1_0.pol_country,
        e1_0.product_abbr,
        e1_0.product_code,
        e1_0.quantity,
        e1_0.ref_number,
        e1_0.reference_month,
        e1_0.remark,
        e1_0.sales_country_code,
        e1_0.sales_office_id,
        e1_0.sales_pic_id,
        e1_0.sender_email,
        e1_0.serial_number,
        e1_0.status,
        e1_0.uom,
        e1_0.updated_at,
        e1_0.updated_by,
        e1_0.volume_cbm 
    from
        enquiry e1_0 
    where
        e1_0.enquiry_received_date between ? and ?
Hibernate: 
    select
        e1_0.id,
        e1_0.assigned_cn_office,
        e1_0.cancelled_reason,
        e1_0.cancelled_reason_text,
        e1_0.cargo_ready_date,
        e1_0.cargo_ready_date_details,
        e1_0.cargo_type_code,
        e1_0.category,
        e1_0.commodity,
        e1_0.core_non_core,
        e1_0.created_at,
        e1_0.created_by,
        e1_0.enquiry_created_date,
        e1_0.enquiry_received_date,
        e1_0.exw_location,
        e1_0.has_specific_cargo_ready_date,
        e1_0.hazardous_special_equipment,
        e1_0.is_oversize_cargo,
        e1_0.lost_reason,
        e1_0.lost_reason_text,
        e1_0.monthly_sequence,
        e1_0.offer_type,
        e1_0.pod_country,
        e1_0.pol_country,
        e1_0.product_abbr,
        e1_0.product_code,
        e1_0.quantity,
        e1_0.ref_number,
        e1_0.reference_month,
        e1_0.remark,
        e1_0.sales_country_code,
        e1_0.sales_office_id,
        e1_0.sales_pic_id,
        e1_0.sender_email,
        e1_0.serial_number,
        e1_0.status,
        e1_0.uom,
        e1_0.updated_at,
        e1_0.updated_by,
        e1_0.volume_cbm 
    from
        enquiry e1_0 
    where
        e1_0.enquiry_received_date between ? and ?
2026-05-08T12:34:27.114+08:00 DEBUG 16608 --- [logitrack-backend] [0.0-8080-exec-8] org.hibernate.SQL                        : 
    select
        count(epl1_0.id) 
    from
        email_processing_log epl1_0 
    where
        epl1_0.processed_at>=?
2026-05-08T12:34:27.115+08:00 DEBUG 16608 --- [logitrack-backend] [0.0-8080-exec-6] org.hibernate.SQL                        : 
    select
        e1_0.id,
        e1_0.assigned_cn_office,
        e1_0.cancelled_reason,
        e1_0.cancelled_reason_text,
        e1_0.cargo_ready_date,
        e1_0.cargo_ready_date_details,
        e1_0.cargo_type_code,
        e1_0.category,
        e1_0.commodity,
        e1_0.core_non_core,
        e1_0.created_at,
        e1_0.created_by,
        e1_0.enquiry_created_date,
        e1_0.enquiry_received_date,
        e1_0.exw_location,
        e1_0.has_specific_cargo_ready_date,
        e1_0.hazardous_special_equipment,
        e1_0.is_oversize_cargo,
        e1_0.lost_reason,
        e1_0.lost_reason_text,
        e1_0.monthly_sequence,
        e1_0.offer_type,
        e1_0.pod_country,
        e1_0.pol_country,
        e1_0.product_abbr,
        e1_0.product_code,
        e1_0.quantity,
        e1_0.ref_number,
        e1_0.reference_month,
        e1_0.remark,
        e1_0.sales_country_code,
        e1_0.sales_office_id,
        e1_0.sales_pic_id,
        e1_0.sender_email,
        e1_0.serial_number,
        e1_0.status,
        e1_0.uom,
        e1_0.updated_at,
        e1_0.updated_by,
        e1_0.volume_cbm 
    from
        enquiry e1_0 
    where
        e1_0.enquiry_received_date between ? and ?
Hibernate: 
    select
        count(epl1_0.id) 
    from
        email_processing_log epl1_0 
    where
        epl1_0.processed_at>=?
Hibernate: 
    select
        e1_0.id,
        e1_0.assigned_cn_office,
        e1_0.cancelled_reason,
        e1_0.cancelled_reason_text,
        e1_0.cargo_ready_date,
        e1_0.cargo_ready_date_details,
        e1_0.cargo_type_code,
        e1_0.category,
        e1_0.commodity,
        e1_0.core_non_core,
        e1_0.created_at,
        e1_0.created_by,
        e1_0.enquiry_created_date,
        e1_0.enquiry_received_date,
        e1_0.exw_location,
        e1_0.has_specific_cargo_ready_date,
        e1_0.hazardous_special_equipment,
        e1_0.is_oversize_cargo,
        e1_0.lost_reason,
        e1_0.lost_reason_text,
        e1_0.monthly_sequence,
        e1_0.offer_type,
        e1_0.pod_country,
        e1_0.pol_country,
        e1_0.product_abbr,
        e1_0.product_code,
        e1_0.quantity,
        e1_0.ref_number,
        e1_0.reference_month,
        e1_0.remark,
        e1_0.sales_country_code,
        e1_0.sales_office_id,
        e1_0.sales_pic_id,
        e1_0.sender_email,
        e1_0.serial_number,
        e1_0.status,
        e1_0.uom,
        e1_0.updated_at,
        e1_0.updated_by,
        e1_0.volume_cbm 
    from
        enquiry e1_0 
    where
        e1_0.enquiry_received_date between ? and ?
2026-05-08T12:34:27.122+08:00 DEBUG 16608 --- [logitrack-backend] [0.0-8080-exec-8] org.hibernate.SQL                        : 
    select
        count(epl1_0.id) 
    from
        email_processing_log epl1_0 
    where
        epl1_0.processed_at>=? 
        and epl1_0.logitrack_created=1
Hibernate: 
    select
        count(epl1_0.id) 
    from
        email_processing_log epl1_0 
    where
        epl1_0.processed_at>=? 
        and epl1_0.logitrack_created=1
2026-05-08T12:34:27.126+08:00 DEBUG 16608 --- [logitrack-backend] [0.0-8080-exec-8] org.hibernate.SQL                        : 
    select
        epl1_0.process_result,
        count(epl1_0.id) 
    from
        email_processing_log epl1_0 
    where
        epl1_0.processed_at>=? 
    group by
        epl1_0.process_result
Hibernate: 
    select
        epl1_0.process_result,
        count(epl1_0.id) 
    from
        email_processing_log epl1_0 
    where
        epl1_0.processed_at>=? 
    group by
        epl1_0.process_result
2026-05-08T12:34:27.129+08:00 DEBUG 16608 --- [logitrack-backend] [0.0-8080-exec-8] org.hibernate.SQL                        : 
    select
        ems1_0.id,
        ems1_0.consecutive_failures,
        ems1_0.current_errors,
        ems1_0.current_processed,
        ems1_0.current_skipped,
        ems1_0.graph_api_ok,
        ems1_0.is_running,
        ems1_0.last_poll_time,
        ems1_0.llm_api_ok,
        ems1_0.logitrack_ok,
        ems1_0.next_poll_time,
        ems1_0.poll_interval,
        ems1_0.recorded_at,
        ems1_0.run_mode,
        ems1_0.total_errors,
        ems1_0.total_failures,
        ems1_0.total_forwarded,
        ems1_0.total_logitrack,
        ems1_0.total_processed,
        ems1_0.total_skipped,
        ems1_0.uptime_seconds,
        ems1_0.vlm_api_ok 
    from
        email_monitor_status ems1_0 
    order by
        ems1_0.recorded_at desc 
    limit
        ?
Hibernate: 
    select
        ems1_0.id,
        ems1_0.consecutive_failures,
        ems1_0.current_errors,
        ems1_0.current_processed,
        ems1_0.current_skipped,
        ems1_0.graph_api_ok,
        ems1_0.is_running,
        ems1_0.last_poll_time,
        ems1_0.llm_api_ok,
        ems1_0.logitrack_ok,
        ems1_0.next_poll_time,
        ems1_0.poll_interval,
        ems1_0.recorded_at,
        ems1_0.run_mode,
        ems1_0.total_errors,
        ems1_0.total_failures,
        ems1_0.total_forwarded,
        ems1_0.total_logitrack,
        ems1_0.total_processed,
        ems1_0.total_skipped,
        ems1_0.uptime_seconds,
        ems1_0.vlm_api_ok 
    from
        email_monitor_status ems1_0 
    order by
        ems1_0.recorded_at desc 
    limit
        ?
2026-05-08T12:34:27.168+08:00 DEBUG 16608 --- [logitrack-backend] [0.0-8080-exec-6] org.hibernate.SQL                        : 
    select
        e1_0.id,
        e1_0.assigned_cn_office,
        e1_0.cancelled_reason,
        e1_0.cancelled_reason_text,
        e1_0.cargo_ready_date,
        e1_0.cargo_ready_date_details,
        e1_0.cargo_type_code,
        e1_0.category,
        e1_0.commodity,
        e1_0.core_non_core,
        e1_0.created_at,
        e1_0.created_by,
        e1_0.enquiry_created_date,
        e1_0.enquiry_received_date,
        e1_0.exw_location,
        e1_0.has_specific_cargo_ready_date,
        e1_0.hazardous_special_equipment,
        e1_0.is_oversize_cargo,
        e1_0.lost_reason,
        e1_0.lost_reason_text,
        e1_0.monthly_sequence,
        e1_0.offer_type,
        e1_0.pod_country,
        e1_0.pol_country,
        e1_0.product_abbr,
        e1_0.product_code,
        e1_0.quantity,
        e1_0.ref_number,
        e1_0.reference_month,
        e1_0.remark,
        e1_0.sales_country_code,
        e1_0.sales_office_id,
        e1_0.sales_pic_id,
        e1_0.sender_email,
        e1_0.serial_number,
        e1_0.status,
        e1_0.uom,
        e1_0.updated_at,
        e1_0.updated_by,
        e1_0.volume_cbm 
    from
        enquiry e1_0 
    where
        e1_0.enquiry_received_date between ? and ?
Hibernate: 
    select
        e1_0.id,
        e1_0.assigned_cn_office,
        e1_0.cancelled_reason,
        e1_0.cancelled_reason_text,
        e1_0.cargo_ready_date,
        e1_0.cargo_ready_date_details,
        e1_0.cargo_type_code,
        e1_0.category,
        e1_0.commodity,
        e1_0.core_non_core,
        e1_0.created_at,
        e1_0.created_by,
        e1_0.enquiry_created_date,
        e1_0.enquiry_received_date,
        e1_0.exw_location,
        e1_0.has_specific_cargo_ready_date,
        e1_0.hazardous_special_equipment,
        e1_0.is_oversize_cargo,
        e1_0.lost_reason,
        e1_0.lost_reason_text,
        e1_0.monthly_sequence,
        e1_0.offer_type,
        e1_0.pod_country,
        e1_0.pol_country,
        e1_0.product_abbr,
        e1_0.product_code,
        e1_0.quantity,
        e1_0.ref_number,
        e1_0.reference_month,
        e1_0.remark,
        e1_0.sales_country_code,
        e1_0.sales_office_id,
        e1_0.sales_pic_id,
        e1_0.sender_email,
        e1_0.serial_number,
        e1_0.status,
        e1_0.uom,
        e1_0.updated_at,
        e1_0.updated_by,
        e1_0.volume_cbm 
    from
        enquiry e1_0 
    where
        e1_0.enquiry_received_date between ? and ?
2026-05-08T12:34:27.236+08:00 DEBUG 16608 --- [logitrack-backend] [0.0-8080-exec-6] org.hibernate.SQL                        : 
    select
        e1_0.id,
        e1_0.assigned_cn_office,
        e1_0.cancelled_reason,
        e1_0.cancelled_reason_text,
        e1_0.cargo_ready_date,
        e1_0.cargo_ready_date_details,
        e1_0.cargo_type_code,
        e1_0.category,
        e1_0.commodity,
        e1_0.core_non_core,
        e1_0.created_at,
        e1_0.created_by,
        e1_0.enquiry_created_date,
        e1_0.enquiry_received_date,
        e1_0.exw_location,
        e1_0.has_specific_cargo_ready_date,
        e1_0.hazardous_special_equipment,
        e1_0.is_oversize_cargo,
        e1_0.lost_reason,
        e1_0.lost_reason_text,
        e1_0.monthly_sequence,
        e1_0.offer_type,
        e1_0.pod_country,
        e1_0.pol_country,
        e1_0.product_abbr,
        e1_0.product_code,
        e1_0.quantity,
        e1_0.ref_number,
        e1_0.reference_month,
        e1_0.remark,
        e1_0.sales_country_code,
        e1_0.sales_office_id,
        e1_0.sales_pic_id,
        e1_0.sender_email,
        e1_0.serial_number,
        e1_0.status,
        e1_0.uom,
        e1_0.updated_at,
        e1_0.updated_by,
        e1_0.volume_cbm 
    from
        enquiry e1_0 
    where
        e1_0.enquiry_received_date between ? and ?
Hibernate: 
    select
        e1_0.id,
        e1_0.assigned_cn_office,
        e1_0.cancelled_reason,
        e1_0.cancelled_reason_text,
        e1_0.cargo_ready_date,
        e1_0.cargo_ready_date_details,
        e1_0.cargo_type_code,
        e1_0.category,
        e1_0.commodity,
        e1_0.core_non_core,
        e1_0.created_at,
        e1_0.created_by,
        e1_0.enquiry_created_date,
        e1_0.enquiry_received_date,
        e1_0.exw_location,
        e1_0.has_specific_cargo_ready_date,
        e1_0.hazardous_special_equipment,
        e1_0.is_oversize_cargo,
        e1_0.lost_reason,
        e1_0.lost_reason_text,
        e1_0.monthly_sequence,
        e1_0.offer_type,
        e1_0.pod_country,
        e1_0.pol_country,
        e1_0.product_abbr,
        e1_0.product_code,
        e1_0.quantity,
        e1_0.ref_number,
        e1_0.reference_month,
        e1_0.remark,
        e1_0.sales_country_code,
        e1_0.sales_office_id,
        e1_0.sales_pic_id,
        e1_0.sender_email,
        e1_0.serial_number,
        e1_0.status,
        e1_0.uom,
        e1_0.updated_at,
        e1_0.updated_by,
        e1_0.volume_cbm 
    from
        enquiry e1_0 
    where
        e1_0.enquiry_received_date between ? and ?
2026-05-08T12:34:27.265+08:00 DEBUG 16608 --- [logitrack-backend] [0.0-8080-exec-9] org.hibernate.SQL                        : 
    select
        u1_0.id,
        u1_0.created_at,
        u1_0.created_by,
        u1_0.email,
        u1_0.full_name,
        u1_0.is_active,
        u1_0.last_login_at,
        u1_0.password,
        u1_0.phone,
        r1_0.user_id,
        r1_1.id,
        r1_1.created_at,
        r1_1.description,
        r1_1.is_active,
        r1_1.permissions,
        r1_1.role_code,
        r1_1.role_name,
        r1_1.updated_at,
        u1_0.updated_at,
        u1_0.updated_by,
        u1_0.username 
    from
        user u1_0 
    left join
        (user_role r1_0 
    join
        role r1_1 
            on r1_1.id=r1_0.role_id) 
        on u1_0.id=r1_0.user_id 
    where
        u1_0.id=?
Hibernate: 
    select
        u1_0.id,
        u1_0.created_at,
        u1_0.created_by,
        u1_0.email,
        u1_0.full_name,
        u1_0.is_active,
        u1_0.last_login_at,
        u1_0.password,
        u1_0.phone,
        r1_0.user_id,
        r1_1.id,
        r1_1.created_at,
        r1_1.description,
        r1_1.is_active,
        r1_1.permissions,
        r1_1.role_code,
        r1_1.role_name,
        r1_1.updated_at,
        u1_0.updated_at,
        u1_0.updated_by,
        u1_0.username 
    from
        user u1_0 
    left join
        (user_role r1_0 
    join
        role r1_1 
            on r1_1.id=r1_0.role_id) 
        on u1_0.id=r1_0.user_id 
    where
        u1_0.id=?
2026-05-08T12:34:27.276+08:00 DEBUG 16608 --- [logitrack-backend] [0.0-8080-exec-9] org.hibernate.SQL                        : 
    select
        al1_0.id,
        al1_0.action,
        al1_0.cn_pricing_admin,
        al1_0.created_at,
        al1_0.details,
        al1_0.duration_ms,
        al1_0.error_message,
        al1_0.ip_address,
        al1_0.new_value,
        al1_0.old_value,
        al1_0.request_method,
        al1_0.request_url,
        al1_0.resource_id,
        al1_0.resource_name,
        al1_0.resource_type,
        al1_0.status,
        al1_0.user_agent,
        al1_0.user_id,
        al1_0.user_role,
        al1_0.username 
    from
        audit_log al1_0 
    where
        (
            ? is null 
            or al1_0.user_id=?
        ) 
        and (
            ? is null 
            or al1_0.action=?
        ) 
        and (
            ? is null 
            or al1_0.resource_type=?
        ) 
        and (
            ? is null 
            or al1_0.created_at>=?
        ) 
        and (
            ? is null 
            or al1_0.created_at<=?
        ) 
    order by
        al1_0.created_at desc 
    limit
        ?, ?
Hibernate: 
    select
        al1_0.id,
        al1_0.action,
        al1_0.cn_pricing_admin,
        al1_0.created_at,
        al1_0.details,
        al1_0.duration_ms,
        al1_0.error_message,
        al1_0.ip_address,
        al1_0.new_value,
        al1_0.old_value,
        al1_0.request_method,
        al1_0.request_url,
        al1_0.resource_id,
        al1_0.resource_name,
        al1_0.resource_type,
        al1_0.status,
        al1_0.user_agent,
        al1_0.user_id,
        al1_0.user_role,
        al1_0.username 
    from
        audit_log al1_0 
    where
        (
            ? is null 
            or al1_0.user_id=?
        ) 
        and (
            ? is null 
            or al1_0.action=?
        ) 
        and (
            ? is null 
            or al1_0.resource_type=?
        ) 
        and (
            ? is null 
            or al1_0.created_at>=?
        ) 
        and (
            ? is null 
            or al1_0.created_at<=?
        ) 
    order by
        al1_0.created_at desc 
    limit
        ?, ?
2026-05-08T12:34:27.280+08:00 DEBUG 16608 --- [logitrack-backend] [0.0-8080-exec-9] org.hibernate.SQL                        : 
    select
        count(al1_0.id) 
    from
        audit_log al1_0 
    where
        (
            ? is null 
            or al1_0.user_id=?
        ) 
        and (
            ? is null 
            or al1_0.action=?
        ) 
        and (
            ? is null 
            or al1_0.resource_type=?
        ) 
        and (
            ? is null 
            or al1_0.created_at>=?
        ) 
        and (
            ? is null 
            or al1_0.created_at<=?
        )
Hibernate: 
    select
        count(al1_0.id) 
    from
        audit_log al1_0 
    where
        (
            ? is null 
            or al1_0.user_id=?
        ) 
        and (
            ? is null 
            or al1_0.action=?
        ) 
        and (
            ? is null 
            or al1_0.resource_type=?
        ) 
        and (
            ? is null 
            or al1_0.created_at>=?
        ) 
        and (
            ? is null 
            or al1_0.created_at<=?
        )
2026-05-08T12:34:27.342+08:00 DEBUG 16608 --- [logitrack-backend] [0.0-8080-exec-6] org.hibernate.SQL                        : 
    select
        e1_0.id,
        e1_0.assigned_cn_office,
        e1_0.cancelled_reason,
        e1_0.cancelled_reason_text,
        e1_0.cargo_ready_date,
        e1_0.cargo_ready_date_details,
        e1_0.cargo_type_code,
        e1_0.category,
        e1_0.commodity,
        e1_0.core_non_core,
        e1_0.created_at,
        e1_0.created_by,
        e1_0.enquiry_created_date,
        e1_0.enquiry_received_date,
        e1_0.exw_location,
        e1_0.has_specific_cargo_ready_date,
        e1_0.hazardous_special_equipment,
        e1_0.is_oversize_cargo,
        e1_0.lost_reason,
        e1_0.lost_reason_text,
        e1_0.monthly_sequence,
        e1_0.offer_type,
        e1_0.pod_country,
        e1_0.pol_country,
        e1_0.product_abbr,
        e1_0.product_code,
        e1_0.quantity,
        e1_0.ref_number,
        e1_0.reference_month,
        e1_0.remark,
        e1_0.sales_country_code,
        e1_0.sales_office_id,
        e1_0.sales_pic_id,
        e1_0.sender_email,
        e1_0.serial_number,
        e1_0.status,
        e1_0.uom,
        e1_0.updated_at,
        e1_0.updated_by,
        e1_0.volume_cbm 
    from
        enquiry e1_0 
    where
        e1_0.enquiry_received_date between ? and ?
Hibernate: 
    select
        e1_0.id,
        e1_0.assigned_cn_office,
        e1_0.cancelled_reason,
        e1_0.cancelled_reason_text,
        e1_0.cargo_ready_date,
        e1_0.cargo_ready_date_details,
        e1_0.cargo_type_code,
        e1_0.category,
        e1_0.commodity,
        e1_0.core_non_core,
        e1_0.created_at,
        e1_0.created_by,
        e1_0.enquiry_created_date,
        e1_0.enquiry_received_date,
        e1_0.exw_location,
        e1_0.has_specific_cargo_ready_date,
        e1_0.hazardous_special_equipment,
        e1_0.is_oversize_cargo,
        e1_0.lost_reason,
        e1_0.lost_reason_text,
        e1_0.monthly_sequence,
        e1_0.offer_type,
        e1_0.pod_country,
        e1_0.pol_country,
        e1_0.product_abbr,
        e1_0.product_code,
        e1_0.quantity,
        e1_0.ref_number,
        e1_0.reference_month,
        e1_0.remark,
        e1_0.sales_country_code,
        e1_0.sales_office_id,
        e1_0.sales_pic_id,
        e1_0.sender_email,
        e1_0.serial_number,
        e1_0.status,
        e1_0.uom,
        e1_0.updated_at,
        e1_0.updated_by,
        e1_0.volume_cbm 
    from
        enquiry e1_0 
    where
        e1_0.enquiry_received_date between ? and ?
2026-05-08T12:34:27.605+08:00 DEBUG 16608 --- [logitrack-backend] [.0-8080-exec-10] org.hibernate.SQL                        : 
    select
        count(epl1_0.id) 
    from
        email_processing_log epl1_0 
    where
        epl1_0.processed_at>=?
Hibernate: 
    select
        count(epl1_0.id) 
    from
        email_processing_log epl1_0 
    where
        epl1_0.processed_at>=?
2026-05-08T12:34:27.611+08:00 DEBUG 16608 --- [logitrack-backend] [.0-8080-exec-10] org.hibernate.SQL                        : 
    select
        count(epl1_0.id) 
    from
        email_processing_log epl1_0 
    where
        epl1_0.processed_at>=? 
        and epl1_0.logitrack_created=1
Hibernate: 
    select
        count(epl1_0.id) 
    from
        email_processing_log epl1_0 
    where
        epl1_0.processed_at>=? 
        and epl1_0.logitrack_created=1
2026-05-08T12:34:27.617+08:00 DEBUG 16608 --- [logitrack-backend] [.0-8080-exec-10] org.hibernate.SQL                        : 
    select
        epl1_0.process_result,
        count(epl1_0.id) 
    from
        email_processing_log epl1_0 
    where
        epl1_0.processed_at>=? 
    group by
        epl1_0.process_result
Hibernate: 
    select
        epl1_0.process_result,
        count(epl1_0.id) 
    from
        email_processing_log epl1_0 
    where
        epl1_0.processed_at>=? 
    group by
        epl1_0.process_result
2026-05-08T12:34:27.622+08:00 DEBUG 16608 --- [logitrack-backend] [.0-8080-exec-10] org.hibernate.SQL                        : 
    select
        ems1_0.id,
        ems1_0.consecutive_failures,
        ems1_0.current_errors,
        ems1_0.current_processed,
        ems1_0.current_skipped,
        ems1_0.graph_api_ok,
        ems1_0.is_running,
        ems1_0.last_poll_time,
        ems1_0.llm_api_ok,
        ems1_0.logitrack_ok,
        ems1_0.next_poll_time,
        ems1_0.poll_interval,
        ems1_0.recorded_at,
        ems1_0.run_mode,
        ems1_0.total_errors,
        ems1_0.total_failures,
        ems1_0.total_forwarded,
        ems1_0.total_logitrack,
        ems1_0.total_processed,
        ems1_0.total_skipped,
        ems1_0.uptime_seconds,
        ems1_0.vlm_api_ok 
    from
        email_monitor_status ems1_0 
    order by
        ems1_0.recorded_at desc 
    limit
        ?
Hibernate: 
    select
        ems1_0.id,
        ems1_0.consecutive_failures,
        ems1_0.current_errors,
        ems1_0.current_processed,
        ems1_0.current_skipped,
        ems1_0.graph_api_ok,
        ems1_0.is_running,
        ems1_0.last_poll_time,
        ems1_0.llm_api_ok,
        ems1_0.logitrack_ok,
        ems1_0.next_poll_time,
        ems1_0.poll_interval,
        ems1_0.recorded_at,
        ems1_0.run_mode,
        ems1_0.total_errors,
        ems1_0.total_failures,
        ems1_0.total_forwarded,
        ems1_0.total_logitrack,
        ems1_0.total_processed,
        ems1_0.total_skipped,
        ems1_0.uptime_seconds,
        ems1_0.vlm_api_ok 
    from
        email_monitor_status ems1_0 
    order by
        ems1_0.recorded_at desc 
    limit
        ?
2026-05-08T12:34:38.670+08:00 DEBUG 16608 --- [logitrack-backend] [0.0-8080-exec-1] org.hibernate.SQL                        : 
    select
        count(epl1_0.id) 
    from
        email_processing_log epl1_0 
    where
        epl1_0.processed_at>=?
Hibernate: 
    select
        count(epl1_0.id) 
    from
        email_processing_log epl1_0 
    where
        epl1_0.processed_at>=?
2026-05-08T12:34:38.673+08:00 DEBUG 16608 --- [logitrack-backend] [0.0-8080-exec-1] org.hibernate.SQL                        : 
    select
        count(epl1_0.id) 
    from
        email_processing_log epl1_0 
    where
        epl1_0.processed_at>=? 
        and epl1_0.logitrack_created=1
Hibernate: 
    select
        count(epl1_0.id) 
    from
        email_processing_log epl1_0 
    where
        epl1_0.processed_at>=? 
        and epl1_0.logitrack_created=1
2026-05-08T12:34:38.677+08:00 DEBUG 16608 --- [logitrack-backend] [0.0-8080-exec-1] org.hibernate.SQL                        : 
    select
        epl1_0.process_result,
        count(epl1_0.id) 
    from
        email_processing_log epl1_0 
    where
        epl1_0.processed_at>=? 
    group by
        epl1_0.process_result
Hibernate: 
    select
        epl1_0.process_result,
        count(epl1_0.id) 
    from
        email_processing_log epl1_0 
    where
        epl1_0.processed_at>=? 
    group by
        epl1_0.process_result
2026-05-08T12:34:38.680+08:00 DEBUG 16608 --- [logitrack-backend] [0.0-8080-exec-1] org.hibernate.SQL                        : 
    select
        ems1_0.id,
        ems1_0.consecutive_failures,
        ems1_0.current_errors,
        ems1_0.current_processed,
        ems1_0.current_skipped,
        ems1_0.graph_api_ok,
        ems1_0.is_running,
        ems1_0.last_poll_time,
        ems1_0.llm_api_ok,
        ems1_0.logitrack_ok,
        ems1_0.next_poll_time,
        ems1_0.poll_interval,
        ems1_0.recorded_at,
        ems1_0.run_mode,
        ems1_0.total_errors,
        ems1_0.total_failures,
        ems1_0.total_forwarded,
        ems1_0.total_logitrack,
        ems1_0.total_processed,
        ems1_0.total_skipped,
        ems1_0.uptime_seconds,
        ems1_0.vlm_api_ok 
    from
        email_monitor_status ems1_0 
    order by
        ems1_0.recorded_at desc 
    limit
        ?
Hibernate: 
    select
        ems1_0.id,
        ems1_0.consecutive_failures,
        ems1_0.current_errors,
        ems1_0.current_processed,
        ems1_0.current_skipped,
        ems1_0.graph_api_ok,
        ems1_0.is_running,
        ems1_0.last_poll_time,
        ems1_0.llm_api_ok,
        ems1_0.logitrack_ok,
        ems1_0.next_poll_time,
        ems1_0.poll_interval,
        ems1_0.recorded_at,
        ems1_0.run_mode,
        ems1_0.total_errors,
        ems1_0.total_failures,
        ems1_0.total_forwarded,
        ems1_0.total_logitrack,
        ems1_0.total_processed,
        ems1_0.total_skipped,
        ems1_0.uptime_seconds,
        ems1_0.vlm_api_ok 
    from
        email_monitor_status ems1_0 
    order by
        ems1_0.recorded_at desc 
    limit
        ?
2026-05-08T12:34:39.599+08:00 DEBUG 16608 --- [logitrack-backend] [0.0-8080-exec-2] org.hibernate.SQL                        : 
    select
        count(epl1_0.id) 
    from
        email_processing_log epl1_0 
    where
        epl1_0.processed_at>=?
Hibernate: 
    select
        count(epl1_0.id) 
    from
        email_processing_log epl1_0 
    where
        epl1_0.processed_at>=?
2026-05-08T12:34:39.613+08:00 DEBUG 16608 --- [logitrack-backend] [0.0-8080-exec-2] org.hibernate.SQL                        : 
    select
        count(epl1_0.id) 
    from
        email_processing_log epl1_0 
    where
        epl1_0.processed_at>=? 
        and epl1_0.logitrack_created=1
Hibernate: 
    select
        count(epl1_0.id) 
    from
        email_processing_log epl1_0 
    where
        epl1_0.processed_at>=? 
        and epl1_0.logitrack_created=1
2026-05-08T12:34:39.615+08:00 DEBUG 16608 --- [logitrack-backend] [0.0-8080-exec-2] org.hibernate.SQL                        : 
    select
        epl1_0.process_result,
        count(epl1_0.id) 
    from
        email_processing_log epl1_0 
    where
        epl1_0.processed_at>=? 
    group by
        epl1_0.process_result
Hibernate: 
    select
        epl1_0.process_result,
        count(epl1_0.id) 
    from
        email_processing_log epl1_0 
    where
        epl1_0.processed_at>=? 
    group by
        epl1_0.process_result
2026-05-08T12:34:39.618+08:00 DEBUG 16608 --- [logitrack-backend] [0.0-8080-exec-2] org.hibernate.SQL                        : 
    select
        ems1_0.id,
        ems1_0.consecutive_failures,
        ems1_0.current_errors,
        ems1_0.current_processed,
        ems1_0.current_skipped,
        ems1_0.graph_api_ok,
        ems1_0.is_running,
        ems1_0.last_poll_time,
        ems1_0.llm_api_ok,
        ems1_0.logitrack_ok,
        ems1_0.next_poll_time,
        ems1_0.poll_interval,
        ems1_0.recorded_at,
        ems1_0.run_mode,
        ems1_0.total_errors,
        ems1_0.total_failures,
        ems1_0.total_forwarded,
        ems1_0.total_logitrack,
        ems1_0.total_processed,
        ems1_0.total_skipped,
        ems1_0.uptime_seconds,
        ems1_0.vlm_api_ok 
    from
        email_monitor_status ems1_0 
    order by
        ems1_0.recorded_at desc 
    limit
        ?
Hibernate: 
    select
        ems1_0.id,
        ems1_0.consecutive_failures,
        ems1_0.current_errors,
        ems1_0.current_processed,
        ems1_0.current_skipped,
        ems1_0.graph_api_ok,
        ems1_0.is_running,
        ems1_0.last_poll_time,
        ems1_0.llm_api_ok,
        ems1_0.logitrack_ok,
        ems1_0.next_poll_time,
        ems1_0.poll_interval,
        ems1_0.recorded_at,
        ems1_0.run_mode,
        ems1_0.total_errors,
        ems1_0.total_failures,
        ems1_0.total_forwarded,
        ems1_0.total_logitrack,
        ems1_0.total_processed,
        ems1_0.total_skipped,
        ems1_0.uptime_seconds,
        ems1_0.vlm_api_ok 
    from
        email_monitor_status ems1_0 
    order by
        ems1_0.recorded_at desc 
    limit
        ?
